series,edition,page,table,chapter,block,region,matched_by,col_idx,x,raw,value,conf,flag,row_text
임야,1972,132,61. 영림서 및 시ㆍ도별 임야,VI. 농업ㆍ임업 및 수산업,전체,경기,ko,0,0.2853,686 919,686919,1.0,,강충충전전경경기 원 686 919 39 101 29 985 9 116 •647 818 81 876 25 942 55 934 565942
임야,1972,132,61. 영림서 및 시ㆍ도별 임야,VI. 농업ㆍ임업 및 수산업,전체,경기,ko,1,0.3593,39 101,39101,1.0,,강충충전전경경기 원 686 919 39 101 29 985 9 116 •647 818 81 876 25 942 55 934 565942
임야,1972,132,61. 영림서 및 시ㆍ도별 임야,VI. 농업ㆍ임업 및 수산업,전체,경기,ko,2,0.4928,29 985,29985,1.0,,강충충전전경경기 원 686 919 39 101 29 985 9 116 •647 818 81 876 25 942 55 934 565942
임야,1972,132,61. 영림서 및 시ㆍ도별 임야,VI. 농업ㆍ임업 및 수산업,전체,경기,ko,3,0.5667,9 116,9116,1.0,,강충충전전경경기 원 686 919 39 101 29 985 9 116 •647 818 81 876 25 942 55 934 565942
임야,1972,132,61. 영림서 및 시ㆍ도별 임야,VI. 농업ㆍ임업 및 수산업,전체,경기,ko,4,0.6448,818,818,1.0,,강충충전전경경기 원 686 919 39 101 29 985 9 116 •647 818 81 876 25 942 55 934 565942
임야,1972,132,61. 영림서 및 시ㆍ도별 임야,VI. 농업ㆍ임업 및 수산업,전체,경기,ko,5,0.692,81 876,81876,0.3,저신뢰,강충충전전경경기 원 686 919 39 101 29 985 9 116 •647 818 81 876 25 942 55 934 565942
임야,1972,132,61. 영림서 및 시ㆍ도별 임야,VI. 농업ㆍ임업 및 수산업,전체,경기,ko,6,0.7618,25 942,25942,1.0,,강충충전전경경기 원 686 919 39 101 29 985 9 116 •647 818 81 876 25 942 55 934 565942
임야,1972,132,61. 영림서 및 시ㆍ도별 임야,VI. 농업ㆍ임업 및 수산업,전체,경기,ko,7,0.8296,55 934,55934,0.5,,강충충전전경경기 원 686 919 39 101 29 985 9 116 •647 818 81 876 25 942 55 934 565942
임야,1972,132,61. 영림서 및 시ㆍ도별 임야,VI. 농업ㆍ임업 및 수산업,전체,경기,ko,8,0.8891,565942,565942,0.5,,강충충전전경경기 원 686 919 39 101 29 985 9 116 •647 818 81 876 25 942 55 934 565942
임야,1972,132,61. 영림서 및 시ㆍ도별 임야,VI. 농업ㆍ임업 및 수산업,전체,서울,ko,0,0.1785,353 156,353156,0.5,,서울영 림서 353 156 277 046 82 512 138 925 55 609 28 436 17 477 4 396 6 563 47 674
임야,1972,132,61. 영림서 및 시ㆍ도별 임야,VI. 농업ㆍ임업 및 수산업,전체,서울,ko,1,0.2464,277 046,277046,1.0,,서울영 림서 353 156 277 046 82 512 138 925 55 609 28 436 17 477 4 396 6 563 47 674
임야,1972,132,61. 영림서 및 시ㆍ도별 임야,VI. 농업ㆍ임업 및 수산업,전체,서울,ko,2,0.3183,82 512,82512,1.0,,서울영 림서 353 156 277 046 82 512 138 925 55 609 28 436 17 477 4 396 6 563 47 674
임야,1972,132,61. 영림서 및 시ㆍ도별 임야,VI. 농업ㆍ임업 및 수산업,전체,서울,ko,3,0.3798,138 925,138925,1.0,,서울영 림서 353 156 277 046 82 512 138 925 55 609 28 436 17 477 4 396 6 563 47 674
임야,1972,132,61. 영림서 및 시ㆍ도별 임야,VI. 농업ㆍ임업 및 수산업,전체,서울,ko,4,0.4538,55 609,55609,0.3,저신뢰,서울영 림서 353 156 277 046 82 512 138 925 55 609 28 436 17 477 4 396 6 563 47 674
임야,1972,132,61. 영림서 및 시ㆍ도별 임야,VI. 농업ㆍ임업 및 수산업,전체,서울,ko,5,0.5729,28 436 17 477,2843617477,1.0,과병합의심,서울영 림서 353 156 277 046 82 512 138 925 55 609 28 436 17 477 4 396 6 563 47 674
임야,1972,132,61. 영림서 및 시ㆍ도별 임야,VI. 농업ㆍ임업 및 수산업,전체,서울,ko,6,0.7947,4 396,4396,0.5,,서울영 림서 353 156 277 046 82 512 138 925 55 609 28 436 17 477 4 396 6 563 47 674
임야,1972,132,61. 영림서 및 시ㆍ도별 임야,VI. 농업ㆍ임업 및 수산업,전체,서울,ko,7,0.848,6 563 47 674,656347674,0.5,,서울영 림서 353 156 277 046 82 512 138 925 55 609 28 436 17 477 4 396 6 563 47 674
임야,1972,132,61. 영림서 및 시ㆍ도별 임야,VI. 농업ㆍ임업 및 수산업,전체,서울,ko,0,0.1807,19 352,19352,1.0,,서울특별시 19 352 15 008 11 227 742 3 039 4 344 401 372 1 135 767 1 669
임야,1972,132,61. 영림서 및 시ㆍ도별 임야,VI. 농업ㆍ임업 및 수산업,전체,서울,ko,1,0.2485,15 008,15008,0.3,저신뢰,서울특별시 19 352 15 008 11 227 742 3 039 4 344 401 372 1 135 767 1 669
임야,1972,132,61. 영림서 및 시ㆍ도별 임야,VI. 농업ㆍ임업 및 수산업,전체,서울,ko,2,0.3162,11 227,11227,0.5,,서울특별시 19 352 15 008 11 227 742 3 039 4 344 401 372 1 135 767 1 669
임야,1972,132,61. 영림서 및 시ㆍ도별 임야,VI. 농업ㆍ임업 및 수산업,전체,서울,ko,3,0.4025,742,742,1.0,,서울특별시 19 352 15 008 11 227 742 3 039 4 344 401 372 1 135 767 1 669
임야,1972,132,61. 영림서 및 시ㆍ도별 임야,VI. 농업ㆍ임업 및 수산업,전체,서울,ko,4,0.4558,3 039,3039,0.5,,서울특별시 19 352 15 008 11 227 742 3 039 4 344 401 372 1 135 767 1 669
임야,1972,132,61. 영림서 및 시ㆍ도별 임야,VI. 농업ㆍ임업 및 수산업,전체,서울,ko,5,0.5791,4 344,4344,0.5,,서울특별시 19 352 15 008 11 227 742 3 039 4 344 401 372 1 135 767 1 669
임야,1972,132,61. 영림서 및 시ㆍ도별 임야,VI. 농업ㆍ임업 및 수산업,전체,서울,ko,6,0.6448,401,401,1.0,,서울특별시 19 352 15 008 11 227 742 3 039 4 344 401 372 1 135 767 1 669
임야,1972,132,61. 영림서 및 시ㆍ도별 임야,VI. 농업ㆍ임업 및 수산업,전체,서울,ko,7,0.7002,372 1 135,3721135,0.5,,서울특별시 19 352 15 008 11 227 742 3 039 4 344 401 372 1 135 767 1 669
임야,1972,132,61. 영림서 및 시ㆍ도별 임야,VI. 농업ㆍ임업 및 수산업,전체,서울,ko,8,0.8049,767,767,1.0,,서울특별시 19 352 15 008 11 227 742 3 039 4 344 401 372 1 135 767 1 669
임야,1972,132,61. 영림서 및 시ㆍ도별 임야,VI. 농업ㆍ임업 및 수산업,전체,서울,ko,9,0.846,1 669,1669,1.0,,서울특별시 19 352 15 008 11 227 742 3 039 4 344 401 372 1 135 767 1 669
임야,1972,132,61. 영림서 및 시ㆍ도별 임야,VI. 농업ㆍ임업 및 수산업,전체,부산,ko,0,0.1807,21 060,21060,0.3,저신뢰,부산시 21 060 19 756 15 130 27 4 574 25 1 304 262 132 198 | 712 |
임야,1972,132,61. 영림서 및 시ㆍ도별 임야,VI. 농업ㆍ임업 및 수산업,전체,부산,ko,1,0.2442,19 756,19756,0.5,,부산시 21 060 19 756 15 130 27 4 574 25 1 304 262 132 198 | 712 |
임야,1972,132,61. 영림서 및 시ㆍ도별 임야,VI. 농업ㆍ임업 및 수산업,전체,부산,ko,2,0.3162,15 130,15130,0.5,,부산시 21 060 19 756 15 130 27 4 574 25 1 304 262 132 198 | 712 |
임야,1972,132,61. 영림서 및 시ㆍ도별 임야,VI. 농업ㆍ임업 및 수산업,전체,부산,ko,3,0.4107,27,27,1.0,,부산시 21 060 19 756 15 130 27 4 574 25 1 304 262 132 198 | 712 |
임야,1972,132,61. 영림서 및 시ㆍ도별 임야,VI. 농업ㆍ임업 및 수산업,전체,부산,ko,4,0.4558,4 574,4574,0.5,,부산시 21 060 19 756 15 130 27 4 574 25 1 304 262 132 198 | 712 |
임야,1972,132,61. 영림서 및 시ㆍ도별 임야,VI. 농업ㆍ임업 및 수산업,전체,부산,ko,5,0.5298,25,25,1.0,,부산시 21 060 19 756 15 130 27 4 574 25 1 304 262 132 198 | 712 |
임야,1972,132,61. 영림서 및 시ㆍ도별 임야,VI. 농업ㆍ임업 및 수산업,전체,부산,ko,6,0.5791,1 304,1304,0.5,,부산시 21 060 19 756 15 130 27 4 574 25 1 304 262 132 198 | 712 |
임야,1972,132,61. 영림서 및 시ㆍ도별 임야,VI. 농업ㆍ임업 및 수산업,전체,부산,ko,7,0.6448,262,262,1.0,,부산시 21 060 19 756 15 130 27 4 574 25 1 304 262 132 198 | 712 |
임야,1972,132,61. 영림서 및 시ㆍ도별 임야,VI. 농업ㆍ임업 및 수산업,전체,부산,ko,8,0.6982,132,132,1.0,,부산시 21 060 19 756 15 130 27 4 574 25 1 304 262 132 198 | 712 |
임야,1972,132,61. 영림서 및 시ㆍ도별 임야,VI. 농업ㆍ임업 및 수산업,전체,부산,ko,9,0.7515,198,198,1.0,,부산시 21 060 19 756 15 130 27 4 574 25 1 304 262 132 198 | 712 |
임야,1972,132,61. 영림서 및 시ㆍ도별 임야,VI. 농업ㆍ임업 및 수산업,전체,부산,ko,10,0.8583,712,712,1.0,,부산시 21 060 19 756 15 130 27 4 574 25 1 304 262 132 198 | 712 |
임야,1972,132,61. 영림서 및 시ㆍ도별 임야,VI. 농업ㆍ임업 및 수산업,전체,경기,ko,0,0.1765,605 592 519 088 287 307 116 618,605592519088287307116618,1.0,과병합의심,경기도 605 592 519 088 287 307 116 618 115 163 - 86 504 35 703 8 907 17 703 6 063 18 128
임야,1972,132,61. 영림서 및 시ㆍ도별 임야,VI. 농업ㆍ임업 및 수산업,전체,경기,ko,1,0.4435,115 163,115163,1.0,,경기도 605 592 519 088 287 307 116 618 115 163 - 86 504 35 703 8 907 17 703 6 063 18 128
임야,1972,132,61. 영림서 및 시ㆍ도별 임야,VI. 농업ㆍ임업 및 수산업,전체,경기,ko,2,0.5708,86 504 35 703,8650435703,0.5,과병합의심,경기도 605 592 519 088 287 307 116 618 115 163 - 86 504 35 703 8 907 17 703 6 063 18 128
임야,1972,132,61. 영림서 및 시ㆍ도별 임야,VI. 농업ㆍ임업 및 수산업,전체,경기,ko,3,0.6858,8 907 17 703,890717703,0.5,,경기도 605 592 519 088 287 307 116 618 115 163 - 86 504 35 703 8 907 17 703 6 063 18 128
임야,1972,132,61. 영림서 및 시ㆍ도별 임야,VI. 농업ㆍ임업 및 수산업,전체,경기,ko,4,0.7947,6 063 18 128,606318128,0.5,,경기도 605 592 519 088 287 307 116 618 115 163 - 86 504 35 703 8 907 17 703 6 063 18 128
임야,1972,132,61. 영림서 및 시ㆍ도별 임야,VI. 농업ㆍ임업 및 수산업,전체,강원,ko,0,0.1766,686 919 600 622 304 632 168 415 127 567,686919600622304632168415127567,1.0,과병합의심,강원도 686 919 600 622 304 632 168 415 127 567 8 86 297 42 323 2 740 13 581 10 631 17 022
임야,1972,132,61. 영림서 및 시ㆍ도별 임야,VI. 농업ㆍ임업 및 수산업,전체,강원,ko,1,0.538,8,8,1.0,,강원도 686 919 600 622 304 632 168 415 127 567 8 86 297 42 323 2 740 13 581 10 631 17 022
임야,1972,132,61. 영림서 및 시ㆍ도별 임야,VI. 농업ㆍ임업 및 수산업,전체,강원,ko,2,0.5749,86 297 42 323,8629742323,1.0,과병합의심,강원도 686 919 600 622 304 632 168 415 127 567 8 86 297 42 323 2 740 13 581 10 631 17 022
임야,1972,132,61. 영림서 및 시ㆍ도별 임야,VI. 농업ㆍ임업 및 수산업,전체,강원,ko,3,0.6879,2 740 13 581 10 631 17 022,2740135811063117022,1.0,과병합의심,강원도 686 919 600 622 304 632 168 415 127 567 8 86 297 42 323 2 740 13 581 10 631 17 022
임야,1972,132,61. 영림서 및 시ㆍ도별 임야,VI. 농업ㆍ임업 및 수산업,전체,충북,ko,0,0.1766,529 424,529424,1.0,,충청북도 529 424 475 569 246 403 54 160 175 006 53 855 20 902 2 201 3 108 9 648 17 996
임야,1972,132,61. 영림서 및 시ㆍ도별 임야,VI. 농업ㆍ임업 및 수산업,전체,충북,ko,1,0.2423,475 569,475569,1.0,,충청북도 529 424 475 569 246 403 54 160 175 006 53 855 20 902 2 201 3 108 9 648 17 996
임야,1972,132,61. 영림서 및 시ㆍ도별 임야,VI. 농업ㆍ임업 및 수산업,전체,충북,ko,2,0.3079,246 403,246403,1.0,,충청북도 529 424 475 569 246 403 54 160 175 006 53 855 20 902 2 201 3 108 9 648 17 996
임야,1972,132,61. 영림서 및 시ㆍ도별 임야,VI. 농업ㆍ임업 및 수산업,전체,충북,ko,3,0.384,54 160,54160,0.3,저신뢰,충청북도 529 424 475 569 246 403 54 160 175 006 53 855 20 902 2 201 3 108 9 648 17 996
임야,1972,132,61. 영림서 및 시ㆍ도별 임야,VI. 농업ㆍ임업 및 수산업,전체,충북,ko,4,0.4435,175 006,175006,1.0,,충청북도 529 424 475 569 246 403 54 160 175 006 53 855 20 902 2 201 3 108 9 648 17 996
임야,1972,132,61. 영림서 및 시ㆍ도별 임야,VI. 농업ㆍ임업 및 수산업,전체,충북,ko,5,0.5729,53 855 20 902,5385520902,0.5,과병합의심,충청북도 529 424 475 569 246 403 54 160 175 006 53 855 20 902 2 201 3 108 9 648 17 996
임야,1972,132,61. 영림서 및 시ㆍ도별 임야,VI. 농업ㆍ임업 및 수산업,전체,충북,ko,6,0.6879,2 201,2201,1.0,,충청북도 529 424 475 569 246 403 54 160 175 006 53 855 20 902 2 201 3 108 9 648 17 996
임야,1972,132,61. 영림서 및 시ㆍ도별 임야,VI. 농업ㆍ임업 및 수산업,전체,충북,ko,7,0.7392,3 108,3108,0.3,저신뢰,충청북도 529 424 475 569 246 403 54 160 175 006 53 855 20 902 2 201 3 108 9 648 17 996
임야,1972,132,61. 영림서 및 시ㆍ도별 임야,VI. 농업ㆍ임업 및 수산업,전체,충북,ko,8,0.7947,9 648 17 996,964817996,0.5,,충청북도 529 424 475 569 246 403 54 160 175 006 53 855 20 902 2 201 3 108 9 648 17 996
임야,1972,132,61. 영림서 및 시ㆍ도별 임야,VI. 농업ㆍ임업 및 수산업,전체,충남,ko,0,0.2421,451 864 288 113,451864288113,1.0,과병합의심,충청 남도 510_591 451 864 288 113 31 295 132 379 77 58 727 12 114 12 726 11 983 8 565 13 339
임야,1972,132,61. 영림서 및 시ㆍ도별 임야,VI. 농업ㆍ임업 및 수산업,전체,충남,ko,1,0.384,31 295,31295,1.0,,충청 남도 510_591 451 864 288 113 31 295 132 379 77 58 727 12 114 12 726 11 983 8 565 13 339
임야,1972,132,61. 영림서 및 시ㆍ도별 임야,VI. 농업ㆍ임업 및 수산업,전체,충남,ko,2,0.4435,132 379,132379,1.0,,충청 남도 510_591 451 864 288 113 31 295 132 379 77 58 727 12 114 12 726 11 983 8 565 13 339
임야,1972,132,61. 영림서 및 시ㆍ도별 임야,VI. 농업ㆍ임업 및 수산업,전체,충남,ko,3,0.5318,77,77,1.0,,충청 남도 510_591 451 864 288 113 31 295 132 379 77 58 727 12 114 12 726 11 983 8 565 13 339
임야,1972,132,61. 영림서 및 시ㆍ도별 임야,VI. 농업ㆍ임업 및 수산업,전체,충남,ko,4,0.5749,58 727 12 114 12 726 11 983,58727121141272611983,1.0,과병합의심,충청 남도 510_591 451 864 288 113 31 295 132 379 77 58 727 12 114 12 726 11 983 8 565 13 339
임야,1972,132,61. 영림서 및 시ㆍ도별 임야,VI. 농업ㆍ임업 및 수산업,전체,충남,ko,5,0.7947,8 565 13 339,856513339,0.5,,충청 남도 510_591 451 864 288 113 31 295 132 379 77 58 727 12 114 12 726 11 983 8 565 13 339
임야,1972,132,61. 영림서 및 시ㆍ도별 임야,VI. 농업ㆍ임업 및 수산업,전체,전북,ko,0,0.1764,463 473,463473,1.0,,전라북도 463 473 359 720 209 624 88 272 61 549 275 103 753 57 227 12 496 11 302 7 470 15 258 1l
임야,1972,132,61. 영림서 및 시ㆍ도별 임야,VI. 농업ㆍ임업 및 수산업,전체,전북,ko,1,0.2422,359 720 209 624,359720209624,1.0,과병합의심,전라북도 463 473 359 720 209 624 88 272 61 549 275 103 753 57 227 12 496 11 302 7 470 15 258 1l
임야,1972,132,61. 영림서 및 시ㆍ도별 임야,VI. 농업ㆍ임업 및 수산업,전체,전북,ko,2,0.384,88 272,88272,0.5,,전라북도 463 473 359 720 209 624 88 272 61 549 275 103 753 57 227 12 496 11 302 7 470 15 258 1l
임야,1972,132,61. 영림서 및 시ㆍ도별 임야,VI. 농업ㆍ임업 및 수산업,전체,전북,ko,3,0.4517,61 549,61549,1.0,,전라북도 463 473 359 720 209 624 88 272 61 549 275 103 753 57 227 12 496 11 302 7 470 15 258 1l
임야,1972,132,61. 영림서 및 시ㆍ도별 임야,VI. 농업ㆍ임업 및 수산업,전체,전북,ko,4,0.5216,275,275,1.0,,전라북도 463 473 359 720 209 624 88 272 61 549 275 103 753 57 227 12 496 11 302 7 470 15 258 1l
임야,1972,132,61. 영림서 및 시ㆍ도별 임야,VI. 농업ㆍ임업 및 수산업,전체,전북,ko,5,0.5647,103 753 57 227 12 496 11 302,103753572271249611302,0.5,과병합의심,전라북도 463 473 359 720 209 624 88 272 61 549 275 103 753 57 227 12 496 11 302 7 470 15 258 1l
임야,1972,132,61. 영림서 및 시ㆍ도별 임야,VI. 농업ㆍ임업 및 수산업,전체,전북,ko,6,0.7947,7 470 15 258,747015258,1.0,,전라북도 463 473 359 720 209 624 88 272 61 549 275 103 753 57 227 12 496 11 302 7 470 15 258 1l
임야,1972,132,61. 영림서 및 시ㆍ도별 임야,VI. 농업ㆍ임업 및 수산업,전체,전남,ko,0,0.1766,772 782 679 291,772782679291,1.0,과병합의심,전라남도 Jeon Bug 772 782 679 291 464 795 141 098 69 159 4 239 93 491 33 277 7 965 23 541 4 645 24 063
임야,1972,132,61. 영림서 및 시ㆍ도별 임야,VI. 농업ㆍ임업 및 수산업,전체,전남,ko,1,0.3099,464 795,464795,1.0,,전라남도 Jeon Bug 772 782 679 291 464 795 141 098 69 159 4 239 93 491 33 277 7 965 23 541 4 645 24 063
임야,1972,132,61. 영림서 및 시ㆍ도별 임야,VI. 농업ㆍ임업 및 수산업,전체,전남,ko,2,0.3757,141 098,141098,1.0,,전라남도 Jeon Bug 772 782 679 291 464 795 141 098 69 159 4 239 93 491 33 277 7 965 23 541 4 645 24 063
임야,1972,132,61. 영림서 및 시ㆍ도별 임야,VI. 농업ㆍ임업 및 수산업,전체,전남,ko,3,0.4517,69 159,69159,0.5,,전라남도 Jeon Bug 772 782 679 291 464 795 141 098 69 159 4 239 93 491 33 277 7 965 23 541 4 645 24 063
임야,1972,132,61. 영림서 및 시ㆍ도별 임야,VI. 농업ㆍ임업 및 수산업,전체,전남,ko,4,0.5113,4 239,4239,0.5,,전라남도 Jeon Bug 772 782 679 291 464 795 141 098 69 159 4 239 93 491 33 277 7 965 23 541 4 645 24 063
임야,1972,132,61. 영림서 및 시ㆍ도별 임야,VI. 농업ㆍ임업 및 수산업,전체,전남,ko,5,0.5729,93 491 33 277,9349133277,1.0,과병합의심,전라남도 Jeon Bug 772 782 679 291 464 795 141 098 69 159 4 239 93 491 33 277 7 965 23 541 4 645 24 063
임야,1972,132,61. 영림서 및 시ㆍ도별 임야,VI. 농업ㆍ임업 및 수산업,전체,전남,ko,6,0.6879,7 965 23 541,796523541,0.3,저신뢰,전라남도 Jeon Bug 772 782 679 291 464 795 141 098 69 159 4 239 93 491 33 277 7 965 23 541 4 645 24 063
임야,1972,132,61. 영림서 및 시ㆍ도별 임야,VI. 농업ㆍ임업 및 수산업,전체,전남,ko,7,0.7947,4 645 24 063,464524063,1.0,,전라남도 Jeon Bug 772 782 679 291 464 795 141 098 69 159 4 239 93 491 33 277 7 965 23 541 4 645 24 063
임야,1972,132,61. 영림서 및 시ㆍ도별 임야,VI. 농업ㆍ임업 및 수산업,전체,경북,ko,0,0.1643,1 304 159 1 184 929 784 551 128 874,13041591184929784551128874,0.5,과병합의심,경상북도 1 304 159 1 184 929 784 551 128 874 271 367 137 119 230 40 706 25 894 17 879 8 306 26 445 ㅡ
임야,1972,132,61. 영림서 및 시ㆍ도별 임야,VI. 농업ㆍ임업 및 수산업,전체,경북,ko,1,0.4435,271 367,271367,1.0,,경상북도 1 304 159 1 184 929 784 551 128 874 271 367 137 119 230 40 706 25 894 17 879 8 306 26 445 ㅡ
임야,1972,132,61. 영림서 및 시ㆍ도별 임야,VI. 농업ㆍ임업 및 수산업,전체,경북,ko,2,0.5257,137,137,1.0,,경상북도 1 304 159 1 184 929 784 551 128 874 271 367 137 119 230 40 706 25 894 17 879 8 306 26 445 ㅡ
임야,1972,132,61. 영림서 및 시ㆍ도별 임야,VI. 농업ㆍ임업 및 수산업,전체,경북,ko,3,0.5667,119 230 40 706 25 894 17 879,119230407062589417879,1.0,과병합의심,경상북도 1 304 159 1 184 929 784 551 128 874 271 367 137 119 230 40 706 25 894 17 879 8 306 26 445 ㅡ
임야,1972,132,61. 영림서 및 시ㆍ도별 임야,VI. 농업ㆍ임업 및 수산업,전체,경북,ko,4,0.7947,8 306 26 445,830626445,1.0,,경상북도 1 304 159 1 184 929 784 551 128 874 271 367 137 119 230 40 706 25 894 17 879 8 306 26 445 ㅡ
임야,1972,132,61. 영림서 및 시ㆍ도별 임야,VI. 농업ㆍ임업 및 수산업,전체,경남,ko,0,0.1766,796 511,796511,1.0,,경상남도 796 511 기8 454 469 746 113 019 133 171 2 518 78 057 38 672 12 518 8 479 6 641 11 747
임야,1972,132,61. 영림서 및 시ㆍ도별 임야,VI. 농업ㆍ임업 및 수산업,전체,경남,ko,1,0.3101,469 746 113 019,469746113019,1.0,과병합의심,경상남도 796 511 기8 454 469 746 113 019 133 171 2 518 78 057 38 672 12 518 8 479 6 641 11 747
임야,1972,132,61. 영림서 및 시ㆍ도별 임야,VI. 농업ㆍ임업 및 수산업,전체,경남,ko,2,0.4435,133 171,133171,1.0,,경상남도 796 511 기8 454 469 746 113 019 133 171 2 518 78 057 38 672 12 518 8 479 6 641 11 747
임야,1972,132,61. 영림서 및 시ㆍ도별 임야,VI. 농업ㆍ임업 및 수산업,전체,경남,ko,3,0.5113,2 518,2518,0.5,,경상남도 796 511 기8 454 469 746 113 019 133 171 2 518 78 057 38 672 12 518 8 479 6 641 11 747
임야,1972,132,61. 영림서 및 시ㆍ도별 임야,VI. 농업ㆍ임업 및 수산업,전체,경남,ko,4,0.5708,78 057 38 672 12 518 8 479,7805738672125188479,0.5,과병합의심,경상남도 796 511 기8 454 469 746 113 019 133 171 2 518 78 057 38 672 12 518 8 479 6 641 11 747
임야,1972,132,61. 영림서 및 시ㆍ도별 임야,VI. 농업ㆍ임업 및 수산업,전체,경남,ko,5,0.7947,6 641 11 747,664111747,0.5,,경상남도 796 511 기8 454 469 746 113 019 133 171 2 518 78 057 38 672 12 518 8 479 6 641 11 747
임야,1973,132,61. 영림서 및 시ㆍ도별 임야,VI. 농업ㆍ임업 및 수산업,동부,부산,en,0,0.3778,2 147,2147,1.0,,시 Busan .21 022 2 147 009 1 138 18 875 1 994 1 994 16 88]
임야,1973,132,61. 영림서 및 시ㆍ도별 임야,VI. 농업ㆍ임업 및 수산업,동부,부산,en,1,0.499,009,9,1.0,,시 Busan .21 022 2 147 009 1 138 18 875 1 994 1 994 16 88]
임야,1973,132,61. 영림서 및 시ㆍ도별 임야,VI. 농업ㆍ임업 및 수산업,동부,부산,en,2,0.5626,1 138,1138,1.0,,시 Busan .21 022 2 147 009 1 138 18 875 1 994 1 994 16 88]
임야,1973,132,61. 영림서 및 시ㆍ도별 임야,VI. 농업ㆍ임업 및 수산업,동부,부산,en,3,0.6181,18 875,18875,0.3,저신뢰,시 Busan .21 022 2 147 009 1 138 18 875 1 994 1 994 16 88]
임야,1973,132,61. 영림서 및 시ㆍ도별 임야,VI. 농업ㆍ임업 및 수산업,동부,부산,en,4,0.6961,1 994,1994,0.3,저신뢰,시 Busan .21 022 2 147 009 1 138 18 875 1 994 1 994 16 88]
임야,1973,132,61. 영림서 및 시ㆍ도별 임야,VI. 농업ㆍ임업 및 수산업,동부,부산,en,5,0.7598,1 994,1994,0.5,,시 Busan .21 022 2 147 009 1 138 18 875 1 994 1 994 16 88]
임야,1973,132,61. 영림서 및 시ㆍ도별 임야,VI. 농업ㆍ임업 및 수산업,동부,부산,en,6,0.8953,16 88],1688,0.5,,시 Busan .21 022 2 147 009 1 138 18 875 1 994 1 994 16 88]
임야,1973,132,61. 영림서 및 시ㆍ도별 임야,VI. 농업ㆍ임업 및 수산업,동부,경기,ko,0,0.2957,604 155,604155,1.0,,경 기 도 Cyeong-gi Do 604 155 54 020 4 249 3 245지 23 522 550 135 45 862 13 590 504 273
임야,1973,132,61. 영림서 및 시ㆍ도별 임야,VI. 농업ㆍ임업 및 수산업,동부,경기,ko,1,0.3717,54 020,54020,0.5,,경 기 도 Cyeong-gi Do 604 155 54 020 4 249 3 245지 23 522 550 135 45 862 13 590 504 273
임야,1973,132,61. 영림서 및 시ㆍ도별 임야,VI. 농업ㆍ임업 및 수산업,동부,경기,ko,2,0.5524,23 522,23522,0.5,,경 기 도 Cyeong-gi Do 604 155 54 020 4 249 3 245지 23 522 550 135 45 862 13 590 504 273
임야,1973,132,61. 영림서 및 시ㆍ도별 임야,VI. 농업ㆍ임업 및 수산업,동부,경기,ko,3,0.6119,550 135,550135,0.5,,경 기 도 Cyeong-gi Do 604 155 54 020 4 249 3 245지 23 522 550 135 45 862 13 590 504 273
임야,1973,132,61. 영림서 및 시ㆍ도별 임야,VI. 농업ㆍ임업 및 수산업,동부,경기,ko,4,0.6899,45 862,45862,0.5,,경 기 도 Cyeong-gi Do 604 155 54 020 4 249 3 245지 23 522 550 135 45 862 13 590 504 273
임야,1973,132,61. 영림서 및 시ㆍ도별 임야,VI. 농업ㆍ임업 및 수산업,동부,경기,ko,5,0.8193,13 590,13590,0.5,,경 기 도 Cyeong-gi Do 604 155 54 020 4 249 3 245지 23 522 550 135 45 862 13 590 504 273
임야,1973,132,61. 영림서 및 시ㆍ도별 임야,VI. 농업ㆍ임업 및 수산업,동부,경기,ko,6,0.885,504 273,504273,1.0,,경 기 도 Cyeong-gi Do 604 155 54 020 4 249 3 245지 23 522 550 135 45 862 13 590 504 273
임야,1973,132,61. 영림서 및 시ㆍ도별 임야,VI. 농업ㆍ임업 및 수산업,동부,서울,ko,0,0.2485,15 422,15422,1.0,,서울특별시 N.F.S. 19 2%6 15 422 11 712 737 2 973 3 874 262 154 | 114 650 1 694
임야,1973,132,61. 영림서 및 시ㆍ도별 임야,VI. 농업ㆍ임업 및 수산업,동부,서울,ko,1,0.3183,11 712,11712,0.3,저신뢰,서울특별시 N.F.S. 19 2%6 15 422 11 712 737 2 973 3 874 262 154 | 114 650 1 694
임야,1973,132,61. 영림서 및 시ㆍ도별 임야,VI. 농업ㆍ임업 및 수산업,동부,서울,ko,2,0.4066,737,737,1.0,,서울특별시 N.F.S. 19 2%6 15 422 11 712 737 2 973 3 874 262 154 | 114 650 1 694
임야,1973,132,61. 영림서 및 시ㆍ도별 임야,VI. 농업ㆍ임업 및 수산업,동부,서울,ko,3,0.4558,2 973,2973,0.5,,서울특별시 N.F.S. 19 2%6 15 422 11 712 737 2 973 3 874 262 154 | 114 650 1 694
임야,1973,132,61. 영림서 및 시ㆍ도별 임야,VI. 농업ㆍ임업 및 수산업,동부,서울,ko,4,0.5811,3 874,3874,0.5,,서울특별시 N.F.S. 19 2%6 15 422 11 712 737 2 973 3 874 262 154 | 114 650 1 694
임야,1973,132,61. 영림서 및 시ㆍ도별 임야,VI. 농업ㆍ임업 및 수산업,동부,서울,ko,5,0.6612,262,262,1.0,,서울특별시 N.F.S. 19 2%6 15 422 11 712 737 2 973 3 874 262 154 | 114 650 1 694
임야,1973,132,61. 영림서 및 시ㆍ도별 임야,VI. 농업ㆍ임업 및 수산업,동부,서울,ko,6,0.7289,154,154,1.0,,서울특별시 N.F.S. 19 2%6 15 422 11 712 737 2 973 3 874 262 154 | 114 650 1 694
임야,1973,132,61. 영림서 및 시ㆍ도별 임야,VI. 농업ㆍ임업 및 수산업,동부,서울,ko,7,0.8501,650,650,0.5,,서울특별시 N.F.S. 19 2%6 15 422 11 712 737 2 973 3 874 262 154 | 114 650 1 694
임야,1973,132,61. 영림서 및 시ㆍ도별 임야,VI. 농업ㆍ임업 및 수산업,동부,서울,ko,8,0.8973,1 694,1694,1.0,,서울특별시 N.F.S. 19 2%6 15 422 11 712 737 2 973 3 874 262 154 | 114 650 1 694
임야,1973,132,61. 영림서 및 시ㆍ도별 임야,VI. 농업ㆍ임업 및 수산업,동부,서울,en,0,0.1848,21 022,21022,0.5,,부산지 Seoul 21 022 19 760 15 124 27 4 584 25 1 262 204 132 214 - 기2
임야,1973,132,61. 영림서 및 시ㆍ도별 임야,VI. 농업ㆍ임업 및 수산업,동부,서울,en,1,0.2485,19 760 15 124,1976015124,0.3,저신뢰|과병합의심,부산지 Seoul 21 022 19 760 15 124 27 4 584 25 1 262 204 132 214 - 기2
임야,1973,132,61. 영림서 및 시ㆍ도별 임야,VI. 농업ㆍ임업 및 수산업,동부,서울,en,2,0.4148,27,27,1.0,,부산지 Seoul 21 022 19 760 15 124 27 4 584 25 1 262 204 132 214 - 기2
임야,1973,132,61. 영림서 및 시ㆍ도별 임야,VI. 농업ㆍ임업 및 수산업,동부,서울,en,3,0.4538,4 584,4584,1.0,,부산지 Seoul 21 022 19 760 15 124 27 4 584 25 1 262 204 132 214 - 기2
임야,1973,132,61. 영림서 및 시ㆍ도별 임야,VI. 농업ㆍ임업 및 수산업,동부,서울,en,4,0.5339,25,25,1.0,,부산지 Seoul 21 022 19 760 15 124 27 4 584 25 1 262 204 132 214 - 기2
임야,1973,132,61. 영림서 및 시ㆍ도별 임야,VI. 농업ㆍ임업 및 수산업,동부,서울,en,5,0.5811,1 262,1262,0.3,저신뢰,부산지 Seoul 21 022 19 760 15 124 27 4 584 25 1 262 204 132 214 - 기2
임야,1973,132,61. 영림서 및 시ㆍ도별 임야,VI. 농업ㆍ임업 및 수산업,동부,서울,en,6,0.6612,204,204,1.0,,부산지 Seoul 21 022 19 760 15 124 27 4 584 25 1 262 204 132 214 - 기2
임야,1973,132,61. 영림서 및 시ㆍ도별 임야,VI. 농업ㆍ임업 및 수산업,동부,서울,en,7,0.7269,132,132,1.0,,부산지 Seoul 21 022 19 760 15 124 27 4 584 25 1 262 204 132 214 - 기2
임야,1973,132,61. 영림서 및 시ㆍ도별 임야,VI. 농업ㆍ임업 및 수산업,동부,서울,en,8,0.7947,214,214,1.0,,부산지 Seoul 21 022 19 760 15 124 27 4 584 25 1 262 204 132 214 - 기2
임야,1973,132,61. 영림서 및 시ㆍ도별 임야,VI. 농업ㆍ임업 및 수산업,동부,부산,en,0,0.1764,604 155 520 463,604155520463,0.5,과병합의심,경기도 Busan 604 155 520 463 239 039 115 937. 115 487 83 692 32 665 9 107 17 729 6 063 18 128
임야,1973,132,61. 영림서 및 시ㆍ도별 임야,VI. 농업ㆍ임업 및 수산업,동부,부산,en,1,0.3121,239 039 115 937. 115 487,239039115937.11548,0.5,과병합의심,경기도 Busan 604 155 520 463 239 039 115 937. 115 487 83 692 32 665 9 107 17 729 6 063 18 128
임야,1973,132,61. 영림서 및 시ㆍ도별 임야,VI. 농업ㆍ임업 및 수산업,동부,부산,en,2,0.5749,83 692,83692,0.5,,경기도 Busan 604 155 520 463 239 039 115 937. 115 487 83 692 32 665 9 107 17 729 6 063 18 128
임야,1973,132,61. 영림서 및 시ㆍ도별 임야,VI. 농업ㆍ임업 및 수산업,동부,부산,en,3,0.6406,32 665,32665,1.0,,경기도 Busan 604 155 520 463 239 039 115 937. 115 487 83 692 32 665 9 107 17 729 6 063 18 128
임야,1973,132,61. 영림서 및 시ㆍ도별 임야,VI. 농업ㆍ임업 및 수산업,동부,부산,en,4,0.7166,9 107,9107,0.5,,경기도 Busan 604 155 520 463 239 039 115 937. 115 487 83 692 32 665 9 107 17 729 6 063 18 128
임야,1973,132,61. 영림서 및 시ㆍ도별 임야,VI. 농업ㆍ임업 및 수산업,동부,부산,en,5,0.7762,17 729 6 063 18 128,17729606318128,0.5,과병합의심,경기도 Busan 604 155 520 463 239 039 115 937. 115 487 83 692 32 665 9 107 17 729 6 063 18 128
임야,1973,132,61. 영림서 및 시ㆍ도별 임야,VI. 농업ㆍ임업 및 수산업,동부,충남,ko,0,0.1766,498 788,498788,1.0,,Chung Bug 충청 남 도 498 788 446 703 284 929 32 372 129 321 81 52 085 10 526 12 345 7 805 8 075 13 314
임야,1973,132,61. 영림서 및 시ㆍ도별 임야,VI. 농업ㆍ임업 및 수산업,동부,충남,ko,1,0.2444,446 703 284 929,446703284929,1.0,과병합의심,Chung Bug 충청 남 도 498 788 446 703 284 929 32 372 129 321 81 52 085 10 526 12 345 7 805 8 075 13 314
임야,1973,132,61. 영림서 및 시ㆍ도별 임야,VI. 농업ㆍ임업 및 수산업,동부,충남,ko,2,0.386,32 372 129 321,32372129321,1.0,과병합의심,Chung Bug 충청 남 도 498 788 446 703 284 929 32 372 129 321 81 52 085 10 526 12 345 7 805 8 075 13 314
임야,1973,132,61. 영림서 및 시ㆍ도별 임야,VI. 농업ㆍ임업 및 수산업,동부,충남,ko,3,0.5339,81,81,1.0,,Chung Bug 충청 남 도 498 788 446 703 284 929 32 372 129 321 81 52 085 10 526 12 345 7 805 8 075 13 314
임야,1973,132,61. 영림서 및 시ㆍ도별 임야,VI. 농업ㆍ임업 및 수산업,동부,충남,ko,4,0.5748,52 085,52085,1.0,,Chung Bug 충청 남 도 498 788 446 703 284 929 32 372 129 321 81 52 085 10 526 12 345 7 805 8 075 13 314
임야,1973,132,61. 영림서 및 시ㆍ도별 임야,VI. 농업ㆍ임업 및 수산업,동부,충남,ko,5,0.6407,10 526,10526,1.0,,Chung Bug 충청 남 도 498 788 446 703 284 929 32 372 129 321 81 52 085 10 526 12 345 7 805 8 075 13 314
임야,1973,132,61. 영림서 및 시ㆍ도별 임야,VI. 농업ㆍ임업 및 수산업,동부,충남,ko,6,0.7105,12 345,12345,1.0,,Chung Bug 충청 남 도 498 788 446 703 284 929 32 372 129 321 81 52 085 10 526 12 345 7 805 8 075 13 314
임야,1973,132,61. 영림서 및 시ㆍ도별 임야,VI. 농업ㆍ임업 및 수산업,동부,충남,ko,7,0.7823,7 805,7805,1.0,,Chung Bug 충청 남 도 498 788 446 703 284 929 32 372 129 321 81 52 085 10 526 12 345 7 805 8 075 13 314
임야,1973,132,61. 영림서 및 시ㆍ도별 임야,VI. 농업ㆍ임업 및 수산업,동부,충남,ko,8,0.8378,8 075,8075,0.3,저신뢰,Chung Bug 충청 남 도 498 788 446 703 284 929 32 372 129 321 81 52 085 10 526 12 345 7 805 8 075 13 314
임야,1973,132,61. 영림서 및 시ㆍ도별 임야,VI. 농업ㆍ임업 및 수산업,동부,충남,ko,9,0.8889,13 314,13314,1.0,,Chung Bug 충청 남 도 498 788 446 703 284 929 32 372 129 321 81 52 085 10 526 12 345 7 805 8 075 13 314
임야,1973,132,61. 영림서 및 시ㆍ도별 임야,VI. 농업ㆍ임업 및 수산업,동부,전북,ko,0,0.1766,461 679 371 436 217 709,461679371436217709,0.5,과병합의심,전라북도 chung Nan 461 679 371 436 217 709 90 307 63 137 283 90 243 45 877 11 741 10 684 6 749 15 192
임야,1973,132,61. 영림서 및 시ㆍ도별 임야,VI. 농업ㆍ임업 및 수산업,동부,전북,ko,1,0.386,90 307 63 137,9030763137,0.5,과병합의심,전라북도 chung Nan 461 679 371 436 217 709 90 307 63 137 283 90 243 45 877 11 741 10 684 6 749 15 192
임야,1973,132,61. 영림서 및 시ㆍ도별 임야,VI. 농업ㆍ임업 및 수산업,동부,전북,ko,2,0.5236,283,283,1.0,,전라북도 chung Nan 461 679 371 436 217 709 90 307 63 137 283 90 243 45 877 11 741 10 684 6 749 15 192
임야,1973,132,61. 영림서 및 시ㆍ도별 임야,VI. 농업ㆍ임업 및 수산업,동부,전북,ko,3,0.5749,90 243,90243,1.0,,전라북도 chung Nan 461 679 371 436 217 709 90 307 63 137 283 90 243 45 877 11 741 10 684 6 749 15 192
임야,1973,132,61. 영림서 및 시ㆍ도별 임야,VI. 농업ㆍ임업 및 수산업,동부,전북,ko,4,0.6406,45 877,45877,0.5,,전라북도 chung Nan 461 679 371 436 217 709 90 307 63 137 283 90 243 45 877 11 741 10 684 6 749 15 192
임야,1973,132,61. 영림서 및 시ㆍ도별 임야,VI. 농업ㆍ임업 및 수산업,동부,전북,ko,5,0.7104,11 741,11741,0.5,,전라북도 chung Nan 461 679 371 436 217 709 90 307 63 137 283 90 243 45 877 11 741 10 684 6 749 15 192
임야,1973,132,61. 영림서 및 시ㆍ도별 임야,VI. 농업ㆍ임업 및 수산업,동부,전북,ko,6,0.7762,10 684,10684,1.0,,전라북도 chung Nan 461 679 371 436 217 709 90 307 63 137 283 90 243 45 877 11 741 10 684 6 749 15 192
임야,1973,132,61. 영림서 및 시ㆍ도별 임야,VI. 농업ㆍ임업 및 수산업,동부,전북,ko,7,0.8378,6 749 15 192,674915192,1.0,,전라북도 chung Nan 461 679 371 436 217 709 90 307 63 137 283 90 243 45 877 11 741 10 684 6 749 15 192
임야,1973,132,61. 영림서 및 시ㆍ도별 임야,VI. 농업ㆍ임업 및 수산업,동부,전남,ko,0,0.1766,769 594 680 169 465 489 143 078,769594680169465489143078,0.5,과병합의심,전 라남도 Jeon Bug 769 594 680 169 465 489 143 078 67 332 4 270 89 425 30 963 7 695 22 364 4 440 23 963
임야,1973,132,61. 영림서 및 시ㆍ도별 임야,VI. 농업ㆍ임업 및 수산업,동부,전남,ko,1,0.4476,67 332,67332,1.0,,전 라남도 Jeon Bug 769 594 680 169 465 489 143 078 67 332 4 270 89 425 30 963 7 695 22 364 4 440 23 963
임야,1973,132,61. 영림서 및 시ㆍ도별 임야,VI. 농업ㆍ임업 및 수산업,동부,전남,ko,2,0.5154,4 270,4270,1.0,,전 라남도 Jeon Bug 769 594 680 169 465 489 143 078 67 332 4 270 89 425 30 963 7 695 22 364 4 440 23 963
임야,1973,132,61. 영림서 및 시ㆍ도별 임야,VI. 농업ㆍ임업 및 수산업,동부,전남,ko,3,0.5749,89 425,89425,0.5,,전 라남도 Jeon Bug 769 594 680 169 465 489 143 078 67 332 4 270 89 425 30 963 7 695 22 364 4 440 23 963
임야,1973,132,61. 영림서 및 시ㆍ도별 임야,VI. 농업ㆍ임업 및 수산업,동부,전남,ko,4,0.6406,30 963,30963,1.0,,전 라남도 Jeon Bug 769 594 680 169 465 489 143 078 67 332 4 270 89 425 30 963 7 695 22 364 4 440 23 963
임야,1973,132,61. 영림서 및 시ㆍ도별 임야,VI. 농업ㆍ임업 및 수산업,동부,전남,ko,5,0.7146,7 695,7695,0.5,,전 라남도 Jeon Bug 769 594 680 169 465 489 143 078 67 332 4 270 89 425 30 963 7 695 22 364 4 440 23 963
임야,1973,132,61. 영림서 및 시ㆍ도별 임야,VI. 농업ㆍ임업 및 수산업,동부,전남,ko,6,0.7762,22 364 4 440 23 963,22364444023963,1.0,과병합의심,전 라남도 Jeon Bug 769 594 680 169 465 489 143 078 67 332 4 270 89 425 30 963 7 695 22 364 4 440 23 963
임야,1974,90,46. 영림서 및 시ㆍ도별 임야,V. 농업ㆍ임업 및 수산업,동부,서울,ko,0,0.2936,19 422,19422,1.0,,서울특별시 City of Sooul 19 422 3 820 2 734 1 086 239 961 961 - 12 328
임야,1974,90,46. 영림서 및 시ㆍ도별 임야,V. 농업ㆍ임업 및 수산업,동부,서울,ko,1,0.3655,3 820,3820,1.0,,서울특별시 City of Sooul 19 422 3 820 2 734 1 086 239 961 961 - 12 328
임야,1974,90,46. 영림서 및 시ㆍ도별 임야,V. 농업ㆍ임업 및 수산업,동부,서울,ko,2,0.4168,2 734,2734,0.5,,서울특별시 City of Sooul 19 422 3 820 2 734 1 086 239 961 961 - 12 328
임야,1974,90,46. 영림서 및 시ㆍ도별 임야,V. 농업ㆍ임업 및 수산업,동부,서울,ko,3,0.4702,1 086,1086,0.3,저신뢰,서울특별시 City of Sooul 19 422 3 820 2 734 1 086 239 961 961 - 12 328
임야,1974,90,46. 영림서 및 시ㆍ도별 임야,V. 농업ㆍ임업 및 수산업,동부,서울,ko,4,0.6263,239,239,0.3,저신뢰,서울특별시 City of Sooul 19 422 3 820 2 734 1 086 239 961 961 - 12 328
임야,1974,90,46. 영림서 및 시ㆍ도별 임야,V. 농업ㆍ임업 및 수산업,동부,서울,ko,5,0.6858,961,961,1.0,,서울특별시 City of Sooul 19 422 3 820 2 734 1 086 239 961 961 - 12 328
임야,1974,90,46. 영림서 및 시ㆍ도별 임야,V. 농업ㆍ임업 및 수산업,동부,서울,ko,6,0.7598,961,961,1.0,,서울특별시 City of Sooul 19 422 3 820 2 734 1 086 239 961 961 - 12 328
임야,1974,90,46. 영림서 및 시ㆍ도별 임야,V. 농업ㆍ임업 및 수산업,동부,서울,ko,7,0.883,12 328,12328,0.5,,서울특별시 City of Sooul 19 422 3 820 2 734 1 086 239 961 961 - 12 328
임야,1974,90,46. 영림서 및 시ㆍ도별 임야,V. 농업ㆍ임업 및 수산업,동부,부산,ko,0,0.2916,20 982,20982,1.0,,부 산. 시 Busan City 20 982 1 030 - 1 030 988 2 414 2414 ㅡ -15 574
임야,1974,90,46. 영림서 및 시ㆍ도별 임야,V. 농업ㆍ임업 및 수산업,동부,부산,ko,1,0.3655,1 030,1030,0.3,저신뢰,부 산. 시 Busan City 20 982 1 030 - 1 030 988 2 414 2414 ㅡ -15 574
임야,1974,90,46. 영림서 및 시ㆍ도별 임야,V. 농업ㆍ임업 및 수산업,동부,부산,ko,2,0.4723,1 030,1030,0.5,,부 산. 시 Busan City 20 982 1 030 - 1 030 988 2 414 2414 ㅡ -15 574
임야,1974,90,46. 영림서 및 시ㆍ도별 임야,V. 농업ㆍ임업 및 수산업,동부,부산,ko,3,0.6242,988,988,1.0,,부 산. 시 Busan City 20 982 1 030 - 1 030 988 2 414 2414 ㅡ -15 574
임야,1974,90,46. 영림서 및 시ㆍ도별 임야,V. 농업ㆍ임업 및 수산업,동부,부산,ko,4,0.6735,2 414,2414,0.5,,부 산. 시 Busan City 20 982 1 030 - 1 030 988 2 414 2414 ㅡ -15 574
임야,1974,90,46. 영림서 및 시ㆍ도별 임야,V. 농업ㆍ임업 및 수산업,동부,부산,ko,5,0.7474,2414,2414,0.5,,부 산. 시 Busan City 20 982 1 030 - 1 030 988 2 414 2414 ㅡ -15 574
임야,1974,90,46. 영림서 및 시ㆍ도별 임야,V. 농업ㆍ임업 및 수산업,동부,부산,ko,6,0.8809,-15 574,-15574,0.5,,부 산. 시 Busan City 20 982 1 030 - 1 030 988 2 414 2414 ㅡ -15 574
임야,1974,90,46. 영림서 및 시ㆍ도별 임야,V. 농업ㆍ임업 및 수산업,동부,제주,en,0,0.2853,117 926,117926,0.5,,도 Jeju Do 117 926 21 332 17 595 3.737 228 9992 9 992 78 236
임야,1974,90,46. 영림서 및 시ㆍ도별 임야,V. 농업ㆍ임업 및 수산업,동부,제주,en,1,0.3593,21 332 17 595,2133217595,0.3,저신뢰|과병합의심,도 Jeju Do 117 926 21 332 17 595 3.737 228 9992 9 992 78 236
임야,1974,90,46. 영림서 및 시ㆍ도별 임야,V. 농업ㆍ임업 및 수산업,동부,제주,en,2,0.4723,3.737,3.737,0.5,,도 Jeju Do 117 926 21 332 17 595 3.737 228 9992 9 992 78 236
임야,1974,90,46. 영림서 및 시ㆍ도별 임야,V. 농업ㆍ임업 및 수산업,동부,제주,en,3,0.6283,228,228,1.0,,도 Jeju Do 117 926 21 332 17 595 3.737 228 9992 9 992 78 236
임야,1974,90,46. 영림서 및 시ㆍ도별 임야,V. 농업ㆍ임업 및 수산업,동부,제주,en,4,0.6756,9992,9992,0.3,저신뢰,도 Jeju Do 117 926 21 332 17 595 3.737 228 9992 9 992 78 236
임야,1974,90,46. 영림서 및 시ㆍ도별 임야,V. 농업ㆍ임업 및 수산업,동부,제주,en,5,0.8173,9 992,9992,0.3,저신뢰,도 Jeju Do 117 926 21 332 17 595 3.737 228 9992 9 992 78 236
임야,1974,90,46. 영림서 및 시ㆍ도별 임야,V. 농업ㆍ임업 및 수산업,동부,제주,en,6,0.8829,78 236,78236,1.0,,도 Jeju Do 117 926 21 332 17 595 3.737 228 9992 9 992 78 236
임야,1974,90,46. 영림서 및 시ㆍ도별 임야,V. 농업ㆍ임업 및 수산업,동부,서울,ko,0,0.2402,16 269,16269,1.0,,"서울특별시 19•422 16 269 12 044 929 3 296 - 3 153 237 ,44 782 $27 1 463"
임야,1974,90,46. 영림서 및 시ㆍ도별 임야,V. 농업ㆍ임업 및 수산업,동부,서울,ko,1,0.3078,12 044,12044,1.0,,"서울특별시 19•422 16 269 12 044 929 3 296 - 3 153 237 ,44 782 $27 1 463"
임야,1974,90,46. 영림서 및 시ㆍ도별 임야,V. 농업ㆍ임업 및 수산업,동부,서울,ko,2,0.3963,929,929,1.0,,"서울특별시 19•422 16 269 12 044 929 3 296 - 3 153 237 ,44 782 $27 1 463"
임야,1974,90,46. 영림서 및 시ㆍ도별 임야,V. 농업ㆍ임업 및 수산업,동부,서울,ko,3,0.4497,3 296,3296,0.5,,"서울특별시 19•422 16 269 12 044 929 3 296 - 3 153 237 ,44 782 $27 1 463"
임야,1974,90,46. 영림서 및 시ㆍ도별 임야,V. 농업ㆍ임업 및 수산업,동부,서울,ko,4,0.5707,3 153,3153,1.0,,"서울특별시 19•422 16 269 12 044 929 3 296 - 3 153 237 ,44 782 $27 1 463"
임야,1974,90,46. 영림서 및 시ㆍ도별 임야,V. 농업ㆍ임업 및 수산업,동부,서울,ko,5,0.6509,237,237,1.0,,"서울특별시 19•422 16 269 12 044 929 3 296 - 3 153 237 ,44 782 $27 1 463"
임야,1974,90,46. 영림서 및 시ㆍ도별 임야,V. 농업ㆍ임업 및 수산업,동부,서울,ko,6,0.7844,782,782,1.0,,"서울특별시 19•422 16 269 12 044 929 3 296 - 3 153 237 ,44 782 $27 1 463"
임야,1974,90,46. 영림서 및 시ㆍ도별 임야,V. 농업ㆍ임업 및 수산업,동부,서울,ko,7,0.8871,1 463,1463,1.0,,"서울특별시 19•422 16 269 12 044 929 3 296 - 3 153 237 ,44 782 $27 1 463"
임야,1974,90,46. 영림서 및 시ㆍ도별 임야,V. 농업ㆍ임업 및 수산업,동부,경기,ko,0,0.1683,599 626 517 393,599626517393,1.0,과병합의심,경 기 •도 599 626 517 393 289 281 114 351 113.761 - 82 233 31 198 9 053 17 075 6:063 18 844
임야,1974,90,46. 영림서 및 시ㆍ도별 임야,V. 농업ㆍ임업 및 수산업,동부,경기,ko,1,0.3018,289 281,289281,0.5,,경 기 •도 599 626 517 393 289 281 114 351 113.761 - 82 233 31 198 9 053 17 075 6:063 18 844
임야,1974,90,46. 영림서 및 시ㆍ도별 임야,V. 농업ㆍ임업 및 수산업,동부,경기,ko,2,0.3695,114 351,114351,0.5,,경 기 •도 599 626 517 393 289 281 114 351 113.761 - 82 233 31 198 9 053 17 075 6:063 18 844
임야,1974,90,46. 영림서 및 시ㆍ도별 임야,V. 농업ㆍ임업 및 수산업,동부,경기,ko,3,0.4353,113.761,113.761,1.0,,경 기 •도 599 626 517 393 289 281 114 351 113.761 - 82 233 31 198 9 053 17 075 6:063 18 844
임야,1974,90,46. 영림서 및 시ㆍ도별 임야,V. 농업ㆍ임업 및 수산업,동부,경기,ko,4,0.5647,82 233,82233,0.5,,경 기 •도 599 626 517 393 289 281 114 351 113.761 - 82 233 31 198 9 053 17 075 6:063 18 844
임야,1974,90,46. 영림서 및 시ㆍ도별 임야,V. 농업ㆍ임업 및 수산업,동부,경기,ko,5,0.6322,31 198,31198,0.5,,경 기 •도 599 626 517 393 289 281 114 351 113.761 - 82 233 31 198 9 053 17 075 6:063 18 844
임야,1974,90,46. 영림서 및 시ㆍ도별 임야,V. 농업ㆍ임업 및 수산업,동부,경기,ko,6,0.7041,9 053,9053,0.3,저신뢰,경 기 •도 599 626 517 393 289 281 114 351 113.761 - 82 233 31 198 9 053 17 075 6:063 18 844
임야,1974,90,46. 영림서 및 시ㆍ도별 임야,V. 농업ㆍ임업 및 수산업,동부,경기,ko,7,0.8789,18 844,18844,1.0,,경 기 •도 599 626 517 393 289 281 114 351 113.761 - 82 233 31 198 9 053 17 075 6:063 18 844
임야,1974,90,46. 영림서 및 시ㆍ도별 임야,V. 농업ㆍ임업 및 수산업,동부,강원,ko,0,0.1682,694 770,694770,0.5,,"강 원 도 694 770 60? 366 316 697. 166 842 125 816 85 404 41 219 2 395 13 107 10 &41 17, 842"
임야,1974,90,46. 영림서 및 시ㆍ도별 임야,V. 농업ㆍ임업 및 수산업,동부,강원,ko,1,0.3039,316 697.,316697.0,1.0,,"강 원 도 694 770 60? 366 316 697. 166 842 125 816 85 404 41 219 2 395 13 107 10 &41 17, 842"
임야,1974,90,46. 영림서 및 시ㆍ도별 임야,V. 농업ㆍ임업 및 수산업,동부,강원,ko,2,0.3696,166 842,166842,0.5,,"강 원 도 694 770 60? 366 316 697. 166 842 125 816 85 404 41 219 2 395 13 107 10 &41 17, 842"
임야,1974,90,46. 영림서 및 시ㆍ도별 임야,V. 농업ㆍ임업 및 수산업,동부,강원,ko,3,0.4353,125 816,125816,1.0,,"강 원 도 694 770 60? 366 316 697. 166 842 125 816 85 404 41 219 2 395 13 107 10 &41 17, 842"
임야,1974,90,46. 영림서 및 시ㆍ도별 임야,V. 농업ㆍ임업 및 수산업,동부,강원,ko,4,0.5625,85 404,85404,0.5,,"강 원 도 694 770 60? 366 316 697. 166 842 125 816 85 404 41 219 2 395 13 107 10 &41 17, 842"
임야,1974,90,46. 영림서 및 시ㆍ도별 임야,V. 농업ㆍ임업 및 수산업,동부,강원,ko,5,0.6324,41 219,41219,0.5,,"강 원 도 694 770 60? 366 316 697. 166 842 125 816 85 404 41 219 2 395 13 107 10 &41 17, 842"
임야,1974,90,46. 영림서 및 시ㆍ도별 임야,V. 농업ㆍ임업 및 수산업,동부,강원,ko,6,0.7043,2 395,2395,1.0,,"강 원 도 694 770 60? 366 316 697. 166 842 125 816 85 404 41 219 2 395 13 107 10 &41 17, 842"
임야,1974,90,46. 영림서 및 시ㆍ도별 임야,V. 농업ㆍ임업 및 수산업,동부,강원,ko,7,0.8706,"17, 842",17842,0.3,저신뢰,"강 원 도 694 770 60? 366 316 697. 166 842 125 816 85 404 41 219 2 395 13 107 10 &41 17, 842"
임야,1974,90,46. 영림서 및 시ㆍ도별 임야,V. 농업ㆍ임업 및 수산업,동부,충남,ko,0,0.1704,495 809,495809,0.5,,충청남도 495 809 446 786 286 007 34 440 126. 258 8 49 023 9 411 11 901 7 235 5 292 15 184
임야,1974,90,46. 영림서 및 시ㆍ도별 임야,V. 농업ㆍ임업 및 수산업,동부,충남,ko,1,0.2382,446 786,446786,0.3,저신뢰,충청남도 495 809 446 786 286 007 34 440 126. 258 8 49 023 9 411 11 901 7 235 5 292 15 184
임야,1974,90,46. 영림서 및 시ㆍ도별 임야,V. 농업ㆍ임업 및 수산업,동부,충남,ko,2,0.3039,286 007,286007,1.0,,충청남도 495 809 446 786 286 007 34 440 126. 258 8 49 023 9 411 11 901 7 235 5 292 15 184
임야,1974,90,46. 영림서 및 시ㆍ도별 임야,V. 농업ㆍ임업 및 수산업,동부,충남,ko,3,0.3758,34 440,34440,1.0,,충청남도 495 809 446 786 286 007 34 440 126. 258 8 49 023 9 411 11 901 7 235 5 292 15 184
임야,1974,90,46. 영림서 및 시ㆍ도별 임야,V. 농업ㆍ임업 및 수산업,동부,충남,ko,4,0.4353,126. 258,126.258,1.0,,충청남도 495 809 446 786 286 007 34 440 126. 258 8 49 023 9 411 11 901 7 235 5 292 15 184
임야,1974,90,46. 영림서 및 시ㆍ도별 임야,V. 농업ㆍ임업 및 수산업,동부,충남,ko,5,0.5216,8,8,0.3,저신뢰,충청남도 495 809 446 786 286 007 34 440 126. 258 8 49 023 9 411 11 901 7 235 5 292 15 184
임야,1974,90,46. 영림서 및 시ㆍ도별 임야,V. 농업ㆍ임업 및 수산업,동부,충남,ko,6,0.5626,49 023,49023,0.3,저신뢰,충청남도 495 809 446 786 286 007 34 440 126. 258 8 49 023 9 411 11 901 7 235 5 292 15 184
임야,1974,90,46. 영림서 및 시ㆍ도별 임야,V. 농업ㆍ임업 및 수산업,동부,충남,ko,7,0.6386,9 411,9411,0.5,,충청남도 495 809 446 786 286 007 34 440 126. 258 8 49 023 9 411 11 901 7 235 5 292 15 184
임야,1974,90,46. 영림서 및 시ㆍ도별 임야,V. 농업ㆍ임업 및 수산업,동부,충남,ko,8,0.6982,11 901,11901,0.3,저신뢰,충청남도 495 809 446 786 286 007 34 440 126. 258 8 49 023 9 411 11 901 7 235 5 292 15 184
임야,1974,90,46. 영림서 및 시ㆍ도별 임야,V. 농업ㆍ임업 및 수산업,동부,충남,ko,9,0.7721,7 235 5 292 15 184,7235529215184,0.5,과병합의심,충청남도 495 809 446 786 286 007 34 440 126. 258 8 49 023 9 411 11 901 7 235 5 292 15 184
임야,1974,90,46. 영림서 및 시ㆍ도별 임야,V. 농업ㆍ임업 및 수산업,동부,전북,ko,0,0.1704,460 765,460765,0.5,,전라북도 460 765 380 726 222 978 91 995 65 470 283 80 039 38 809 11 084 10 100 4 889 15 157
임야,1974,90,46. 영림서 및 시ㆍ도별 임야,V. 농업ㆍ임업 및 수산업,동부,전북,ko,1,0.2382,380 726,380726,0.3,저신뢰,전라북도 460 765 380 726 222 978 91 995 65 470 283 80 039 38 809 11 084 10 100 4 889 15 157
임야,1974,90,46. 영림서 및 시ㆍ도별 임야,V. 농업ㆍ임업 및 수산업,동부,전북,ko,2,0.3039,222 978,222978,0.5,,전라북도 460 765 380 726 222 978 91 995 65 470 283 80 039 38 809 11 084 10 100 4 889 15 157
임야,1974,90,46. 영림서 및 시ㆍ도별 임야,V. 농업ㆍ임업 및 수산업,동부,전북,ko,3,0.3758,91 995,91995,1.0,,전라북도 460 765 380 726 222 978 91 995 65 470 283 80 039 38 809 11 084 10 100 4 889 15 157
임야,1974,90,46. 영림서 및 시ㆍ도별 임야,V. 농업ㆍ임업 및 수산업,동부,전북,ko,4,0.4435,65 470,65470,1.0,,전라북도 460 765 380 726 222 978 91 995 65 470 283 80 039 38 809 11 084 10 100 4 889 15 157
임야,1974,90,46. 영림서 및 시ㆍ도별 임야,V. 농업ㆍ임업 및 수산업,동부,전북,ko,5,0.5174,283,283,1.0,,전라북도 460 765 380 726 222 978 91 995 65 470 283 80 039 38 809 11 084 10 100 4 889 15 157
임야,1974,90,46. 영림서 및 시ㆍ도별 임야,V. 농업ㆍ임업 및 수산업,동부,전북,ko,6,0.5624,80 039,80039,0.5,,전라북도 460 765 380 726 222 978 91 995 65 470 283 80 039 38 809 11 084 10 100 4 889 15 157
임야,1974,90,46. 영림서 및 시ㆍ도별 임야,V. 농업ㆍ임업 및 수산업,동부,전북,ko,7,0.6304,38 809,38809,1.0,,전라북도 460 765 380 726 222 978 91 995 65 470 283 80 039 38 809 11 084 10 100 4 889 15 157
임야,1974,90,46. 영림서 및 시ㆍ도별 임야,V. 농업ㆍ임업 및 수산업,동부,전북,ko,8,0.698,11 084,11084,0.5,,전라북도 460 765 380 726 222 978 91 995 65 470 283 80 039 38 809 11 084 10 100 4 889 15 157
임야,1974,90,46. 영림서 및 시ㆍ도별 임야,V. 농업ㆍ임업 및 수산업,동부,전북,ko,9,0.7639,10 100 4 889 15 157,10100488915157,0.3,저신뢰|과병합의심,전라북도 460 765 380 726 222 978 91 995 65 470 283 80 039 38 809 11 084 10 100 4 889 15 157
임야,1974,90,46. 영림서 및 시ㆍ도별 임야,V. 농업ㆍ임업 및 수산업,동부,전남,ko,0,0.1683,763 999,763999,0.5,,"전라남도 Jeon Bug 763 999 678 808 461 559 146, 445 66 486 4 318 85 191 29 648 7 739 20 211 3 714 23 879"
임야,1974,90,46. 영림서 및 시ㆍ도별 임야,V. 농업ㆍ임업 및 수산업,동부,전남,ko,1,0.2382,678 808,678808,0.5,,"전라남도 Jeon Bug 763 999 678 808 461 559 146, 445 66 486 4 318 85 191 29 648 7 739 20 211 3 714 23 879"
임야,1974,90,46. 영림서 및 시ㆍ도별 임야,V. 농업ㆍ임업 및 수산업,동부,전남,ko,2,0.3038,461 559,461559,0.3,저신뢰,"전라남도 Jeon Bug 763 999 678 808 461 559 146, 445 66 486 4 318 85 191 29 648 7 739 20 211 3 714 23 879"
임야,1974,90,46. 영림서 및 시ㆍ도별 임야,V. 농업ㆍ임업 및 수산업,동부,전남,ko,3,0.3696,"146, 445",146445,0.5,,"전라남도 Jeon Bug 763 999 678 808 461 559 146, 445 66 486 4 318 85 191 29 648 7 739 20 211 3 714 23 879"
임야,1974,90,46. 영림서 및 시ㆍ도별 임야,V. 농업ㆍ임업 및 수산업,동부,전남,ko,4,0.4435,66 486 4 318,664864318,1.0,,"전라남도 Jeon Bug 763 999 678 808 461 559 146, 445 66 486 4 318 85 191 29 648 7 739 20 211 3 714 23 879"
임야,1974,90,46. 영림서 및 시ㆍ도별 임야,V. 농업ㆍ임업 및 수산업,동부,전남,ko,5,0.5626,85 191,85191,0.5,,"전라남도 Jeon Bug 763 999 678 808 461 559 146, 445 66 486 4 318 85 191 29 648 7 739 20 211 3 714 23 879"
임야,1974,90,46. 영림서 및 시ㆍ도별 임야,V. 농업ㆍ임업 및 수산업,동부,전남,ko,6,0.6304,29 648,29648,1.0,,"전라남도 Jeon Bug 763 999 678 808 461 559 146, 445 66 486 4 318 85 191 29 648 7 739 20 211 3 714 23 879"
임야,1974,90,46. 영림서 및 시ㆍ도별 임야,V. 농업ㆍ임업 및 수산업,동부,전남,ko,7,0.7043,7 739,7739,0.5,,"전라남도 Jeon Bug 763 999 678 808 461 559 146, 445 66 486 4 318 85 191 29 648 7 739 20 211 3 714 23 879"
임야,1974,90,46. 영림서 및 시ㆍ도별 임야,V. 농업ㆍ임업 및 수산업,동부,전남,ko,8,0.7639,20 211 3 714 23 879,20211371423879,0.3,저신뢰|과병합의심,"전라남도 Jeon Bug 763 999 678 808 461 559 146, 445 66 486 4 318 85 191 29 648 7 739 20 211 3 714 23 879"
임야,1974,90,46. 영림서 및 시ㆍ도별 임야,V. 농업ㆍ임업 및 수산업,동부,경북,ko,0,0.1561,1 299 013 1 170 902,12990131170902,1.0,과병합의심,경상북도 Jecn Nom 1 299 013 1 170 902 772 455 129 149 269 158 140 128 171 54 492 23 775 16 428 6.776 26 640
임야,1974,90,46. 영림서 및 시ㆍ도별 임야,V. 농업ㆍ임업 및 수산업,동부,경북,ko,1,0.3039,772 455 129 149 269 158,772455129149269158,1.0,과병합의심,경상북도 Jecn Nom 1 299 013 1 170 902 772 455 129 149 269 158 140 128 171 54 492 23 775 16 428 6.776 26 640
임야,1974,90,46. 영림서 및 시ㆍ도별 임야,V. 농업ㆍ임업 및 수산업,동부,경북,ko,2,0.5174,140 128 171,140128171,1.0,,경상북도 Jecn Nom 1 299 013 1 170 902 772 455 129 149 269 158 140 128 171 54 492 23 775 16 428 6.776 26 640
임야,1974,90,46. 영림서 및 시ㆍ도별 임야,V. 농업ㆍ임업 및 수산업,동부,경북,ko,3,0.6324,54 492,54492,0.5,,경상북도 Jecn Nom 1 299 013 1 170 902 772 455 129 149 269 158 140 128 171 54 492 23 775 16 428 6.776 26 640
임야,1974,90,46. 영림서 및 시ㆍ도별 임야,V. 농업ㆍ임업 및 수산업,동부,경북,ko,4,0.6981,23 775,23775,1.0,,경상북도 Jecn Nom 1 299 013 1 170 902 772 455 129 149 269 158 140 128 171 54 492 23 775 16 428 6.776 26 640
임야,1974,90,46. 영림서 및 시ㆍ도별 임야,V. 농업ㆍ임업 및 수산업,동부,경북,ko,5,0.7639,16 428 6.776 26 640,164286.7762664,0.5,과병합의심,경상북도 Jecn Nom 1 299 013 1 170 902 772 455 129 149 269 158 140 128 171 54 492 23 775 16 428 6.776 26 640
임야,1974,90,46. 영림서 및 시ㆍ도별 임야,V. 농업ㆍ임업 및 수산업,동부,경남,ko,0,0.1704,796 081,796081,0.5,,경상남도 796 081 711 480 459 156 115 730 133 926 2 668 84 607 46 896 11 715 7 783 6 289 11 918
임야,1974,90,46. 영림서 및 시ㆍ도별 임야,V. 농업ㆍ임업 및 수산업,동부,경남,ko,1,0.2361,711 480,711480,0.5,,경상남도 796 081 711 480 459 156 115 730 133 926 2 668 84 607 46 896 11 715 7 783 6 289 11 918
임야,1974,90,46. 영림서 및 시ㆍ도별 임야,V. 농업ㆍ임업 및 수산업,동부,경남,ko,2,0.3018,459 156,459156,0.5,,경상남도 796 081 711 480 459 156 115 730 133 926 2 668 84 607 46 896 11 715 7 783 6 289 11 918
임야,1974,90,46. 영림서 및 시ㆍ도별 임야,V. 농업ㆍ임업 및 수산업,동부,경남,ko,3,0.3676,115 730 133 926 2 668,1157301339262668,0.5,과병합의심,경상남도 796 081 711 480 459 156 115 730 133 926 2 668 84 607 46 896 11 715 7 783 6 289 11 918
임야,1974,90,46. 영림서 및 시ㆍ도별 임야,V. 농업ㆍ임업 및 수산업,동부,경남,ko,4,0.5646,84 607,84607,0.5,,경상남도 796 081 711 480 459 156 115 730 133 926 2 668 84 607 46 896 11 715 7 783 6 289 11 918
임야,1974,90,46. 영림서 및 시ㆍ도별 임야,V. 농업ㆍ임업 및 수산업,동부,경남,ko,5,0.6324,46 896,46896,0.5,,경상남도 796 081 711 480 459 156 115 730 133 926 2 668 84 607 46 896 11 715 7 783 6 289 11 918
임야,1974,90,46. 영림서 및 시ㆍ도별 임야,V. 농업ㆍ임업 및 수산업,동부,경남,ko,6,0.6982,11 715,11715,0.5,,경상남도 796 081 711 480 459 156 115 730 133 926 2 668 84 607 46 896 11 715 7 783 6 289 11 918
임야,1974,90,46. 영림서 및 시ㆍ도별 임야,V. 농업ㆍ임업 및 수산업,동부,경남,ko,7,0.7721,7 783 6 289 11 918,7783628911918,0.3,저신뢰|과병합의심,경상남도 796 081 711 480 459 156 115 730 133 926 2 668 84 607 46 896 11 715 7 783 6 289 11 918
임야,1975,94,46. 영림서 및 시ㆍ도별 임야,V. 농업ㆍ임업 및 수산업,동부,서울,ko,0,0.308,19 422,19422,1.0,,서울특별시 City of Seoul 19 422 3 820 2 734 1 086 2 313 13 289 961 961 12 3:
임야,1975,94,46. 영림서 및 시ㆍ도별 임야,V. 농업ㆍ임업 및 수산업,동부,서울,ko,1,0.3819,3 820,3820,0.5,,서울특별시 City of Seoul 19 422 3 820 2 734 1 086 2 313 13 289 961 961 12 3:
임야,1975,94,46. 영림서 및 시ㆍ도별 임야,V. 농업ㆍ임업 및 수산업,동부,서울,ko,2,0.4353,2 734,2734,0.5,,서울특별시 City of Seoul 19 422 3 820 2 734 1 086 2 313 13 289 961 961 12 3:
임야,1975,94,46. 영림서 및 시ㆍ도별 임야,V. 농업ㆍ임업 및 수산업,동부,서울,ko,3,0.4908,1 086,1086,0.5,,서울특별시 City of Seoul 19 422 3 820 2 734 1 086 2 313 13 289 961 961 12 3:
임야,1975,94,46. 영림서 및 시ㆍ도별 임야,V. 농업ㆍ임업 및 수산업,동부,서울,ko,4,0.5667,2 313,2313,0.5,,서울특별시 City of Seoul 19 422 3 820 2 734 1 086 2 313 13 289 961 961 12 3:
임야,1975,94,46. 영림서 및 시ㆍ도별 임야,V. 농업ㆍ임업 및 수산업,동부,서울,ko,5,0.6304,13 289,13289,0.5,,서울특별시 City of Seoul 19 422 3 820 2 734 1 086 2 313 13 289 961 961 12 3:
임야,1975,94,46. 영림서 및 시ㆍ도별 임야,V. 농업ㆍ임업 및 수산업,동부,서울,ko,6,0.7043,961,961,1.0,,서울특별시 City of Seoul 19 422 3 820 2 734 1 086 2 313 13 289 961 961 12 3:
임야,1975,94,46. 영림서 및 시ㆍ도별 임야,V. 농업ㆍ임업 및 수산업,동부,서울,ko,7,0.77,961,961,1.0,,서울특별시 City of Seoul 19 422 3 820 2 734 1 086 2 313 13 289 961 961 12 3:
임야,1975,94,46. 영림서 및 시ㆍ도별 임야,V. 농업ㆍ임업 및 수산업,동부,부산,en,0,0.3101,20 982,20982,0.5,,부경강충충전전경경제 산 Busan City 20 982 1 030 ㅡ 030 1 964 17 988 2 414 2 414 - 155:
임야,1975,94,46. 영림서 및 시ㆍ도별 임야,V. 농업ㆍ임업 및 수산업,동부,부산,en,1,0.3819,1 030,1030,0.3,저신뢰,부경강충충전전경경제 산 Busan City 20 982 1 030 ㅡ 030 1 964 17 988 2 414 2 414 - 155:
임야,1975,94,46. 영림서 및 시ㆍ도별 임야,V. 농업ㆍ임업 및 수산업,동부,부산,en,2,0.501,030,30,1.0,,부경강충충전전경경제 산 Busan City 20 982 1 030 ㅡ 030 1 964 17 988 2 414 2 414 - 155:
임야,1975,94,46. 영림서 및 시ㆍ도별 임야,V. 농업ㆍ임업 및 수산업,동부,부산,en,3,0.5708,1 964,1964,0.5,,부경강충충전전경경제 산 Busan City 20 982 1 030 ㅡ 030 1 964 17 988 2 414 2 414 - 155:
임야,1975,94,46. 영림서 및 시ㆍ도별 임야,V. 농업ㆍ임업 및 수산업,동부,부산,en,4,0.6283,17 988,17988,1.0,,부경강충충전전경경제 산 Busan City 20 982 1 030 ㅡ 030 1 964 17 988 2 414 2 414 - 155:
임야,1975,94,46. 영림서 및 시ㆍ도별 임야,V. 농업ㆍ임업 및 수산업,동부,부산,en,5,0.6899,2 414,2414,0.5,,부경강충충전전경경제 산 Busan City 20 982 1 030 ㅡ 030 1 964 17 988 2 414 2 414 - 155:
임야,1975,94,46. 영림서 및 시ㆍ도별 임야,V. 농업ㆍ임업 및 수산업,동부,부산,en,6,0.7577,2 414,2414,0.5,,부경강충충전전경경제 산 Busan City 20 982 1 030 ㅡ 030 1 964 17 988 2 414 2 414 - 155:
임야,1975,94,46. 영림서 및 시ㆍ도별 임야,V. 농업ㆍ임업 및 수산업,동부,서울,ko,0,0.1848,19 422,19422,0.5,,서울투별시| .N:F.S. 19 422 16 269 12 044 929 3 296 3 153 237 144 782 527 1<
임야,1975,94,46. 영림서 및 시ㆍ도별 임야,V. 농업ㆍ임업 및 수산업,동부,서울,ko,1,0.2546,16 269,16269,1.0,,서울투별시| .N:F.S. 19 422 16 269 12 044 929 3 296 3 153 237 144 782 527 1<
임야,1975,94,46. 영림서 및 시ㆍ도별 임야,V. 농업ㆍ임업 및 수산업,동부,서울,ko,2,0.3203,12 044,12044,0.5,,서울투별시| .N:F.S. 19 422 16 269 12 044 929 3 296 3 153 237 144 782 527 1<
임야,1975,94,46. 영림서 및 시ㆍ도별 임야,V. 농업ㆍ임업 및 수산업,동부,서울,ko,3,0.4086,929,929,1.0,,서울투별시| .N:F.S. 19 422 16 269 12 044 929 3 296 3 153 237 144 782 527 1<
임야,1975,94,46. 영림서 및 시ㆍ도별 임야,V. 농업ㆍ임업 및 수산업,동부,서울,ko,4,0.4558,3 296,3296,0.3,저신뢰,서울투별시| .N:F.S. 19 422 16 269 12 044 929 3 296 3 153 237 144 782 527 1<
임야,1975,94,46. 영림서 및 시ㆍ도별 임야,V. 농업ㆍ임업 및 수산업,동부,서울,ko,5,0.5832,3 153,3153,0.5,,서울투별시| .N:F.S. 19 422 16 269 12 044 929 3 296 3 153 237 144 782 527 1<
임야,1975,94,46. 영림서 및 시ㆍ도별 임야,V. 농업ㆍ임업 및 수산업,동부,서울,ko,6,0.6653,237,237,1.0,,서울투별시| .N:F.S. 19 422 16 269 12 044 929 3 296 3 153 237 144 782 527 1<
임야,1975,94,46. 영림서 및 시ㆍ도별 임야,V. 농업ㆍ임업 및 수산업,동부,서울,ko,7,0.731,144,144,1.0,,서울투별시| .N:F.S. 19 422 16 269 12 044 929 3 296 3 153 237 144 782 527 1<
임야,1975,94,46. 영림서 및 시ㆍ도별 임야,V. 농업ㆍ임업 및 수산업,동부,서울,ko,8,0.7988,782,782,0.5,,서울투별시| .N:F.S. 19 422 16 269 12 044 929 3 296 3 153 237 144 782 527 1<
임야,1975,94,46. 영림서 및 시ㆍ도별 임야,V. 농업ㆍ임업 및 수산업,동부,서울,ko,9,0.8542,527,527,1.0,,서울투별시| .N:F.S. 19 422 16 269 12 044 929 3 296 3 153 237 144 782 527 1<
임야,1975,94,46. 영림서 및 시ㆍ도별 임야,V. 농업ㆍ임업 및 수산업,동부,충북,ko,0,0.1806,525 672,525672,1.0,,충청북도 Gang-weon 525 672 466 925 244 318 54 810 167 797 58 747 25 928 1 728 2 471 10 504 18 1
임야,1975,94,46. 영림서 및 시ㆍ도별 임야,V. 농업ㆍ임업 및 수산업,동부,충북,ko,1,0.2463,466 925,466925,1.0,,충청북도 Gang-weon 525 672 466 925 244 318 54 810 167 797 58 747 25 928 1 728 2 471 10 504 18 1
임야,1975,94,46. 영림서 및 시ㆍ도별 임야,V. 농업ㆍ임업 및 수산업,동부,충북,ko,2,0.3142,244 318,244318,1.0,,충청북도 Gang-weon 525 672 466 925 244 318 54 810 167 797 58 747 25 928 1 728 2 471 10 504 18 1
임야,1975,94,46. 영림서 및 시ㆍ도별 임야,V. 농업ㆍ임업 및 수산업,동부,충북,ko,3,0.388,54 810,54810,0.5,,충청북도 Gang-weon 525 672 466 925 244 318 54 810 167 797 58 747 25 928 1 728 2 471 10 504 18 1
임야,1975,94,46. 영림서 및 시ㆍ도별 임야,V. 농업ㆍ임업 및 수산업,동부,충북,ko,4,0.4476,167 797,167797,1.0,,충청북도 Gang-weon 525 672 466 925 244 318 54 810 167 797 58 747 25 928 1 728 2 471 10 504 18 1
임야,1975,94,46. 영림서 및 시ㆍ도별 임야,V. 농업ㆍ임업 및 수산업,동부,충북,ko,5,0.5749,58 747,58747,0.5,,충청북도 Gang-weon 525 672 466 925 244 318 54 810 167 797 58 747 25 928 1 728 2 471 10 504 18 1
임야,1975,94,46. 영림서 및 시ㆍ도별 임야,V. 농업ㆍ임업 및 수산업,동부,충북,ko,6,0.6448,25 928,25928,1.0,,충청북도 Gang-weon 525 672 466 925 244 318 54 810 167 797 58 747 25 928 1 728 2 471 10 504 18 1
임야,1975,94,46. 영림서 및 시ㆍ도별 임야,V. 농업ㆍ임업 및 수산업,동부,충북,ko,7,0.7187,1 728,1728,0.5,,충청북도 Gang-weon 525 672 466 925 244 318 54 810 167 797 58 747 25 928 1 728 2 471 10 504 18 1
임야,1975,94,46. 영림서 및 시ㆍ도별 임야,V. 농업ㆍ임업 및 수산업,동부,충북,ko,8,0.7864,2 471 10 504 18 1,247110504181,1.0,과병합의심,충청북도 Gang-weon 525 672 466 925 244 318 54 810 167 797 58 747 25 928 1 728 2 471 10 504 18 1
임야,1975,94,46. 영림서 및 시ㆍ도별 임야,V. 농업ㆍ임업 및 수산업,동부,충남,ko,0,0.1786,495 809,495809,1.0,,충청남도 495 809 446 786 286 007 34 440 126 258 81 49 023 9 4|1 11 901 7 235 5 292 151
임야,1975,94,46. 영림서 및 시ㆍ도별 임야,V. 농업ㆍ임업 및 수산업,동부,충남,ko,1,0.2462,446 786,446786,1.0,,충청남도 495 809 446 786 286 007 34 440 126 258 81 49 023 9 4|1 11 901 7 235 5 292 151
임야,1975,94,46. 영림서 및 시ㆍ도별 임야,V. 농업ㆍ임업 및 수산업,동부,충남,ko,2,0.3121,286 007,286007,1.0,,충청남도 495 809 446 786 286 007 34 440 126 258 81 49 023 9 4|1 11 901 7 235 5 292 151
임야,1975,94,46. 영림서 및 시ㆍ도별 임야,V. 농업ㆍ임업 및 수산업,동부,충남,ko,3,0.3881,34 440 126 258,34440126258,1.0,과병합의심,충청남도 495 809 446 786 286 007 34 440 126 258 81 49 023 9 4|1 11 901 7 235 5 292 151
임야,1975,94,46. 영림서 및 시ㆍ도별 임야,V. 농업ㆍ임업 및 수산업,동부,충남,ko,4,0.5359,81,81,1.0,,충청남도 495 809 446 786 286 007 34 440 126 258 81 49 023 9 4|1 11 901 7 235 5 292 151
임야,1975,94,46. 영림서 및 시ㆍ도별 임야,V. 농업ㆍ임업 및 수산업,동부,충남,ko,5,0.5749,49 023,49023,1.0,,충청남도 495 809 446 786 286 007 34 440 126 258 81 49 023 9 4|1 11 901 7 235 5 292 151
임야,1975,94,46. 영림서 및 시ㆍ도별 임야,V. 농업ㆍ임업 및 수산업,동부,충남,ko,6,0.7124,11 901,11901,0.3,저신뢰,충청남도 495 809 446 786 286 007 34 440 126 258 81 49 023 9 4|1 11 901 7 235 5 292 151
임야,1975,94,46. 영림서 및 시ㆍ도별 임야,V. 농업ㆍ임업 및 수산업,동부,충남,ko,7,0.7885,7 235,7235,1.0,,충청남도 495 809 446 786 286 007 34 440 126 258 81 49 023 9 4|1 11 901 7 235 5 292 151
임야,1975,94,46. 영림서 및 시ㆍ도별 임야,V. 농업ㆍ임업 및 수산업,동부,충남,ko,8,0.8419,5 292 151,5292151,0.5,,충청남도 495 809 446 786 286 007 34 440 126 258 81 49 023 9 4|1 11 901 7 235 5 292 151
임야,1975,94,46. 영림서 및 시ㆍ도별 임야,V. 농업ㆍ임업 및 수산업,동부,전북,ko,0,0.1786,460 765,460765,1.0,,전라북 도 460 765 380 726 222 978 91 995 65 470 283 80 039 38 809 11 084 10 100 4 889 151
임야,1975,94,46. 영림서 및 시ㆍ도별 임야,V. 농업ㆍ임업 및 수산업,동부,전북,ko,1,0.2464,380 726,380726,1.0,,전라북 도 460 765 380 726 222 978 91 995 65 470 283 80 039 38 809 11 084 10 100 4 889 151
임야,1975,94,46. 영림서 및 시ㆍ도별 임야,V. 농업ㆍ임업 및 수산업,동부,전북,ko,2,0.312,222 978,222978,1.0,,전라북 도 460 765 380 726 222 978 91 995 65 470 283 80 039 38 809 11 084 10 100 4 889 151
임야,1975,94,46. 영림서 및 시ㆍ도별 임야,V. 농업ㆍ임업 및 수산업,동부,전북,ko,3,0.3878,91 995,91995,0.5,,전라북 도 460 765 380 726 222 978 91 995 65 470 283 80 039 38 809 11 084 10 100 4 889 151
임야,1975,94,46. 영림서 및 시ㆍ도별 임야,V. 농업ㆍ임업 및 수산업,동부,전북,ko,4,0.4557,65 470,65470,1.0,,전라북 도 460 765 380 726 222 978 91 995 65 470 283 80 039 38 809 11 084 10 100 4 889 151
임야,1975,94,46. 영림서 및 시ㆍ도별 임야,V. 농업ㆍ임업 및 수산업,동부,전북,ko,5,0.5298,283,283,1.0,,전라북 도 460 765 380 726 222 978 91 995 65 470 283 80 039 38 809 11 084 10 100 4 889 151
임야,1975,94,46. 영림서 및 시ㆍ도별 임야,V. 농업ㆍ임업 및 수산업,동부,전북,ko,6,0.5748,80 039,80039,1.0,,전라북 도 460 765 380 726 222 978 91 995 65 470 283 80 039 38 809 11 084 10 100 4 889 151
임야,1975,94,46. 영림서 및 시ㆍ도별 임야,V. 농업ㆍ임업 및 수산업,동부,전북,ko,7,0.6427,38 809,38809,1.0,,전라북 도 460 765 380 726 222 978 91 995 65 470 283 80 039 38 809 11 084 10 100 4 889 151
임야,1975,94,46. 영림서 및 시ㆍ도별 임야,V. 농업ㆍ임업 및 수산업,동부,전북,ko,8,0.7146,11 084,11084,0.5,,전라북 도 460 765 380 726 222 978 91 995 65 470 283 80 039 38 809 11 084 10 100 4 889 151
임야,1975,94,46. 영림서 및 시ㆍ도별 임야,V. 농업ㆍ임업 및 수산업,동부,전북,ko,9,0.7802,10 100,10100,0.5,,전라북 도 460 765 380 726 222 978 91 995 65 470 283 80 039 38 809 11 084 10 100 4 889 151
임야,1975,94,46. 영림서 및 시ㆍ도별 임야,V. 농업ㆍ임업 및 수산업,동부,전북,ko,10,0.8398,4 889 151,4889151,0.5,,전라북 도 460 765 380 726 222 978 91 995 65 470 283 80 039 38 809 11 084 10 100 4 889 151
임야,1975,94,46. 영림서 및 시ㆍ도별 임야,V. 농업ㆍ임업 및 수산업,동부,전남,ko,0,0.1786,763 999,763999,1.0,,전 라 남 도 Jeon Bug 763 999 678 808 461 559 146 445 66 486 4 318 85 191 29 648 7 739 20 211 3 714 23 &
임야,1975,94,46. 영림서 및 시ㆍ도별 임야,V. 농업ㆍ임업 및 수산업,동부,전남,ko,1,0.2485,678 808,678808,0.5,,전 라 남 도 Jeon Bug 763 999 678 808 461 559 146 445 66 486 4 318 85 191 29 648 7 739 20 211 3 714 23 &
임야,1975,94,46. 영림서 및 시ㆍ도별 임야,V. 농업ㆍ임업 및 수산업,동부,전남,ko,2,0.3121,461 559,461559,1.0,,전 라 남 도 Jeon Bug 763 999 678 808 461 559 146 445 66 486 4 318 85 191 29 648 7 739 20 211 3 714 23 &
임야,1975,94,46. 영림서 및 시ㆍ도별 임야,V. 농업ㆍ임업 및 수산업,동부,전남,ko,3,0.3799,146 445,146445,1.0,,전 라 남 도 Jeon Bug 763 999 678 808 461 559 146 445 66 486 4 318 85 191 29 648 7 739 20 211 3 714 23 &
임야,1975,94,46. 영림서 및 시ㆍ도별 임야,V. 농업ㆍ임업 및 수산업,동부,전남,ko,4,0.4538,66 486,66486,1.0,,전 라 남 도 Jeon Bug 763 999 678 808 461 559 146 445 66 486 4 318 85 191 29 648 7 739 20 211 3 714 23 &
임야,1975,94,46. 영림서 및 시ㆍ도별 임야,V. 농업ㆍ임업 및 수산업,동부,전남,ko,5,0.5154,4 318,4318,0.5,,전 라 남 도 Jeon Bug 763 999 678 808 461 559 146 445 66 486 4 318 85 191 29 648 7 739 20 211 3 714 23 &
임야,1975,94,46. 영림서 및 시ㆍ도별 임야,V. 농업ㆍ임업 및 수산업,동부,전남,ko,6,0.5749,85 191,85191,0.5,,전 라 남 도 Jeon Bug 763 999 678 808 461 559 146 445 66 486 4 318 85 191 29 648 7 739 20 211 3 714 23 &
임야,1975,94,46. 영림서 및 시ㆍ도별 임야,V. 농업ㆍ임업 및 수산업,동부,전남,ko,7,0.6427,29 648,29648,1.0,,전 라 남 도 Jeon Bug 763 999 678 808 461 559 146 445 66 486 4 318 85 191 29 648 7 739 20 211 3 714 23 &
임야,1975,94,46. 영림서 및 시ㆍ도별 임야,V. 농업ㆍ임업 및 수산업,동부,전남,ko,8,0.7166,7 739,7739,0.5,,전 라 남 도 Jeon Bug 763 999 678 808 461 559 146 445 66 486 4 318 85 191 29 648 7 739 20 211 3 714 23 &
임야,1975,94,46. 영림서 및 시ㆍ도별 임야,V. 농업ㆍ임업 및 수산업,동부,전남,ko,9,0.7801,20 211,20211,0.5,,전 라 남 도 Jeon Bug 763 999 678 808 461 559 146 445 66 486 4 318 85 191 29 648 7 739 20 211 3 714 23 &
임야,1975,94,46. 영림서 및 시ㆍ도별 임야,V. 농업ㆍ임업 및 수산업,동부,경북,ko,0,0.3121,772 455 129 149 269 158,772455129149269158,1.0,과병합의심,경상북도 ] 299 013 1 170 902 Jeon.Nam 772 455 129 149 269 158 140 128 111 54 492 23 775 16 428 6 776 26 <
임야,1975,94,46. 영림서 및 시ㆍ도별 임야,V. 농업ㆍ임업 및 수산업,동부,경북,ko,1,0.5277,140,140,0.5,,경상북도 ] 299 013 1 170 902 Jeon.Nam 772 455 129 149 269 158 140 128 111 54 492 23 775 16 428 6 776 26 <
임야,1975,94,46. 영림서 및 시ㆍ도별 임야,V. 농업ㆍ임업 및 수산업,동부,경북,ko,2,0.5729,128 111,128111,0.5,,경상북도 ] 299 013 1 170 902 Jeon.Nam 772 455 129 149 269 158 140 128 111 54 492 23 775 16 428 6 776 26 <
임야,1975,94,46. 영림서 및 시ㆍ도별 임야,V. 농업ㆍ임업 및 수산업,동부,경북,ko,3,0.6425,54 492,54492,1.0,,경상북도 ] 299 013 1 170 902 Jeon.Nam 772 455 129 149 269 158 140 128 111 54 492 23 775 16 428 6 776 26 <
임야,1975,94,46. 영림서 및 시ㆍ도별 임야,V. 농업ㆍ임업 및 수산업,동부,경북,ko,4,0.7105,23 775,23775,1.0,,경상북도 ] 299 013 1 170 902 Jeon.Nam 772 455 129 149 269 158 140 128 111 54 492 23 775 16 428 6 776 26 <
임야,1975,94,46. 영림서 및 시ㆍ도별 임야,V. 농업ㆍ임업 및 수산업,동부,경북,ko,5,0.7803,16 428,16428,1.0,,경상북도 ] 299 013 1 170 902 Jeon.Nam 772 455 129 149 269 158 140 128 111 54 492 23 775 16 428 6 776 26 <
임야,1975,94,46. 영림서 및 시ㆍ도별 임야,V. 농업ㆍ임업 및 수산업,동부,경남,ko,0,0.1766,796 081 711 480,796081711480,1.0,과병합의심,경 상 남 도 Syeong bu 796 081 711 480 459 156 115 730 133 926 2 668 84 601 46 896 11 715 7 783 6 289 11 s
임야,1975,94,46. 영림서 및 시ㆍ도별 임야,V. 농업ㆍ임업 및 수산업,동부,경남,ko,1,0.3121,459 156,459156,1.0,,경 상 남 도 Syeong bu 796 081 711 480 459 156 115 730 133 926 2 668 84 601 46 896 11 715 7 783 6 289 11 s
임야,1975,94,46. 영림서 및 시ㆍ도별 임야,V. 농업ㆍ임업 및 수산업,동부,경남,ko,2,0.3819,115 730,115730,1.0,,경 상 남 도 Syeong bu 796 081 711 480 459 156 115 730 133 926 2 668 84 601 46 896 11 715 7 783 6 289 11 s
임야,1975,94,46. 영림서 및 시ㆍ도별 임야,V. 농업ㆍ임업 및 수산업,동부,경남,ko,3,0.4476,133 926,133926,1.0,,경 상 남 도 Syeong bu 796 081 711 480 459 156 115 730 133 926 2 668 84 601 46 896 11 715 7 783 6 289 11 s
임야,1975,94,46. 영림서 및 시ㆍ도별 임야,V. 농업ㆍ임업 및 수산업,동부,경남,ko,4,0.5154,2 668,2668,1.0,,경 상 남 도 Syeong bu 796 081 711 480 459 156 115 730 133 926 2 668 84 601 46 896 11 715 7 783 6 289 11 s
임야,1975,94,46. 영림서 및 시ㆍ도별 임야,V. 농업ㆍ임업 및 수산업,동부,경남,ko,5,0.5747,84 601,84601,1.0,,경 상 남 도 Syeong bu 796 081 711 480 459 156 115 730 133 926 2 668 84 601 46 896 11 715 7 783 6 289 11 s
임야,1975,94,46. 영림서 및 시ㆍ도별 임야,V. 농업ㆍ임업 및 수산업,동부,경남,ko,6,0.6427,46 896,46896,1.0,,경 상 남 도 Syeong bu 796 081 711 480 459 156 115 730 133 926 2 668 84 601 46 896 11 715 7 783 6 289 11 s
임야,1975,94,46. 영림서 및 시ㆍ도별 임야,V. 농업ㆍ임업 및 수산업,동부,경남,ko,7,0.7103,11 715,11715,0.5,,경 상 남 도 Syeong bu 796 081 711 480 459 156 115 730 133 926 2 668 84 601 46 896 11 715 7 783 6 289 11 s
임야,1975,94,46. 영림서 및 시ㆍ도별 임야,V. 농업ㆍ임업 및 수산업,동부,경남,ko,8,0.7844,7 783,7783,1.0,,경 상 남 도 Syeong bu 796 081 711 480 459 156 115 730 133 926 2 668 84 601 46 896 11 715 7 783 6 289 11 s
임야,1975,94,46. 영림서 및 시ㆍ도별 임야,V. 농업ㆍ임업 및 수산업,동부,제주,ko,0,0.1786,117 926,117926,1.0,,Gyeane Nom 제주도 dei! 117 926 63 595 33 551 28 661 1 314 69 54 331 29 548 16
임야,1975,94,46. 영림서 및 시ㆍ도별 임야,V. 농업ㆍ임업 및 수산업,동부,제주,ko,1,0.2504,63 595,63595,0.3,저신뢰,Gyeane Nom 제주도 dei! 117 926 63 595 33 551 28 661 1 314 69 54 331 29 548 16
임야,1975,94,46. 영림서 및 시ㆍ도별 임야,V. 농업ㆍ임업 및 수산업,동부,제주,ko,2,0.3183,33 551,33551,1.0,,Gyeane Nom 제주도 dei! 117 926 63 595 33 551 28 661 1 314 69 54 331 29 548 16
임야,1975,94,46. 영림서 및 시ㆍ도별 임야,V. 농업ㆍ임업 및 수산업,동부,제주,ko,3,0.3858,28 661,28661,1.0,,Gyeane Nom 제주도 dei! 117 926 63 595 33 551 28 661 1 314 69 54 331 29 548 16
임야,1975,94,46. 영림서 및 시ㆍ도별 임야,V. 농업ㆍ임업 및 수산업,동부,제주,ko,4,0.4558,1 314,1314,0.3,저신뢰,Gyeane Nom 제주도 dei! 117 926 63 595 33 551 28 661 1 314 69 54 331 29 548 16
임야,1975,94,46. 영림서 및 시ㆍ도별 임야,V. 농업ㆍ임업 및 수산업,동부,제주,ko,5,0.5339,69,69,1.0,,Gyeane Nom 제주도 dei! 117 926 63 595 33 551 28 661 1 314 69 54 331 29 548 16
임야,1975,94,46. 영림서 및 시ㆍ도별 임야,V. 농업ㆍ임업 및 수산업,동부,제주,ko,6,0.5749,54 331,54331,1.0,,Gyeane Nom 제주도 dei! 117 926 63 595 33 551 28 661 1 314 69 54 331 29 548 16
임야,1975,94,46. 영림서 및 시ㆍ도별 임야,V. 농업ㆍ임업 및 수산업,동부,제주,ko,7,0.6427,29 548,29548,1.0,,Gyeane Nom 제주도 dei! 117 926 63 595 33 551 28 661 1 314 69 54 331 29 548 16
임야,1975,94,46. 영림서 및 시ㆍ도별 임야,V. 농업ㆍ임업 및 수산업,동부,제주,ko,8,0.7372,16,16,1.0,,Gyeane Nom 제주도 dei! 117 926 63 595 33 551 28 661 1 314 69 54 331 29 548 16
임야,1976,96,48. 영림서 및 시ㆍ도별 임야,V. 농업ㆍ임업 및 수산업,동부,부산,en,0,0.2628,21 477,21477,0.3,저신뢰,Busan City 21 477 2 922 - 984 ! 938 18 555 2 721 2 721 15 834
임야,1976,96,48. 영림서 및 시ㆍ도별 임야,V. 농업ㆍ임업 및 수산업,동부,부산,en,1,0.345,2 922,2922,0.3,저신뢰,Busan City 21 477 2 922 - 984 ! 938 18 555 2 721 2 721 15 834
임야,1976,96,48. 영림서 및 시ㆍ도별 임야,V. 농업ㆍ임업 및 수산업,동부,부산,en,2,0.4805,984,984,1.0,,Busan City 21 477 2 922 - 984 ! 938 18 555 2 721 2 721 15 834
임야,1976,96,48. 영림서 및 시ㆍ도별 임야,V. 농업ㆍ임업 및 수산업,동부,부산,en,3,0.6201,18 555,18555,0.5,,Busan City 21 477 2 922 - 984 ! 938 18 555 2 721 2 721 15 834
임야,1976,96,48. 영림서 및 시ㆍ도별 임야,V. 농업ㆍ임업 및 수산업,동부,부산,en,4,0.6879,2 721,2721,1.0,,Busan City 21 477 2 922 - 984 ! 938 18 555 2 721 2 721 15 834
임야,1976,96,48. 영림서 및 시ㆍ도별 임야,V. 농업ㆍ임업 및 수산업,동부,부산,en,5,0.7618,2 721,2721,0.5,,Busan City 21 477 2 922 - 984 ! 938 18 555 2 721 2 721 15 834
임야,1976,96,48. 영림서 및 시ㆍ도별 임야,V. 농업ㆍ임업 및 수산업,동부,부산,en,6,0.9014,15 834,15834,1.0,,Busan City 21 477 2 922 - 984 ! 938 18 555 2 721 2 721 15 834
임야,1976,96,48. 영림서 및 시ㆍ도별 임야,V. 농업ㆍ임업 및 수산업,동부,서울,ko,0,0.1807,18 151,18151,1.0,,"서 울 특 별시 18 151 15 740 3 308, 509 11 923 2 411 253 16C 1 998"
임야,1976,96,48. 영림서 및 시ㆍ도별 임야,V. 농업ㆍ임업 및 수산업,동부,서울,ko,1,0.2546,15 740,15740,0.5,,"서 울 특 별시 18 151 15 740 3 308, 509 11 923 2 411 253 16C 1 998"
임야,1976,96,48. 영림서 및 시ㆍ도별 임야,V. 농업ㆍ임업 및 수산업,동부,서울,ko,2,0.3368,"3 308,",3308,1.0,,"서 울 특 별시 18 151 15 740 3 308, 509 11 923 2 411 253 16C 1 998"
임야,1976,96,48. 영림서 및 시ㆍ도별 임야,V. 농업ㆍ임업 및 수산업,동부,서울,ko,3,0.425,509,509,1.0,,"서 울 특 별시 18 151 15 740 3 308, 509 11 923 2 411 253 16C 1 998"
임야,1976,96,48. 영림서 및 시ㆍ도별 임야,V. 농업ㆍ임업 및 수산업,동부,서울,ko,4,0.4784,11 923,11923,0.3,저신뢰,"서 울 특 별시 18 151 15 740 3 308, 509 11 923 2 411 253 16C 1 998"
임야,1976,96,48. 영림서 및 시ㆍ도별 임야,V. 농업ㆍ임업 및 수산업,동부,서울,ko,5,0.6058,2 411,2411,0.3,저신뢰,"서 울 특 별시 18 151 15 740 3 308, 509 11 923 2 411 253 16C 1 998"
임야,1976,96,48. 영림서 및 시ㆍ도별 임야,V. 농업ㆍ임업 및 수산업,동부,서울,ko,6,0.6776,253,253,1.0,,"서 울 특 별시 18 151 15 740 3 308, 509 11 923 2 411 253 16C 1 998"
임야,1976,96,48. 영림서 및 시ㆍ도별 임야,V. 농업ㆍ임업 및 수산업,동부,서울,ko,7,0.9055,1 998,1998,0.3,저신뢰,"서 울 특 별시 18 151 15 740 3 308, 509 11 923 2 411 253 16C 1 998"
임야,1976,96,48. 영림서 및 시ㆍ도별 임야,V. 농업ㆍ임업 및 수산업,동부,부산,ko,0,0.1806,21 477,21477,1.0,,부 산 시 21 477 20 902 16 2C8 508 4 173 1s| 575 319 250
임야,1976,96,48. 영림서 및 시ㆍ도별 임야,V. 농업ㆍ임업 및 수산업,동부,부산,ko,1,0.2545,20 902,20902,0.5,,부 산 시 21 477 20 902 16 2C8 508 4 173 1s| 575 319 250
임야,1976,96,48. 영림서 및 시ㆍ도별 임야,V. 농업ㆍ임업 및 수산업,동부,부산,ko,2,0.425,508,508,0.5,,부 산 시 21 477 20 902 16 2C8 508 4 173 1s| 575 319 250
임야,1976,96,48. 영림서 및 시ㆍ도별 임야,V. 농업ㆍ임업 및 수산업,동부,부산,ko,3,0.4846,4 173,4173,0.3,저신뢰,부 산 시 21 477 20 902 16 2C8 508 4 173 1s| 575 319 250
임야,1976,96,48. 영림서 및 시ㆍ도별 임야,V. 농업ㆍ임업 및 수산업,동부,부산,ko,4,0.6201,575,575,1.0,,부 산 시 21 477 20 902 16 2C8 508 4 173 1s| 575 319 250
임야,1976,96,48. 영림서 및 시ㆍ도별 임야,V. 농업ㆍ임업 및 수산업,동부,부산,ko,5,0.6776,319,319,1.0,,부 산 시 21 477 20 902 16 2C8 508 4 173 1s| 575 319 250
임야,1976,96,48. 영림서 및 시ㆍ도별 임야,V. 농업ㆍ임업 및 수산업,동부,부산,ko,6,0.9138,250,250,1.0,,부 산 시 21 477 20 902 16 2C8 508 4 173 1s| 575 319 250
임야,1976,96,48. 영림서 및 시ㆍ도별 임야,V. 농업ㆍ임업 및 수산업,동부,경기,ko,0,0.1724,596 634,596634,1.0,,경 기 도 596 634 543 782 246 796 82 190 214 796 47 933 13 526 3 279 15 679 2 877 12 572
임야,1976,96,48. 영림서 및 시ㆍ도별 임야,V. 농업ㆍ임업 및 수산업,동부,경기,ko,1,0.2464,543 782,543782,0.5,,경 기 도 596 634 543 782 246 796 82 190 214 796 47 933 13 526 3 279 15 679 2 877 12 572
임야,1976,96,48. 영림서 및 시ㆍ도별 임야,V. 농업ㆍ임업 및 수산업,동부,경기,ko,2,0.3203,246 796,246796,1.0,,경 기 도 596 634 543 782 246 796 82 190 214 796 47 933 13 526 3 279 15 679 2 877 12 572
임야,1976,96,48. 영림서 및 시ㆍ도별 임야,V. 농업ㆍ임업 및 수산업,동부,경기,ko,3,0.4025,82 190 214 796,82190214796,0.5,과병합의심,경 기 도 596 634 543 782 246 796 82 190 214 796 47 933 13 526 3 279 15 679 2 877 12 572
임야,1976,96,48. 영림서 및 시ㆍ도별 임야,V. 농업ㆍ임업 및 수산업,동부,경기,ko,4,0.5973,47 933 13 526,4793313526,0.5,과병합의심,경 기 도 596 634 543 782 246 796 82 190 214 796 47 933 13 526 3 279 15 679 2 877 12 572
임야,1976,96,48. 영림서 및 시ㆍ도별 임야,V. 농업ㆍ임업 및 수산업,동부,경기,ko,5,0.7248,3 279,3279,0.5,,경 기 도 596 634 543 782 246 796 82 190 214 796 47 933 13 526 3 279 15 679 2 877 12 572
임야,1976,96,48. 영림서 및 시ㆍ도별 임야,V. 농업ㆍ임업 및 수산업,동부,경기,ko,6,0.7782,15 679,15679,0.3,저신뢰,경 기 도 596 634 543 782 246 796 82 190 214 796 47 933 13 526 3 279 15 679 2 877 12 572
임야,1976,96,48. 영림서 및 시ㆍ도별 임야,V. 농업ㆍ임업 및 수산업,동부,경기,ko,7,0.8439,2 877,2877,0.3,저신뢰,경 기 도 596 634 543 782 246 796 82 190 214 796 47 933 13 526 3 279 15 679 2 877 12 572
임야,1976,96,48. 영림서 및 시ㆍ도별 임야,V. 농업ㆍ임업 및 수산업,동부,경기,ko,8,0.8973,12 572,12572,0.5,,경 기 도 596 634 543 782 246 796 82 190 214 796 47 933 13 526 3 279 15 679 2 877 12 572
임야,1977,138,67. 영림서 및 시ㆍ도별 임야 면적,IV. 농ㆍ림ㆍ어업,전체,부산,en,0,0.2998,594 007,594007,1.0,,"+경강충충전전 산기원, Busan City 594 007 464 72"
임야,1977,138,67. 영림서 및 시ㆍ도별 임야 면적,IV. 농ㆍ림ㆍ어업,전체,부산,en,1,0.6324,464,464,0.3,저신뢰,"+경강충충전전 산기원, Busan City 594 007 464 72"
임야,1977,138,67. 영림서 및 시ㆍ도별 임야 면적,IV. 농ㆍ림ㆍ어업,전체,부산,en,2,0.6879,72,72,0.3,저신뢰,"+경강충충전전 산기원, Busan City 594 007 464 72"
임야,1977,138,67. 영림서 및 시ㆍ도별 임야 면적,IV. 농ㆍ림ㆍ어업,동부,서울,ko,0,0.2218,18 0241,180241,0.3,저신뢰,서울투별시 18 0241 15 806 3 284 595 11 927 2 218 166 213 1 839
임야,1977,138,67. 영림서 및 시ㆍ도별 임야 면적,IV. 농ㆍ림ㆍ어업,동부,서울,ko,1,0.2936,15 806,15806,0.5,,서울투별시 18 0241 15 806 3 284 595 11 927 2 218 166 213 1 839
임야,1977,138,67. 영림서 및 시ㆍ도별 임야 면적,IV. 농ㆍ림ㆍ어업,동부,서울,ko,2,0.3696,3 284,3284,0.5,,서울투별시 18 0241 15 806 3 284 595 11 927 2 218 166 213 1 839
임야,1977,138,67. 영림서 및 시ㆍ도별 임야 면적,IV. 농ㆍ림ㆍ어업,동부,서울,ko,3,0.4517,595,595,1.0,,서울투별시 18 0241 15 806 3 284 595 11 927 2 218 166 213 1 839
임야,1977,138,67. 영림서 및 시ㆍ도별 임야 면적,IV. 농ㆍ림ㆍ어업,동부,서울,ko,4,0.499,11 927,11927,0.5,,서울투별시 18 0241 15 806 3 284 595 11 927 2 218 166 213 1 839
임야,1977,138,67. 영림서 및 시ㆍ도별 임야 면적,IV. 농ㆍ림ㆍ어업,동부,서울,ko,5,0.6037,2 218,2218,0.5,,서울투별시 18 0241 15 806 3 284 595 11 927 2 218 166 213 1 839
임야,1977,138,67. 영림서 및 시ㆍ도별 임야 면적,IV. 농ㆍ림ㆍ어업,동부,서울,ko,6,0.6735,166,166,1.0,,서울투별시 18 0241 15 806 3 284 595 11 927 2 218 166 213 1 839
임야,1977,138,67. 영림서 및 시ㆍ도별 임야 면적,IV. 농ㆍ림ㆍ어업,동부,서울,ko,7,0.7721,213,213,1.0,,서울투별시 18 0241 15 806 3 284 595 11 927 2 218 166 213 1 839
임야,1977,138,67. 영림서 및 시ㆍ도별 임야 면적,IV. 농ㆍ림ㆍ어업,동부,서울,ko,8,0.8583,1 839,1839,0.3,저신뢰,서울투별시 18 0241 15 806 3 284 595 11 927 2 218 166 213 1 839
임야,1977,138,67. 영림서 및 시ㆍ도별 임야 면적,IV. 농ㆍ림ㆍ어업,동부,부산,ko,0,0.2218,21 364,21364,0.5,,부 산 시 21 364 21 114 15 455 500 5 146 250 250
임야,1977,138,67. 영림서 및 시ㆍ도별 임야 면적,IV. 농ㆍ림ㆍ어업,동부,부산,ko,1,0.2916,21 114,21114,0.5,,부 산 시 21 364 21 114 15 455 500 5 146 250 250
임야,1977,138,67. 영림서 및 시ㆍ도별 임야 면적,IV. 농ㆍ림ㆍ어업,동부,부산,ko,2,0.3634,15 455,15455,0.3,저신뢰,부 산 시 21 364 21 114 15 455 500 5 146 250 250
임야,1977,138,67. 영림서 및 시ㆍ도별 임야 면적,IV. 농ㆍ림ㆍ어업,동부,부산,ko,3,0.4497,500,500,0.3,저신뢰,부 산 시 21 364 21 114 15 455 500 5 146 250 250
임야,1977,138,67. 영림서 및 시ㆍ도별 임야 면적,IV. 농ㆍ림ㆍ어업,동부,부산,ko,4,0.5072,5 146,5146,0.5,,부 산 시 21 364 21 114 15 455 500 5 146 250 250
임야,1977,138,67. 영림서 및 시ㆍ도별 임야 면적,IV. 농ㆍ림ㆍ어업,동부,부산,ko,5,0.6181,250,250,1.0,,부 산 시 21 364 21 114 15 455 500 5 146 250 250
임야,1977,138,67. 영림서 및 시ㆍ도별 임야 면적,IV. 농ㆍ림ㆍ어업,동부,부산,ko,6,0.8706,250,250,1.0,,부 산 시 21 364 21 114 15 455 500 5 146 250 250
임야,1977,138,67. 영림서 및 시ㆍ도별 임야 면적,IV. 농ㆍ림ㆍ어업,동부,경기,ko,0,0.2155,594 007,594007,0.5,,경 기 도 594 007 547 187 251 150 86 330 209 707 41 901 9 443 2 272 16 514 1 326 12 346
임야,1977,138,67. 영림서 및 시ㆍ도별 임야 면적,IV. 농ㆍ림ㆍ어업,동부,경기,ko,1,0.2854,547 187,547187,0.5,,경 기 도 594 007 547 187 251 150 86 330 209 707 41 901 9 443 2 272 16 514 1 326 12 346
임야,1977,138,67. 영림서 및 시ㆍ도별 임야 면적,IV. 농ㆍ림ㆍ어업,동부,경기,ko,2,0.3532,251 150,251150,0.5,,경 기 도 594 007 547 187 251 150 86 330 209 707 41 901 9 443 2 272 16 514 1 326 12 346
임야,1977,138,67. 영림서 및 시ㆍ도별 임야 면적,IV. 농ㆍ림ㆍ어업,동부,경기,ko,3,0.4311,86 330,86330,0.5,,경 기 도 594 007 547 187 251 150 86 330 209 707 41 901 9 443 2 272 16 514 1 326 12 346
임야,1977,138,67. 영림서 및 시ㆍ도별 임야 면적,IV. 농ㆍ림ㆍ어업,동부,경기,ko,4,0.4928,209 707,209707,1.0,,경 기 도 594 007 547 187 251 150 86 330 209 707 41 901 9 443 2 272 16 514 1 326 12 346
임야,1977,138,67. 영림서 및 시ㆍ도별 임야 면적,IV. 농ㆍ림ㆍ어업,동부,경기,ko,5,0.5996,41 901,41901,0.3,저신뢰,경 기 도 594 007 547 187 251 150 86 330 209 707 41 901 9 443 2 272 16 514 1 326 12 346
임야,1977,138,67. 영림서 및 시ㆍ도별 임야 면적,IV. 농ㆍ림ㆍ어업,동부,경기,ko,6,0.6632,9 443 2 272 16 514 1 326 12 346,9443227216514132612346,0.5,과병합의심,경 기 도 594 007 547 187 251 150 86 330 209 707 41 901 9 443 2 272 16 514 1 326 12 346
임야,1977,138,67. 영림서 및 시ㆍ도별 임야 면적,IV. 농ㆍ림ㆍ어업,동부,강원,ko,0,0.2156,755 409,755409,0.5,,Gyeong-gl D3 강 원 도 755 409 897 985 315 543 217 253 165 182 7 57 424| 29 399 2 463 13 481 12 081
임야,1977,138,67. 영림서 및 시ㆍ도별 임야 면적,IV. 농ㆍ림ㆍ어업,동부,강원,ko,1,0.2854,897 985,897985,0.5,,Gyeong-gl D3 강 원 도 755 409 897 985 315 543 217 253 165 182 7 57 424| 29 399 2 463 13 481 12 081
임야,1977,138,67. 영림서 및 시ㆍ도별 임야 면적,IV. 농ㆍ림ㆍ어업,동부,강원,ko,2,0.3552,315 543,315543,1.0,,Gyeong-gl D3 강 원 도 755 409 897 985 315 543 217 253 165 182 7 57 424| 29 399 2 463 13 481 12 081
임야,1977,138,67. 영림서 및 시ㆍ도별 임야 면적,IV. 농ㆍ림ㆍ어업,동부,강원,ko,3,0.423,217 253,217253,1.0,,Gyeong-gl D3 강 원 도 755 409 897 985 315 543 217 253 165 182 7 57 424| 29 399 2 463 13 481 12 081
임야,1977,138,67. 영림서 및 시ㆍ도별 임야 면적,IV. 농ㆍ림ㆍ어업,동부,강원,ko,4,0.4926,165 182,165182,0.5,,Gyeong-gl D3 강 원 도 755 409 897 985 315 543 217 253 165 182 7 57 424| 29 399 2 463 13 481 12 081
임야,1977,138,67. 영림서 및 시ㆍ도별 임야 면적,IV. 농ㆍ림ㆍ어업,동부,강원,ko,5,0.577,7,7,0.3,저신뢰,Gyeong-gl D3 강 원 도 755 409 897 985 315 543 217 253 165 182 7 57 424| 29 399 2 463 13 481 12 081
임야,1977,138,67. 영림서 및 시ㆍ도별 임야 면적,IV. 농ㆍ림ㆍ어업,동부,강원,ko,6,0.655,29 399 2 463,293992463,0.5,,Gyeong-gl D3 강 원 도 755 409 897 985 315 543 217 253 165 182 7 57 424| 29 399 2 463 13 481 12 081
임야,1977,138,67. 영림서 및 시ㆍ도별 임야 면적,IV. 농ㆍ림ㆍ어업,동부,강원,ko,7,0.7557,13 481,13481,1.0,,Gyeong-gl D3 강 원 도 755 409 897 985 315 543 217 253 165 182 7 57 424| 29 399 2 463 13 481 12 081
임야,1977,138,67. 영림서 및 시ㆍ도별 임야 면적,IV. 농ㆍ림ㆍ어업,동부,강원,ko,8,0.8522,12 081,12081,0.5,,Gyeong-gl D3 강 원 도 755 409 897 985 315 543 217 253 165 182 7 57 424| 29 399 2 463 13 481 12 081
임야,1977,138,67. 영림서 및 시ㆍ도별 임야 면적,IV. 농ㆍ림ㆍ어업,동부,충북,ko,0,0.2156,512 762,512762,1.0,,충청북도 Chu 512 762 480 828 242 601 44 923 193 304 31 934 9 512 463 11 463 10 496
임야,1977,138,67. 영림서 및 시ㆍ도별 임야 면적,IV. 농ㆍ림ㆍ어업,동부,충북,ko,1,0.2854,480 828,480828,0.5,,충청북도 Chu 512 762 480 828 242 601 44 923 193 304 31 934 9 512 463 11 463 10 496
임야,1977,138,67. 영림서 및 시ㆍ도별 임야 면적,IV. 농ㆍ림ㆍ어업,동부,충북,ko,2,0.3532,242 601,242601,0.5,,충청북도 Chu 512 762 480 828 242 601 44 923 193 304 31 934 9 512 463 11 463 10 496
임야,1977,138,67. 영림서 및 시ㆍ도별 임야 면적,IV. 농ㆍ림ㆍ어업,동부,충북,ko,3,0.4312,44 923,44923,0.5,,충청북도 Chu 512 762 480 828 242 601 44 923 193 304 31 934 9 512 463 11 463 10 496
임야,1977,138,67. 영림서 및 시ㆍ도별 임야 면적,IV. 농ㆍ림ㆍ어업,동부,충북,ko,4,0.4928,193 304,193304,1.0,,충청북도 Chu 512 762 480 828 242 601 44 923 193 304 31 934 9 512 463 11 463 10 496
임야,1977,138,67. 영림서 및 시ㆍ도별 임야 면적,IV. 농ㆍ림ㆍ어업,동부,충북,ko,5,0.5996,31 934,31934,0.5,,충청북도 Chu 512 762 480 828 242 601 44 923 193 304 31 934 9 512 463 11 463 10 496
임야,1977,138,67. 영림서 및 시ㆍ도별 임야 면적,IV. 농ㆍ림ㆍ어업,동부,충북,ko,6,0.6612,9 512,9512,0.3,저신뢰,충청북도 Chu 512 762 480 828 242 601 44 923 193 304 31 934 9 512 463 11 463 10 496
임야,1977,138,67. 영림서 및 시ㆍ도별 임야 면적,IV. 농ㆍ림ㆍ어업,동부,충북,ko,7,0.7207,463 11 463,46311463,1.0,,충청북도 Chu 512 762 480 828 242 601 44 923 193 304 31 934 9 512 463 11 463 10 496
임야,1977,138,67. 영림서 및 시ㆍ도별 임야 면적,IV. 농ㆍ림ㆍ어업,동부,충북,ko,8,0.8522,10 496,10496,1.0,,충청북도 Chu 512 762 480 828 242 601 44 923 193 304 31 934 9 512 463 11 463 10 496
임야,1977,138,67. 영림서 및 시ㆍ도별 임야 면적,IV. 농ㆍ림ㆍ어업,동부,충남,ko,0,0.2156,493 276,493276,1.0,,ngche ang B vgDo 충청남도 Chu- 493 276 453 166 274 172 44 500 134 445 49 40 110 4 389' 1 348 23 250 2 139 8 984
임야,1977,138,67. 영림서 및 시ㆍ도별 임야 면적,IV. 농ㆍ림ㆍ어업,동부,충남,ko,1,0.2854,453 166,453166,0.5,,ngche ang B vgDo 충청남도 Chu- 493 276 453 166 274 172 44 500 134 445 49 40 110 4 389' 1 348 23 250 2 139 8 984
임야,1977,138,67. 영림서 및 시ㆍ도별 임야 면적,IV. 농ㆍ림ㆍ어업,동부,충남,ko,2,0.3552,274 172,274172,0.5,,ngche ang B vgDo 충청남도 Chu- 493 276 453 166 274 172 44 500 134 445 49 40 110 4 389' 1 348 23 250 2 139 8 984
임야,1977,138,67. 영림서 및 시ㆍ도별 임야 면적,IV. 농ㆍ림ㆍ어업,동부,충남,ko,3,0.4311,44 500,44500,0.3,저신뢰,ngche ang B vgDo 충청남도 Chu- 493 276 453 166 274 172 44 500 134 445 49 40 110 4 389' 1 348 23 250 2 139 8 984
임야,1977,138,67. 영림서 및 시ㆍ도별 임야 면적,IV. 농ㆍ림ㆍ어업,동부,충남,ko,4,0.4928,134 445,134445,1.0,,ngche ang B vgDo 충청남도 Chu- 493 276 453 166 274 172 44 500 134 445 49 40 110 4 389' 1 348 23 250 2 139 8 984
임야,1977,138,67. 영림서 및 시ㆍ도별 임야 면적,IV. 농ㆍ림ㆍ어업,동부,충남,ko,5,0.5688,49 40 110,4940110,1.0,,ngche ang B vgDo 충청남도 Chu- 493 276 453 166 274 172 44 500 134 445 49 40 110 4 389' 1 348 23 250 2 139 8 984
임야,1977,138,67. 영림서 및 시ㆍ도별 임야 면적,IV. 농ㆍ림ㆍ어업,동부,충남,ko,6,0.7043,1 348 23 250 2 139,1348232502139,0.3,저신뢰|과병합의심,ngche ang B vgDo 충청남도 Chu- 493 276 453 166 274 172 44 500 134 445 49 40 110 4 389' 1 348 23 250 2 139 8 984
임야,1977,138,67. 영림서 및 시ㆍ도별 임야 면적,IV. 농ㆍ림ㆍ어업,동부,충남,ko,7,0.8583,8 984,8984,1.0,,ngche ang B vgDo 충청남도 Chu- 493 276 453 166 274 172 44 500 134 445 49 40 110 4 389' 1 348 23 250 2 139 8 984
임야,1977,138,67. 영림서 및 시ㆍ도별 임야 면적,IV. 농ㆍ림ㆍ어업,동부,전북,ko,0,0.2854,387 727,387727,1.0,,ngcheangNamDo 전라북도 440 61기 387 727 256 550 79 074 51 881 222 1 52 884 14 644: 1 946 18 909 1 315 16 070
임야,1977,138,67. 영림서 및 시ㆍ도별 임야 면적,IV. 농ㆍ림ㆍ어업,동부,전북,ko,1,0.3552,256 550,256550,1.0,,ngcheangNamDo 전라북도 440 61기 387 727 256 550 79 074 51 881 222 1 52 884 14 644: 1 946 18 909 1 315 16 070
임야,1977,138,67. 영림서 및 시ㆍ도별 임야 면적,IV. 농ㆍ림ㆍ어업,동부,전북,ko,2,0.429,79 074,79074,0.5,,ngcheangNamDo 전라북도 440 61기 387 727 256 550 79 074 51 881 222 1 52 884 14 644: 1 946 18 909 1 315 16 070
임야,1977,138,67. 영림서 및 시ㆍ도별 임야 면적,IV. 농ㆍ림ㆍ어업,동부,전북,ko,3,0.5031,51 881,51881,0.5,,ngcheangNamDo 전라북도 440 61기 387 727 256 550 79 074 51 881 222 1 52 884 14 644: 1 946 18 909 1 315 16 070
임야,1977,138,67. 영림서 및 시ㆍ도별 임야 면적,IV. 농ㆍ림ㆍ어업,동부,전북,ko,4,0.5626,222 1 52 884,222152884,1.0,,ngcheangNamDo 전라북도 440 61기 387 727 256 550 79 074 51 881 222 1 52 884 14 644: 1 946 18 909 1 315 16 070
임야,1977,138,67. 영림서 및 시ㆍ도별 임야 면적,IV. 농ㆍ림ㆍ어업,동부,전북,ko,5,0.7536,18 909 1 315 16 070,18909131516070,0.5,과병합의심,ngcheangNamDo 전라북도 440 61기 387 727 256 550 79 074 51 881 222 1 52 884 14 644: 1 946 18 909 1 315 16 070
임야,1977,138,67. 영림서 및 시ㆍ도별 임야 면적,IV. 농ㆍ림ㆍ어업,동부,전남,ko,0,0.2156,737 323,737323,1.0,,전라남도 737 323 666 103 524 209 91 070 48 207 2 617 68 356 11 761 388 29 609 684 25 914
임야,1977,138,67. 영림서 및 시ㆍ도별 임야 면적,IV. 농ㆍ림ㆍ어업,동부,전남,ko,1,0.2854,666 103,666103,1.0,,전라남도 737 323 666 103 524 209 91 070 48 207 2 617 68 356 11 761 388 29 609 684 25 914
임야,1977,138,67. 영림서 및 시ㆍ도별 임야 면적,IV. 농ㆍ림ㆍ어업,동부,전남,ko,2,0.3573,524 209,524209,0.5,,전라남도 737 323 666 103 524 209 91 070 48 207 2 617 68 356 11 761 388 29 609 684 25 914
임야,1977,138,67. 영림서 및 시ㆍ도별 임야 면적,IV. 농ㆍ림ㆍ어업,동부,전남,ko,3,0.4292,91 070,91070,0.5,,전라남도 737 323 666 103 524 209 91 070 48 207 2 617 68 356 11 761 388 29 609 684 25 914
임야,1977,138,67. 영림서 및 시ㆍ도별 임야 면적,IV. 농ㆍ림ㆍ어업,동부,전남,ko,4,0.501,48 207 2 617 68 356,48207261768356,1.0,과병합의심,전라남도 737 323 666 103 524 209 91 070 48 207 2 617 68 356 11 761 388 29 609 684 25 914
임야,1977,138,67. 영림서 및 시ㆍ도별 임야 면적,IV. 농ㆍ림ㆍ어업,동부,전남,ko,5,0.6571,11 761,11761,0.3,저신뢰,전라남도 737 323 666 103 524 209 91 070 48 207 2 617 68 356 11 761 388 29 609 684 25 914
임야,1977,138,67. 영림서 및 시ㆍ도별 임야 면적,IV. 농ㆍ림ㆍ어업,동부,전남,ko,6,0.7166,388,388,1.0,,전라남도 737 323 666 103 524 209 91 070 48 207 2 617 68 356 11 761 388 29 609 684 25 914
임야,1977,138,67. 영림서 및 시ㆍ도별 임야 면적,IV. 농ㆍ림ㆍ어업,동부,전남,ko,7,0.7557,29 609,29609,0.5,,전라남도 737 323 666 103 524 209 91 070 48 207 2 617 68 356 11 761 388 29 609 684 25 914
임야,1977,138,67. 영림서 및 시ㆍ도별 임야 면적,IV. 농ㆍ림ㆍ어업,동부,전남,ko,8,0.8173,684 25 914,68425914,1.0,,전라남도 737 323 666 103 524 209 91 070 48 207 2 617 68 356 11 761 388 29 609 684 25 914
임야,1977,138,67. 영림서 및 시ㆍ도별 임야 면적,IV. 농ㆍ림ㆍ어업,동부,경북,ko,0,0.3573,641 699,641699,0.5,,경상북도 Gye-l 1 276 165 1 203 339 641 699 92 635 468 921 84 72 826 21 132 2 770 21 091|10 507 17 326
임야,1977,138,67. 영림서 및 시ㆍ도별 임야 면적,IV. 농ㆍ림ㆍ어업,동부,경북,ko,1,0.4312,92 635,92635,1.0,,경상북도 Gye-l 1 276 165 1 203 339 641 699 92 635 468 921 84 72 826 21 132 2 770 21 091|10 507 17 326
임야,1977,138,67. 영림서 및 시ㆍ도별 임야 면적,IV. 농ㆍ림ㆍ어업,동부,경북,ko,2,0.4948,468 921,468921,0.5,,경상북도 Gye-l 1 276 165 1 203 339 641 699 92 635 468 921 84 72 826 21 132 2 770 21 091|10 507 17 326
임야,1977,138,67. 영림서 및 시ㆍ도별 임야 면적,IV. 농ㆍ림ㆍ어업,동부,경북,ko,3,0.5708,84 72 826 21 132 2 770,8472826211322770,1.0,과병합의심,경상북도 Gye-l 1 276 165 1 203 339 641 699 92 635 468 921 84 72 826 21 132 2 770 21 091|10 507 17 326
임야,1977,138,67. 영림서 및 시ㆍ도별 임야 면적,IV. 농ㆍ림ㆍ어업,동부,경북,ko,4,0.85,17 326,17326,1.0,,경상북도 Gye-l 1 276 165 1 203 339 641 699 92 635 468 921 84 72 826 21 132 2 770 21 091|10 507 17 326
임야,1977,138,67. 영림서 및 시ㆍ도별 임야 면적,IV. 농ㆍ림ㆍ어업,동부,제주,ko,0,0.2915,48 647,48647,0.5,,제주도 Jeu 므 108 409} 48 647 22405 19 957 6244 41| 59 762 56 465 1 2411 2 056
임야,1977,138,67. 영림서 및 시ㆍ도별 임야 면적,IV. 농ㆍ림ㆍ어업,동부,제주,ko,1,0.3613,22405,22405,0.3,저신뢰,제주도 Jeu 므 108 409} 48 647 22405 19 957 6244 41| 59 762 56 465 1 2411 2 056
임야,1977,138,67. 영림서 및 시ㆍ도별 임야 면적,IV. 농ㆍ림ㆍ어업,동부,제주,ko,2,0.4292,19 957,19957,0.5,,제주도 Jeu 므 108 409} 48 647 22405 19 957 6244 41| 59 762 56 465 1 2411 2 056
임야,1977,138,67. 영림서 및 시ㆍ도별 임야 면적,IV. 농ㆍ림ㆍ어업,동부,제주,ko,3,0.5072,6244,6244,0.5,,제주도 Jeu 므 108 409} 48 647 22405 19 957 6244 41| 59 762 56 465 1 2411 2 056
임야,1977,138,67. 영림서 및 시ㆍ도별 임야 면적,IV. 농ㆍ림ㆍ어업,동부,제주,ko,4,0.5975,59 762 56 465,5976256465,0.3,저신뢰|과병합의심,제주도 Jeu 므 108 409} 48 647 22405 19 957 6244 41| 59 762 56 465 1 2411 2 056
임야,1977,138,67. 영림서 및 시ㆍ도별 임야 면적,IV. 농ㆍ림ㆍ어업,동부,제주,ko,5,0.7536,1 2411,12411,0.3,저신뢰,제주도 Jeu 므 108 409} 48 647 22405 19 957 6244 41| 59 762 56 465 1 2411 2 056
임야,1977,138,67. 영림서 및 시ㆍ도별 임야 면적,IV. 농ㆍ림ㆍ어업,동부,제주,ko,6,0.8582,2 056,2056,1.0,,제주도 Jeu 므 108 409} 48 647 22405 19 957 6244 41| 59 762 56 465 1 2411 2 056
임야,1978,142,67. 영림서 및 시ㆍ도별 임야 면적,IV. 농ㆍ림ㆍ어업,전체,서울,en,0,0.3258,17 962,17962,1.0,,City of Seoul 17 962 5 965 2 892 999 ? 074 11 997 854 ㅡ !! 143
임야,1978,142,67. 영림서 및 시ㆍ도별 임야 면적,IV. 농ㆍ림ㆍ어업,전체,서울,en,1,0.3934,5 965,5965,0.5,,City of Seoul 17 962 5 965 2 892 999 ? 074 11 997 854 ㅡ !! 143
임야,1978,142,67. 영림서 및 시ㆍ도별 임야 면적,IV. 농ㆍ림ㆍ어업,전체,서울,en,2,0.4529,2 892,2892,1.0,,City of Seoul 17 962 5 965 2 892 999 ? 074 11 997 854 ㅡ !! 143
임야,1978,142,67. 영림서 및 시ㆍ도별 임야 면적,IV. 농ㆍ림ㆍ어업,전체,서울,en,3,0.5205,999,999,1.0,,City of Seoul 17 962 5 965 2 892 999 ? 074 11 997 854 ㅡ !! 143
임야,1978,142,67. 영림서 및 시ㆍ도별 임야 면적,IV. 농ㆍ림ㆍ어업,전체,서울,en,4,0.6209,11 997,11997,0.5,,City of Seoul 17 962 5 965 2 892 999 ? 074 11 997 854 ㅡ !! 143
임야,1978,142,67. 영림서 및 시ㆍ도별 임야 면적,IV. 농ㆍ림ㆍ어업,전체,서울,en,5,0.6967,854,854,1.0,,City of Seoul 17 962 5 965 2 892 999 ? 074 11 997 854 ㅡ !! 143
임야,1978,142,67. 영림서 및 시ㆍ도별 임야 면적,IV. 농ㆍ림ㆍ어업,동부,경기,ko,0,0.2376,586 788,586788,1.0,,경 기 도 586 788 545 526 252 760 86 848 205 918 36 343 8 405 2 113 12 994 504 • 12 327
임야,1978,142,67. 영림서 및 시ㆍ도별 임야 면적,IV. 농ㆍ림ㆍ어업,동부,경기,ko,1,0.3033,545 526,545526,0.5,,경 기 도 586 788 545 526 252 760 86 848 205 918 36 343 8 405 2 113 12 994 504 • 12 327
임야,1978,142,67. 영림서 및 시ㆍ도별 임야 면적,IV. 농ㆍ림ㆍ어업,동부,경기,ko,2,0.3686,252 760,252760,0.5,,경 기 도 586 788 545 526 252 760 86 848 205 918 36 343 8 405 2 113 12 994 504 • 12 327
임야,1978,142,67. 영림서 및 시ㆍ도별 임야 면적,IV. 농ㆍ림ㆍ어업,동부,경기,ko,3,0.4426,86 848 205 918,86848205918,1.0,과병합의심,경 기 도 586 788 545 526 252 760 86 848 205 918 36 343 8 405 2 113 12 994 504 • 12 327
임야,1978,142,67. 영림서 및 시ㆍ도별 임야 면적,IV. 농ㆍ림ㆍ어업,동부,경기,ko,4,0.6022,36 343,36343,1.0,,경 기 도 586 788 545 526 252 760 86 848 205 918 36 343 8 405 2 113 12 994 504 • 12 327
임야,1978,142,67. 영림서 및 시ㆍ도별 임야 면적,IV. 농ㆍ림ㆍ어업,동부,경기,ko,5,0.6639,8 405,8405,0.5,,경 기 도 586 788 545 526 252 760 86 848 205 918 36 343 8 405 2 113 12 994 504 • 12 327
임야,1978,142,67. 영림서 및 시ㆍ도별 임야 면적,IV. 농ㆍ림ㆍ어업,동부,경기,ko,6,0.7172,2 113 12 994,211312994,0.5,,경 기 도 586 788 545 526 252 760 86 848 205 918 36 343 8 405 2 113 12 994 504 • 12 327
임야,1978,142,67. 영림서 및 시ㆍ도별 임야 면적,IV. 농ㆍ림ㆍ어업,동부,경기,ko,7,0.8299,504,504,1.0,,경 기 도 586 788 545 526 252 760 86 848 205 918 36 343 8 405 2 113 12 994 504 • 12 327
임야,1978,142,67. 영림서 및 시ㆍ도별 임야 면적,IV. 농ㆍ림ㆍ어업,동부,전남,ko,0,0.2374,735 769,735769,1.0,,전 라 남 도 735 769 671 094 521 287 96 617 50 599 2 591 61 811 8 852 328 26 474 26 157
임야,1978,142,67. 영림서 및 시ㆍ도별 임야 면적,IV. 농ㆍ림ㆍ어업,동부,전남,ko,1,0.3053,671 094,671094,0.5,,전 라 남 도 735 769 671 094 521 287 96 617 50 599 2 591 61 811 8 852 328 26 474 26 157
임야,1978,142,67. 영림서 및 시ㆍ도별 임야 면적,IV. 농ㆍ림ㆍ어업,동부,전남,ko,2,0.3709,521 287,521287,0.5,,전 라 남 도 735 769 671 094 521 287 96 617 50 599 2 591 61 811 8 852 328 26 474 26 157
임야,1978,142,67. 영림서 및 시ㆍ도별 임야 면적,IV. 농ㆍ림ㆍ어업,동부,전남,ko,3,0.4426,96 617,96617,1.0,,전 라 남 도 735 769 671 094 521 287 96 617 50 599 2 591 61 811 8 852 328 26 474 26 157
임야,1978,142,67. 영림서 및 시ㆍ도별 임야 면적,IV. 농ㆍ림ㆍ어업,동부,전남,ko,4,0.5143,50 599 2 591 61 811,50599259161811,1.0,과병합의심,전 라 남 도 735 769 671 094 521 287 96 617 50 599 2 591 61 811 8 852 328 26 474 26 157
임야,1978,142,67. 영림서 및 시ㆍ도별 임야 면적,IV. 농ㆍ림ㆍ어업,동부,전남,ko,5,0.666,8 852,8852,1.0,,전 라 남 도 735 769 671 094 521 287 96 617 50 599 2 591 61 811 8 852 328 26 474 26 157
임야,1978,142,67. 영림서 및 시ㆍ도별 임야 면적,IV. 농ㆍ림ㆍ어업,동부,전남,ko,6,0.7336,328 26 474,32826474,1.0,,전 라 남 도 735 769 671 094 521 287 96 617 50 599 2 591 61 811 8 852 328 26 474 26 157
임야,1978,142,67. 영림서 및 시ㆍ도별 임야 면적,IV. 농ㆍ림ㆍ어업,동부,전남,ko,7,0.8648,26 157,26157,0.5,,전 라 남 도 735 769 671 094 521 287 96 617 50 599 2 591 61 811 8 852 328 26 474 26 157
임야,1979,138,67. 영림서 및 시ㆍ도별 임야 면적,IV. 농림ㆍ어업,전체,서울,ko,0,0.2361,17 027,17027,0.5,,서울 특별시 17 027 15 012 3 341 647 11 024 | 2 015 129 209 !! 1 677
임야,1979,138,67. 영림서 및 시ㆍ도별 임야 면적,IV. 농림ㆍ어업,전체,서울,ko,1,0.3019,15 012,15012,0.5,,서울 특별시 17 027 15 012 3 341 647 11 024 | 2 015 129 209 !! 1 677
임야,1979,138,67. 영림서 및 시ㆍ도별 임야 면적,IV. 농림ㆍ어업,전체,서울,ko,2,0.3758,3 341,3341,1.0,,서울 특별시 17 027 15 012 3 341 647 11 024 | 2 015 129 209 !! 1 677
임야,1979,138,67. 영림서 및 시ㆍ도별 임야 면적,IV. 농림ㆍ어업,전체,서울,ko,3,0.4558,647,647,1.0,,서울 특별시 17 027 15 012 3 341 647 11 024 | 2 015 129 209 !! 1 677
임야,1979,138,67. 영림서 및 시ㆍ도별 임야 면적,IV. 농림ㆍ어업,전체,서울,ko,4,0.5051,11 024,11024,1.0,,서울 특별시 17 027 15 012 3 341 647 11 024 | 2 015 129 209 !! 1 677
임야,1979,138,67. 영림서 및 시ㆍ도별 임야 면적,IV. 농림ㆍ어업,전체,서울,ko,5,0.6016,2 015,2015,1.0,,서울 특별시 17 027 15 012 3 341 647 11 024 | 2 015 129 209 !! 1 677
임야,1979,138,67. 영림서 및 시ㆍ도별 임야 면적,IV. 농림ㆍ어업,전체,서울,ko,6,0.6694,129,129,1.0,,서울 특별시 17 027 15 012 3 341 647 11 024 | 2 015 129 209 !! 1 677
임야,1979,138,67. 영림서 및 시ㆍ도별 임야 면적,IV. 농림ㆍ어업,전체,서울,ko,7,0.7762,209,209,0.5,,서울 특별시 17 027 15 012 3 341 647 11 024 | 2 015 129 209 !! 1 677
임야,1979,138,67. 영림서 및 시ㆍ도별 임야 면적,IV. 농림ㆍ어업,전체,서울,ko,8,0.8624,1 677,1677,0.5,,서울 특별시 17 027 15 012 3 341 647 11 024 | 2 015 129 209 !! 1 677
임야,1979,138,67. 영림서 및 시ㆍ도별 임야 면적,IV. 농림ㆍ어업,전체,부산,ko,0,0.2341,21 336,21336,1.0,,부 산 시 21 336 21 086 15 416 494 5171 5 250 1 ㅡ 250
임야,1979,138,67. 영림서 및 시ㆍ도별 임야 면적,IV. 농림ㆍ어업,전체,부산,ko,1,0.3019,21 086,21086,0.5,,부 산 시 21 336 21 086 15 416 494 5171 5 250 1 ㅡ 250
임야,1979,138,67. 영림서 및 시ㆍ도별 임야 면적,IV. 농림ㆍ어업,전체,부산,ko,2,0.3696,15 416,15416,1.0,,부 산 시 21 336 21 086 15 416 494 5171 5 250 1 ㅡ 250
임야,1979,138,67. 영림서 및 시ㆍ도별 임야 면적,IV. 농림ㆍ어업,전체,부산,ko,3,0.4558,494,494,1.0,,부 산 시 21 336 21 086 15 416 494 5171 5 250 1 ㅡ 250
임야,1979,138,67. 영림서 및 시ㆍ도별 임야 면적,IV. 농림ㆍ어업,전체,부산,ko,4,0.5113,5171,5171,0.3,저신뢰,부 산 시 21 336 21 086 15 416 494 5171 5 250 1 ㅡ 250
임야,1979,138,67. 영림서 및 시ㆍ도별 임야 면적,IV. 농림ㆍ어업,전체,부산,ko,5,0.577,5,5,1.0,,부 산 시 21 336 21 086 15 416 494 5171 5 250 1 ㅡ 250
임야,1979,138,67. 영림서 및 시ㆍ도별 임야 면적,IV. 농림ㆍ어업,전체,부산,ko,6,0.616,250,250,1.0,,부 산 시 21 336 21 086 15 416 494 5171 5 250 1 ㅡ 250
임야,1979,138,67. 영림서 및 시ㆍ도별 임야 면적,IV. 농림ㆍ어업,전체,부산,ko,7,0.731,1,1,0.3,저신뢰,부 산 시 21 336 21 086 15 416 494 5171 5 250 1 ㅡ 250
임야,1979,138,67. 영림서 및 시ㆍ도별 임야 면적,IV. 농림ㆍ어업,전체,부산,ko,8,0.8747,250,250,1.0,,부 산 시 21 336 21 086 15 416 494 5171 5 250 1 ㅡ 250
임야,1980,136,66. 영림서 및 시ㆍ도별 임야 면적,IV. 농림ㆍ어업,전체,서울,en,0,0.2954,17 010,17010,1.0,,City of Seoul 17 010 5 860 2 891 998 1 971 11 150 892 892 10 258
임야,1980,136,66. 영림서 및 시ㆍ도별 임야 면적,IV. 농림ㆍ어업,전체,서울,en,1,0.384,5 860,5860,1.0,,City of Seoul 17 010 5 860 2 891 998 1 971 11 150 892 892 10 258
임야,1980,136,66. 영림서 및 시ㆍ도별 임야 면적,IV. 농림ㆍ어업,전체,서울,en,2,0.4435,2 891,2891,0.5,,City of Seoul 17 010 5 860 2 891 998 1 971 11 150 892 892 10 258
임야,1980,136,66. 영림서 및 시ㆍ도별 임야 면적,IV. 농림ㆍ어업,전체,서울,en,3,0.5236,998,998,1.0,,City of Seoul 17 010 5 860 2 891 998 1 971 11 150 892 892 10 258
임야,1980,136,66. 영림서 및 시ㆍ도별 임야 면적,IV. 농림ㆍ어업,전체,서울,en,4,0.5708,1 971,1971,1.0,,City of Seoul 17 010 5 860 2 891 998 1 971 11 150 892 892 10 258
임야,1980,136,66. 영림서 및 시ㆍ도별 임야 면적,IV. 농림ㆍ어업,전체,서울,en,5,0.6385,11 150,11150,0.5,,City of Seoul 17 010 5 860 2 891 998 1 971 11 150 892 892 10 258
임야,1980,136,66. 영림서 및 시ㆍ도별 임야 면적,IV. 농림ㆍ어업,전체,서울,en,6,0.7248,892,892,1.0,,City of Seoul 17 010 5 860 2 891 998 1 971 11 150 892 892 10 258
임야,1980,136,66. 영림서 및 시ㆍ도별 임야 면적,IV. 농림ㆍ어업,전체,서울,en,7,0.7885,892,892,1.0,,City of Seoul 17 010 5 860 2 891 998 1 971 11 150 892 892 10 258
임야,1980,136,66. 영림서 및 시ㆍ도별 임야 면적,IV. 농림ㆍ어업,전체,서울,en,8,0.9198,10 258,10258,1.0,,City of Seoul 17 010 5 860 2 891 998 1 971 11 150 892 892 10 258
임야,1980,136,66. 영림서 및 시ㆍ도별 임야 면적,IV. 농림ㆍ어업,전체,부산,en,0,0.2977,21 309,21309,0.5,,Busan City 21 309 2 133 994 1 139 19 176 1 163 1 163 ㅡ 18 013
임야,1980,136,66. 영림서 및 시ㆍ도별 임야 면적,IV. 농림ㆍ어업,전체,부산,en,1,0.3819,2 133,2133,0.5,,Busan City 21 309 2 133 994 1 139 19 176 1 163 1 163 ㅡ 18 013
임야,1980,136,66. 영림서 및 시ㆍ도별 임야 면적,IV. 농림ㆍ어업,전체,부산,en,2,0.5216,994,994,1.0,,Busan City 21 309 2 133 994 1 139 19 176 1 163 1 163 ㅡ 18 013
임야,1980,136,66. 영림서 및 시ㆍ도별 임야 면적,IV. 농림ㆍ어업,전체,부산,en,3,0.5708,1 139,1139,0.5,,Busan City 21 309 2 133 994 1 139 19 176 1 163 1 163 ㅡ 18 013
임야,1980,136,66. 영림서 및 시ㆍ도별 임야 면적,IV. 농림ㆍ어업,전체,부산,en,4,0.6406,19 176,19176,1.0,,Busan City 21 309 2 133 994 1 139 19 176 1 163 1 163 ㅡ 18 013
임야,1980,136,66. 영림서 및 시ㆍ도별 임야 면적,IV. 농림ㆍ어업,전체,부산,en,5,0.7084,1 163,1163,0.3,저신뢰,Busan City 21 309 2 133 994 1 139 19 176 1 163 1 163 ㅡ 18 013
임야,1980,136,66. 영림서 및 시ㆍ도별 임야 면적,IV. 농림ㆍ어업,전체,부산,en,6,0.7721,1 163,1163,1.0,,Busan City 21 309 2 133 994 1 139 19 176 1 163 1 163 ㅡ 18 013
임야,1980,136,66. 영림서 및 시ㆍ도별 임야 면적,IV. 농림ㆍ어업,전체,부산,en,7,0.9198,18 013,18013,0.5,,Busan City 21 309 2 133 994 1 139 19 176 1 163 1 163 ㅡ 18 013
임야,1981,144,30. 영림서 및 시ㆍ도별 임야 면적,IV. 농림ㆍ어업,동부,서울,ko,0,0.3162,17,17,1.0,,서울특별시 City of_Seoul | 17 3 [1 10
임야,1981,144,30. 영림서 및 시ㆍ도별 임야 면적,IV. 농림ㆍ어업,동부,서울,ko,1,0.462,3,3,1.0,,서울특별시 City of_Seoul | 17 3 [1 10
임야,1981,144,30. 영림서 및 시ㆍ도별 임야 면적,IV. 농림ㆍ어업,동부,서울,ko,2,0.6673,[1,1,0.3,저신뢰,서울특별시 City of_Seoul | 17 3 [1 10
임야,1981,144,30. 영림서 및 시ㆍ도별 임야 면적,IV. 농림ㆍ어업,동부,서울,ko,3,0.9302,10,10,0.5,,서울특별시 City of_Seoul | 17 3 [1 10
임야,1981,144,30. 영림서 및 시ㆍ도별 임야 면적,IV. 농림ㆍ어업,동부,부산,en,0,0.3162,21,21,1.0,,부경강중충전전경경제 시 Busan City 21 L? 18
임야,1981,144,30. 영림서 및 시ㆍ도별 임야 면적,IV. 농림ㆍ어업,동부,부산,en,1,0.9302,18,18,0.5,,부경강중충전전경경제 시 Busan City 21 L? 18
임야,1981,144,30. 영림서 및 시ㆍ도별 임야 면적,IV. 농림ㆍ어업,동부,제주,en,0,0.384,29,29,1.0,,주 Jeju Do 29 17 4 75 66
임야,1981,144,30. 영림서 및 시ㆍ도별 임야 면적,IV. 농림ㆍ어업,동부,제주,en,1,0.4558,17,17,1.0,,주 Jeju Do 29 17 4 75 66
임야,1981,144,30. 영림서 및 시ㆍ도별 임야 면적,IV. 농림ㆍ어업,동부,제주,en,2,0.5318,4,4,1.0,,주 Jeju Do 29 17 4 75 66
임야,1981,144,30. 영림서 및 시ㆍ도별 임야 면적,IV. 농림ㆍ어업,동부,제주,en,3,0.6673,75,75,0.3,저신뢰,주 Jeju Do 29 17 4 75 66
임야,1981,144,30. 영림서 및 시ㆍ도별 임야 면적,IV. 농림ㆍ어업,동부,제주,en,4,0.9302,66,66,1.0,,주 Jeju Do 29 17 4 75 66
임야,1981,144,30. 영림서 및 시ㆍ도별 임야 면적,IV. 농림ㆍ어업,동부,서울,en,0,0.3183,17,17,0.3,저신뢰,울투변 City of Seoul 17 15 3
임야,1981,144,30. 영림서 및 시ㆍ도별 임야 면적,IV. 농림ㆍ어업,동부,서울,en,1,0.3737,15,15,1.0,,울투변 City of Seoul 17 15 3
임야,1981,144,30. 영림서 및 시ㆍ도별 임야 면적,IV. 농림ㆍ어업,동부,서울,en,2,0.4353,3,3,1.0,,울투변 City of Seoul 17 15 3
임야,1981,144,30. 영림서 및 시ㆍ도별 임야 면적,IV. 농림ㆍ어업,동부,부산,en,0,0.3183,21,21,1.0,,Busan City 21 21 15
임야,1981,144,30. 영림서 및 시ㆍ도별 임야 면적,IV. 농림ㆍ어업,동부,부산,en,1,0.3717,21,21,1.0,,Busan City 21 21 15
임야,1981,144,30. 영림서 및 시ㆍ도별 임야 면적,IV. 농림ㆍ어업,동부,부산,en,2,0.4271,15,15,1.0,,Busan City 21 21 15
임야,1981,144,30. 영림서 및 시ㆍ도별 임야 면적,IV. 농림ㆍ어업,동부,제주,en,0,0.3101,104,104,0.5,,주 Jeju Do 104 56 30
임야,1981,144,30. 영림서 및 시ㆍ도별 임야 면적,IV. 농림ㆍ어업,동부,제주,en,1,0.3737,56,56,1.0,,주 Jeju Do 104 56 30
임야,1981,144,30. 영림서 및 시ㆍ도별 임야 면적,IV. 농림ㆍ어업,동부,제주,en,2,0.4271,30,30,1.0,,주 Jeju Do 104 56 30
임야,1982,144,30. 영림서 및 시ㆍ도별 임야 면적,IV. 농림ㆍ어업,동부,부산,ko,0,0.3121,19,19,1.0,,부 산 19 2 - 17 ! ㅛ lG
임야,1982,144,30. 영림서 및 시ㆍ도별 임야 면적,IV. 농림ㆍ어업,동부,부산,ko,1,0.3963,2,2,1.0,,부 산 19 2 - 17 ! ㅛ lG
임야,1982,144,30. 영림서 및 시ㆍ도별 임야 면적,IV. 농림ㆍ어업,동부,부산,ko,2,0.6817,17,17,0.5,,부 산 19 2 - 17 ! ㅛ lG
임야,1982,144,30. 영림서 및 시ㆍ도별 임야 면적,IV. 농림ㆍ어업,동부,경기,ko,0,0.3059,578,578,1.0,,경기 도 578 1 27 33 517 42 30 LL 상1초
임야,1982,144,30. 영림서 및 시ㆍ도별 임야 면적,IV. 농림ㆍ어업,동부,경기,ko,1,0.4702,1,1,0.3,저신뢰,경기 도 578 1 27 33 517 42 30 LL 상1초
임야,1982,144,30. 영림서 및 시ㆍ도별 임야 면적,IV. 농림ㆍ어업,동부,경기,ko,2,0.5339,27,27,1.0,,경기 도 578 1 27 33 517 42 30 LL 상1초
임야,1982,144,30. 영림서 및 시ㆍ도별 임야 면적,IV. 농림ㆍ어업,동부,경기,ko,3,0.6099,33,33,1.0,,경기 도 578 1 27 33 517 42 30 LL 상1초
임야,1982,144,30. 영림서 및 시ㆍ도별 임야 면적,IV. 농림ㆍ어업,동부,경기,ko,4,0.6756,517,517,1.0,,경기 도 578 1 27 33 517 42 30 LL 상1초
임야,1982,144,30. 영림서 및 시ㆍ도별 임야 면적,IV. 농림ㆍ어업,동부,경기,ko,5,0.7269,42,42,1.0,,경기 도 578 1 27 33 517 42 30 LL 상1초
임야,1982,144,30. 영림서 및 시ㆍ도별 임야 면적,IV. 농림ㆍ어업,동부,경기,ko,6,0.8008,30,30,1.0,,경기 도 578 1 27 33 517 42 30 LL 상1초
임야,1982,144,30. 영림서 및 시ㆍ도별 임야 면적,IV. 농림ㆍ어업,동부,제주,en,0,0.3039,104,104,0.5,,Jeju Do 104 2 10 73 12 12 62
임야,1982,144,30. 영림서 및 시ㆍ도별 임야 면적,IV. 농림ㆍ어업,동부,제주,en,1,0.5421,2,2,1.0,,Jeju Do 104 2 10 73 12 12 62
임야,1982,144,30. 영림서 및 시ㆍ도별 임야 면적,IV. 농림ㆍ어업,동부,제주,en,2,0.6078,10,10,0.5,,Jeju Do 104 2 10 73 12 12 62
임야,1982,144,30. 영림서 및 시ㆍ도별 임야 면적,IV. 농림ㆍ어업,동부,제주,en,3,0.6817,73,73,1.0,,Jeju Do 104 2 10 73 12 12 62
임야,1982,144,30. 영림서 및 시ㆍ도별 임야 면적,IV. 농림ㆍ어업,동부,제주,en,4,0.731,12,12,1.0,,Jeju Do 104 2 10 73 12 12 62
임야,1982,144,30. 영림서 및 시ㆍ도별 임야 면적,IV. 농림ㆍ어업,동부,제주,en,5,0.8768,12,12,0.5,,Jeju Do 104 2 10 73 12 12 62
임야,1982,144,30. 영림서 및 시ㆍ도별 임야 면적,IV. 농림ㆍ어업,동부,제주,en,6,0.9487,62,62,1.0,,Jeju Do 104 2 10 73 12 12 62
임야,1982,144,30. 영림서 및 시ㆍ도별 임야 면적,IV. 농림ㆍ어업,동부,서울,en,0,0.3142,17,17,0.3,저신뢰,Clty of Seoul 17 14 84 3 3
임야,1982,144,30. 영림서 및 시ㆍ도별 임야 면적,IV. 농림ㆍ어업,동부,서울,en,1,0.3717,14,14,0.3,저신뢰,Clty of Seoul 17 14 84 3 3
임야,1982,144,30. 영림서 및 시ㆍ도별 임야 면적,IV. 농림ㆍ어업,동부,서울,en,2,0.5492,84,84,0.3,저신뢰,Clty of Seoul 17 14 84 3 3
임야,1982,144,30. 영림서 및 시ㆍ도별 임야 면적,IV. 농림ㆍ어업,동부,서울,en,3,0.6653,3,3,0.5,,Clty of Seoul 17 14 84 3 3
임야,1982,144,30. 영림서 및 시ㆍ도별 임야 면적,IV. 농림ㆍ어업,동부,서울,en,4,0.9528,3,3,1.0,,Clty of Seoul 17 14 84 3 3
임야,1982,144,30. 영림서 및 시ㆍ도별 임야 면적,IV. 농림ㆍ어업,동부,제주,en,0,0.3059,104,104,1.0,,Jeju Do 104 58 22 27 10 46 41 2
임야,1982,144,30. 영림서 및 시ㆍ도별 임야 면적,IV. 농림ㆍ어업,동부,제주,en,1,0.3717,58,58,1.0,,Jeju Do 104 58 22 27 10 46 41 2
임야,1982,144,30. 영림서 및 시ㆍ도별 임야 면적,IV. 농림ㆍ어업,동부,제주,en,2,0.4292,22,22,1.0,,Jeju Do 104 58 22 27 10 46 41 2
임야,1982,144,30. 영림서 및 시ㆍ도별 임야 면적,IV. 농림ㆍ어업,동부,제주,en,3,0.4825,27,27,1.0,,Jeju Do 104 58 22 27 10 46 41 2
임야,1982,144,30. 영림서 및 시ㆍ도별 임야 면적,IV. 농림ㆍ어업,동부,제주,en,4,0.5421,10,10,0.5,,Jeju Do 104 58 22 27 10 46 41 2
임야,1982,144,30. 영림서 및 시ㆍ도별 임야 면적,IV. 농림ㆍ어업,동부,제주,en,5,0.6571,46,46,1.0,,Jeju Do 104 58 22 27 10 46 41 2
임야,1982,144,30. 영림서 및 시ㆍ도별 임야 면적,IV. 농림ㆍ어업,동부,제주,en,6,0.8296,41,41,1.0,,Jeju Do 104 58 22 27 10 46 41 2
임야,1982,144,30. 영림서 및 시ㆍ도별 임야 면적,IV. 농림ㆍ어업,동부,제주,en,7,0.9507,2,2,1.0,,Jeju Do 104 58 22 27 10 46 41 2
임야,1983,144,29. 영림서 및 시ㆍ도별 임야 면적,IV. 농림ㆍ어업,동부,서울,ko,0,0.3634,6,6,1.0,,서울특빌시 Clty of Seoul 6 4 &
임야,1983,144,29. 영림서 및 시ㆍ도별 임야 면적,IV. 농림ㆍ어업,동부,서울,ko,1,0.4374,4,4,1.0,,서울특빌시 Clty of Seoul 6 4 &
임야,1983,144,29. 영림서 및 시ㆍ도별 임야 면적,IV. 농림ㆍ어업,동부,대구,en,0,0.2793,24,24,1.0,,시 Daegu City 24 0 2+ ~T l
임야,1983,144,29. 영림서 및 시ㆍ도별 임야 면적,IV. 농림ㆍ어업,동부,대구,en,1,0.3614,0,0,0.3,저신뢰,시 Daegu City 24 0 2+ ~T l
임야,1983,144,29. 영림서 및 시ㆍ도별 임야 면적,IV. 농림ㆍ어업,동부,인천,en,0,0.2895,5,5,1.0,,시 Incheon City 5 1 ] 4
임야,1983,144,29. 영림서 및 시ㆍ도별 임야 면적,IV. 농림ㆍ어업,동부,인천,en,1,0.3614,1,1,1.0,,시 Incheon City 5 1 ] 4
임야,1983,144,29. 영림서 및 시ㆍ도별 임야 면적,IV. 농림ㆍ어업,동부,인천,en,2,0.9487,4,4,0.5,,시 Incheon City 5 1 ] 4
임야,1983,144,29. 영림서 및 시ㆍ도별 임야 면적,IV. 농림ㆍ어업,동부,제주,en,0,0.2711,102,102,1.0,,도 Jeju Do 102 31 2 10 [2 오?
임야,1983,144,29. 영림서 및 시ㆍ도별 임야 면적,IV. 농림ㆍ어업,동부,제주,en,1,0.3532,31,31,1.0,,도 Jeju Do 102 31 2 10 [2 오?
임야,1983,144,29. 영림서 및 시ㆍ도별 임야 면적,IV. 농림ㆍ어업,동부,제주,en,2,0.5113,2,2,1.0,,도 Jeju Do 102 31 2 10 [2 오?
임야,1983,144,29. 영림서 및 시ㆍ도별 임야 면적,IV. 농림ㆍ어업,동부,제주,en,3,0.5749,10,10,1.0,,도 Jeju Do 102 31 2 10 [2 오?
임야,1983,144,29. 영림서 및 시ㆍ도별 임야 면적,IV. 농림ㆍ어업,동부,제주,en,4,0.7228,[2,2,0.3,저신뢰,도 Jeju Do 102 31 2 10 [2 오?
임야,1983,144,29. 영림서 및 시ㆍ도별 임야 면적,IV. 농림ㆍ어업,동부,서울,en,0,0.2977,17,17,1.0,,섭울특별시 City of Seoul 17 14 2 O~1E
임야,1983,144,29. 영림서 및 시ㆍ도별 임야 면적,IV. 농림ㆍ어업,동부,서울,en,1,0.3552,14,14,1.0,,섭울특별시 City of Seoul 17 14 2 O~1E
임야,1983,144,29. 영림서 및 시ㆍ도별 임야 면적,IV. 농림ㆍ어업,동부,서울,en,2,0.4189,2,2,1.0,,섭울특별시 City of Seoul 17 14 2 O~1E
임야,1983,144,29. 영림서 및 시ㆍ도별 임야 면적,IV. 농림ㆍ어업,동부,부산,ko,0,0.2977,19,19,1.0,,부 산 시 Busan Clty 19 18 13 4 011
임야,1983,144,29. 영림서 및 시ㆍ도별 임야 면적,IV. 농림ㆍ어업,동부,부산,ko,1,0.3552,18,18,1.0,,부 산 시 Busan Clty 19 18 13 4 011
임야,1983,144,29. 영림서 및 시ㆍ도별 임야 면적,IV. 농림ㆍ어업,동부,부산,ko,2,0.4127,13,13,1.0,,부 산 시 Busan Clty 19 18 13 4 011
임야,1983,144,29. 영림서 및 시ㆍ도별 임야 면적,IV. 농림ㆍ어업,동부,부산,ko,3,0.5339,4,4,1.0,,부 산 시 Busan Clty 19 18 13 4 011
임야,1983,144,29. 영림서 및 시ㆍ도별 임야 면적,IV. 농림ㆍ어업,동부,부산,ko,4,0.6489,011,11,0.3,저신뢰,부 산 시 Busan Clty 19 18 13 4 011
임야,1983,144,29. 영림서 및 시ㆍ도별 임야 면적,IV. 농림ㆍ어업,동부,대구,ko,0,0.2977,24,24,1.0,,대 구 시 Daegu City 24 23 9 12
임야,1983,144,29. 영림서 및 시ㆍ도별 임야 면적,IV. 농림ㆍ어업,동부,대구,ko,1,0.3552,23,23,1.0,,대 구 시 Daegu City 24 23 9 12
임야,1983,144,29. 영림서 및 시ㆍ도별 임야 면적,IV. 농림ㆍ어업,동부,대구,ko,2,0.4189,9,9,1.0,,대 구 시 Daegu City 24 23 9 12
임야,1983,144,29. 영림서 및 시ㆍ도별 임야 면적,IV. 농림ㆍ어업,동부,대구,ko,3,0.5257,12,12,0.3,저신뢰,대 구 시 Daegu City 24 23 9 12
임야,1983,144,29. 영림서 및 시ㆍ도별 임야 면적,IV. 농림ㆍ어업,동부,인천,en,0,0.2895,570,570,1.0,,시 Incheon CIty 570 536 250 1 06 180 19
임야,1983,144,29. 영림서 및 시ㆍ도별 임야 면적,IV. 농림ㆍ어업,동부,인천,en,1,0.347,536,536,1.0,,시 Incheon CIty 570 536 250 1 06 180 19
임야,1983,144,29. 영림서 및 시ㆍ도별 임야 면적,IV. 농림ㆍ어업,동부,인천,en,2,0.4045,250,250,1.0,,시 Incheon CIty 570 536 250 1 06 180 19
임야,1983,144,29. 영림서 및 시ㆍ도별 임야 면적,IV. 농림ㆍ어업,동부,인천,en,3,0.46,1 06,106,0.3,저신뢰,시 Incheon CIty 570 536 250 1 06 180 19
임야,1983,144,29. 영림서 및 시ㆍ도별 임야 면적,IV. 농림ㆍ어업,동부,인천,en,4,0.5195,180,180,1.0,,시 Incheon CIty 570 536 250 1 06 180 19
임야,1983,144,29. 영림서 및 시ㆍ도별 임야 면적,IV. 농림ㆍ어업,동부,인천,en,5,0.6407,19,19,1.0,,시 Incheon CIty 570 536 250 1 06 180 19
임야,1984,136,32. 영림서 및 시ㆍ도별 임야 면적,IV. 농림ㆍ어업,동부,서울,ko,0,0.3121,16,16,0.3,저신뢰,서울특별시 Pusan-ykalsh Seoul-ttikpyolsh 16 6 4 11 10
임야,1984,136,32. 영림서 및 시ㆍ도별 임야 면적,IV. 농림ㆍ어업,동부,서울,ko,1,0.3963,6,6,1.0,,서울특별시 Pusan-ykalsh Seoul-ttikpyolsh 16 6 4 11 10
임야,1984,136,32. 영림서 및 시ㆍ도별 임야 면적,IV. 농림ㆍ어업,동부,서울,ko,2,0.4702,4,4,0.3,저신뢰,서울특별시 Pusan-ykalsh Seoul-ttikpyolsh 16 6 4 11 10
임야,1984,136,32. 영림서 및 시ㆍ도별 임야 면적,IV. 농림ㆍ어업,동부,서울,ko,3,0.6797,11,11,0.3,저신뢰,서울특별시 Pusan-ykalsh Seoul-ttikpyolsh 16 6 4 11 10
임야,1984,136,32. 영림서 및 시ㆍ도별 임야 면적,IV. 농림ㆍ어업,동부,서울,ko,4,0.9446,10,10,0.5,,서울특별시 Pusan-ykalsh Seoul-ttikpyolsh 16 6 4 11 10
임야,1984,136,32. 영림서 및 시ㆍ도별 임야 면적,IV. 농림ㆍ어업,동부,부산,ko,0,0.3121,19,19,1.0,,부산직할시 대구직할시 Taegu-uk'alshi 19 2 *600 17 16
임야,1984,136,32. 영림서 및 시ㆍ도별 임야 면적,IV. 농림ㆍ어업,동부,부산,ko,1,0.3942,2,2,1.0,,부산직할시 대구직할시 Taegu-uk'alshi 19 2 *600 17 16
임야,1984,136,32. 영림서 및 시ㆍ도별 임야 면적,IV. 농림ㆍ어업,동부,부산,ko,2,0.6838,17,17,0.3,저신뢰,부산직할시 대구직할시 Taegu-uk'alshi 19 2 *600 17 16
임야,1984,136,32. 영림서 및 시ㆍ도별 임야 면적,IV. 농림ㆍ어업,동부,부산,ko,3,0.9466,16,16,0.3,저신뢰,부산직할시 대구직할시 Taegu-uk'alshi 19 2 *600 17 16
임야,1984,136,32. 영림서 및 시ㆍ도별 임야 면적,IV. 농림ㆍ어업,동부,인천,en,0,0.3142,24,24,1.0,,일천직한실 Inch'on-ulk'alshu 24 24 0M 1 23
임야,1984,136,32. 영림서 및 시ㆍ도별 임야 면적,IV. 농림ㆍ어업,동부,인천,en,1,0.6838,24,24,1.0,,일천직한실 Inch'on-ulk'alshu 24 24 0M 1 23
임야,1984,136,32. 영림서 및 시ㆍ도별 임야 면적,IV. 농림ㆍ어업,동부,인천,en,2,0.8234,1,1,1.0,,일천직한실 Inch'on-ulk'alshu 24 24 0M 1 23
임야,1984,136,32. 영림서 및 시ㆍ도별 임야 면적,IV. 농림ㆍ어업,동부,인천,en,3,0.9446,23,23,1.0,,일천직한실 Inch'on-ulk'alshu 24 24 0M 1 23
임야,1984,136,32. 영림서 및 시ㆍ도별 임야 면적,IV. 농림ㆍ어업,동부,경기,en,0,0.3059,567,567,1.0,,돈 Kyonggi-do 567 50 280000~0 25 503 41 461
임야,1984,136,32. 영림서 및 시ㆍ도별 임야 면적,IV. 농림ㆍ어업,동부,경기,en,1,0.386,50,50,1.0,,돈 Kyonggi-do 567 50 280000~0 25 503 41 461
임야,1984,136,32. 영림서 및 시ㆍ도별 임야 면적,IV. 농림ㆍ어업,동부,경기,en,2,0.5359,25,25,1.0,,돈 Kyonggi-do 567 50 280000~0 25 503 41 461
임야,1984,136,32. 영림서 및 시ㆍ도별 임야 면적,IV. 농림ㆍ어업,동부,경기,en,3,0.6756,503,503,1.0,,돈 Kyonggi-do 567 50 280000~0 25 503 41 461
임야,1984,136,32. 영림서 및 시ㆍ도별 임야 면적,IV. 농림ㆍ어업,동부,경기,en,4,0.7433,41,41,0.3,저신뢰,돈 Kyonggi-do 567 50 280000~0 25 503 41 461
임야,1984,136,32. 영림서 및 시ㆍ도별 임야 면적,IV. 농림ㆍ어업,동부,경기,en,5,0.9363,461,461,0.5,,돈 Kyonggi-do 567 50 280000~0 25 503 41 461
임야,1984,136,32. 영림서 및 시ㆍ도별 임야 면적,IV. 농림ㆍ어업,동부,충북,en,0,0.3059,510,510,1.0,,Ch'ungch'ongbuk-do 510 67 63 443 82 361
임야,1984,136,32. 영림서 및 시ㆍ도별 임야 면적,IV. 농림ㆍ어업,동부,충북,en,1,0.386,67,67,1.0,,Ch'ungch'ongbuk-do 510 67 63 443 82 361
임야,1984,136,32. 영림서 및 시ㆍ도별 임야 면적,IV. 농림ㆍ어업,동부,충북,en,2,0.5359,63,63,0.5,,Ch'ungch'ongbuk-do 510 67 63 443 82 361
임야,1984,136,32. 영림서 및 시ㆍ도별 임야 면적,IV. 농림ㆍ어업,동부,충북,en,3,0.6735,443,443,0.5,,Ch'ungch'ongbuk-do 510 67 63 443 82 361
임야,1984,136,32. 영림서 및 시ㆍ도별 임야 면적,IV. 농림ㆍ어업,동부,충북,en,4,0.7433,82,82,1.0,,Ch'ungch'ongbuk-do 510 67 63 443 82 361
임야,1984,136,32. 영림서 및 시ㆍ도별 임야 면적,IV. 농림ㆍ어업,동부,충북,en,5,0.9384,361,361,1.0,,Ch'ungch'ongbuk-do 510 67 63 443 82 361
임야,1984,136,32. 영림서 및 시ㆍ도별 임야 면적,IV. 농림ㆍ어업,동부,충남,en,0,0.3059,482,482,1.0,,Ch'ungch'ongnam-d 482 23 18 460 ?6 434
임야,1984,136,32. 영림서 및 시ㆍ도별 임야 면적,IV. 농림ㆍ어업,동부,충남,en,1,0.3881,23,23,1.0,,Ch'ungch'ongnam-d 482 23 18 460 ?6 434
임야,1984,136,32. 영림서 및 시ㆍ도별 임야 면적,IV. 농림ㆍ어업,동부,충남,en,2,0.5359,18,18,1.0,,Ch'ungch'ongnam-d 482 23 18 460 ?6 434
임야,1984,136,32. 영림서 및 시ㆍ도별 임야 면적,IV. 농림ㆍ어업,동부,충남,en,3,0.6756,460,460,1.0,,Ch'ungch'ongnam-d 482 23 18 460 ?6 434
임야,1984,136,32. 영림서 및 시ㆍ도별 임야 면적,IV. 농림ㆍ어업,동부,충남,en,4,0.9384,434,434,1.0,,Ch'ungch'ongnam-d 482 23 18 460 ?6 434
임야,1984,136,32. 영림서 및 시ㆍ도별 임야 면적,IV. 농림ㆍ어업,동부,경북,en,0,0.2895,3 242,3242,0.3,저신뢰,Kyongsangbuk-do 3 242 75 65 1 i6L 119 1 043
임야,1984,136,32. 영림서 및 시ㆍ도별 임야 면적,IV. 농림ㆍ어업,동부,경북,en,1,0.386,75,75,1.0,,Kyongsangbuk-do 3 242 75 65 1 i6L 119 1 043
임야,1984,136,32. 영림서 및 시ㆍ도별 임야 면적,IV. 농림ㆍ어업,동부,경북,en,2,0.5359,65,65,1.0,,Kyongsangbuk-do 3 242 75 65 1 i6L 119 1 043
임야,1984,136,32. 영림서 및 시ㆍ도별 임야 면적,IV. 농림ㆍ어업,동부,경북,en,3,0.7351,119,119,0.3,저신뢰,Kyongsangbuk-do 3 242 75 65 1 i6L 119 1 043
임야,1984,136,32. 영림서 및 시ㆍ도별 임야 면적,IV. 농림ㆍ어업,동부,경북,en,4,0.9199,1 043,1043,0.5,,Kyongsangbuk-do 3 242 75 65 1 i6L 119 1 043
임야,1984,136,32. 영림서 및 시ㆍ도별 임야 면적,IV. 농림ㆍ어업,동부,경남,en,0,0.3059,790,790,1.0,,제상돛 Kyongsangnam-do 790 40 24 750 48 702
임야,1984,136,32. 영림서 및 시ㆍ도별 임야 면적,IV. 농림ㆍ어업,동부,경남,en,1,0.386,40,40,0.3,저신뢰,제상돛 Kyongsangnam-do 790 40 24 750 48 702
임야,1984,136,32. 영림서 및 시ㆍ도별 임야 면적,IV. 농림ㆍ어업,동부,경남,en,2,0.5339,24,24,1.0,,제상돛 Kyongsangnam-do 790 40 24 750 48 702
임야,1984,136,32. 영림서 및 시ㆍ도별 임야 면적,IV. 농림ㆍ어업,동부,경남,en,3,0.6756,750,750,1.0,,제상돛 Kyongsangnam-do 790 40 24 750 48 702
임야,1984,136,32. 영림서 및 시ㆍ도별 임야 면적,IV. 농림ㆍ어업,동부,경남,en,4,0.7413,48,48,1.0,,제상돛 Kyongsangnam-do 790 40 24 750 48 702
임야,1984,136,32. 영림서 및 시ㆍ도별 임야 면적,IV. 농림ㆍ어업,동부,경남,en,5,0.9363,702,702,1.0,,제상돛 Kyongsangnam-do 790 40 24 750 48 702
임야,1984,136,32. 영림서 및 시ㆍ도별 임야 면적,IV. 농림ㆍ어업,동부,제주,en,0,0.3059,102,102,1.0,,도 • Cheju-do 102 31 1? 2 l0 12 12 60
임야,1984,136,32. 영림서 및 시ㆍ도별 임야 면적,IV. 농림ㆍ어업,동부,제주,en,1,0.386,31,31,0.5,,도 • Cheju-do 102 31 1? 2 l0 12 12 60
임야,1984,136,32. 영림서 및 시ㆍ도별 임야 면적,IV. 농림ㆍ어업,동부,제주,en,2,0.54,2,2,1.0,,도 • Cheju-do 102 31 1? 2 l0 12 12 60
임야,1984,136,32. 영림서 및 시ㆍ도별 임야 면적,IV. 농림ㆍ어업,동부,제주,en,3,0.7433,12,12,1.0,,도 • Cheju-do 102 31 1? 2 l0 12 12 60
임야,1984,136,32. 영림서 및 시ㆍ도별 임야 면적,IV. 농림ㆍ어업,동부,제주,en,4,0.8706,12,12,1.0,,도 • Cheju-do 102 31 1? 2 l0 12 12 60
임야,1984,136,32. 영림서 및 시ㆍ도별 임야 면적,IV. 농림ㆍ어업,동부,제주,en,5,0.9466,60,60,0.3,저신뢰,도 • Cheju-do 102 31 1? 2 l0 12 12 60
임야,1984,136,32. 영림서 및 시ㆍ도별 임야 면적,IV. 농림ㆍ어업,동부,서울,ko,0,0.3121,16,16,1.0,,서울특별시 Seoul-ttcpyaishi 16 14 2 3
임야,1984,136,32. 영림서 및 시ㆍ도별 임야 면적,IV. 농림ㆍ어업,동부,서울,ko,1,0.3717,14,14,1.0,,서울특별시 Seoul-ttcpyaishi 16 14 2 3
임야,1984,136,32. 영림서 및 시ㆍ도별 임야 면적,IV. 농림ㆍ어업,동부,서울,ko,2,0.4353,2,2,0.5,,서울특별시 Seoul-ttcpyaishi 16 14 2 3
임야,1984,136,32. 영림서 및 시ㆍ도별 임야 면적,IV. 농림ㆍ어업,동부,서울,ko,3,0.9507,3,3,1.0,,서울특별시 Seoul-ttcpyaishi 16 14 2 3
임야,1984,136,32. 영림서 및 시ㆍ도별 임야 면적,IV. 농림ㆍ어업,동부,부산,ko,0,0.3121,19,19,1.0,,부산직할시 Pusan-jik'alshi 19 IR 13 1
임야,1984,136,32. 영림서 및 시ㆍ도별 임야 면적,IV. 농림ㆍ어업,동부,부산,ko,1,0.4292,13,13,1.0,,부산직할시 Pusan-jik'alshi 19 IR 13 1
임야,1984,136,32. 영림서 및 시ㆍ도별 임야 면적,IV. 농림ㆍ어업,동부,부산,ko,2,0.6653,1,1,0.3,저신뢰,부산직할시 Pusan-jik'alshi 19 IR 13 1
임야,1984,136,32. 영림서 및 시ㆍ도별 임야 면적,IV. 농림ㆍ어업,동부,대구,ko,0,0.3121,24,24,1.0,,대구직할사 Taegu-pk'alsh 24 23 9
임야,1984,136,32. 영림서 및 시ㆍ도별 임야 면적,IV. 농림ㆍ어업,동부,대구,ko,1,0.3696,23,23,1.0,,대구직할사 Taegu-pk'alsh 24 23 9
임야,1984,136,32. 영림서 및 시ㆍ도별 임야 면적,IV. 농림ㆍ어업,동부,대구,ko,2,0.4353,9,9,0.3,저신뢰,대구직할사 Taegu-pk'alsh 24 23 9
임야,1984,136,32. 영림서 및 시ㆍ도별 임야 면적,IV. 농림ㆍ어업,동부,인천,ko,0,0.3224,5,5,1.0,,인천직할시 Inch'on-jilkalsh 5 5 3
임야,1984,136,32. 영림서 및 시ㆍ도별 임야 면적,IV. 농림ㆍ어업,동부,인천,ko,1,0.3799,5,5,0.3,저신뢰,인천직할시 Inch'on-jilkalsh 5 5 3
임야,1984,136,32. 영림서 및 시ㆍ도별 임야 면적,IV. 농림ㆍ어업,동부,인천,ko,2,0.4374,3,3,0.5,,인천직할시 Inch'on-jilkalsh 5 5 3
임야,1984,136,32. 영림서 및 시ㆍ도별 임야 면적,IV. 농림ㆍ어업,동부,전북,en,0,0.3059,437,437,1.0,,Chollabuk-do 437 431 276 76 79 0 5
임야,1984,136,32. 영림서 및 시ㆍ도별 임야 면적,IV. 농림ㆍ어업,동부,전북,en,1,0.3634,431,431,0.5,,Chollabuk-do 437 431 276 76 79 0 5
임야,1984,136,32. 영림서 및 시ㆍ도별 임야 면적,IV. 농림ㆍ어업,동부,전북,en,2,0.4209,276,276,1.0,,Chollabuk-do 437 431 276 76 79 0 5
임야,1984,136,32. 영림서 및 시ㆍ도별 임야 면적,IV. 농림ㆍ어업,동부,전북,en,3,0.4846,76,76,1.0,,Chollabuk-do 437 431 276 76 79 0 5
임야,1984,136,32. 영림서 및 시ㆍ도별 임야 면적,IV. 농림ㆍ어업,동부,전북,en,4,0.5442,79,79,1.0,,Chollabuk-do 437 431 276 76 79 0 5
임야,1984,136,32. 영림서 및 시ㆍ도별 임야 면적,IV. 농림ㆍ어업,동부,전북,en,5,0.7782,0,0,1.0,,Chollabuk-do 437 431 276 76 79 0 5
임야,1984,136,32. 영림서 및 시ㆍ도별 임야 면적,IV. 농림ㆍ어업,동부,전북,en,6,0.9487,5,5,1.0,,Chollabuk-do 437 431 276 76 79 0 5
임야,1984,136,32. 영림서 및 시ㆍ도별 임야 면적,IV. 농림ㆍ어업,동부,전남,en,0,0.3059,729,729,1.0,,Chollanam-do 729 703 538 ?? 86 23 18
임야,1984,136,32. 영림서 및 시ㆍ도별 임야 면적,IV. 농림ㆍ어업,동부,전남,en,1,0.3634,703,703,1.0,,Chollanam-do 729 703 538 ?? 86 23 18
임야,1984,136,32. 영림서 및 시ㆍ도별 임야 면적,IV. 농림ㆍ어업,동부,전남,en,2,0.4209,538,538,1.0,,Chollanam-do 729 703 538 ?? 86 23 18
임야,1984,136,32. 영림서 및 시ㆍ도별 임야 면적,IV. 농림ㆍ어업,동부,전남,en,3,0.5421,86,86,1.0,,Chollanam-do 729 703 538 ?? 86 23 18
임야,1984,136,32. 영림서 및 시ㆍ도별 임야 면적,IV. 농림ㆍ어업,동부,전남,en,4,0.6571,23,23,1.0,,Chollanam-do 729 703 538 ?? 86 23 18
임야,1984,136,32. 영림서 및 시ㆍ도별 임야 면적,IV. 농림ㆍ어업,동부,전남,en,5,0.9405,18,18,1.0,,Chollanam-do 729 703 538 ?? 86 23 18
임야,1984,136,32. 영림서 및 시ㆍ도별 임야 면적,IV. 농림ㆍ어업,동부,경북,en,0,0.2895,1 242,1242,0.5,,Kyongsangbuk-do 1 242 I 215 • 577 136 502 2? 1t 8
임야,1984,136,32. 영림서 및 시ㆍ도별 임야 면적,IV. 농림ㆍ어업,동부,경북,en,1,0.4189,577,577,1.0,,Kyongsangbuk-do 1 242 I 215 • 577 136 502 2? 1t 8
임야,1984,136,32. 영림서 및 시ㆍ도별 임야 면적,IV. 농림ㆍ어업,동부,경북,en,2,0.4764,136,136,0.5,,Kyongsangbuk-do 1 242 I 215 • 577 136 502 2? 1t 8
임야,1984,136,32. 영림서 및 시ㆍ도별 임야 면적,IV. 농림ㆍ어업,동부,경북,en,3,0.5339,502,502,1.0,,Kyongsangbuk-do 1 242 I 215 • 577 136 502 2? 1t 8
임야,1984,136,32. 영림서 및 시ㆍ도별 임야 면적,IV. 농림ㆍ어업,동부,경북,en,4,0.9487,8,8,1.0,,Kyongsangbuk-do 1 242 I 215 • 577 136 502 2? 1t 8
임야,1984,136,32. 영림서 및 시ㆍ도별 임야 면적,IV. 농림ㆍ어업,동부,경남,en,0,0.3039,790,790,1.0,,Kyongsangnam-do 790 776 305 130 249 15 50
임야,1984,136,32. 영림서 및 시ㆍ도별 임야 면적,IV. 농림ㆍ어업,동부,경남,en,1,0.3634,776,776,1.0,,Kyongsangnam-do 790 776 305 130 249 15 50
임야,1984,136,32. 영림서 및 시ㆍ도별 임야 면적,IV. 농림ㆍ어업,동부,경남,en,2,0.4209,305,305,0.5,,Kyongsangnam-do 790 776 305 130 249 15 50
임야,1984,136,32. 영림서 및 시ㆍ도별 임야 면적,IV. 농림ㆍ어업,동부,경남,en,3,0.4784,130,130,1.0,,Kyongsangnam-do 790 776 305 130 249 15 50
임야,1984,136,32. 영림서 및 시ㆍ도별 임야 면적,IV. 농림ㆍ어업,동부,경남,en,4,0.5339,249,249,0.3,저신뢰,Kyongsangnam-do 790 776 305 130 249 15 50
임야,1984,136,32. 영림서 및 시ㆍ도별 임야 면적,IV. 농림ㆍ어업,동부,경남,en,5,0.6571,15,15,1.0,,Kyongsangnam-do 790 776 305 130 249 15 50
임야,1984,136,32. 영림서 및 시ㆍ도별 임야 면적,IV. 농림ㆍ어업,동부,경남,en,6,0.9405,50,50,0.3,저신뢰,Kyongsangnam-do 790 776 305 130 249 15 50
임야,1984,136,32. 영림서 및 시ㆍ도별 임야 면적,IV. 농림ㆍ어업,동부,제주,en,0,0.3039,102,102,1.0,,Cheju-do 102 62 25 2? 41 35
임야,1984,136,32. 영림서 및 시ㆍ도별 임야 면적,IV. 농림ㆍ어업,동부,제주,en,1,0.3717,62,62,1.0,,Cheju-do 102 62 25 2? 41 35
임야,1984,136,32. 영림서 및 시ㆍ도별 임야 면적,IV. 농림ㆍ어업,동부,제주,en,2,0.4271,25,25,1.0,,Cheju-do 102 62 25 2? 41 35
임야,1984,136,32. 영림서 및 시ㆍ도별 임야 면적,IV. 농림ㆍ어업,동부,제주,en,3,0.6571,41,41,1.0,,Cheju-do 102 62 25 2? 41 35
임야,1984,136,32. 영림서 및 시ㆍ도별 임야 면적,IV. 농림ㆍ어업,동부,제주,en,4,0.8275,35,35,1.0,,Cheju-do 102 62 25 2? 41 35
임야,1985,136,32. 영림서 및 시ㆍ도별 임야 면적,IV. 농림ㆍ어업,동부,서울,ko,0,0.2895,16,16,1.0,,서울특별시 Seoul-tukpyalshi 16 4 =l0
임야,1985,136,32. 영림서 및 시ㆍ도별 임야 면적,IV. 농림ㆍ어업,동부,서울,ko,1,0.4456,4,4,1.0,,서울특별시 Seoul-tukpyalshi 16 4 =l0
임야,1985,136,32. 영림서 및 시ㆍ도별 임야 면적,IV. 농림ㆍ어업,동부,부산,ko,0,0.2895,19,19,1.0,,부산직할시 Pusan-jk'alsh 19 17 16
임야,1985,136,32. 영림서 및 시ㆍ도별 임야 면적,IV. 농림ㆍ어업,동부,부산,ko,1,0.6571,17,17,1.0,,부산직할시 Pusan-jk'alsh 19 17 16
임야,1985,136,32. 영림서 및 시ㆍ도별 임야 면적,IV. 농림ㆍ어업,동부,부산,ko,2,0.9302,16,16,1.0,,부산직할시 Pusan-jk'alsh 19 17 16
임야,1985,136,32. 영림서 및 시ㆍ도별 임야 면적,IV. 농림ㆍ어업,동부,대구,ko,0,0.2895,24,24,1.0,,대구직할시 Taegu-jlkialshl 24 0 24 23
임야,1985,136,32. 영림서 및 시ㆍ도별 임야 면적,IV. 농림ㆍ어업,동부,대구,ko,1,0.4456,0,0,0.5,,대구직할시 Taegu-jlkialshl 24 0 24 23
임야,1985,136,32. 영림서 및 시ㆍ도별 임야 면적,IV. 농림ㆍ어업,동부,대구,ko,2,0.6571,24,24,0.5,,대구직할시 Taegu-jlkialshl 24 0 24 23
임야,1985,136,32. 영림서 및 시ㆍ도별 임야 면적,IV. 농림ㆍ어업,동부,대구,ko,3,0.9322,23,23,1.0,,대구직할시 Taegu-jlkialshl 24 0 24 23
임야,1985,136,32. 영림서 및 시ㆍ도별 임야 면적,IV. 농림ㆍ어업,동부,인천,ko,0,0.2957,5,5,1.0,,인천직할시 Inch'on-jkalshi 5 1O 4 4
임야,1985,136,32. 영림서 및 시ㆍ도별 임야 면적,IV. 농림ㆍ어업,동부,인천,ko,1,0.6653,4,4,1.0,,인천직할시 Inch'on-jkalshi 5 1O 4 4
임야,1985,136,32. 영림서 및 시ㆍ도별 임야 면적,IV. 농림ㆍ어업,동부,인천,ko,2,0.9384,4,4,1.0,,인천직할시 Inch'on-jkalshi 5 1O 4 4
임야,1985,136,32. 영림서 및 시ㆍ도별 임야 면적,IV. 농림ㆍ어업,동부,경기,en,0,0.2813,552,552,1.0,,지 도 Kyonggi-do 552 24 501 31 11 460
임야,1985,136,32. 영림서 및 시ㆍ도별 임야 면적,IV. 농림ㆍ어업,동부,경기,en,1,0.5092,24,24,1.0,,지 도 Kyonggi-do 552 24 501 31 11 460
임야,1985,136,32. 영림서 및 시ㆍ도별 임야 면적,IV. 농림ㆍ어업,동부,경기,en,2,0.6509,501,501,1.0,,지 도 Kyonggi-do 552 24 501 31 11 460
임야,1985,136,32. 영림서 및 시ㆍ도별 임야 면적,IV. 농림ㆍ어업,동부,경기,en,3,0.8049,31,31,0.5,,지 도 Kyonggi-do 552 24 501 31 11 460
임야,1985,136,32. 영림서 및 시ㆍ도별 임야 면적,IV. 농림ㆍ어업,동부,경기,en,4,0.8583,11,11,0.5,,지 도 Kyonggi-do 552 24 501 31 11 460
임야,1985,136,32. 영림서 및 시ㆍ도별 임야 면적,IV. 농림ㆍ어업,동부,경기,en,5,0.922,460,460,1.0,,지 도 Kyonggi-do 552 24 501 31 11 460
임야,1985,136,32. 영림서 및 시ㆍ도별 임야 면적,IV. 농림ㆍ어업,동부,경북,en,0,0.2793,724,724,1.0,,Kyongsangbuk-do늉 724 37 664 34 10 23 630
임야,1985,136,32. 영림서 및 시ㆍ도별 임야 면적,IV. 농림ㆍ어업,동부,경북,en,1,0.5113,37,37,1.0,,Kyongsangbuk-do늉 724 37 664 34 10 23 630
임야,1985,136,32. 영림서 및 시ㆍ도별 임야 면적,IV. 농림ㆍ어업,동부,경북,en,2,0.6489,664,664,0.3,저신뢰,Kyongsangbuk-do늉 724 37 664 34 10 23 630
임야,1985,136,32. 영림서 및 시ㆍ도별 임야 면적,IV. 농림ㆍ어업,동부,경북,en,3,0.7269,34,34,1.0,,Kyongsangbuk-do늉 724 37 664 34 10 23 630
임야,1985,136,32. 영림서 및 시ㆍ도별 임야 면적,IV. 농림ㆍ어업,동부,경북,en,4,0.8029,10,10,0.3,저신뢰,Kyongsangbuk-do늉 724 37 664 34 10 23 630
임야,1985,136,32. 영림서 및 시ㆍ도별 임야 면적,IV. 농림ㆍ어업,동부,경북,en,5,0.8583,23,23,1.0,,Kyongsangbuk-do늉 724 37 664 34 10 23 630
임야,1985,136,32. 영림서 및 시ㆍ도별 임야 면적,IV. 농림ㆍ어업,동부,경북,en,6,0.922,630,630,0.5,,Kyongsangbuk-do늉 724 37 664 34 10 23 630
임야,1985,136,32. 영림서 및 시ㆍ도별 임야 면적,IV. 농림ㆍ어업,동부,경남,en,0,0.2813,790,790,1.0,,Kyongsangnam-do 790 24 750 48 16 32 702
임야,1985,136,32. 영림서 및 시ㆍ도별 임야 면적,IV. 농림ㆍ어업,동부,경남,en,1,0.5113,24,24,1.0,,Kyongsangnam-do 790 24 750 48 16 32 702
임야,1985,136,32. 영림서 및 시ㆍ도별 임야 면적,IV. 농림ㆍ어업,동부,경남,en,2,0.6509,750,750,1.0,,Kyongsangnam-do 790 24 750 48 16 32 702
임야,1985,136,32. 영림서 및 시ㆍ도별 임야 면적,IV. 농림ㆍ어업,동부,경남,en,3,0.7289,48,48,1.0,,Kyongsangnam-do 790 24 750 48 16 32 702
임야,1985,136,32. 영림서 및 시ㆍ도별 임야 면적,IV. 농림ㆍ어업,동부,경남,en,4,0.8049,16,16,1.0,,Kyongsangnam-do 790 24 750 48 16 32 702
임야,1985,136,32. 영림서 및 시ㆍ도별 임야 면적,IV. 농림ㆍ어업,동부,경남,en,5,0.8563,32,32,1.0,,Kyongsangnam-do 790 24 750 48 16 32 702
임야,1985,136,32. 영림서 및 시ㆍ도별 임야 면적,IV. 농림ㆍ어업,동부,경남,en,6,0.9179,702,702,1.0,,Kyongsangnam-do 790 24 750 48 16 32 702
임야,1985,136,32. 영림서 및 시ㆍ도별 임야 면적,IV. 농림ㆍ어업,동부,제주,en,0,0.2813,102,102,1.0,,Cheju-&o 102 19 2 10 71 12 12
임야,1985,136,32. 영림서 및 시ㆍ도별 임야 면적,IV. 농림ㆍ어업,동부,제주,en,1,0.4353,19,19,1.0,,Cheju-&o 102 19 2 10 71 12 12
임야,1985,136,32. 영림서 및 시ㆍ도별 임야 면적,IV. 농림ㆍ어업,동부,제주,en,2,0.5216,2,2,1.0,,Cheju-&o 102 19 2 10 71 12 12
임야,1985,136,32. 영림서 및 시ㆍ도별 임야 면적,IV. 농림ㆍ어업,동부,제주,en,3,0.5832,10,10,1.0,,Cheju-&o 102 19 2 10 71 12 12
임야,1985,136,32. 영림서 및 시ㆍ도별 임야 면적,IV. 농림ㆍ어업,동부,제주,en,4,0.655,71,71,0.3,저신뢰,Cheju-&o 102 19 2 10 71 12 12
임야,1985,136,32. 영림서 및 시ㆍ도별 임야 면적,IV. 농림ㆍ어업,동부,제주,en,5,0.7289,12,12,0.5,,Cheju-&o 102 19 2 10 71 12 12
임야,1985,136,32. 영림서 및 시ㆍ도별 임야 면적,IV. 농림ㆍ어업,동부,제주,en,6,0.8583,12,12,1.0,,Cheju-&o 102 19 2 10 71 12 12
임야,1985,136,32. 영림서 및 시ㆍ도별 임야 면적,IV. 농림ㆍ어업,동부,서울,ko,0,0.3655,14,14,1.0,,서울특별시 Seoul-t*tkpyolsh 14 2 OktE 0
임야,1985,136,32. 영림서 및 시ㆍ도별 임야 면적,IV. 농림ㆍ어업,동부,서울,ko,1,0.4292,2,2,1.0,,서울특별시 Seoul-t*tkpyolsh 14 2 OktE 0
임야,1985,136,32. 영림서 및 시ㆍ도별 임야 면적,IV. 농림ㆍ어업,동부,서울,ko,2,0.8296,0,0,0.5,,서울특별시 Seoul-t*tkpyolsh 14 2 OktE 0
임야,1985,136,32. 영림서 및 시ㆍ도별 임야 면적,IV. 농림ㆍ어업,동부,부산,ko,0,0.308,19,19,1.0,,부산직할시 Pusan-jlk alshi 19 17 13
임야,1985,136,32. 영림서 및 시ㆍ도별 임야 면적,IV. 농림ㆍ어업,동부,부산,ko,1,0.3655,17,17,0.5,,부산직할시 Pusan-jlk alshi 19 17 13
임야,1985,136,32. 영림서 및 시ㆍ도별 임야 면적,IV. 농림ㆍ어업,동부,부산,ko,2,0.4209,13,13,1.0,,부산직할시 Pusan-jlk alshi 19 17 13
임야,1985,136,32. 영림서 및 시ㆍ도별 임야 면적,IV. 농림ㆍ어업,동부,대구,ko,0,0.3059,24,24,1.0,,대구직할시 Taegu-jk'alshi 24 23
임야,1985,136,32. 영림서 및 시ㆍ도별 임야 면적,IV. 농림ㆍ어업,동부,대구,ko,1,0.3634,23,23,0.3,저신뢰,대구직할시 Taegu-jk'alshi 24 23
임야,1985,136,32. 영림서 및 시ㆍ도별 임야 면적,IV. 농림ㆍ어업,동부,인천,ko,0,0.3717,5,5,1.0,,인천직할사 Inch'on-jk'alshi 5
임야,1985,136,32. 영림서 및 시ㆍ도별 임야 면적,IV. 농림ㆍ어업,동부,경기,ko,0,0.2977,552,552,1.0,,경 기 Kyonggl-do 552 534 258 102 173 18 1
임야,1985,136,32. 영림서 및 시ㆍ도별 임야 면적,IV. 농림ㆍ어업,동부,경기,ko,1,0.3552,534,534,1.0,,경 기 Kyonggl-do 552 534 258 102 173 18 1
임야,1985,136,32. 영림서 및 시ㆍ도별 임야 면적,IV. 농림ㆍ어업,동부,경기,ko,2,0.4127,258,258,1.0,,경 기 Kyonggl-do 552 534 258 102 173 18 1
임야,1985,136,32. 영림서 및 시ㆍ도별 임야 면적,IV. 농림ㆍ어업,동부,경기,ko,3,0.4702,102,102,0.5,,경 기 Kyonggl-do 552 534 258 102 173 18 1
임야,1985,136,32. 영림서 및 시ㆍ도별 임야 면적,IV. 농림ㆍ어업,동부,경기,ko,4,0.5277,173,173,0.5,,경 기 Kyonggl-do 552 534 258 102 173 18 1
임야,1985,136,32. 영림서 및 시ㆍ도별 임야 면적,IV. 농림ㆍ어업,동부,경기,ko,5,0.6509,18,18,1.0,,경 기 Kyonggl-do 552 534 258 102 173 18 1
임야,1985,136,32. 영림서 및 시ㆍ도별 임야 면적,IV. 농림ㆍ어업,동부,경기,ko,6,0.77,1,1,0.3,저신뢰,경 기 Kyonggl-do 552 534 258 102 173 18 1
임야,1985,136,32. 영림서 및 시ㆍ도별 임야 면적,IV. 농림ㆍ어업,동부,전북,en,0,0.2998,436,436,0.5,,Chollabuk-do 436 429 274 76 78 0 0010 6
임야,1985,136,32. 영림서 및 시ㆍ도별 임야 면적,IV. 농림ㆍ어업,동부,전북,en,1,0.3573,429,429,0.5,,Chollabuk-do 436 429 274 76 78 0 0010 6
임야,1985,136,32. 영림서 및 시ㆍ도별 임야 면적,IV. 농림ㆍ어업,동부,전북,en,2,0.4127,274,274,1.0,,Chollabuk-do 436 429 274 76 78 0 0010 6
임야,1985,136,32. 영림서 및 시ㆍ도별 임야 면적,IV. 농림ㆍ어업,동부,전북,en,3,0.4784,76,76,1.0,,Chollabuk-do 436 429 274 76 78 0 0010 6
임야,1985,136,32. 영림서 및 시ㆍ도별 임야 면적,IV. 농림ㆍ어업,동부,전북,en,4,0.5359,78,78,1.0,,Chollabuk-do 436 429 274 76 78 0 0010 6
임야,1985,136,32. 영림서 및 시ㆍ도별 임야 면적,IV. 농림ㆍ어업,동부,전북,en,5,0.7721,0,0,0.5,,Chollabuk-do 436 429 274 76 78 0 0010 6
임야,1985,136,32. 영림서 및 시ㆍ도별 임야 면적,IV. 농림ㆍ어업,동부,전북,en,6,0.8275,0010,10,0.3,저신뢰,Chollabuk-do 436 429 274 76 78 0 0010 6
임야,1985,136,32. 영림서 및 시ㆍ도별 임야 면적,IV. 농림ㆍ어업,동부,전북,en,7,0.9425,6,6,1.0,,Chollabuk-do 436 429 274 76 78 0 0010 6
임야,1985,136,32. 영림서 및 시ㆍ도별 임야 면적,IV. 농림ㆍ어업,동부,전남,en,0,0.2977,724,724,0.5,,Chollanam-do 724 701 535 78 86 1090 18
임야,1985,136,32. 영림서 및 시ㆍ도별 임야 면적,IV. 농림ㆍ어업,동부,전남,en,1,0.3573,701,701,1.0,,Chollanam-do 724 701 535 78 86 1090 18
임야,1985,136,32. 영림서 및 시ㆍ도별 임야 면적,IV. 농림ㆍ어업,동부,전남,en,2,0.4127,535,535,1.0,,Chollanam-do 724 701 535 78 86 1090 18
임야,1985,136,32. 영림서 및 시ㆍ도별 임야 면적,IV. 농림ㆍ어업,동부,전남,en,3,0.4784,78,78,1.0,,Chollanam-do 724 701 535 78 86 1090 18
임야,1985,136,32. 영림서 및 시ㆍ도별 임야 면적,IV. 농림ㆍ어업,동부,전남,en,4,0.5359,86,86,1.0,,Chollanam-do 724 701 535 78 86 1090 18
임야,1985,136,32. 영림서 및 시ㆍ도별 임야 면적,IV. 농림ㆍ어업,동부,전남,en,5,0.7683,1090,1090,0.3,저신뢰,Chollanam-do 724 701 535 78 86 1090 18
임야,1985,136,32. 영림서 및 시ㆍ도별 임야 면적,IV. 농림ㆍ어업,동부,전남,en,6,0.9343,18,18,1.0,,Chollanam-do 724 701 535 78 86 1090 18
임야,1985,136,32. 영림서 및 시ㆍ도별 임야 면적,IV. 농림ㆍ어업,동부,경북,en,0,0.2834,1 241,1241,0.3,저신뢰,Kyongsangbuk-do 1 241 1 219 580 141 498
임야,1985,136,32. 영림서 및 시ㆍ도별 임야 면적,IV. 농림ㆍ어업,동부,경북,en,1,0.3388,1 219,1219,1.0,,Kyongsangbuk-do 1 241 1 219 580 141 498
임야,1985,136,32. 영림서 및 시ㆍ도별 임야 면적,IV. 농림ㆍ어업,동부,경북,en,2,0.4127,580,580,1.0,,Kyongsangbuk-do 1 241 1 219 580 141 498
임야,1985,136,32. 영림서 및 시ㆍ도별 임야 면적,IV. 농림ㆍ어업,동부,경북,en,3,0.4702,141,141,1.0,,Kyongsangbuk-do 1 241 1 219 580 141 498
임야,1985,136,32. 영림서 및 시ㆍ도별 임야 면적,IV. 농림ㆍ어업,동부,경북,en,4,0.5236,498,498,0.5,,Kyongsangbuk-do 1 241 1 219 580 141 498
임야,1985,136,32. 영림서 및 시ㆍ도별 임야 면적,IV. 농림ㆍ어업,동부,경남,en,0,0.2998,790,790,1.0,,Kyongsangnam-do 790 771 394 129 247 19 ST
임야,1985,136,32. 영림서 및 시ㆍ도별 임야 면적,IV. 농림ㆍ어업,동부,경남,en,1,0.3552,771,771,1.0,,Kyongsangnam-do 790 771 394 129 247 19 ST
임야,1985,136,32. 영림서 및 시ㆍ도별 임야 면적,IV. 농림ㆍ어업,동부,경남,en,2,0.4127,394,394,1.0,,Kyongsangnam-do 790 771 394 129 247 19 ST
임야,1985,136,32. 영림서 및 시ㆍ도별 임야 면적,IV. 농림ㆍ어업,동부,경남,en,3,0.4702,129,129,0.5,,Kyongsangnam-do 790 771 394 129 247 19 ST
임야,1985,136,32. 영림서 및 시ㆍ도별 임야 면적,IV. 농림ㆍ어업,동부,경남,en,4,0.5236,247,247,0.5,,Kyongsangnam-do 790 771 394 129 247 19 ST
임야,1985,136,32. 영림서 및 시ㆍ도별 임야 면적,IV. 농림ㆍ어업,동부,경남,en,5,0.6489,19,19,1.0,,Kyongsangnam-do 790 771 394 129 247 19 ST
임야,1985,136,32. 영림서 및 시ㆍ도별 임야 면적,IV. 농림ㆍ어업,동부,제주,en,0,0.2977,102,102,0.5,,주 Cheju- do 102 63 26 27' 9 39 33
임야,1985,136,32. 영림서 및 시ㆍ도별 임야 면적,IV. 농림ㆍ어업,동부,제주,en,1,0.3634,63,63,1.0,,주 Cheju- do 102 63 26 27' 9 39 33
임야,1985,136,32. 영림서 및 시ㆍ도별 임야 면적,IV. 농림ㆍ어업,동부,제주,en,2,0.4209,26,26,1.0,,주 Cheju- do 102 63 26 27' 9 39 33
임야,1985,136,32. 영림서 및 시ㆍ도별 임야 면적,IV. 농림ㆍ어업,동부,제주,en,3,0.5421,9,9,1.0,,주 Cheju- do 102 63 26 27' 9 39 33
임야,1985,136,32. 영림서 및 시ㆍ도별 임야 면적,IV. 농림ㆍ어업,동부,제주,en,4,0.6489,39,39,1.0,,주 Cheju- do 102 63 26 27' 9 39 33
임야,1985,136,32. 영림서 및 시ㆍ도별 임야 면적,IV. 농림ㆍ어업,동부,제주,en,5,0.8193,33,33,1.0,,주 Cheju- do 102 63 26 27' 9 39 33
임야,1986,140,32. 영림서 및 시ㆍ도별 임야면적,IV. 농림ㆍ어업,동부,서울,ko,0,0.2916,226,226,1.0,,서울특별시 Seoultukpyash 226
임야,1986,140,32. 영림서 및 시ㆍ도별 임야면적,IV. 농림ㆍ어업,동부,부산,ko,0,0.2977,16,16,1.0,,부산직할시 Pusan-jik'alsh 16 6
임야,1986,140,32. 영림서 및 시ㆍ도별 임야면적,IV. 농림ㆍ어업,동부,부산,ko,1,0.3799,6,6,1.0,,부산직할시 Pusan-jik'alsh 16 6
임야,1986,140,32. 영림서 및 시ㆍ도별 임야면적,IV. 농림ㆍ어업,동부,대구,ko,0,0.2977,19,19,1.0,,대구직할시 Taegu-jk'alsh 19 2 ~ 800 17 Qll 16
임야,1986,140,32. 영림서 및 시ㆍ도별 임야면적,IV. 농림ㆍ어업,동부,대구,ko,1,0.3819,2,2,0.5,,대구직할시 Taegu-jk'alsh 19 2 ~ 800 17 Qll 16
임야,1986,140,32. 영림서 및 시ㆍ도별 임야면적,IV. 농림ㆍ어업,동부,대구,ko,2,0.5996,800,800,0.3,저신뢰,대구직할시 Taegu-jk'alsh 19 2 ~ 800 17 Qll 16
임야,1986,140,32. 영림서 및 시ㆍ도별 임야면적,IV. 농림ㆍ어업,동부,대구,ko,3,0.6632,17,17,1.0,,대구직할시 Taegu-jk'alsh 19 2 ~ 800 17 Qll 16
임야,1986,140,32. 영림서 및 시ㆍ도별 임야면적,IV. 농림ㆍ어업,동부,대구,ko,4,0.9281,16,16,1.0,,대구직할시 Taegu-jk'alsh 19 2 ~ 800 17 Qll 16
임야,1986,140,32. 영림서 및 시ㆍ도별 임야면적,IV. 농림ㆍ어업,동부,충북,en,0,0.2916,500,500,1.0,,Ch'ungch'ongbuk-do 500 60 5$ 4 441 82 21 81 354
임야,1986,140,32. 영림서 및 시ㆍ도별 임야면적,IV. 농림ㆍ어업,동부,충북,en,1,0.3717,60,60,1.0,,Ch'ungch'ongbuk-do 500 60 5$ 4 441 82 21 81 354
임야,1986,140,32. 영림서 및 시ㆍ도별 임야면적,IV. 농림ㆍ어업,동부,충북,en,2,0.5996,4,4,1.0,,Ch'ungch'ongbuk-do 500 60 5$ 4 441 82 21 81 354
임야,1986,140,32. 영림서 및 시ㆍ도별 임야면적,IV. 농림ㆍ어업,동부,충북,en,3,0.653,441,441,0.3,저신뢰,Ch'ungch'ongbuk-do 500 60 5$ 4 441 82 21 81 354
임야,1986,140,32. 영림서 및 시ㆍ도별 임야면적,IV. 농림ㆍ어업,동부,충북,en,4,0.7372,82,82,1.0,,Ch'ungch'ongbuk-do 500 60 5$ 4 441 82 21 81 354
임야,1986,140,32. 영림서 및 시ㆍ도별 임야면적,IV. 농림ㆍ어업,동부,충북,en,5,0.809,21,21,1.0,,Ch'ungch'ongbuk-do 500 60 5$ 4 441 82 21 81 354
임야,1986,140,32. 영림서 및 시ㆍ도별 임야면적,IV. 농림ㆍ어업,동부,충북,en,6,0.8583,81,81,1.0,,Ch'ungch'ongbuk-do 500 60 5$ 4 441 82 21 81 354
임야,1986,140,32. 영림서 및 시ㆍ도별 임야면적,IV. 농림ㆍ어업,동부,충북,en,7,0.922,354,354,0.5,,Ch'ungch'ongbuk-do 500 60 5$ 4 441 82 21 81 354
임야,1986,140,32. 영림서 및 시ㆍ도별 임야면적,IV. 농림ㆍ어업,동부,충남,en,0,0.2916,482,482,1.0,,Ch’ungch'ongnam-do Challabuk-do 482 22 17 4 460 25 436
임야,1986,140,32. 영림서 및 시ㆍ도별 임야면적,IV. 농림ㆍ어업,동부,충남,en,1,0.3737,22,22,1.0,,Ch’ungch'ongnam-do Challabuk-do 482 22 17 4 460 25 436
임야,1986,140,32. 영림서 및 시ㆍ도별 임야면적,IV. 농림ㆍ어업,동부,충남,en,2,0.5195,17,17,1.0,,Ch’ungch'ongnam-do Challabuk-do 482 22 17 4 460 25 436
임야,1986,140,32. 영림서 및 시ㆍ도별 임야면적,IV. 농림ㆍ어업,동부,충남,en,3,0.5996,4,4,1.0,,Ch’ungch'ongnam-do Challabuk-do 482 22 17 4 460 25 436
임야,1986,140,32. 영림서 및 시ㆍ도별 임야면적,IV. 농림ㆍ어업,동부,충남,en,4,0.653,460,460,0.3,저신뢰,Ch’ungch'ongnam-do Challabuk-do 482 22 17 4 460 25 436
임야,1986,140,32. 영림서 및 시ㆍ도별 임야면적,IV. 농림ㆍ어업,동부,충남,en,5,0.7372,25,25,0.3,저신뢰,Ch’ungch'ongnam-do Challabuk-do 482 22 17 4 460 25 436
임야,1986,140,32. 영림서 및 시ㆍ도별 임야면적,IV. 농림ㆍ어업,동부,충남,en,6,0.9199,436,436,0.3,저신뢰,Ch’ungch'ongnam-do Challabuk-do 482 22 17 4 460 25 436
임야,1986,140,32. 영림서 및 시ㆍ도별 임야면적,IV. 농림ㆍ어업,동부,경북,en,0,0.2752,1 240,1240,0.5,,Kyongsangbuk-do 1 240 76 6 8 1 164 120 14 1¢6 1 044
임야,1986,140,32. 영림서 및 시ㆍ도별 임야면적,IV. 농림ㆍ어업,동부,경북,en,1,0.3717,76,76,0.5,,Kyongsangbuk-do 1 240 76 6 8 1 164 120 14 1¢6 1 044
임야,1986,140,32. 영림서 및 시ㆍ도별 임야면적,IV. 농림ㆍ어업,동부,경북,en,2,0.5195,6,6,0.3,저신뢰,Kyongsangbuk-do 1 240 76 6 8 1 164 120 14 1¢6 1 044
임야,1986,140,32. 영림서 및 시ㆍ도별 임야면적,IV. 농림ㆍ어업,동부,경북,en,3,0.5975,8,8,0.5,,Kyongsangbuk-do 1 240 76 6 8 1 164 120 14 1¢6 1 044
임야,1986,140,32. 영림서 및 시ㆍ도별 임야면적,IV. 농림ㆍ어업,동부,경북,en,4,0.6386,1 164,1164,0.3,저신뢰,Kyongsangbuk-do 1 240 76 6 8 1 164 120 14 1¢6 1 044
임야,1986,140,32. 영림서 및 시ㆍ도별 임야면적,IV. 농림ㆍ어업,동부,경북,en,5,0.7289,120,120,1.0,,Kyongsangbuk-do 1 240 76 6 8 1 164 120 14 1¢6 1 044
임야,1986,140,32. 영림서 및 시ㆍ도별 임야면적,IV. 농림ㆍ어업,동부,경북,en,6,0.807,14,14,0.5,,Kyongsangbuk-do 1 240 76 6 8 1 164 120 14 1¢6 1 044
임야,1986,140,32. 영림서 및 시ㆍ도별 임야면적,IV. 농림ㆍ어업,동부,경북,en,7,0.9055,1 044,1044,0.3,저신뢰,Kyongsangbuk-do 1 240 76 6 8 1 164 120 14 1¢6 1 044
임야,1986,140,32. 영림서 및 시ㆍ도별 임야면적,IV. 농림ㆍ어업,동부,경남,en,0,0.2895,790,790,1.0,,Kyongsangnam-do Cheju-do 790 40 2 7 750 48 16 32 702
임야,1986,140,32. 영림서 및 시ㆍ도별 임야면적,IV. 농림ㆍ어업,동부,경남,en,1,0.3737,40,40,0.3,저신뢰,Kyongsangnam-do Cheju-do 790 40 2 7 750 48 16 32 702
임야,1986,140,32. 영림서 및 시ㆍ도별 임야면적,IV. 농림ㆍ어업,동부,경남,en,2,0.5174,2,2,0.3,저신뢰,Kyongsangnam-do Cheju-do 790 40 2 7 750 48 16 32 702
임야,1986,140,32. 영림서 및 시ㆍ도별 임야면적,IV. 농림ㆍ어업,동부,경남,en,3,0.5955,7,7,0.3,저신뢰,Kyongsangnam-do Cheju-do 790 40 2 7 750 48 16 32 702
임야,1986,140,32. 영림서 및 시ㆍ도별 임야면적,IV. 농림ㆍ어업,동부,경남,en,4,0.655,750,750,1.0,,Kyongsangnam-do Cheju-do 790 40 2 7 750 48 16 32 702
임야,1986,140,32. 영림서 및 시ㆍ도별 임야면적,IV. 농림ㆍ어업,동부,경남,en,5,0.7372,48,48,1.0,,Kyongsangnam-do Cheju-do 790 40 2 7 750 48 16 32 702
임야,1986,140,32. 영림서 및 시ㆍ도별 임야면적,IV. 농림ㆍ어업,동부,경남,en,6,0.807,16,16,1.0,,Kyongsangnam-do Cheju-do 790 40 2 7 750 48 16 32 702
임야,1986,140,32. 영림서 및 시ㆍ도별 임야면적,IV. 농림ㆍ어업,동부,경남,en,7,0.8563,32,32,1.0,,Kyongsangnam-do Cheju-do 790 40 2 7 750 48 16 32 702
임야,1986,140,32. 영림서 및 시ㆍ도별 임야면적,IV. 농림ㆍ어업,동부,경남,en,8,0.9199,702,702,0.3,저신뢰,Kyongsangnam-do Cheju-do 790 40 2 7 750 48 16 32 702
임야,1986,140,32. 영림서 및 시ㆍ도별 임야면적,IV. 농림ㆍ어업,동부,서울,en,0,0.3121,16,16,0.3,저신뢰,Seoul-ttkpyolshi 16 14 m0~ew
임야,1986,140,32. 영림서 및 시ㆍ도별 임야면적,IV. 농림ㆍ어업,동부,서울,en,1,0.3676,14,14,1.0,,Seoul-ttkpyolshi 16 14 m0~ew
임야,1986,140,32. 영림서 및 시ㆍ도별 임야면적,IV. 농림ㆍ어업,동부,부산,en,0,0.3121,19,19,1.0,,Pusan-jik alshi 19 17 13
임야,1986,140,32. 영림서 및 시ㆍ도별 임야면적,IV. 농림ㆍ어업,동부,부산,en,1,0.3696,17,17,1.0,,Pusan-jik alshi 19 17 13
임야,1986,140,32. 영림서 및 시ㆍ도별 임야면적,IV. 농림ㆍ어업,동부,부산,en,2,0.425,13,13,1.0,,Pusan-jik alshi 19 17 13
임야,1986,140,32. 영림서 및 시ㆍ도별 임야면적,IV. 농림ㆍ어업,동부,대구,en,0,0.3696,23,23,1.0,,Taegu-jk'alsh 2% 23 PN
임야,1986,140,32. 영림서 및 시ㆍ도별 임야면적,IV. 농림ㆍ어업,동부,전북,en,0,0.3059,436,436,1.0,,Chollabuk-do 436 428 273 76 78 0800
임야,1986,140,32. 영림서 및 시ㆍ도별 임야면적,IV. 농림ㆍ어업,동부,전북,en,1,0.3614,428,428,1.0,,Chollabuk-do 436 428 273 76 78 0800
임야,1986,140,32. 영림서 및 시ㆍ도별 임야면적,IV. 농림ㆍ어업,동부,전북,en,2,0.4168,273,273,1.0,,Chollabuk-do 436 428 273 76 78 0800
임야,1986,140,32. 영림서 및 시ㆍ도별 임야면적,IV. 농림ㆍ어업,동부,전북,en,3,0.4825,76,76,1.0,,Chollabuk-do 436 428 273 76 78 0800
임야,1986,140,32. 영림서 및 시ㆍ도별 임야면적,IV. 농림ㆍ어업,동부,전북,en,4,0.54,78,78,1.0,,Chollabuk-do 436 428 273 76 78 0800
임야,1986,140,32. 영림서 및 시ㆍ도별 임야면적,IV. 농림ㆍ어업,동부,전북,en,5,0.8296,0800,800,0.3,저신뢰,Chollabuk-do 436 428 273 76 78 0800
임야,1986,140,32. 영림서 및 시ㆍ도별 임야면적,IV. 농림ㆍ어업,동부,전남,en,0,0.3059,726,726,1.0,,Chollanam-do 726 699 532 79 86
임야,1986,140,32. 영림서 및 시ㆍ도별 임야면적,IV. 농림ㆍ어업,동부,전남,en,1,0.3614,699,699,0.5,,Chollanam-do 726 699 532 79 86
임야,1986,140,32. 영림서 및 시ㆍ도별 임야면적,IV. 농림ㆍ어업,동부,전남,en,2,0.4189,532,532,1.0,,Chollanam-do 726 699 532 79 86
임야,1986,140,32. 영림서 및 시ㆍ도별 임야면적,IV. 농림ㆍ어업,동부,전남,en,3,0.4846,79,79,1.0,,Chollanam-do 726 699 532 79 86
임야,1986,140,32. 영림서 및 시ㆍ도별 임야면적,IV. 농림ㆍ어업,동부,전남,en,4,0.54,86,86,1.0,,Chollanam-do 726 699 532 79 86
임야,1986,140,32. 영림서 및 시ㆍ도별 임야면적,IV. 농림ㆍ어업,동부,경북,en,0,0.2998,240,240,1.0,,Kyongsangbuk-do 240 219 580 wㅡ
임야,1986,140,32. 영림서 및 시ㆍ도별 임야면적,IV. 농림ㆍ어업,동부,경북,en,1,0.3573,219,219,0.3,저신뢰,Kyongsangbuk-do 240 219 580 wㅡ
임야,1986,140,32. 영림서 및 시ㆍ도별 임야면적,IV. 농림ㆍ어업,동부,경북,en,2,0.4189,580,580,0.5,,Kyongsangbuk-do 240 219 580 wㅡ
임야,1986,140,32. 영림서 및 시ㆍ도별 임야면적,IV. 농림ㆍ어업,동부,경남,en,0,0.3039,790,790,0.5,,주 Kyongsangnam-do 790 770 394 20
임야,1986,140,32. 영림서 및 시ㆍ도별 임야면적,IV. 농림ㆍ어업,동부,경남,en,1,0.3614,770,770,1.0,,주 Kyongsangnam-do 790 770 394 20
임야,1986,140,32. 영림서 및 시ㆍ도별 임야면적,IV. 농림ㆍ어업,동부,경남,en,2,0.4189,394,394,1.0,,주 Kyongsangnam-do 790 770 394 20
임야,1986,140,32. 영림서 및 시ㆍ도별 임야면적,IV. 농림ㆍ어업,동부,경남,en,3,0.653,20,20,1.0,,주 Kyongsangnam-do 790 770 394 20
임야,1986,140,32. 영림서 및 시ㆍ도별 임야면적,IV. 농림ㆍ어업,동부,제주,en,0,0.3039,103,103,0.5,,Cheju-do 103 64 27 27 37
임야,1986,140,32. 영림서 및 시ㆍ도별 임야면적,IV. 농림ㆍ어업,동부,제주,en,1,0.3696,64,64,0.3,저신뢰,Cheju-do 103 64 27 27 37
임야,1986,140,32. 영림서 및 시ㆍ도별 임야면적,IV. 농림ㆍ어업,동부,제주,en,2,0.425,27,27,1.0,,Cheju-do 103 64 27 27 37
임야,1986,140,32. 영림서 및 시ㆍ도별 임야면적,IV. 농림ㆍ어업,동부,제주,en,3,0.4825,27,27,1.0,,Cheju-do 103 64 27 27 37
임야,1986,140,32. 영림서 및 시ㆍ도별 임야면적,IV. 농림ㆍ어업,동부,제주,en,4,0.653,37,37,1.0,,Cheju-do 103 64 27 27 37
임야,1987,138,32. 영림서 및 시ㆍ도별 임야면적,IV. 농림ㆍ어업,동부,부산,ko,0,0.3059,19,19,0.3,저신뢰,부산직할× Pusan-pk'alshi 19 16
임야,1987,138,32. 영림서 및 시ㆍ도별 임야면적,IV. 농림ㆍ어업,동부,부산,ko,1,0.9179,16,16,0.3,저신뢰,부산직할× Pusan-pk'alshi 19 16
임야,1987,138,32. 영림서 및 시ㆍ도별 임야면적,IV. 농림ㆍ어업,동부,대구,ko,0,0.4558,0,0,0.5,,대구직할시 Taegu-uk'alsh ⅔ 0 23
임야,1987,138,32. 영림서 및 시ㆍ도별 임야면적,IV. 농림ㆍ어업,동부,대구,ko,1,0.9158,23,23,1.0,,대구직할시 Taegu-uk'alsh ⅔ 0 23
임야,1987,138,32. 영림서 및 시ㆍ도별 임야면적,IV. 농림ㆍ어업,동부,인천,ko,0,0.4558,8,8,0.3,저신뢰,인천직할시 Inch'on-jk'alshu. 8 4
임야,1987,138,32. 영림서 및 시ㆍ도별 임야면적,IV. 농림ㆍ어업,동부,인천,ko,1,0.9261,4,4,0.3,저신뢰,인천직할시 Inch'on-jk'alshu. 8 4
임야,1987,138,32. 영림서 및 시ㆍ도별 임야면적,IV. 농림ㆍ어업,동부,광주,ko,0,0.6632,10,10,0.5,,광주직할시 Kwangyu-ilkalshu * 10
임야,1987,138,32. 영림서 및 시ㆍ도별 임야면적,IV. 농림ㆍ어업,동부,경기,ko,0,0.5195,26,26,0.3,저신뢰,경기도 - Kyonggi-do 26 498 41 31 457
임야,1987,138,32. 영림서 및 시ㆍ도별 임야면적,IV. 농림ㆍ어업,동부,경기,ko,1,0.655,498,498,1.0,,경기도 - Kyonggi-do 26 498 41 31 457
임야,1987,138,32. 영림서 및 시ㆍ도별 임야면적,IV. 농림ㆍ어업,동부,경기,ko,2,0.7269,41,41,0.5,,경기도 - Kyonggi-do 26 498 41 31 457
임야,1987,138,32. 영림서 및 시ㆍ도별 임야면적,IV. 농림ㆍ어업,동부,경기,ko,3,0.7885,31,31,0.3,저신뢰,경기도 - Kyonggi-do 26 498 41 31 457
임야,1987,138,32. 영림서 및 시ㆍ도별 임야면적,IV. 농림ㆍ어업,동부,경기,ko,4,0.9076,457,457,0.5,,경기도 - Kyonggi-do 26 498 41 31 457
임야,1987,138,32. 영림서 및 시ㆍ도별 임야면적,IV. 농림ㆍ어업,동부,충남,en,0,0.5216,18,18,1.0,,Chungch'ongnam-dc 18 459 25 14 634
임야,1987,138,32. 영림서 및 시ㆍ도별 임야면적,IV. 농림ㆍ어업,동부,충남,en,1,0.653,459,459,0.3,저신뢰,Chungch'ongnam-dc 18 459 25 14 634
임야,1987,138,32. 영림서 및 시ㆍ도별 임야면적,IV. 농림ㆍ어업,동부,충남,en,2,0.7269,25,25,1.0,,Chungch'ongnam-dc 18 459 25 14 634
임야,1987,138,32. 영림서 및 시ㆍ도별 임야면적,IV. 농림ㆍ어업,동부,충남,en,3,0.8542,14,14,0.5,,Chungch'ongnam-dc 18 459 25 14 634
임야,1987,138,32. 영림서 및 시ㆍ도별 임야면적,IV. 농림ㆍ어업,동부,충남,en,4,0.9076,634,634,0.3,저신뢰,Chungch'ongnam-dc 18 459 25 14 634
임야,1987,138,32. 영림서 및 시ㆍ도별 임야면적,IV. 농림ㆍ어업,동부,경북,en,0,0.5195,66,66,0.3,저신뢰,Kyongsangbuk-do 66 1 161 120 있하 106 1 041
임야,1987,138,32. 영림서 및 시ㆍ도별 임야면적,IV. 농림ㆍ어업,동부,경북,en,1,0.6405,1 161,1161,0.3,저신뢰,Kyongsangbuk-do 66 1 161 120 있하 106 1 041
임야,1987,138,32. 영림서 및 시ㆍ도별 임야면적,IV. 농림ㆍ어업,동부,경북,en,2,0.7187,120,120,1.0,,Kyongsangbuk-do 66 1 161 120 있하 106 1 041
임야,1987,138,32. 영림서 및 시ㆍ도별 임야면적,IV. 농림ㆍ어업,동부,경북,en,3,0.848,106,106,1.0,,Kyongsangbuk-do 66 1 161 120 있하 106 1 041
임야,1987,138,32. 영림서 및 시ㆍ도별 임야면적,IV. 농림ㆍ어업,동부,경북,en,4,0.8911,1 041,1041,0.3,저신뢰,Kyongsangbuk-do 66 1 161 120 있하 106 1 041
임야,1987,138,32. 영림서 및 시ㆍ도별 임야면적,IV. 농림ㆍ어업,동부,경남,en,0,0.5216,24,24,0.5,,남도 Kyongsangnam-do 24 769 $B
임야,1987,138,32. 영림서 및 시ㆍ도별 임야면적,IV. 농림ㆍ어업,동부,경남,en,1,0.655,769,769,0.5,,남도 Kyongsangnam-do 24 769 $B
임야,1987,138,32. 영림서 및 시ㆍ도별 임야면적,IV. 농림ㆍ어업,동부,제주,ko,0,0.6612,69,69,1.0,,제 주 도 Cheju-do 69
임야,1987,138,32. 영림서 및 시ㆍ도별 임야면적,IV. 농림ㆍ어업,동부,서울,ko,0,0.3121,16,16,1.0,,서울특별시 Seoul-ttkpyalsh 16 13 202-k 고Z라요공 5:131 11110 00gmW
임야,1987,138,32. 영림서 및 시ㆍ도별 임야면적,IV. 농림ㆍ어업,동부,서울,ko,1,0.3676,13,13,1.0,,서울특별시 Seoul-ttkpyalsh 16 13 202-k 고Z라요공 5:131 11110 00gmW
임야,1987,138,32. 영림서 및 시ㆍ도별 임야면적,IV. 농림ㆍ어업,동부,서울,ko,2,0.7647,11110,11110,0.3,저신뢰,서울특별시 Seoul-ttkpyalsh 16 13 202-k 고Z라요공 5:131 11110 00gmW
임야,1987,138,32. 영림서 및 시ㆍ도별 임야면적,IV. 농림ㆍ어업,동부,부산,ko,0,0.3121,19,19,0.3,저신뢰,부산직할시 Pusan-jk'alsh 19 17
임야,1987,138,32. 영림서 및 시ㆍ도별 임야면적,IV. 농림ㆍ어업,동부,부산,ko,1,0.3676,17,17,1.0,,부산직할시 Pusan-jk'alsh 19 17
임야,1987,138,32. 영림서 및 시ㆍ도별 임야면적,IV. 농림ㆍ어업,동부,대구,ko,0,0.3121,24,24,0.5,,대구직할시 Taegu-jzk'alsh 24 23 9
임야,1987,138,32. 영림서 및 시ㆍ도별 임야면적,IV. 농림ㆍ어업,동부,대구,ko,1,0.3676,23,23,0.5,,대구직할시 Taegu-jzk'alsh 24 23 9
임야,1987,138,32. 영림서 및 시ㆍ도별 임야면적,IV. 농림ㆍ어업,동부,대구,ko,2,0.4312,9,9,0.3,저신뢰,대구직할시 Taegu-jzk'alsh 24 23 9
임야,1987,138,32. 영림서 및 시ㆍ도별 임야면적,IV. 농림ㆍ어업,동부,광주,ko,0,0.3142,11,11,0.3,저신뢰,광주직할시 Kwangju gk’alshi 11 11
임야,1987,138,32. 영림서 및 시ㆍ도별 임야면적,IV. 농림ㆍ어업,동부,광주,ko,1,0.3676,11,11,0.3,저신뢰,광주직할시 Kwangju gk’alshi 11 11
임야,1987,138,32. 영림서 및 시ㆍ도별 임야면적,IV. 농림ㆍ어업,동부,경남,en,0,0.3059,788,788,0.3,저신뢰,Kyongsangnam-do 788 768 393 128 245
임야,1987,138,32. 영림서 및 시ㆍ도별 임야면적,IV. 농림ㆍ어업,동부,경남,en,1,0.3593,768,768,0.5,,Kyongsangnam-do 788 768 393 128 245
임야,1987,138,32. 영림서 및 시ㆍ도별 임야면적,IV. 농림ㆍ어업,동부,경남,en,2,0.4168,393,393,1.0,,Kyongsangnam-do 788 768 393 128 245
임야,1987,138,32. 영림서 및 시ㆍ도별 임야면적,IV. 농림ㆍ어업,동부,경남,en,3,0.4743,128,128,1.0,,Kyongsangnam-do 788 768 393 128 245
임야,1987,138,32. 영림서 및 시ㆍ도별 임야면적,IV. 농림ㆍ어업,동부,경남,en,4,0.5277,245,245,0.5,,Kyongsangnam-do 788 768 393 128 245
임야,1987,138,32. 영림서 및 시ㆍ도별 임야면적,IV. 농림ㆍ어업,동부,제주,en,0,0.3059,1 00,100,0.3,저신뢰,Cheju-do 1 00 $5 28 27 10 23
임야,1987,138,32. 영림서 및 시ㆍ도별 임야면적,IV. 농림ㆍ어업,동부,제주,en,1,0.423,28,28,1.0,,Cheju-do 1 00 $5 28 27 10 23
임야,1987,138,32. 영림서 및 시ㆍ도별 임야면적,IV. 농림ㆍ어업,동부,제주,en,2,0.4784,27,27,0.5,,Cheju-do 1 00 $5 28 27 10 23
임야,1987,138,32. 영림서 및 시ㆍ도별 임야면적,IV. 농림ㆍ어업,동부,제주,en,3,0.5359,10,10,0.3,저신뢰,Cheju-do 1 00 $5 28 27 10 23
임야,1987,138,32. 영림서 및 시ㆍ도별 임야면적,IV. 농림ㆍ어업,동부,제주,en,4,0.8152,23,23,0.5,,Cheju-do 1 00 $5 28 27 10 23
임야,1988,138,32. 영림서 및 시ㆍ도별 임야 면적,IV. 농림ㆍ어업,동부,서울,ko,0,0.3039,16,16,0.3,저신뢰,부산직할시 서울특별시 Seoul-tukpyalshi Pusan-jk'alshi 16 II038 O10N0 88093 10 고210효 9
임야,1988,138,32. 영림서 및 시ㆍ도별 임야 면적,IV. 농림ㆍ어업,동부,서울,ko,1,0.6058,88093,88093,0.3,저신뢰,부산직할시 서울특별시 Seoul-tukpyalshi Pusan-jk'alshi 16 II038 O10N0 88093 10 고210효 9
임야,1988,138,32. 영림서 및 시ㆍ도별 임야 면적,IV. 농림ㆍ어업,동부,서울,ko,2,0.6673,10,10,1.0,,부산직할시 서울특별시 Seoul-tukpyalshi Pusan-jk'alshi 16 II038 O10N0 88093 10 고210효 9
임야,1988,138,32. 영림서 및 시ㆍ도별 임야 면적,IV. 농림ㆍ어업,동부,서울,ko,3,0.9343,9,9,0.5,,부산직할시 서울특별시 Seoul-tukpyalshi Pusan-jk'alshi 16 II038 O10N0 88093 10 고210효 9
임야,1988,138,32. 영림서 및 시ㆍ도별 임야 면적,IV. 농림ㆍ어업,동부,대구,ko,0,0.3059,18,18,1.0,,대구직할시 Taegu-jk'alsh 18 17 15
임야,1988,138,32. 영림서 및 시ㆍ도별 임야 면적,IV. 농림ㆍ어업,동부,대구,ko,1,0.6673,17,17,0.5,,대구직할시 Taegu-jk'alsh 18 17 15
임야,1988,138,32. 영림서 및 시ㆍ도별 임야 면적,IV. 농림ㆍ어업,동부,대구,ko,2,0.9261,15,15,1.0,,대구직할시 Taegu-jk'alsh 18 17 15
임야,1988,138,32. 영림서 및 시ㆍ도별 임야 면적,IV. 농림ㆍ어업,동부,인천,ko,0,0.3039,24,24,1.0,,인천직할시 Inch'on-jk'alsh 24 00 24 10호 23
임야,1988,138,32. 영림서 및 시ㆍ도별 임야 면적,IV. 농림ㆍ어업,동부,인천,ko,1,0.4558,00,0,1.0,,인천직할시 Inch'on-jk'alsh 24 00 24 10호 23
임야,1988,138,32. 영림서 및 시ㆍ도별 임야 면적,IV. 농림ㆍ어업,동부,인천,ko,2,0.6673,24,24,1.0,,인천직할시 Inch'on-jk'alsh 24 00 24 10호 23
임야,1988,138,32. 영림서 및 시ㆍ도별 임야 면적,IV. 농림ㆍ어업,동부,인천,ko,3,0.9261,23,23,1.0,,인천직할시 Inch'on-jk'alsh 24 00 24 10호 23
임야,1988,138,32. 영림서 및 시ㆍ도별 임야 면적,IV. 농림ㆍ어업,동부,충북,en,0,0.3799,60,60,1.0,,도 Ch'ungch'ongbuk-do 4$9 60 80000 55 4 439 82 21 61 358
임야,1988,138,32. 영림서 및 시ㆍ도별 임야 면적,IV. 농림ㆍ어업,동부,충북,en,1,0.46,80000,80000,0.3,저신뢰,도 Ch'ungch'ongbuk-do 4$9 60 80000 55 4 439 82 21 61 358
임야,1988,138,32. 영림서 및 시ㆍ도별 임야 면적,IV. 농림ㆍ어업,동부,충북,en,2,0.5216,55,55,1.0,,도 Ch'ungch'ongbuk-do 4$9 60 80000 55 4 439 82 21 61 358
임야,1988,138,32. 영림서 및 시ㆍ도별 임야 면적,IV. 농림ㆍ어업,동부,충북,en,3,0.6058,4,4,1.0,,도 Ch'ungch'ongbuk-do 4$9 60 80000 55 4 439 82 21 61 358
임야,1988,138,32. 영림서 및 시ㆍ도별 임야 면적,IV. 농림ㆍ어업,동부,충북,en,4,0.6612,439,439,1.0,,도 Ch'ungch'ongbuk-do 4$9 60 80000 55 4 439 82 21 61 358
임야,1988,138,32. 영림서 및 시ㆍ도별 임야 면적,IV. 농림ㆍ어업,동부,충북,en,5,0.7351,82,82,1.0,,도 Ch'ungch'ongbuk-do 4$9 60 80000 55 4 439 82 21 61 358
임야,1988,138,32. 영림서 및 시ㆍ도별 임야 면적,IV. 농림ㆍ어업,동부,충북,en,6,0.7988,21,21,1.0,,도 Ch'ungch'ongbuk-do 4$9 60 80000 55 4 439 82 21 61 358
임야,1988,138,32. 영림서 및 시ㆍ도별 임야 면적,IV. 농림ㆍ어업,동부,충북,en,7,0.8624,61,61,1.0,,도 Ch'ungch'ongbuk-do 4$9 60 80000 55 4 439 82 21 61 358
임야,1988,138,32. 영림서 및 시ㆍ도별 임야 면적,IV. 농림ㆍ어업,동부,충북,en,8,0.9199,358,358,1.0,,도 Ch'ungch'ongbuk-do 4$9 60 80000 55 4 439 82 21 61 358
임야,1988,138,32. 영림서 및 시ㆍ도별 임야 면적,IV. 농림ㆍ어업,동부,충남,en,0,0.2957,480,480,1.0,,도 Ch'ungch'ongnam-do 480 22 1? 4 459 24 11 13 435
임야,1988,138,32. 영림서 및 시ㆍ도별 임야 면적,IV. 농림ㆍ어업,동부,충남,en,1,0.3778,22,22,1.0,,도 Ch'ungch'ongnam-do 480 22 1? 4 459 24 11 13 435
임야,1988,138,32. 영림서 및 시ㆍ도별 임야 면적,IV. 농림ㆍ어업,동부,충남,en,2,0.6058,4,4,1.0,,도 Ch'ungch'ongnam-do 480 22 1? 4 459 24 11 13 435
임야,1988,138,32. 영림서 및 시ㆍ도별 임야 면적,IV. 농림ㆍ어업,동부,충남,en,3,0.6632,459,459,1.0,,도 Ch'ungch'ongnam-do 480 22 1? 4 459 24 11 13 435
임야,1988,138,32. 영림서 및 시ㆍ도별 임야 면적,IV. 농림ㆍ어업,동부,충남,en,4,0.7331,24,24,1.0,,도 Ch'ungch'ongnam-do 480 22 1? 4 459 24 11 13 435
임야,1988,138,32. 영림서 및 시ㆍ도별 임야 면적,IV. 농림ㆍ어업,동부,충남,en,5,0.7967,11,11,1.0,,도 Ch'ungch'ongnam-do 480 22 1? 4 459 24 11 13 435
임야,1988,138,32. 영림서 및 시ㆍ도별 임야 면적,IV. 농림ㆍ어업,동부,충남,en,6,0.8645,13,13,1.0,,도 Ch'ungch'ongnam-do 480 22 1? 4 459 24 11 13 435
임야,1988,138,32. 영림서 및 시ㆍ도별 임야 면적,IV. 농림ㆍ어업,동부,충남,en,7,0.9199,435,435,1.0,,도 Ch'ungch'ongnam-do 480 22 1? 4 459 24 11 13 435
임야,1988,138,32. 영림서 및 시ㆍ도별 임야 면적,IV. 농림ㆍ어업,동부,경북,en,0,0.2813,1 238,1238,1.0,,Kyongsangbuk-do 1 238 79 66 1 160 120 14 106 1 040
임야,1988,138,32. 영림서 및 시ㆍ도별 임야 면적,IV. 농림ㆍ어업,동부,경북,en,1,0.3778,79,79,1.0,,Kyongsangbuk-do 1 238 79 66 1 160 120 14 106 1 040
임야,1988,138,32. 영림서 및 시ㆍ도별 임야 면적,IV. 농림ㆍ어업,동부,경북,en,2,0.5216,66,66,0.3,저신뢰,Kyongsangbuk-do 1 238 79 66 1 160 120 14 106 1 040
임야,1988,138,32. 영림서 및 시ㆍ도별 임야 면적,IV. 농림ㆍ어업,동부,경북,en,3,0.6427,1 160,1160,0.5,,Kyongsangbuk-do 1 238 79 66 1 160 120 14 106 1 040
임야,1988,138,32. 영림서 및 시ㆍ도별 임야 면적,IV. 농림ㆍ어업,동부,경북,en,4,0.7248,120,120,0.5,,Kyongsangbuk-do 1 238 79 66 1 160 120 14 106 1 040
임야,1988,138,32. 영림서 및 시ㆍ도별 임야 면적,IV. 농림ㆍ어업,동부,경북,en,5,0.7988,14,14,1.0,,Kyongsangbuk-do 1 238 79 66 1 160 120 14 106 1 040
임야,1988,138,32. 영림서 및 시ㆍ도별 임야 면적,IV. 농림ㆍ어업,동부,경북,en,6,0.8563,106,106,1.0,,Kyongsangbuk-do 1 238 79 66 1 160 120 14 106 1 040
임야,1988,138,32. 영림서 및 시ㆍ도별 임야 면적,IV. 농림ㆍ어업,동부,경북,en,7,0.9035,1 040,1040,0.5,,Kyongsangbuk-do 1 238 79 66 1 160 120 14 106 1 040
임야,1988,138,32. 영림서 및 시ㆍ도별 임야 면적,IV. 농림ㆍ어업,동부,경남,en,0,0.2977,787,787,1.0,,Kyongsangnam-do 787 40 9 24 7 748 48 16 32 700
임야,1988,138,32. 영림서 및 시ㆍ도별 임야 면적,IV. 농림ㆍ어업,동부,경남,en,1,0.3778,40,40,1.0,,Kyongsangnam-do 787 40 9 24 7 748 48 16 32 700
임야,1988,138,32. 영림서 및 시ㆍ도별 임야 면적,IV. 농림ㆍ어업,동부,경남,en,2,0.4579,9,9,1.0,,Kyongsangnam-do 787 40 9 24 7 748 48 16 32 700
임야,1988,138,32. 영림서 및 시ㆍ도별 임야 면적,IV. 농림ㆍ어업,동부,경남,en,3,0.5216,24,24,1.0,,Kyongsangnam-do 787 40 9 24 7 748 48 16 32 700
임야,1988,138,32. 영림서 및 시ㆍ도별 임야 면적,IV. 농림ㆍ어업,동부,경남,en,4,0.6058,7,7,1.0,,Kyongsangnam-do 787 40 9 24 7 748 48 16 32 700
임야,1988,138,32. 영림서 및 시ㆍ도별 임야 면적,IV. 농림ㆍ어업,동부,경남,en,5,0.6612,748,748,1.0,,Kyongsangnam-do 787 40 9 24 7 748 48 16 32 700
임야,1988,138,32. 영림서 및 시ㆍ도별 임야 면적,IV. 농림ㆍ어업,동부,경남,en,6,0.7331,48,48,1.0,,Kyongsangnam-do 787 40 9 24 7 748 48 16 32 700
임야,1988,138,32. 영림서 및 시ㆍ도별 임야 면적,IV. 농림ㆍ어업,동부,경남,en,7,0.7967,16,16,1.0,,Kyongsangnam-do 787 40 9 24 7 748 48 16 32 700
임야,1988,138,32. 영림서 및 시ㆍ도별 임야 면적,IV. 농림ㆍ어업,동부,경남,en,8,0.8624,32,32,1.0,,Kyongsangnam-do 787 40 9 24 7 748 48 16 32 700
임야,1988,138,32. 영림서 및 시ㆍ도별 임야 면적,IV. 농림ㆍ어업,동부,경남,en,9,0.9199,700,700,0.5,,Kyongsangnam-do 787 40 9 24 7 748 48 16 32 700
임야,1988,138,32. 영림서 및 시ㆍ도별 임야 면적,IV. 농림ㆍ어업,동부,제주,en,0,0.3039,97,97,0.5,,주 도 Cheju-do 97 31 19 2 10 88 11 11 55
임야,1988,138,32. 영림서 및 시ㆍ도별 임야 면적,IV. 농림ㆍ어업,동부,제주,en,1,0.3778,31,31,1.0,,주 도 Cheju-do 97 31 19 2 10 88 11 11 55
임야,1988,138,32. 영림서 및 시ㆍ도별 임야 면적,IV. 농림ㆍ어업,동부,제주,en,2,0.4497,19,19,1.0,,주 도 Cheju-do 97 31 19 2 10 88 11 11 55
임야,1988,138,32. 영림서 및 시ㆍ도별 임야 면적,IV. 농림ㆍ어업,동부,제주,en,3,0.5318,2,2,1.0,,주 도 Cheju-do 97 31 19 2 10 88 11 11 55
임야,1988,138,32. 영림서 및 시ㆍ도별 임야 면적,IV. 농림ㆍ어업,동부,제주,en,4,0.5955,10,10,1.0,,주 도 Cheju-do 97 31 19 2 10 88 11 11 55
임야,1988,138,32. 영림서 및 시ㆍ도별 임야 면적,IV. 농림ㆍ어업,동부,제주,en,5,0.6694,88,88,0.3,저신뢰,주 도 Cheju-do 97 31 19 2 10 88 11 11 55
임야,1988,138,32. 영림서 및 시ㆍ도별 임야 면적,IV. 농림ㆍ어업,동부,제주,en,6,0.7351,11,11,0.3,저신뢰,주 도 Cheju-do 97 31 19 2 10 88 11 11 55
임야,1988,138,32. 영림서 및 시ㆍ도별 임야 면적,IV. 농림ㆍ어업,동부,제주,en,7,0.8624,11,11,1.0,,주 도 Cheju-do 97 31 19 2 10 88 11 11 55
임야,1988,138,32. 영림서 및 시ㆍ도별 임야 면적,IV. 농림ㆍ어업,동부,제주,en,8,0.924,55,55,1.0,,주 도 Cheju-do 97 31 19 2 10 88 11 11 55
임야,1988,138,32. 영림서 및 시ㆍ도별 임야 면적,IV. 농림ㆍ어업,동부,서울,ko,0,0.3059,18,18,1.0,,서울특별시 Seoul-t*ukpyolshi 18 13 2 000
임야,1988,138,32. 영림서 및 시ㆍ도별 임야 면적,IV. 농림ㆍ어업,동부,서울,ko,1,0.3614,13,13,0.5,,서울특별시 Seoul-t*ukpyolshi 18 13 2 000
임야,1988,138,32. 영림서 및 시ㆍ도별 임야 면적,IV. 농림ㆍ어업,동부,서울,ko,2,0.425,2,2,1.0,,서울특별시 Seoul-t*ukpyolshi 18 13 2 000
임야,1988,138,32. 영림서 및 시ㆍ도별 임야 면적,IV. 농림ㆍ어업,동부,서울,ko,3,0.7084,000,0,0.3,저신뢰,서울특별시 Seoul-t*ukpyolshi 18 13 2 000
임야,1988,138,32. 영림서 및 시ㆍ도별 임야 면적,IV. 농림ㆍ어업,동부,부산,ko,0,0.3059,18,18,1.0,,부산직할시 Pusan-jk'alshi 18 17 13
임야,1988,138,32. 영림서 및 시ㆍ도별 임야 면적,IV. 농림ㆍ어업,동부,부산,ko,1,0.3614,17,17,0.3,저신뢰,부산직할시 Pusan-jk'alshi 18 17 13
임야,1988,138,32. 영림서 및 시ㆍ도별 임야 면적,IV. 농림ㆍ어업,동부,부산,ko,2,0.4189,13,13,1.0,,부산직할시 Pusan-jk'alshi 18 17 13
임야,1988,138,32. 영림서 및 시ㆍ도별 임야 면적,IV. 농림ㆍ어업,동부,대구,ko,0,0.3059,24,24,1.0,,대구직할사 Taegu-yk'alshi 24 22 9 12
임야,1988,138,32. 영림서 및 시ㆍ도별 임야 면적,IV. 농림ㆍ어업,동부,대구,ko,1,0.3614,22,22,1.0,,대구직할사 Taegu-yk'alshi 24 22 9 12
임야,1988,138,32. 영림서 및 시ㆍ도별 임야 면적,IV. 농림ㆍ어업,동부,대구,ko,2,0.425,9,9,1.0,,대구직할사 Taegu-yk'alshi 24 22 9 12
임야,1988,138,32. 영림서 및 시ㆍ도별 임야 면적,IV. 농림ㆍ어업,동부,대구,ko,3,0.5318,12,12,1.0,,대구직할사 Taegu-yk'alshi 24 22 9 12
임야,1988,138,32. 영림서 및 시ㆍ도별 임야 면적,IV. 농림ㆍ어업,동부,인천,en,0,0.3696,5,5,1.0,,이천직할시 Inch'on~jik'alshi 5 18
임야,1988,138,32. 영림서 및 시ㆍ도별 임야 면적,IV. 농림ㆍ어업,동부,인천,en,1,0.425,18,18,0.3,저신뢰,이천직할시 Inch'on~jik'alshi 5 18
임야,1988,138,32. 영림서 및 시ㆍ도별 임야 면적,IV. 농림ㆍ어업,동부,광주,ko,0,0.3059,11,11,0.5,,광주직할시 Kwangju-jk'alshi 11 11
임야,1988,138,32. 영림서 및 시ㆍ도별 임야 면적,IV. 농림ㆍ어업,동부,광주,ko,1,0.3614,11,11,1.0,,광주직할시 Kwangju-jk'alshi 11 11
임야,1988,138,32. 영림서 및 시ㆍ도별 임야 면적,IV. 농림ㆍ어업,동부,경기,en,0,0.2977,549,549,1.0,,도도도도도도도도도 Kyonggi-do 549 531 265 98 168 BH38R
임야,1988,138,32. 영림서 및 시ㆍ도별 임야 면적,IV. 농림ㆍ어업,동부,경기,en,1,0.3532,531,531,1.0,,도도도도도도도도도 Kyonggi-do 549 531 265 98 168 BH38R
임야,1988,138,32. 영림서 및 시ㆍ도별 임야 면적,IV. 농림ㆍ어업,동부,경기,en,2,0.4086,265,265,1.0,,도도도도도도도도도 Kyonggi-do 549 531 265 98 168 BH38R
임야,1988,138,32. 영림서 및 시ㆍ도별 임야 면적,IV. 농림ㆍ어업,동부,경기,en,3,0.4743,98,98,1.0,,도도도도도도도도도 Kyonggi-do 549 531 265 98 168 BH38R
임야,1988,138,32. 영림서 및 시ㆍ도별 임야 면적,IV. 농림ㆍ어업,동부,경기,en,4,0.5236,168,168,1.0,,도도도도도도도도도 Kyonggi-do 549 531 265 98 168 BH38R
임야,1988,138,32. 영림서 및 시ㆍ도별 임야 면적,IV. 농림ㆍ어업,동부,전북,en,0,0.2977,434,434,1.0,,Chollabuk-do 434 425 272 75 78
임야,1988,138,32. 영림서 및 시ㆍ도별 임야 면적,IV. 농림ㆍ어업,동부,전북,en,1,0.3532,425,425,1.0,,Chollabuk-do 434 425 272 75 78
임야,1988,138,32. 영림서 및 시ㆍ도별 임야 면적,IV. 농림ㆍ어업,동부,전북,en,2,0.4086,272,272,1.0,,Chollabuk-do 434 425 272 75 78
임야,1988,138,32. 영림서 및 시ㆍ도별 임야 면적,IV. 농림ㆍ어업,동부,전북,en,3,0.4743,75,75,1.0,,Chollabuk-do 434 425 272 75 78
임야,1988,138,32. 영림서 및 시ㆍ도별 임야 면적,IV. 농림ㆍ어업,동부,전북,en,4,0.5318,78,78,1.0,,Chollabuk-do 434 425 272 75 78
임야,1988,138,32. 영림서 및 시ㆍ도별 임야 면적,IV. 농림ㆍ어업,동부,전남,en,0,0.2977,709,709,1.0,,Chollanam-do 709 679 514 78 85 98N3
임야,1988,138,32. 영림서 및 시ㆍ도별 임야 면적,IV. 농림ㆍ어업,동부,전남,en,1,0.3532,679,679,0.5,,Chollanam-do 709 679 514 78 85 98N3
임야,1988,138,32. 영림서 및 시ㆍ도별 임야 면적,IV. 농림ㆍ어업,동부,전남,en,2,0.4107,514,514,1.0,,Chollanam-do 709 679 514 78 85 98N3
임야,1988,138,32. 영림서 및 시ㆍ도별 임야 면적,IV. 농림ㆍ어업,동부,전남,en,3,0.4743,78,78,1.0,,Chollanam-do 709 679 514 78 85 98N3
임야,1988,138,32. 영림서 및 시ㆍ도별 임야 면적,IV. 농림ㆍ어업,동부,전남,en,4,0.5298,85,85,0.5,,Chollanam-do 709 679 514 78 85 98N3
임야,1988,138,32. 영림서 및 시ㆍ도별 임야 면적,IV. 농림ㆍ어업,동부,경북,en,0,0.2812,1 238,1238,0.3,저신뢰,Kyongsangbuk-do 1 238 214 579 141 494
임야,1988,138,32. 영림서 및 시ㆍ도별 임야 면적,IV. 농림ㆍ어업,동부,경북,en,1,0.3491,214,214,1.0,,Kyongsangbuk-do 1 238 214 579 141 494
임야,1988,138,32. 영림서 및 시ㆍ도별 임야 면적,IV. 농림ㆍ어업,동부,경북,en,2,0.4086,579,579,1.0,,Kyongsangbuk-do 1 238 214 579 141 494
임야,1988,138,32. 영림서 및 시ㆍ도별 임야 면적,IV. 농림ㆍ어업,동부,경북,en,3,0.4661,141,141,0.5,,Kyongsangbuk-do 1 238 214 579 141 494
임야,1988,138,32. 영림서 및 시ㆍ도별 임야 면적,IV. 농림ㆍ어업,동부,경북,en,4,0.5236,494,494,1.0,,Kyongsangbuk-do 1 238 214 579 141 494
임야,1988,138,32. 영림서 및 시ㆍ도별 임야 면적,IV. 농림ㆍ어업,동부,경남,en,0,0.2957,787,787,1.0,,Kyongsangnam-do 787 767 394 128 243
임야,1988,138,32. 영림서 및 시ㆍ도별 임야 면적,IV. 농림ㆍ어업,동부,경남,en,1,0.3532,767,767,1.0,,Kyongsangnam-do 787 767 394 128 243
임야,1988,138,32. 영림서 및 시ㆍ도별 임야 면적,IV. 농림ㆍ어업,동부,경남,en,2,0.4086,394,394,1.0,,Kyongsangnam-do 787 767 394 128 243
임야,1988,138,32. 영림서 및 시ㆍ도별 임야 면적,IV. 농림ㆍ어업,동부,경남,en,3,0.4661,128,128,1.0,,Kyongsangnam-do 787 767 394 128 243
임야,1988,138,32. 영림서 및 시ㆍ도별 임야 면적,IV. 농림ㆍ어업,동부,경남,en,4,0.5236,243,243,1.0,,Kyongsangnam-do 787 767 394 128 243
임야,1988,138,32. 영림서 및 시ㆍ도별 임야 면적,IV. 농림ㆍ어업,동부,제주,en,0,0.3039,97,97,0.5,,Cheju-do 97 66 29 27 10 22
임야,1988,138,32. 영림서 및 시ㆍ도별 임야 면적,IV. 농림ㆍ어업,동부,제주,en,1,0.3614,66,66,0.5,,Cheju-do 97 66 29 27 10 22
임야,1988,138,32. 영림서 및 시ㆍ도별 임야 면적,IV. 농림ㆍ어업,동부,제주,en,2,0.4168,29,29,1.0,,Cheju-do 97 66 29 27 10 22
임야,1988,138,32. 영림서 및 시ㆍ도별 임야 면적,IV. 농림ㆍ어업,동부,제주,en,3,0.4743,27,27,1.0,,Cheju-do 97 66 29 27 10 22
임야,1988,138,32. 영림서 및 시ㆍ도별 임야 면적,IV. 농림ㆍ어업,동부,제주,en,4,0.5318,10,10,1.0,,Cheju-do 97 66 29 27 10 22
임야,1988,138,32. 영림서 및 시ㆍ도별 임야 면적,IV. 농림ㆍ어업,동부,제주,en,5,0.8131,22,22,1.0,,Cheju-do 97 66 29 27 10 22
임야,1989,142,32. 영림서 및 시ㆍ도별 임야면적,IV. 농림ㆍ어업,동부,서울,ko,0,0.6058,20000,20000,1.0,,서울특별시 Seoul-tukpyoish 일 20000 11101 9½
임야,1989,142,32. 영림서 및 시ㆍ도별 임야면적,IV. 농림ㆍ어업,동부,서울,ko,1,0.8024,11101,11101,0.5,,서울특별시 Seoul-tukpyoish 일 20000 11101 9½
임야,1989,142,32. 영림서 및 시ㆍ도별 임야면적,IV. 농림ㆍ어업,동부,대구,ko,0,0.46,000,0,0.3,저신뢰,대구직할시 Taceu-gk'alshu 01그 000 23 23
임야,1989,142,32. 영림서 및 시ㆍ도별 임야면적,IV. 농림ㆍ어업,동부,대구,ko,1,0.6673,23,23,1.0,,대구직할시 Taceu-gk'alshu 01그 000 23 23
임야,1989,142,32. 영림서 및 시ㆍ도별 임야면적,IV. 농림ㆍ어업,동부,대구,ko,2,0.922,23,23,1.0,,대구직할시 Taceu-gk'alshu 01그 000 23 23
임야,1989,142,32. 영림서 및 시ㆍ도별 임야면적,IV. 농림ㆍ어업,동부,인천,ko,0,0.3203,5,5,1.0,,인천직할시 Inch'on-nk'alshu 5 4 10 4
임야,1989,142,32. 영림서 및 시ㆍ도별 임야면적,IV. 농림ㆍ어업,동부,인천,ko,1,0.6735,4,4,1.0,,인천직할시 Inch'on-nk'alshu 5 4 10 4
임야,1989,142,32. 영림서 및 시ㆍ도별 임야면적,IV. 농림ㆍ어업,동부,인천,ko,2,0.8686,10,10,0.3,저신뢰,인천직할시 Inch'on-nk'alshu 5 4 10 4
임야,1989,142,32. 영림서 및 시ㆍ도별 임야면적,IV. 농림ㆍ어업,동부,인천,ko,3,0.9281,4,4,1.0,,인천직할시 Inch'on-nk'alshu 5 4 10 4
임야,1989,142,32. 영림서 및 시ㆍ도별 임야면적,IV. 농림ㆍ어업,동부,광주,ko,0,0.6673,20,20,1.0,,광주직할시 Kwangju-ak'alshl 20 19
임야,1989,142,32. 영림서 및 시ㆍ도별 임야면적,IV. 농림ㆍ어업,동부,광주,ko,1,0.922,19,19,1.0,,광주직할시 Kwangju-ak'alshl 20 19
임야,1989,142,32. 영림서 및 시ㆍ도별 임야면적,IV. 농림ㆍ어업,동부,경기,ko,0,0.5257,23,23,1.0,,경기 기 도 Kvanggr-do 23 25 495 41 11 454
임야,1989,142,32. 영림서 및 시ㆍ도별 임야면적,IV. 농림ㆍ어업,동부,경기,ko,1,0.5955,25,25,1.0,,경기 기 도 Kvanggr-do 23 25 495 41 11 454
임야,1989,142,32. 영림서 및 시ㆍ도별 임야면적,IV. 농림ㆍ어업,동부,경기,ko,2,0.6612,495,495,1.0,,경기 기 도 Kvanggr-do 23 25 495 41 11 454
임야,1989,142,32. 영림서 및 시ㆍ도별 임야면적,IV. 농림ㆍ어업,동부,경기,ko,3,0.731,41,41,0.3,저신뢰,경기 기 도 Kvanggr-do 23 25 495 41 11 454
임야,1989,142,32. 영림서 및 시ㆍ도별 임야면적,IV. 농림ㆍ어업,동부,경기,ko,4,0.8583,11,11,1.0,,경기 기 도 Kvanggr-do 23 25 495 41 11 454
임야,1989,142,32. 영림서 및 시ㆍ도별 임야면적,IV. 농림ㆍ어업,동부,경기,ko,5,0.9138,454,454,1.0,,경기 기 도 Kvanggr-do 23 25 495 41 11 454
임야,1989,142,32. 영림서 및 시ㆍ도별 임야면적,IV. 농림ㆍ어업,동부,충북,en,0,0.4538,10,10,1.0,,도도도도도도도 Ch'ungch'ongbuk-do 10 45 439 82 357
임야,1989,142,32. 영림서 및 시ㆍ도별 임야면적,IV. 농림ㆍ어업,동부,충북,en,1,0.5236,45,45,1.0,,도도도도도도도 Ch'ungch'ongbuk-do 10 45 439 82 357
임야,1989,142,32. 영림서 및 시ㆍ도별 임야면적,IV. 농림ㆍ어업,동부,충북,en,2,0.6612,439,439,1.0,,도도도도도도도 Ch'ungch'ongbuk-do 10 45 439 82 357
임야,1989,142,32. 영림서 및 시ㆍ도별 임야면적,IV. 농림ㆍ어업,동부,충북,en,3,0.731,82,82,1.0,,도도도도도도도 Ch'ungch'ongbuk-do 10 45 439 82 357
임야,1989,142,32. 영림서 및 시ㆍ도별 임야면적,IV. 농림ㆍ어업,동부,충북,en,4,0.9158,357,357,1.0,,도도도도도도도 Ch'ungch'ongbuk-do 10 45 439 82 357
임야,1989,142,32. 영림서 및 시ㆍ도별 임야면적,IV. 농림ㆍ어업,동부,충남,en,0,0.4624,34,34,1.0,,Ch'ungch'ongnam-do 34 14 4 458 24 434
임야,1989,142,32. 영림서 및 시ㆍ도별 임야면적,IV. 농림ㆍ어업,동부,충남,en,1,0.5257,14,14,1.0,,Ch'ungch'ongnam-do 34 14 4 458 24 434
임야,1989,142,32. 영림서 및 시ㆍ도별 임야면적,IV. 농림ㆍ어업,동부,충남,en,2,0.6078,4,4,0.3,저신뢰,Ch'ungch'ongnam-do 34 14 4 458 24 434
임야,1989,142,32. 영림서 및 시ㆍ도별 임야면적,IV. 농림ㆍ어업,동부,충남,en,3,0.6612,458,458,1.0,,Ch'ungch'ongnam-do 34 14 4 458 24 434
임야,1989,142,32. 영림서 및 시ㆍ도별 임야면적,IV. 농림ㆍ어업,동부,충남,en,4,0.731,24,24,1.0,,Ch'ungch'ongnam-do 34 14 4 458 24 434
임야,1989,142,32. 영림서 및 시ㆍ도별 임야면적,IV. 농림ㆍ어업,동부,충남,en,5,0.9138,434,434,1.0,,Ch'ungch'ongnam-do 34 14 4 458 24 434
임야,1989,142,32. 영림서 및 시ㆍ도별 임야면적,IV. 농림ㆍ어업,동부,전북,en,0,0.5257,31,31,1.0,,Chollabuk-do 31 4 393 27 18 386
임야,1989,142,32. 영림서 및 시ㆍ도별 임야면적,IV. 농림ㆍ어업,동부,전북,en,1,0.6058,4,4,1.0,,Chollabuk-do 31 4 393 27 18 386
임야,1989,142,32. 영림서 및 시ㆍ도별 임야면적,IV. 농림ㆍ어업,동부,전북,en,2,0.6612,393,393,1.0,,Chollabuk-do 31 4 393 27 18 386
임야,1989,142,32. 영림서 및 시ㆍ도별 임야면적,IV. 농림ㆍ어업,동부,전북,en,3,0.7331,27,27,1.0,,Chollabuk-do 31 4 393 27 18 386
임야,1989,142,32. 영림서 및 시ㆍ도별 임야면적,IV. 농림ㆍ어업,동부,전북,en,4,0.8604,18,18,1.0,,Chollabuk-do 31 4 393 27 18 386
임야,1989,142,32. 영림서 및 시ㆍ도별 임야면적,IV. 농림ㆍ어업,동부,전북,en,5,0.9138,386,386,1.0,,Chollabuk-do 31 4 393 27 18 386
임야,1989,142,32. 영림서 및 시ㆍ도별 임야면적,IV. 농림ㆍ어업,동부,전남,en,0,0.4538,10,10,1.0,,Chollanam-do얧 10 26 20 842 33 23 809
임야,1989,142,32. 영림서 및 시ㆍ도별 임야면적,IV. 농림ㆍ어업,동부,전남,en,1,0.5257,26,26,1.0,,Chollanam-do얧 10 26 20 842 33 23 809
임야,1989,142,32. 영림서 및 시ㆍ도별 임야면적,IV. 농림ㆍ어업,동부,전남,en,2,0.5975,20,20,1.0,,Chollanam-do얧 10 26 20 842 33 23 809
임야,1989,142,32. 영림서 및 시ㆍ도별 임야면적,IV. 농림ㆍ어업,동부,전남,en,3,0.6612,842,842,1.0,,Chollanam-do얧 10 26 20 842 33 23 809
임야,1989,142,32. 영림서 및 시ㆍ도별 임야면적,IV. 농림ㆍ어업,동부,전남,en,4,0.7331,33,33,1.0,,Chollanam-do얧 10 26 20 842 33 23 809
임야,1989,142,32. 영림서 및 시ㆍ도별 임야면적,IV. 농림ㆍ어업,동부,전남,en,5,0.8583,23,23,0.5,,Chollanam-do얧 10 26 20 842 33 23 809
임야,1989,142,32. 영림서 및 시ㆍ도별 임야면적,IV. 농림ㆍ어업,동부,전남,en,6,0.9117,809,809,1.0,,Chollanam-do얧 10 26 20 842 33 23 809
임야,1989,142,32. 영림서 및 시ㆍ도별 임야면적,IV. 농림ㆍ어업,동부,경북,en,0,0.2895,1,1,0.3,저신뢰,Kyongsangbuk-do 1 9 61 5 1 163 120 105 1 042
임야,1989,142,32. 영림서 및 시ㆍ도별 임야면적,IV. 농림ㆍ어업,동부,경북,en,1,0.462,9,9,0.3,저신뢰,Kyongsangbuk-do 1 9 61 5 1 163 120 105 1 042
임야,1989,142,32. 영림서 및 시ㆍ도별 임야면적,IV. 농림ㆍ어업,동부,경북,en,2,0.5277,61,61,1.0,,Kyongsangbuk-do 1 9 61 5 1 163 120 105 1 042
임야,1989,142,32. 영림서 및 시ㆍ도별 임야면적,IV. 농림ㆍ어업,동부,경북,en,3,0.6058,5,5,1.0,,Kyongsangbuk-do 1 9 61 5 1 163 120 105 1 042
임야,1989,142,32. 영림서 및 시ㆍ도별 임야면적,IV. 농림ㆍ어업,동부,경북,en,4,0.6448,1 163,1163,0.3,저신뢰,Kyongsangbuk-do 1 9 61 5 1 163 120 105 1 042
임야,1989,142,32. 영림서 및 시ㆍ도별 임야면적,IV. 농림ㆍ어업,동부,경북,en,5,0.7248,120,120,1.0,,Kyongsangbuk-do 1 9 61 5 1 163 120 105 1 042
임야,1989,142,32. 영림서 및 시ㆍ도별 임야면적,IV. 농림ㆍ어업,동부,경북,en,6,0.8501,105,105,1.0,,Kyongsangbuk-do 1 9 61 5 1 163 120 105 1 042
임야,1989,142,32. 영림서 및 시ㆍ도별 임야면적,IV. 농림ㆍ어업,동부,경북,en,7,0.8973,1 042,1042,0.5,,Kyongsangbuk-do 1 9 61 5 1 163 120 105 1 042
임야,1989,142,32. 영림서 및 시ㆍ도별 임야면적,IV. 농림ㆍ어업,동부,제주,en,0,0.5339,2,2,1.0,,Cheju-do 2 66 11 55
임야,1989,142,32. 영림서 및 시ㆍ도별 임야면적,IV. 농림ㆍ어업,동부,제주,en,1,0.6673,66,66,1.0,,Cheju-do 2 66 11 55
임야,1989,142,32. 영림서 및 시ㆍ도별 임야면적,IV. 농림ㆍ어업,동부,제주,en,2,0.8604,11,11,1.0,,Cheju-do 2 66 11 55
임야,1989,142,32. 영림서 및 시ㆍ도별 임야면적,IV. 농림ㆍ어업,동부,제주,en,3,0.9199,55,55,1.0,,Cheju-do 2 66 11 55
임야,1989,142,32. 영림서 및 시ㆍ도별 임야면적,IV. 농림ㆍ어업,동부,서울,ko,0,0.3162,16,16,1.0,,서울특별시 Scoul-t’tkpyolsh 16 3 2 31302 83 1•119
임야,1989,142,32. 영림서 및 시ㆍ도별 임야면적,IV. 농림ㆍ어업,동부,서울,ko,1,0.3881,3,3,1.0,,서울특별시 Scoul-t’tkpyolsh 16 3 2 31302 83 1•119
임야,1989,142,32. 영림서 및 시ㆍ도별 임야면적,IV. 농림ㆍ어업,동부,서울,ko,2,0.4497,2,2,1.0,,서울특별시 Scoul-t’tkpyolsh 16 3 2 31302 83 1•119
임야,1989,142,32. 영림서 및 시ㆍ도별 임야면적,IV. 농림ㆍ어업,동부,서울,ko,3,0.5154,31302,31302,1.0,,서울특별시 Scoul-t’tkpyolsh 16 3 2 31302 83 1•119
임야,1989,142,32. 영림서 및 시ㆍ도별 임야면적,IV. 농림ㆍ어업,동부,서울,ko,4,0.576,83,83,0.3,저신뢰,서울특별시 Scoul-t’tkpyolsh 16 3 2 31302 83 1•119
임야,1989,142,32. 영림서 및 시ㆍ도별 임야면적,IV. 농림ㆍ어업,동부,부산,ko,0,0.3162,18,18,1.0,,부산직할시 Pusan-jik'alshi 18 13
임야,1989,142,32. 영림서 및 시ㆍ도별 임야면적,IV. 농림ㆍ어업,동부,부산,ko,1,0.4435,13,13,0.5,,부산직할시 Pusan-jik'alshi 18 13
임야,1989,142,32. 영림서 및 시ㆍ도별 임야면적,IV. 농림ㆍ어업,동부,대구,ko,0,0.3162,24,24,1.0,,대구직할시 Tacgu-jik'alshu 24 235
임야,1989,142,32. 영림서 및 시ㆍ도별 임야면적,IV. 농림ㆍ어업,동부,대구,ko,1,0.3799,235,235,0.3,저신뢰,대구직할시 Tacgu-jik'alshu 24 235
임야,1989,142,32. 영림서 및 시ㆍ도별 임야면적,IV. 농림ㆍ어업,동부,인천,ko,0,0.4517,3,3,1.0,,인천직할시 Inchon-gkalshi 3
임야,1989,142,32. 영림서 및 시ㆍ도별 임야면적,IV. 농림ㆍ어업,동부,광주,ko,0,0.3162,21,21,1.0,,광주직할시 Kwangju-jk'alshi 21 20 16
임야,1989,142,32. 영림서 및 시ㆍ도별 임야면적,IV. 농림ㆍ어업,동부,광주,ko,1,0.3799,20,20,1.0,,광주직할시 Kwangju-jk'alshi 21 20 16
임야,1989,142,32. 영림서 및 시ㆍ도별 임야면적,IV. 농림ㆍ어업,동부,광주,ko,2,0.4435,16,16,1.0,,광주직할시 Kwangju-jk'alshi 21 20 16
임야,1989,142,32. 영림서 및 시ㆍ도별 임야면적,IV. 농림ㆍ어업,동부,충남,en,0,0.3101,479,479,1.0,,Ch'ungch'ongnam-do 479 469 275 47
임야,1989,142,32. 영림서 및 시ㆍ도별 임야면적,IV. 농림ㆍ어업,동부,충남,en,1,0.3737,469,469,1.0,,Ch'ungch'ongnam-do 479 469 275 47
임야,1989,142,32. 영림서 및 시ㆍ도별 임야면적,IV. 농림ㆍ어업,동부,충남,en,2,0.4374,275,275,1.0,,Ch'ungch'ongnam-do 479 469 275 47
임야,1989,142,32. 영림서 및 시ㆍ도별 임야면적,IV. 농림ㆍ어업,동부,충남,en,3,0.5072,47,47,0.3,저신뢰,Ch'ungch'ongnam-do 479 469 275 47
임야,1989,142,32. 영림서 및 시ㆍ도별 임야면적,IV. 농림ㆍ어업,동부,전북,en,0,0.3101,434,434,1.0,,Chollabuk-do 434 425 272 5 78
임야,1989,142,32. 영림서 및 시ㆍ도별 임야면적,IV. 농림ㆍ어업,동부,전북,en,1,0.3717,425,425,1.0,,Chollabuk-do 434 425 272 5 78
임야,1989,142,32. 영림서 및 시ㆍ도별 임야면적,IV. 농림ㆍ어업,동부,전북,en,2,0.4374,272,272,0.3,저신뢰,Chollabuk-do 434 425 272 5 78
임야,1989,142,32. 영림서 및 시ㆍ도별 임야면적,IV. 농림ㆍ어업,동부,전북,en,3,0.5154,5,5,1.0,,Chollabuk-do 434 425 272 5 78
임야,1989,142,32. 영림서 및 시ㆍ도별 임야면적,IV. 농림ㆍ어업,동부,전북,en,4,0.5688,78,78,1.0,,Chollabuk-do 434 425 272 5 78
임야,1989,142,32. 영림서 및 시ㆍ도별 임야면적,IV. 농림ㆍ어업,동부,전남,en,0,0.3101,702,702,1.0,,Chollanam-do 702 667 501 93 끓리 PM0
임야,1989,142,32. 영림서 및 시ㆍ도별 임야면적,IV. 농림ㆍ어업,동부,전남,en,1,0.3717,667,667,0.5,,Chollanam-do 702 667 501 93 끓리 PM0
임야,1989,142,32. 영림서 및 시ㆍ도별 임야면적,IV. 농림ㆍ어업,동부,전남,en,2,0.4374,501,501,1.0,,Chollanam-do 702 667 501 93 끓리 PM0
임야,1989,142,32. 영림서 및 시ㆍ도별 임야면적,IV. 농림ㆍ어업,동부,전남,en,3,0.5154,93,93,0.3,저신뢰,Chollanam-do 702 667 501 93 끓리 PM0
임야,1989,142,32. 영림서 및 시ㆍ도별 임야면적,IV. 농림ㆍ어업,동부,경북,en,0,0.2936,1 237,1237,1.0,,Kyongsangbuk~do 1 237 216 551 21
임야,1989,142,32. 영림서 및 시ㆍ도별 임야면적,IV. 농림ㆍ어업,동부,경북,en,1,0.3717,216,216,1.0,,Kyongsangbuk~do 1 237 216 551 21
임야,1989,142,32. 영림서 및 시ㆍ도별 임야면적,IV. 농림ㆍ어업,동부,경북,en,2,0.4374,551,551,1.0,,Kyongsangbuk~do 1 237 216 551 21
임야,1989,142,32. 영림서 및 시ㆍ도별 임야면적,IV. 농림ㆍ어업,동부,경북,en,3,0.499,21,21,1.0,,Kyongsangbuk~do 1 237 216 551 21
임야,1989,142,32. 영림서 및 시ㆍ도별 임야면적,IV. 농림ㆍ어업,동부,제주,ko,0,0.3162,97,97,1.0,,제 주 Chew-do 97 86 29 27 22
임야,1989,142,32. 영림서 및 시ㆍ도별 임야면적,IV. 농림ㆍ어업,동부,제주,ko,1,0.3799,86,86,0.3,저신뢰,제 주 Chew-do 97 86 29 27 22
임야,1989,142,32. 영림서 및 시ㆍ도별 임야면적,IV. 농림ㆍ어업,동부,제주,ko,2,0.4456,29,29,0.5,,제 주 Chew-do 97 86 29 27 22
임야,1989,142,32. 영림서 및 시ㆍ도별 임야면적,IV. 농림ㆍ어업,동부,제주,ko,3,0.5072,27,27,1.0,,제 주 Chew-do 97 86 29 27 22
임야,1989,142,32. 영림서 및 시ㆍ도별 임야면적,IV. 농림ㆍ어업,동부,제주,ko,4,0.8645,22,22,1.0,,제 주 Chew-do 97 86 29 27 22
임야,1990,138,32. 영림서 및 시ㆍ도별 임야면적,IV. 농림ㆍ어업,동부,서울,ko,0,0.6078,220102,220102,1.0,,서울특별식 Seoul-tukpyolsh FO00WE 220102 200800 11101 @0846
임야,1990,138,32. 영림서 및 시ㆍ도별 임야면적,IV. 농림ㆍ어업,동부,서울,ko,1,0.6694,200800,200800,0.3,저신뢰,서울특별식 Seoul-tukpyolsh FO00WE 220102 200800 11101 @0846
임야,1990,138,32. 영림서 및 시ㆍ도별 임야면적,IV. 농림ㆍ어업,동부,서울,ko,2,0.7433,11101,11101,0.5,,서울특별식 Seoul-tukpyolsh FO00WE 220102 200800 11101 @0846
임야,1990,138,32. 영림서 및 시ㆍ도별 임야면적,IV. 농림ㆍ어업,동부,대전,ko,0,0.3942,4,4,1.0,,대전직할시 Iaejon-j1k'alshi 4 25
임야,1990,138,32. 영림서 및 시ㆍ도별 임야면적,IV. 농림ㆍ어업,동부,대전,ko,1,0.924,25,25,1.0,,대전직할시 Iaejon-j1k'alshi 4 25
임야,1990,138,32. 영림서 및 시ㆍ도별 임야면적,IV. 농림ㆍ어업,동부,강원,en,0,0.6612,669,669,1.0,,도 Kangwon-do 80ggGwa@ 669 97
임야,1990,138,32. 영림서 및 시ㆍ도별 임야면적,IV. 농림ㆍ어업,동부,강원,en,1,0.7331,97,97,1.0,,도 Kangwon-do 80ggGwa@ 669 97
임야,1990,138,32. 영림서 및 시ㆍ도별 임야면적,IV. 농림ㆍ어업,동부,전북,en,0,0.6632,392,392,1.0,,Chollabuk-do 392 28 미0@
임야,1990,138,32. 영림서 및 시ㆍ도별 임야면적,IV. 농림ㆍ어업,동부,전북,en,1,0.7331,28,28,1.0,,Chollabuk-do 392 28 미0@
임야,1990,138,32. 영림서 및 시ㆍ도별 임야면적,IV. 농림ㆍ어업,동부,전남,en,0,0.6612,643,643,1.0,,"Chollanam-do, 643 33"
임야,1990,138,32. 영림서 및 시ㆍ도별 임야면적,IV. 농림ㆍ어업,동부,전남,en,1,0.731,33,33,1.0,,"Chollanam-do, 643 33"
임야,1990,138,32. 영림서 및 시ㆍ도별 임야면적,IV. 농림ㆍ어업,동부,경북,en,0,0.4641,9,9,0.5,,Kyongsangbuk-do 9 1 160 120 105
임야,1990,138,32. 영림서 및 시ㆍ도별 임야면적,IV. 농림ㆍ어업,동부,경북,en,1,0.6448,1 160,1160,1.0,,Kyongsangbuk-do 9 1 160 120 105
임야,1990,138,32. 영림서 및 시ㆍ도별 임야면적,IV. 농림ㆍ어업,동부,경북,en,2,0.7248,120,120,1.0,,Kyongsangbuk-do 9 1 160 120 105
임야,1990,138,32. 영림서 및 시ㆍ도별 임야면적,IV. 농림ㆍ어업,동부,경북,en,3,0.8522,105,105,1.0,,Kyongsangbuk-do 9 1 160 120 105
임야,1990,138,32. 영림서 및 시ㆍ도별 임야면적,IV. 농림ㆍ어업,동부,경남,en,0,0.5277,18,18,1.0,,Kyongsangnam-do 18 742 50 18 34 692
임야,1990,138,32. 영림서 및 시ㆍ도별 임야면적,IV. 농림ㆍ어업,동부,경남,en,1,0.6632,742,742,1.0,,Kyongsangnam-do 18 742 50 18 34 692
임야,1990,138,32. 영림서 및 시ㆍ도별 임야면적,IV. 농림ㆍ어업,동부,경남,en,2,0.731,50,50,1.0,,Kyongsangnam-do 18 742 50 18 34 692
임야,1990,138,32. 영림서 및 시ㆍ도별 임야면적,IV. 농림ㆍ어업,동부,경남,en,3,0.7967,18,18,0.3,저신뢰,Kyongsangnam-do 18 742 50 18 34 692
임야,1990,138,32. 영림서 및 시ㆍ도별 임야면적,IV. 농림ㆍ어업,동부,경남,en,4,0.8604,34,34,1.0,,Kyongsangnam-do 18 742 50 18 34 692
임야,1990,138,32. 영림서 및 시ㆍ도별 임야면적,IV. 농림ㆍ어업,동부,경남,en,5,0.9138,692,692,1.0,,Kyongsangnam-do 18 742 50 18 34 692
임야,1990,138,32. 영림서 및 시ㆍ도별 임야면적,IV. 농림ㆍ어업,동부,제주,en,0,0.5339,2,2,1.0,,주 도 Cheju-do 2 67 11 11 58
임야,1990,138,32. 영림서 및 시ㆍ도별 임야면적,IV. 농림ㆍ어업,동부,제주,en,1,0.6694,67,67,1.0,,주 도 Cheju-do 2 67 11 11 58
임야,1990,138,32. 영림서 및 시ㆍ도별 임야면적,IV. 농림ㆍ어업,동부,제주,en,2,0.7331,11,11,1.0,,주 도 Cheju-do 2 67 11 11 58
임야,1990,138,32. 영림서 및 시ㆍ도별 임야면적,IV. 농림ㆍ어업,동부,제주,en,3,0.8604,11,11,1.0,,주 도 Cheju-do 2 67 11 11 58
임야,1990,138,32. 영림서 및 시ㆍ도별 임야면적,IV. 농림ㆍ어업,동부,제주,en,4,0.9199,58,58,0.3,저신뢰,주 도 Cheju-do 2 67 11 11 58
임야,1990,138,32. 영림서 및 시ㆍ도별 임야면적,IV. 농림ㆍ어업,동부,서울,ko,0,0.3224,16,16,0.5,,서울특별시 Seoul-t’ukpyolshi 16 13 2216∞ •.
임야,1990,138,32. 영림서 및 시ㆍ도별 임야면적,IV. 농림ㆍ어업,동부,서울,ko,1,0.386,13,13,1.0,,서울특별시 Seoul-t’ukpyolshi 16 13 2216∞ •.
임야,1990,138,32. 영림서 및 시ㆍ도별 임야면적,IV. 농림ㆍ어업,동부,부산,ko,0,0.3224,23,23,1.0,,부산직할시 Pusan-jk'aishi 23 22
임야,1990,138,32. 영림서 및 시ㆍ도별 임야면적,IV. 농림ㆍ어업,동부,부산,ko,1,0.386,22,22,1.0,,부산직할시 Pusan-jk'aishi 23 22
임야,1990,138,32. 영림서 및 시ㆍ도별 임야면적,IV. 농림ㆍ어업,동부,대구,ko,0,0.3224,24,24,1.0,,대구직할시 Taegu-jk'alsh 24 23 1!
임야,1990,138,32. 영림서 및 시ㆍ도별 임야면적,IV. 농림ㆍ어업,동부,대구,ko,1,0.386,23,23,1.0,,대구직할시 Taegu-jk'alsh 24 23 1!
임야,1990,138,32. 영림서 및 시ㆍ도별 임야면적,IV. 농림ㆍ어업,동부,인천,ko,0,0.3224,10,10,1.0,,인천직할시 Inch'6n-jlk’alshl 10 7 •C
임야,1990,138,32. 영림서 및 시ㆍ도별 임야면적,IV. 농림ㆍ어업,동부,인천,ko,1,0.3922,7,7,1.0,,인천직할시 Inch'6n-jlk’alshl 10 7 •C
임야,1990,138,32. 영림서 및 시ㆍ도별 임야면적,IV. 농림ㆍ어업,동부,광주,ko,0,0.3203,21,21,1.0,,광주직할시 Kwangju-jk’alsh 21 20 16 00
임야,1990,138,32. 영림서 및 시ㆍ도별 임야면적,IV. 농림ㆍ어업,동부,광주,ko,1,0.384,20,20,1.0,,광주직할시 Kwangju-jk’alsh 21 20 16 00
임야,1990,138,32. 영림서 및 시ㆍ도별 임야면적,IV. 농림ㆍ어업,동부,광주,ko,2,0.4497,16,16,1.0,,광주직할시 Kwangju-jk’alsh 21 20 16 00
임야,1990,138,32. 영림서 및 시ㆍ도별 임야면적,IV. 농림ㆍ어업,동부,광주,ko,3,0.7659,00,0,0.5,,광주직할시 Kwangju-jk’alsh 21 20 16 00
임야,1990,138,32. 영림서 및 시ㆍ도별 임야면적,IV. 농림ㆍ어업,동부,대전,ko,0,0.3203,31,31,1.0,,대전직할시 Iaejon-jik'alshl 31 31 22
임야,1990,138,32. 영림서 및 시ㆍ도별 임야면적,IV. 농림ㆍ어업,동부,대전,ko,1,0.386,31,31,1.0,,대전직할시 Iaejon-jik'alshl 31 31 22
임야,1990,138,32. 영림서 및 시ㆍ도별 임야면적,IV. 농림ㆍ어업,동부,대전,ko,2,0.577,22,22,1.0,,대전직할시 Iaejon-jik'alshl 31 31 22
임야,1990,138,32. 영림서 및 시ㆍ도별 임야면적,IV. 농림ㆍ어업,동부,경기,en,0,0.3142,557,557,1.0,,도 Kyonggi-do 557 525 267 94 164 19 00 ...
임야,1990,138,32. 영림서 및 시ㆍ도별 임야면적,IV. 농림ㆍ어업,동부,경기,en,1,0.3778,525,525,1.0,,도 Kyonggi-do 557 525 267 94 164 19 00 ...
임야,1990,138,32. 영림서 및 시ㆍ도별 임야면적,IV. 농림ㆍ어업,동부,경기,en,2,0.4415,267,267,1.0,,도 Kyonggi-do 557 525 267 94 164 19 00 ...
임야,1990,138,32. 영림서 및 시ㆍ도별 임야면적,IV. 농림ㆍ어업,동부,경기,en,3,0.5113,94,94,1.0,,도 Kyonggi-do 557 525 267 94 164 19 00 ...
임야,1990,138,32. 영림서 및 시ㆍ도별 임야면적,IV. 농림ㆍ어업,동부,경기,en,4,0.5688,164,164,1.0,,도 Kyonggi-do 557 525 267 94 164 19 00 ...
임야,1990,138,32. 영림서 및 시ㆍ도별 임야면적,IV. 농림ㆍ어업,동부,경기,en,5,0.7043,19,19,1.0,,도 Kyonggi-do 557 525 267 94 164 19 00 ...
임야,1990,138,32. 영림서 및 시ㆍ도별 임야면적,IV. 농림ㆍ어업,동부,경기,en,6,0.8214,00,0,1.0,,도 Kyonggi-do 557 525 267 94 164 19 00 ...
임야,1990,138,32. 영림서 및 시ㆍ도별 임야면적,IV. 농림ㆍ어업,동부,강원,en,0,0.3142,712,712,1.0,,노 Kangwon-do 712 694 382 153 160 17
임야,1990,138,32. 영림서 및 시ㆍ도별 임야면적,IV. 농림ㆍ어업,동부,강원,en,1,0.3758,694,694,0.5,,노 Kangwon-do 712 694 382 153 160 17
임야,1990,138,32. 영림서 및 시ㆍ도별 임야면적,IV. 농림ㆍ어업,동부,강원,en,2,0.4394,382,382,1.0,,노 Kangwon-do 712 694 382 153 160 17
임야,1990,138,32. 영림서 및 시ㆍ도별 임야면적,IV. 농림ㆍ어업,동부,강원,en,3,0.5031,153,153,1.0,,노 Kangwon-do 712 694 382 153 160 17
임야,1990,138,32. 영림서 및 시ㆍ도별 임야면적,IV. 농림ㆍ어업,동부,강원,en,4,0.5688,160,160,1.0,,노 Kangwon-do 712 694 382 153 160 17
임야,1990,138,32. 영림서 및 시ㆍ도별 임야면적,IV. 농림ㆍ어업,동부,강원,en,5,0.7043,17,17,1.0,,노 Kangwon-do 712 694 382 153 160 17
임야,1990,138,32. 영림서 및 시ㆍ도별 임야면적,IV. 농림ㆍ어업,동부,충북,en,0,0.3142,498,498,1.0,,Ch'ungch'ongbuk-do 498 489 242 186
임야,1990,138,32. 영림서 및 시ㆍ도별 임야면적,IV. 농림ㆍ어업,동부,충북,en,1,0.3778,489,489,1.0,,Ch'ungch'ongbuk-do 498 489 242 186
임야,1990,138,32. 영림서 및 시ㆍ도별 임야면적,IV. 농림ㆍ어업,동부,충북,en,2,0.4415,242,242,1.0,,Ch'ungch'ongbuk-do 498 489 242 186
임야,1990,138,32. 영림서 및 시ㆍ도별 임야면적,IV. 농림ㆍ어업,동부,충북,en,3,0.5688,186,186,1.0,,Ch'ungch'ongbuk-do 498 489 242 186
임야,1990,138,32. 영림서 및 시ㆍ도별 임야면적,IV. 농림ㆍ어업,동부,전북,en,0,0.3142,433,433,1.0,,Chollabuk-do 433 423 271 78 13030 10
임야,1990,138,32. 영림서 및 시ㆍ도별 임야면적,IV. 농림ㆍ어업,동부,전북,en,1,0.3778,423,423,0.5,,Chollabuk-do 433 423 271 78 13030 10
임야,1990,138,32. 영림서 및 시ㆍ도별 임야면적,IV. 농림ㆍ어업,동부,전북,en,2,0.4415,271,271,1.0,,Chollabuk-do 433 423 271 78 13030 10
임야,1990,138,32. 영림서 및 시ㆍ도별 임야면적,IV. 농림ㆍ어업,동부,전북,en,3,0.5749,78,78,1.0,,Chollabuk-do 433 423 271 78 13030 10
임야,1990,138,32. 영림서 및 시ㆍ도별 임야면적,IV. 농림ㆍ어업,동부,전북,en,4,0.6468,13030,13030,0.3,저신뢰,Chollabuk-do 433 423 271 78 13030 10
임야,1990,138,32. 영림서 및 시ㆍ도별 임야면적,IV. 농림ㆍ어업,동부,전북,en,5,0.7043,10,10,0.5,,Chollabuk-do 433 423 271 78 13030 10
임야,1990,138,32. 영림서 및 시ㆍ도별 임야면적,IV. 농림ㆍ어업,동부,전남,en,0,0.3142,703,703,1.0,,Chollanam-do 703 664 498 84 35
임야,1990,138,32. 영림서 및 시ㆍ도별 임야면적,IV. 농림ㆍ어업,동부,전남,en,1,0.3758,664,664,0.5,,Chollanam-do 703 664 498 84 35
임야,1990,138,32. 영림서 및 시ㆍ도별 임야면적,IV. 농림ㆍ어업,동부,전남,en,2,0.4415,498,498,1.0,,Chollanam-do 703 664 498 84 35
임야,1990,138,32. 영림서 및 시ㆍ도별 임야면적,IV. 농림ㆍ어업,동부,전남,en,3,0.5749,84,84,1.0,,Chollanam-do 703 664 498 84 35
임야,1990,138,32. 영림서 및 시ㆍ도별 임야면적,IV. 농림ㆍ어업,동부,전남,en,4,0.7023,35,35,1.0,,Chollanam-do 703 664 498 84 35
임야,1990,138,32. 영림서 및 시ㆍ도별 임야면적,IV. 농림ㆍ어업,동부,경북,en,0,0.2977,1 235,1235,0.3,저신뢰,Kyongsangbuk-do 1 235 213 549 450
임야,1990,138,32. 영림서 및 시ㆍ도별 임야면적,IV. 농림ㆍ어업,동부,경북,en,1,0.3758,213,213,0.5,,Kyongsangbuk-do 1 235 213 549 450
임야,1990,138,32. 영림서 및 시ㆍ도별 임야면적,IV. 농림ㆍ어업,동부,경북,en,2,0.4415,549,549,1.0,,Kyongsangbuk-do 1 235 213 549 450
임야,1990,138,32. 영림서 및 시ㆍ도별 임야면적,IV. 농림ㆍ어업,동부,경북,en,3,0.5688,450,450,1.0,,Kyongsangbuk-do 1 235 213 549 450
임야,1990,138,32. 영림서 및 시ㆍ도별 임야면적,IV. 농림ㆍ어업,동부,경남,en,0,0.3142,781,781,1.0,,Kyongsangnam-do 781 765 360 153 249
임야,1990,138,32. 영림서 및 시ㆍ도별 임야면적,IV. 농림ㆍ어업,동부,경남,en,1,0.3758,765,765,1.0,,Kyongsangnam-do 781 765 360 153 249
임야,1990,138,32. 영림서 및 시ㆍ도별 임야면적,IV. 농림ㆍ어업,동부,경남,en,2,0.4415,360,360,1.0,,Kyongsangnam-do 781 765 360 153 249
임야,1990,138,32. 영림서 및 시ㆍ도별 임야면적,IV. 농림ㆍ어업,동부,경남,en,3,0.5051,153,153,1.0,,Kyongsangnam-do 781 765 360 153 249
임야,1990,138,32. 영림서 및 시ㆍ도별 임야면적,IV. 농림ㆍ어업,동부,경남,en,4,0.5688,249,249,1.0,,Kyongsangnam-do 781 765 360 153 249
임야,1991,138,32. 영림서 및 시ㆍ도별 임야면적,IV. 농림ㆍ어업,동부,서울,ko,0,0.462,410001,410001,0.5,,서울특별시 Seoul-t'ukpyolsh 410001 010002 2 10 111012 - 9
임야,1991,138,32. 영림서 및 시ㆍ도별 임야면적,IV. 농림ㆍ어업,동부,서울,ko,1,0.5359,010002,10002,1.0,,서울특별시 Seoul-t'ukpyolsh 410001 010002 2 10 111012 - 9
임야,1991,138,32. 영림서 및 시ㆍ도별 임야면적,IV. 농림ㆍ어업,동부,서울,ko,2,0.6037,2,2,1.0,,서울특별시 Seoul-t'ukpyolsh 410001 010002 2 10 111012 - 9
임야,1991,138,32. 영림서 및 시ㆍ도별 임야면적,IV. 농림ㆍ어업,동부,서울,ko,3,0.6694,10,10,1.0,,서울특별시 Seoul-t'ukpyolsh 410001 010002 2 10 111012 - 9
임야,1991,138,32. 영림서 및 시ㆍ도별 임야면적,IV. 농림ㆍ어업,동부,서울,ko,4,0.8049,111012,111012,0.5,,서울특별시 Seoul-t'ukpyolsh 410001 010002 2 10 111012 - 9
임야,1991,138,32. 영림서 및 시ㆍ도별 임야면적,IV. 농림ㆍ어업,동부,서울,ko,5,0.9322,9,9,0.5,,서울특별시 Seoul-t'ukpyolsh 410001 010002 2 10 111012 - 9
임야,1991,138,32. 영림서 및 시ㆍ도별 임야면적,IV. 농림ㆍ어업,동부,부산,ko,0,0.6058,20112,20112,0.5,,부산직할시 Pusan-jtk'alsha 20112 1?
임야,1991,138,32. 영림서 및 시ㆍ도별 임야면적,IV. 농림ㆍ어업,동부,대구,ko,0,0.308,24,24,1.0,,대구직할신 Taegu-juk'alshi 24 23 23
임야,1991,138,32. 영림서 및 시ㆍ도별 임야면적,IV. 농림ㆍ어업,동부,대구,ko,1,0.6715,23,23,1.0,,대구직할신 Taegu-juk'alshi 24 23 23
임야,1991,138,32. 영림서 및 시ㆍ도별 임야면적,IV. 농림ㆍ어업,동부,대구,ko,2,0.9261,23,23,1.0,,대구직할신 Taegu-juk'alshi 24 23 23
임야,1991,138,32. 영림서 및 시ㆍ도별 임야면적,IV. 농림ㆍ어업,동부,인천,ko,0,0.308,10,10,1.0,,"인천직핥식 Inch'on-juk’alsh, 10 6 012 6"
임야,1991,138,32. 영림서 및 시ㆍ도별 임야면적,IV. 농림ㆍ어업,동부,인천,ko,1,0.6776,6,6,1.0,,"인천직핥식 Inch'on-juk’alsh, 10 6 012 6"
임야,1991,138,32. 영림서 및 시ㆍ도별 임야면적,IV. 농림ㆍ어업,동부,인천,ko,2,0.7433,012,12,0.5,,"인천직핥식 Inch'on-juk’alsh, 10 6 012 6"
임야,1991,138,32. 영림서 및 시ㆍ도별 임야면적,IV. 농림ㆍ어업,동부,인천,ko,3,0.9343,6,6,1.0,,"인천직핥식 Inch'on-juk’alsh, 10 6 012 6"
임야,1991,138,32. 영림서 및 시ㆍ도별 임야면적,IV. 농림ㆍ어업,동부,광주,ko,0,0.308,2],2,0.3,저신뢰,광주직할식 Kwangjuyk alshi 2] 19 0 18
임야,1991,138,32. 영림서 및 시ㆍ도별 임야면적,IV. 농림ㆍ어업,동부,광주,ko,1,0.6715,19,19,1.0,,광주직할식 Kwangjuyk alshi 2] 19 0 18
임야,1991,138,32. 영림서 및 시ㆍ도별 임야면적,IV. 농림ㆍ어업,동부,광주,ko,2,0.8706,0,0,0.5,,광주직할식 Kwangjuyk alshi 2] 19 0 18
임야,1991,138,32. 영림서 및 시ㆍ도별 임야면적,IV. 농림ㆍ어업,동부,광주,ko,3,0.9261,18,18,1.0,,광주직할식 Kwangjuyk alshi 2] 19 0 18
임야,1991,138,32. 영림서 및 시ㆍ도별 임야면적,IV. 농림ㆍ어업,동부,대전,ko,0,0.3101,31,31,1.0,,대전직 할시 Taejon-gk'alshi 31 27 25
임야,1991,138,32. 영림서 및 시ㆍ도별 임야면적,IV. 농림ㆍ어업,동부,대전,ko,1,0.6715,27,27,1.0,,대전직 할시 Taejon-gk'alshi 31 27 25
임야,1991,138,32. 영림서 및 시ㆍ도별 임야면적,IV. 농림ㆍ어업,동부,대전,ko,2,0.924,25,25,1.0,,대전직 할시 Taejon-gk'alshi 31 27 25
임야,1991,138,32. 영림서 및 시ㆍ도별 임야면적,IV. 농림ㆍ어업,동부,경기,ko,0,0.3819,55,55,1.0,,경 기 도 Kyonggi-do 55 4 23 28 487 41 30 11 446
임야,1991,138,32. 영림서 및 시ㆍ도별 임야면적,IV. 농림ㆍ어업,동부,경기,ko,1,0.462,4,4,1.0,,경 기 도 Kyonggi-do 55 4 23 28 487 41 30 11 446
임야,1991,138,32. 영림서 및 시ㆍ도별 임야면적,IV. 농림ㆍ어업,동부,경기,ko,2,0.5277,23,23,1.0,,경 기 도 Kyonggi-do 55 4 23 28 487 41 30 11 446
임야,1991,138,32. 영림서 및 시ㆍ도별 임야면적,IV. 농림ㆍ어업,동부,경기,ko,3,0.5996,28,28,1.0,,경 기 도 Kyonggi-do 55 4 23 28 487 41 30 11 446
임야,1991,138,32. 영림서 및 시ㆍ도별 임야면적,IV. 농림ㆍ어업,동부,경기,ko,4,0.6632,487,487,1.0,,경 기 도 Kyonggi-do 55 4 23 28 487 41 30 11 446
임야,1991,138,32. 영림서 및 시ㆍ도별 임야면적,IV. 농림ㆍ어업,동부,경기,ko,5,0.7351,41,41,1.0,,경 기 도 Kyonggi-do 55 4 23 28 487 41 30 11 446
임야,1991,138,32. 영림서 및 시ㆍ도별 임야면적,IV. 농림ㆍ어업,동부,경기,ko,6,0.7988,30,30,1.0,,경 기 도 Kyonggi-do 55 4 23 28 487 41 30 11 446
임야,1991,138,32. 영림서 및 시ㆍ도별 임야면적,IV. 농림ㆍ어업,동부,경기,ko,7,0.8624,11,11,1.0,,경 기 도 Kyonggi-do 55 4 23 28 487 41 30 11 446
임야,1991,138,32. 영림서 및 시ㆍ도별 임야면적,IV. 농림ㆍ어업,동부,경기,ko,8,0.9179,446,446,1.0,,경 기 도 Kyonggi-do 55 4 23 28 487 41 30 11 446
임야,1991,138,32. 영림서 및 시ㆍ도별 임야면적,IV. 농림ㆍ어업,동부,강원,en,0,0.3819,43,43,1.0,,도 Kangwon-do 43 20 20 662 $7 26 71 565
임야,1991,138,32. 영림서 및 시ㆍ도별 임야면적,IV. 농림ㆍ어업,동부,강원,en,1,0.5277,20,20,0.3,저신뢰,도 Kangwon-do 43 20 20 662 $7 26 71 565
임야,1991,138,32. 영림서 및 시ㆍ도별 임야면적,IV. 농림ㆍ어업,동부,강원,en,2,0.5996,20,20,1.0,,도 Kangwon-do 43 20 20 662 $7 26 71 565
임야,1991,138,32. 영림서 및 시ㆍ도별 임야면적,IV. 농림ㆍ어업,동부,강원,en,3,0.6632,662,662,1.0,,도 Kangwon-do 43 20 20 662 $7 26 71 565
임야,1991,138,32. 영림서 및 시ㆍ도별 임야면적,IV. 농림ㆍ어업,동부,강원,en,4,0.7988,26,26,1.0,,도 Kangwon-do 43 20 20 662 $7 26 71 565
임야,1991,138,32. 영림서 및 시ㆍ도별 임야면적,IV. 농림ㆍ어업,동부,강원,en,5,0.8624,71,71,1.0,,도 Kangwon-do 43 20 20 662 $7 26 71 565
임야,1991,138,32. 영림서 및 시ㆍ도별 임야면적,IV. 농림ㆍ어업,동부,강원,en,6,0.9179,565,565,1.0,,도 Kangwon-do 43 20 20 662 $7 26 71 565
임야,1991,138,32. 영림서 및 시ㆍ도별 임야면적,IV. 농림ㆍ어업,동부,전남,en,0,0.4538,10,10,1.0,,도 Chollanam-do 10 27 21 645 31 10 21 613
임야,1991,138,32. 영림서 및 시ㆍ도별 임야면적,IV. 농림ㆍ어업,동부,전남,en,1,0.5277,27,27,1.0,,도 Chollanam-do 10 27 21 645 31 10 21 613
임야,1991,138,32. 영림서 및 시ㆍ도별 임야면적,IV. 농림ㆍ어업,동부,전남,en,2,0.5996,21,21,1.0,,도 Chollanam-do 10 27 21 645 31 10 21 613
임야,1991,138,32. 영림서 및 시ㆍ도별 임야면적,IV. 농림ㆍ어업,동부,전남,en,3,0.6632,645,645,1.0,,도 Chollanam-do 10 27 21 645 31 10 21 613
임야,1991,138,32. 영림서 및 시ㆍ도별 임야면적,IV. 농림ㆍ어업,동부,전남,en,4,0.7351,31,31,1.0,,도 Chollanam-do 10 27 21 645 31 10 21 613
임야,1991,138,32. 영림서 및 시ㆍ도별 임야면적,IV. 농림ㆍ어업,동부,전남,en,5,0.7988,10,10,1.0,,도 Chollanam-do 10 27 21 645 31 10 21 613
임야,1991,138,32. 영림서 및 시ㆍ도별 임야면적,IV. 농림ㆍ어업,동부,전남,en,6,0.8624,21,21,1.0,,도 Chollanam-do 10 27 21 645 31 10 21 613
임야,1991,138,32. 영림서 및 시ㆍ도별 임야면적,IV. 농림ㆍ어업,동부,전남,en,7,0.9179,613,613,1.0,,도 Chollanam-do 10 27 21 645 31 10 21 613
임야,1991,138,32. 영림서 및 시ㆍ도별 임야면적,IV. 농림ㆍ어업,동부,경북,en,0,0.384,75,75,1.0,,도 Kyongsangbuk-do 75 61 5 1 156 119 14 105 1 037
임야,1991,138,32. 영림서 및 시ㆍ도별 임야면적,IV. 농림ㆍ어업,동부,경북,en,1,0.5277,61,61,0.3,저신뢰,도 Kyongsangbuk-do 75 61 5 1 156 119 14 105 1 037
임야,1991,138,32. 영림서 및 시ㆍ도별 임야면적,IV. 농림ㆍ어업,동부,경북,en,2,0.6078,5,5,1.0,,도 Kyongsangbuk-do 75 61 5 1 156 119 14 105 1 037
임야,1991,138,32. 영림서 및 시ㆍ도별 임야면적,IV. 농림ㆍ어업,동부,경북,en,3,0.6468,1 156,1156,1.0,,도 Kyongsangbuk-do 75 61 5 1 156 119 14 105 1 037
임야,1991,138,32. 영림서 및 시ㆍ도별 임야면적,IV. 농림ㆍ어업,동부,경북,en,4,0.7269,119,119,1.0,,도 Kyongsangbuk-do 75 61 5 1 156 119 14 105 1 037
임야,1991,138,32. 영림서 및 시ㆍ도별 임야면적,IV. 농림ㆍ어업,동부,경북,en,5,0.7988,14,14,1.0,,도 Kyongsangbuk-do 75 61 5 1 156 119 14 105 1 037
임야,1991,138,32. 영림서 및 시ㆍ도별 임야면적,IV. 농림ㆍ어업,동부,경북,en,6,0.8542,105,105,1.0,,도 Kyongsangbuk-do 75 61 5 1 156 119 14 105 1 037
임야,1991,138,32. 영림서 및 시ㆍ도별 임야면적,IV. 농림ㆍ어업,동부,경북,en,7,0.9035,1 037,1037,1.0,,도 Kyongsangbuk-do 75 61 5 1 156 119 14 105 1 037
임야,1991,138,32. 영림서 및 시ㆍ도별 임야면적,IV. 농림ㆍ어업,동부,경남,en,0,0.3819,40,40,1.0,,남도 Kyongsangnam-do 40 13 18 8 741 50 16 34 690
임야,1991,138,32. 영림서 및 시ㆍ도별 임야면적,IV. 농림ㆍ어업,동부,경남,en,1,0.4538,13,13,1.0,,남도 Kyongsangnam-do 40 13 18 8 741 50 16 34 690
임야,1991,138,32. 영림서 및 시ㆍ도별 임야면적,IV. 농림ㆍ어업,동부,경남,en,2,0.5277,18,18,1.0,,남도 Kyongsangnam-do 40 13 18 8 741 50 16 34 690
임야,1991,138,32. 영림서 및 시ㆍ도별 임야면적,IV. 농림ㆍ어업,동부,경남,en,3,0.6078,8,8,1.0,,남도 Kyongsangnam-do 40 13 18 8 741 50 16 34 690
임야,1991,138,32. 영림서 및 시ㆍ도별 임야면적,IV. 농림ㆍ어업,동부,경남,en,4,0.6632,741,741,1.0,,남도 Kyongsangnam-do 40 13 18 8 741 50 16 34 690
임야,1991,138,32. 영림서 및 시ㆍ도별 임야면적,IV. 농림ㆍ어업,동부,경남,en,5,0.7351,50,50,1.0,,남도 Kyongsangnam-do 40 13 18 8 741 50 16 34 690
임야,1991,138,32. 영림서 및 시ㆍ도별 임야면적,IV. 농림ㆍ어업,동부,경남,en,6,0.7988,16,16,0.5,,남도 Kyongsangnam-do 40 13 18 8 741 50 16 34 690
임야,1991,138,32. 영림서 및 시ㆍ도별 임야면적,IV. 농림ㆍ어업,동부,경남,en,7,0.8624,34,34,1.0,,남도 Kyongsangnam-do 40 13 18 8 741 50 16 34 690
임야,1991,138,32. 영림서 및 시ㆍ도별 임야면적,IV. 농림ㆍ어업,동부,경남,en,8,0.9179,690,690,1.0,,남도 Kyongsangnam-do 40 13 18 8 741 50 16 34 690
임야,1991,138,32. 영림서 및 시ㆍ도별 임야면적,IV. 농림ㆍ어업,동부,제주,ko,0,0.308,98,98,0.3,저신뢰,제 주 도 Cheju-do 98 30 19 2 9 66 11 0 11 55
임야,1991,138,32. 영림서 및 시ㆍ도별 임야면적,IV. 농림ㆍ어업,동부,제주,ko,1,0.3819,30,30,1.0,,제 주 도 Cheju-do 98 30 19 2 9 66 11 0 11 55
임야,1991,138,32. 영림서 및 시ㆍ도별 임야면적,IV. 농림ㆍ어업,동부,제주,ko,2,0.4538,19,19,1.0,,제 주 도 Cheju-do 98 30 19 2 9 66 11 0 11 55
임야,1991,138,32. 영림서 및 시ㆍ도별 임야면적,IV. 농림ㆍ어업,동부,제주,ko,3,0.5359,2,2,1.0,,제 주 도 Cheju-do 98 30 19 2 9 66 11 0 11 55
임야,1991,138,32. 영림서 및 시ㆍ도별 임야면적,IV. 농림ㆍ어업,동부,제주,ko,4,0.6058,9,9,0.3,저신뢰,제 주 도 Cheju-do 98 30 19 2 9 66 11 0 11 55
임야,1991,138,32. 영림서 및 시ㆍ도별 임야면적,IV. 농림ㆍ어업,동부,제주,ko,5,0.6673,66,66,0.5,,제 주 도 Cheju-do 98 30 19 2 9 66 11 0 11 55
임야,1991,138,32. 영림서 및 시ㆍ도별 임야면적,IV. 농림ㆍ어업,동부,제주,ko,6,0.7351,11,11,1.0,,제 주 도 Cheju-do 98 30 19 2 9 66 11 0 11 55
임야,1991,138,32. 영림서 및 시ㆍ도별 임야면적,IV. 농림ㆍ어업,동부,제주,ko,7,0.807,0,0,0.5,,제 주 도 Cheju-do 98 30 19 2 9 66 11 0 11 55
임야,1991,138,32. 영림서 및 시ㆍ도별 임야면적,IV. 농림ㆍ어업,동부,제주,ko,8,0.8624,11,11,1.0,,제 주 도 Cheju-do 98 30 19 2 9 66 11 0 11 55
임야,1991,138,32. 영림서 및 시ㆍ도별 임야면적,IV. 농림ㆍ어업,동부,제주,ko,9,0.9261,55,55,1.0,,제 주 도 Cheju-do 98 30 19 2 9 66 11 0 11 55
임야,1991,138,32. 영림서 및 시ㆍ도별 임야면적,IV. 농림ㆍ어업,동부,서울,en,0,0.3183,18,18,0.3,저신뢰,섟울특별식 Seoul-tukpyolsh 18 13 310000
임야,1991,138,32. 영림서 및 시ㆍ도별 임야면적,IV. 농림ㆍ어업,동부,서울,en,1,0.384,13,13,1.0,,섟울특별식 Seoul-tukpyolsh 18 13 310000
임야,1991,138,32. 영림서 및 시ㆍ도별 임야면적,IV. 농림ㆍ어업,동부,서울,en,2,0.9363,310000,310000,1.0,,섟울특별식 Seoul-tukpyolsh 18 13 310000
임야,1991,138,32. 영림서 및 시ㆍ도별 임야면적,IV. 농림ㆍ어업,동부,부산,ko,0,0.3183,23,23,1.0,,부산직할식 Pusan-jik'alshi 23 22 11
임야,1991,138,32. 영림서 및 시ㆍ도별 임야면적,IV. 농림ㆍ어업,동부,부산,ko,1,0.3819,22,22,1.0,,부산직할식 Pusan-jik'alshi 23 22 11
임야,1991,138,32. 영림서 및 시ㆍ도별 임야면적,IV. 농림ㆍ어업,동부,부산,ko,2,0.4476,11,11,1.0,,부산직할식 Pusan-jik'alshi 23 22 11
임야,1991,138,32. 영림서 및 시ㆍ도별 임야면적,IV. 농림ㆍ어업,동부,대구,ko,0,0.3203,24,24,1.0,,대구직할시 Taegu-j/k'alsh 24 23 0
임야,1991,138,32. 영림서 및 시ㆍ도별 임야면적,IV. 농림ㆍ어업,동부,대구,ko,1,0.384,23,23,1.0,,대구직할시 Taegu-j/k'alsh 24 23 0
임야,1991,138,32. 영림서 및 시ㆍ도별 임야면적,IV. 농림ㆍ어업,동부,대구,ko,2,0.77,0,0,1.0,,대구직할시 Taegu-j/k'alsh 24 23 0
임야,1991,138,32. 영림서 및 시ㆍ도별 임야면적,IV. 농림ㆍ어업,동부,인천,ko,0,0.3183,10,10,1.0,,인천직할시 Inch'on-jik'alshl 10 ?
임야,1991,138,32. 영림서 및 시ㆍ도별 임야면적,IV. 농림ㆍ어업,동부,광주,ko,0,0.3203,21,21,1.0,,광주직할시 Kwangjuglk'alsh 21 20 12
임야,1991,138,32. 영림서 및 시ㆍ도별 임야면적,IV. 농림ㆍ어업,동부,광주,ko,1,0.386,20,20,1.0,,광주직할시 Kwangjuglk'alsh 21 20 12
임야,1991,138,32. 영림서 및 시ㆍ도별 임야면적,IV. 농림ㆍ어업,동부,광주,ko,2,0.4476,12,12,1.0,,광주직할시 Kwangjuglk'alsh 21 20 12
임야,1991,138,32. 영림서 및 시ㆍ도별 임야면적,IV. 농림ㆍ어업,동부,대전,ko,0,0.3203,31,31,1.0,,대전적할시 Taejon-jik'alshi 31 31 8
임야,1991,138,32. 영림서 및 시ㆍ도별 임야면적,IV. 농림ㆍ어업,동부,대전,ko,1,0.386,31,31,1.0,,대전적할시 Taejon-jik'alshi 31 31 8
임야,1991,138,32. 영림서 및 시ㆍ도별 임야면적,IV. 농림ㆍ어업,동부,대전,ko,2,0.4558,8,8,0.3,저신뢰,대전적할시 Taejon-jik'alshi 31 31 8
임야,1991,138,32. 영림서 및 시ㆍ도별 임야면적,IV. 농림ㆍ어업,동부,강원,en,0,0.3142,705,705,1.0,,원 노 Kangwon-do 705 689 379
임야,1991,138,32. 영림서 및 시ㆍ도별 임야면적,IV. 농림ㆍ어업,동부,강원,en,1,0.3778,689,689,1.0,,원 노 Kangwon-do 705 689 379
임야,1991,138,32. 영림서 및 시ㆍ도별 임야면적,IV. 농림ㆍ어업,동부,강원,en,2,0.4415,379,379,0.5,,원 노 Kangwon-do 705 689 379
임야,1991,138,32. 영림서 및 시ㆍ도별 임야면적,IV. 농림ㆍ어업,동부,충북,en,0,0.3121,497,497,1.0,,• 청북도 Ch'ungch'ongbuk-do 497 486 240
임야,1991,138,32. 영림서 및 시ㆍ도별 임야면적,IV. 농림ㆍ어업,동부,충북,en,1,0.3778,486,486,1.0,,• 청북도 Ch'ungch'ongbuk-do 497 486 240
임야,1991,138,32. 영림서 및 시ㆍ도별 임야면적,IV. 농림ㆍ어업,동부,충북,en,2,0.4415,240,240,1.0,,• 청북도 Ch'ungch'ongbuk-do 497 486 240
임야,1991,138,32. 영림서 및 시ㆍ도별 임야면적,IV. 농림ㆍ어업,동부,충남,en,0,0.3121,448,448,1.0,,청라라상상 남북남북남 도 Ch'ungch'ongnam-do 448 436 266
임야,1991,138,32. 영림서 및 시ㆍ도별 임야면적,IV. 농림ㆍ어업,동부,충남,en,1,0.3778,436,436,0.5,,청라라상상 남북남북남 도 Ch'ungch'ongnam-do 448 436 266
임야,1991,138,32. 영림서 및 시ㆍ도별 임야면적,IV. 농림ㆍ어업,동부,충남,en,2,0.4415,266,266,1.0,,청라라상상 남북남북남 도 Ch'ungch'ongnam-do 448 436 266
임야,1991,138,32. 영림서 및 시ㆍ도별 임야면적,IV. 농림ㆍ어업,동부,전북,en,0,0.3121,430,430,1.0,,도도도도 Chollabuk-do 430 421 227 120 9
임야,1991,138,32. 영림서 및 시ㆍ도별 임야면적,IV. 농림ㆍ어업,동부,전북,en,1,0.3778,421,421,1.0,,도도도도 Chollabuk-do 430 421 227 120 9
임야,1991,138,32. 영림서 및 시ㆍ도별 임야면적,IV. 농림ㆍ어업,동부,전북,en,2,0.4394,227,227,1.0,,도도도도 Chollabuk-do 430 421 227 120 9
임야,1991,138,32. 영림서 및 시ㆍ도별 임야면적,IV. 농림ㆍ어업,동부,전북,en,3,0.5072,120,120,1.0,,도도도도 Chollabuk-do 430 421 227 120 9
임야,1991,138,32. 영림서 및 시ㆍ도별 임야면적,IV. 농림ㆍ어업,동부,전북,en,4,0.7146,9,9,1.0,,도도도도 Chollabuk-do 430 421 227 120 9
임야,1991,138,32. 영림서 및 시ㆍ도별 임야면적,IV. 농림ㆍ어업,동부,전남,en,0,0.3142,702,702,1.0,,Chollanam-do 702 685 439 132 18
임야,1991,138,32. 영림서 및 시ㆍ도별 임야면적,IV. 농림ㆍ어업,동부,전남,en,1,0.3778,685,685,0.5,,Chollanam-do 702 685 439 132 18
임야,1991,138,32. 영림서 및 시ㆍ도별 임야면적,IV. 농림ㆍ어업,동부,전남,en,2,0.4435,439,439,1.0,,Chollanam-do 702 685 439 132 18
임야,1991,138,32. 영림서 및 시ㆍ도별 임야면적,IV. 농림ㆍ어업,동부,전남,en,3,0.5072,132,132,1.0,,Chollanam-do 702 685 439 132 18
임야,1991,138,32. 영림서 및 시ㆍ도별 임야면적,IV. 농림ㆍ어업,동부,전남,en,4,0.7064,18,18,1.0,,Chollanam-do 702 685 439 132 18
임야,1991,138,32. 영림서 및 시ㆍ도별 임야면적,IV. 농림ㆍ어업,동부,경북,en,0,0.2998,1 231,1231,0.3,저신뢰,Kyongsangbuk-do 1 231 1 209 547 214
임야,1991,138,32. 영림서 및 시ㆍ도별 임야면적,IV. 농림ㆍ어업,동부,경북,en,1,0.3634,1 209,1209,1.0,,Kyongsangbuk-do 1 231 1 209 547 214
임야,1991,138,32. 영림서 및 시ㆍ도별 임야면적,IV. 농림ㆍ어업,동부,경북,en,2,0.4435,547,547,1.0,,Kyongsangbuk-do 1 231 1 209 547 214
임야,1991,138,32. 영림서 및 시ㆍ도별 임야면적,IV. 농림ㆍ어업,동부,경북,en,3,0.5072,214,214,1.0,,Kyongsangbuk-do 1 231 1 209 547 214
임야,1991,138,32. 영림서 및 시ㆍ도별 임야면적,IV. 농림ㆍ어업,동부,경남,en,0,0.3142,780,780,1.0,,Kyongsangnam-do 780 763 359 1$3 21
임야,1991,138,32. 영림서 및 시ㆍ도별 임야면적,IV. 농림ㆍ어업,동부,경남,en,1,0.3799,763,763,1.0,,Kyongsangnam-do 780 763 359 1$3 21
임야,1991,138,32. 영림서 및 시ㆍ도별 임야면적,IV. 농림ㆍ어업,동부,경남,en,2,0.4415,359,359,0.5,,Kyongsangnam-do 780 763 359 1$3 21
임야,1991,138,32. 영림서 및 시ㆍ도별 임야면적,IV. 농림ㆍ어업,동부,경남,en,3,0.8727,21,21,0.5,,Kyongsangnam-do 780 763 359 1$3 21
임야,1991,138,32. 영림서 및 시ㆍ도별 임야면적,IV. 농림ㆍ어업,동부,제주,en,0,0.3224,96,96,1.0,,주 도 Cheju-do 96 66 30 2?
임야,1991,138,32. 영림서 및 시ㆍ도별 임야면적,IV. 농림ㆍ어업,동부,제주,en,1,0.3881,66,66,1.0,,주 도 Cheju-do 96 66 30 2?
임야,1991,138,32. 영림서 및 시ㆍ도별 임야면적,IV. 농림ㆍ어업,동부,제주,en,2,0.4497,30,30,1.0,,주 도 Cheju-do 96 66 30 2?
