계열,판,쪽,표제목,장,블록,지역,매칭,열순번,x위치,원문,값,신뢰도,플래그,행원문
주택,1972,44,13. 시ㆍ도별 가구ㆍ인구 및 주택,III. 인구,전체,전국,ko,0,0.1806,5 864 330 5 857 861 31 469 132 31438 768 15 762 854 15 675 914 30 364 16 069 4 442 961 4 369 359 73 602,586433058578613146913231438768157628541567591430364160694442961436935973602,1.0,과병합의심,전국 5 864 330 5 857 861 31 469 132 31438 768 15 762 854 15 675 914 30 364 16 069 4 442 961 4 369 359 73 602
주택,1972,44,13. 시ㆍ도별 가구ㆍ인구 및 주택,III. 인구,전체,서울,ko,0,0.1807,1 097 432 1 095 223 5 536 377 5 525 884 2 756 572 2 769 312 10 493 5 608,109743210952235536377552588427565722769312104935608,0.5,과병합의심,서울특별시 Whole country 1 097 432 1 095 223 5 536 377 5 525 884 2 756 572 2 769 312 10 493 5 608 596 754 586 201 10 553
주택,1972,44,13. 시ㆍ도별 가구ㆍ인구 및 주택,III. 인구,전체,서울,ko,1,0.7597,596 754,596754,1.0,,서울특별시 Whole country 1 097 432 1 095 223 5 536 377 5 525 884 2 756 572 2 769 312 10 493 5 608 596 754 586 201 10 553
주택,1972,44,13. 시ㆍ도별 가구ㆍ인구 및 주택,III. 인구,전체,서울,ko,2,0.8316,586 201 10 553,58620110553,0.5,과병합의심,서울특별시 Whole country 1 097 432 1 095 223 5 536 377 5 525 884 2 756 572 2 769 312 10 493 5 608 596 754 586 201 10 553
주택,1972,44,13. 시ㆍ도별 가구ㆍ인구 및 주택,III. 인구,전체,부산,ko,0,0.1928,371 940,371940,0.5,,부 산시 371 940 371 295 1 880 710 1 877 213 939 530 937 683 3 497 1 826 212 568 207 410 5 158
주택,1972,44,13. 시ㆍ도별 가구ㆍ인구 및 주택,III. 인구,전체,부산,ko,1,0.269,371 295 1 880 710 1 877 213,37129518807101877213,1.0,과병합의심,부 산시 371 940 371 295 1 880 710 1 877 213 939 530 937 683 3 497 1 826 212 568 207 410 5 158
주택,1972,44,13. 시ㆍ도별 가구ㆍ인구 및 주택,III. 인구,전체,부산,ko,2,0.501,939 530,939530,1.0,,부 산시 371 940 371 295 1 880 710 1 877 213 939 530 937 683 3 497 1 826 212 568 207 410 5 158
주택,1972,44,13. 시ㆍ도별 가구ㆍ인구 및 주택,III. 인구,전체,부산,ko,3,0.5749,937 683,937683,1.0,,부 산시 371 940 371 295 1 880 710 1 877 213 939 530 937 683 3 497 1 826 212 568 207 410 5 158
주택,1972,44,13. 시ㆍ도별 가구ㆍ인구 및 주택,III. 인구,전체,부산,ko,4,0.6427,3 497,3497,0.5,,부 산시 371 940 371 295 1 880 710 1 877 213 939 530 937 683 3 497 1 826 212 568 207 410 5 158
주택,1972,44,13. 시ㆍ도별 가구ㆍ인구 및 주택,III. 인구,전체,부산,ko,5,0.7002,1 826,1826,0.5,,부 산시 371 940 371 295 1 880 710 1 877 213 939 530 937 683 3 497 1 826 212 568 207 410 5 158
주택,1972,44,13. 시ㆍ도별 가구ㆍ인구 및 주택,III. 인구,전체,부산,ko,6,0.7598,212 568,212568,1.0,,부 산시 371 940 371 295 1 880 710 1 877 213 939 530 937 683 3 497 1 826 212 568 207 410 5 158
주택,1972,44,13. 시ㆍ도별 가구ㆍ인구 및 주택,III. 인구,전체,부산,ko,7,0.8275,207 410 5 158,2074105158,1.0,과병합의심,부 산시 371 940 371 295 1 880 710 1 877 213 939 530 937 683 3 497 1 826 212 568 207 410 5 158
주택,1972,44,13. 시ㆍ도별 가구ㆍ인구 및 주택,III. 인구,전체,부산,en,0,0.193,641 290,641290,0.5,,Busan City 경기도 641 290 640 293 3 358 105 3 353 457 1 681 993 1 671 464 4 648 2 440 482 584 474 112 8 472
주택,1972,44,13. 시ㆍ도별 가구ㆍ인구 및 주택,III. 인구,전체,부산,en,1,0.2711,640 293 3 358 105 3 353 457 1 681 993 1 671 464,6402933358105335345716819931671464,0.5,과병합의심,Busan City 경기도 641 290 640 293 3 358 105 3 353 457 1 681 993 1 671 464 4 648 2 440 482 584 474 112 8 472
주택,1972,44,13. 시ㆍ도별 가구ㆍ인구 및 주택,III. 인구,전체,부산,en,2,0.6427,4 648 2 440,46482440,0.3,저신뢰,Busan City 경기도 641 290 640 293 3 358 105 3 353 457 1 681 993 1 671 464 4 648 2 440 482 584 474 112 8 472
주택,1972,44,13. 시ㆍ도별 가구ㆍ인구 및 주택,III. 인구,전체,부산,en,3,0.7598,482 584,482584,1.0,,Busan City 경기도 641 290 640 293 3 358 105 3 353 457 1 681 993 1 671 464 4 648 2 440 482 584 474 112 8 472
주택,1972,44,13. 시ㆍ도별 가구ㆍ인구 및 주택,III. 인구,전체,부산,en,4,0.8275,474 112 8 472,4741128472,0.5,과병합의심,Busan City 경기도 641 290 640 293 3 358 105 3 353 457 1 681 993 1 671 464 4 648 2 440 482 584 474 112 8 472
주택,1972,44,13. 시ㆍ도별 가구ㆍ인구 및 주택,III. 인구,전체,충북,ko,0,0.4987,753 158,753158,1.0,,충청북도 261 983 1 481 566 | 480 678 753 158 727 520 888 466 228 295 223 691 4 604
주택,1972,44,13. 시ㆍ도별 가구ㆍ인구 및 주택,III. 인구,전체,충북,ko,1,0.5729,727 520,727520,0.5,,충청북도 261 983 1 481 566 | 480 678 753 158 727 520 888 466 228 295 223 691 4 604
주택,1972,44,13. 시ㆍ도별 가구ㆍ인구 및 주택,III. 인구,전체,충북,ko,2,0.6571,888,888,1.0,,충청북도 261 983 1 481 566 | 480 678 753 158 727 520 888 466 228 295 223 691 4 604
주택,1972,44,13. 시ㆍ도별 가구ㆍ인구 및 주택,III. 인구,전체,충북,ko,3,0.7125,466,466,1.0,,충청북도 261 983 1 481 566 | 480 678 753 158 727 520 888 466 228 295 223 691 4 604
주택,1972,44,13. 시ㆍ도별 가구ㆍ인구 및 주택,III. 인구,전체,충북,ko,4,0.7577,228 295,228295,0.5,,충청북도 261 983 1 481 566 | 480 678 753 158 727 520 888 466 228 295 223 691 4 604
주택,1972,44,13. 시ㆍ도별 가구ㆍ인구 및 주택,III. 인구,전체,충북,ko,5,0.8296,223 691 4 604,2236914604,1.0,과병합의심,충청북도 261 983 1 481 566 | 480 678 753 158 727 520 888 466 228 295 223 691 4 604
주택,1972,44,13. 시ㆍ도별 가구ㆍ인구 및 주택,III. 인구,전체,충남,ko,0,0.2711,499 831 2 860 690 2 858 674,49983128606902858674,1.0,과병합의심,ChungcheongBugDo 충청남도 499 831 2 860 690 2 858 674 1 443 668 1 415 006 2016 1 024 432 651 426 543 6 108
주택,1972,44,13. 시ㆍ도별 가구ㆍ인구 및 주택,III. 인구,전체,충남,ko,1,0.4887,1 443 668 1 415 006,14436681415006,0.5,과병합의심,ChungcheongBugDo 충청남도 499 831 2 860 690 2 858 674 1 443 668 1 415 006 2016 1 024 432 651 426 543 6 108
주택,1972,44,13. 시ㆍ도별 가구ㆍ인구 및 주택,III. 인구,전체,충남,ko,2,0.6426,2016 1 024,20161024,0.3,저신뢰,ChungcheongBugDo 충청남도 499 831 2 860 690 2 858 674 1 443 668 1 415 006 2016 1 024 432 651 426 543 6 108
주택,1972,44,13. 시ㆍ도별 가구ㆍ인구 및 주택,III. 인구,전체,충남,ko,3,0.7598,432 651,432651,1.0,,ChungcheongBugDo 충청남도 499 831 2 860 690 2 858 674 1 443 668 1 415 006 2016 1 024 432 651 426 543 6 108
주택,1972,44,13. 시ㆍ도별 가구ㆍ인구 및 주택,III. 인구,전체,충남,ko,4,0.8296,426 543,426543,1.0,,ChungcheongBugDo 충청남도 499 831 2 860 690 2 858 674 1 443 668 1 415 006 2016 1 024 432 651 426 543 6 108
주택,1972,44,13. 시ㆍ도별 가구ㆍ인구 및 주택,III. 인구,전체,충남,ko,5,0.8953,6 108,6108,1.0,,ChungcheongBugDo 충청남도 499 831 2 860 690 2 858 674 1 443 668 1 415 006 2016 1 024 432 651 426 543 6 108
주택,1972,44,13. 시ㆍ도별 가구ㆍ인구 및 주택,III. 인구,전체,전북,ko,0,0.271,427 004 2 434 522,4270042434522,0.5,과병합의심,전라북도 427 004 2 434 522 2 432 861 1 215 189 1 217 672 1 661 863 365 531 360 110 5 421
주택,1972,44,13. 시ㆍ도별 가구ㆍ인구 및 주택,III. 인구,전체,전북,ko,1,0.4107,2 432 861,2432861,1.0,,전라북도 427 004 2 434 522 2 432 861 1 215 189 1 217 672 1 661 863 365 531 360 110 5 421
주택,1972,44,13. 시ㆍ도별 가구ㆍ인구 및 주택,III. 인구,전체,전북,ko,2,0.4887,1 215 189 1 217 672,12151891217672,1.0,과병합의심,전라북도 427 004 2 434 522 2 432 861 1 215 189 1 217 672 1 661 863 365 531 360 110 5 421
주택,1972,44,13. 시ㆍ도별 가구ㆍ인구 및 주택,III. 인구,전체,전북,ko,3,0.6407,1 661,1661,1.0,,전라북도 427 004 2 434 522 2 432 861 1 215 189 1 217 672 1 661 863 365 531 360 110 5 421
주택,1972,44,13. 시ㆍ도별 가구ㆍ인구 및 주택,III. 인구,전체,전북,ko,4,0.7105,863,863,1.0,,전라북도 427 004 2 434 522 2 432 861 1 215 189 1 217 672 1 661 863 365 531 360 110 5 421
주택,1972,44,13. 시ㆍ도별 가구ㆍ인구 및 주택,III. 인구,전체,전북,ko,5,0.7598,365 531,365531,1.0,,전라북도 427 004 2 434 522 2 432 861 1 215 189 1 217 672 1 661 863 365 531 360 110 5 421
주택,1972,44,13. 시ㆍ도별 가구ㆍ인구 및 주택,III. 인구,전체,전북,ko,6,0.8294,360 110 5 421,3601105421,1.0,과병합의심,전라북도 427 004 2 434 522 2 432 861 1 215 189 1 217 672 1 661 863 365 531 360 110 5 421
주택,1972,44,13. 시ㆍ도별 가구ㆍ인구 및 주택,III. 인구,전체,전남,ko,0,0.271,703 565 4 004 735 4 004 199 2 009 040 1 995 159,7035654004735400419920090401995159,1.0,과병합의심,전라남도 Jeonra Bug Do 703 565 4 004 735 4 004 199 2 009 040 1 995 159 1 536 813 599 750 593 669 6 081
주택,1972,44,13. 시ㆍ도별 가구ㆍ인구 및 주택,III. 인구,전체,전남,ko,1,0.6427,1 536,1536,0.3,저신뢰,전라남도 Jeonra Bug Do 703 565 4 004 735 4 004 199 2 009 040 1 995 159 1 536 813 599 750 593 669 6 081
주택,1972,44,13. 시ㆍ도별 가구ㆍ인구 및 주택,III. 인구,전체,전남,ko,2,0.7105,813,813,1.0,,전라남도 Jeonra Bug Do 703 565 4 004 735 4 004 199 2 009 040 1 995 159 1 536 813 599 750 593 669 6 081
주택,1972,44,13. 시ㆍ도별 가구ㆍ인구 및 주택,III. 인구,전체,전남,ko,3,0.7598,599 750,599750,0.5,,전라남도 Jeonra Bug Do 703 565 4 004 735 4 004 199 2 009 040 1 995 159 1 536 813 599 750 593 669 6 081
주택,1972,44,13. 시ㆍ도별 가구ㆍ인구 및 주택,III. 인구,전체,전남,ko,4,0.8316,593 669 6 081,5936696081,1.0,과병합의심,전라남도 Jeonra Bug Do 703 565 4 004 735 4 004 199 2 009 040 1 995 159 1 536 813 599 750 593 669 6 081
주택,1972,44,13. 시ㆍ도별 가구ㆍ인구 및 주택,III. 인구,전체,경북,ko,0,0.2711,849 585 4 559 584 4 556 365 2 280 906 2 275 459,8495854559584455636522809062275459,1.0,과병합의심,경상북도 849 585 4 559 584 4 556 365 2 280 906 2 275 459 3 219 1 699 668 183 655 206 12 977
주택,1972,44,13. 시ㆍ도별 가구ㆍ인구 및 주택,III. 인구,전체,경북,ko,1,0.6447,3 219 1 699,32191699,0.5,,경상북도 849 585 4 559 584 4 556 365 2 280 906 2 275 459 3 219 1 699 668 183 655 206 12 977
주택,1972,44,13. 시ㆍ도별 가구ㆍ인구 및 주택,III. 인구,전체,경북,ko,2,0.7577,668 183,668183,1.0,,경상북도 849 585 4 559 584 4 556 365 2 280 906 2 275 459 3 219 1 699 668 183 655 206 12 977
주택,1972,44,13. 시ㆍ도별 가구ㆍ인구 및 주택,III. 인구,전체,경북,ko,3,0.8296,655 206 12 977,65520612977,1.0,과병합의심,경상북도 849 585 4 559 584 4 556 365 2 280 906 2 275 459 3 219 1 699 668 183 655 206 12 977
주택,1972,44,13. 시ㆍ도별 가구ㆍ인구 및 주택,III. 인구,전체,경남,ko,0,0.2711,573 938 3 119 393 3 118 349,57393831193933118349,1.0,과병합의심,경상남도 573 938 3 119 393 3 118 349 1 554 704 1 563 645 1 044 578 497 764 490 701 7 063
주택,1972,44,13. 시ㆍ도별 가구ㆍ인구 및 주택,III. 인구,전체,경남,ko,1,0.4887,1 554 704 1 563 645,15547041563645,0.5,과병합의심,경상남도 573 938 3 119 393 3 118 349 1 554 704 1 563 645 1 044 578 497 764 490 701 7 063
주택,1972,44,13. 시ㆍ도별 가구ㆍ인구 및 주택,III. 인구,전체,경남,ko,2,0.6425,1 044,1044,0.5,,경상남도 573 938 3 119 393 3 118 349 1 554 704 1 563 645 1 044 578 497 764 490 701 7 063
주택,1972,44,13. 시ㆍ도별 가구ㆍ인구 및 주택,III. 인구,전체,경남,ko,3,0.7125,578,578,0.5,,경상남도 573 938 3 119 393 3 118 349 1 554 704 1 563 645 1 044 578 497 764 490 701 7 063
주택,1972,44,13. 시ㆍ도별 가구ㆍ인구 및 주택,III. 인구,전체,경남,ko,4,0.7597,497 764,497764,1.0,,경상남도 573 938 3 119 393 3 118 349 1 554 704 1 563 645 1 044 578 497 764 490 701 7 063
주택,1972,44,13. 시ㆍ도별 가구ㆍ인구 및 주택,III. 인구,전체,경남,ko,5,0.8316,490 701 7 063,4907017063,0.5,과병합의심,경상남도 573 938 3 119 393 3 118 349 1 554 704 1 563 645 1 044 578 497 764 490 701 7 063
주택,1972,44,13. 시ㆍ도별 가구ㆍ인구 및 주택,III. 인구,전체,제주,ko,0,0.2771,82 923,82923,1.0,,제 주 도 82 923 365 522 365 229 175 039 190 190 293 154 71 352 69 893 1 459
주택,1972,44,13. 시ㆍ도별 가구ㆍ인구 및 주택,III. 인구,전체,제주,ko,1,0.347,365 522,365522,0.5,,제 주 도 82 923 365 522 365 229 175 039 190 190 293 154 71 352 69 893 1 459
주택,1972,44,13. 시ㆍ도별 가구ㆍ인구 및 주택,III. 인구,전체,제주,ko,2,0.423,365 229,365229,1.0,,제 주 도 82 923 365 522 365 229 175 039 190 190 293 154 71 352 69 893 1 459
주택,1972,44,13. 시ㆍ도별 가구ㆍ인구 및 주택,III. 인구,전체,제주,ko,3,0.5009,175 039,175039,0.5,,제 주 도 82 923 365 522 365 229 175 039 190 190 293 154 71 352 69 893 1 459
주택,1972,44,13. 시ㆍ도별 가구ㆍ인구 및 주택,III. 인구,전체,제주,ko,4,0.5728,190 190,190190,0.5,,제 주 도 82 923 365 522 365 229 175 039 190 190 293 154 71 352 69 893 1 459
주택,1972,44,13. 시ㆍ도별 가구ㆍ인구 및 주택,III. 인구,전체,제주,ko,5,0.655,293,293,1.0,,제 주 도 82 923 365 522 365 229 175 039 190 190 293 154 71 352 69 893 1 459
주택,1972,44,13. 시ㆍ도별 가구ㆍ인구 및 주택,III. 인구,전체,제주,ko,6,0.7125,154,154,1.0,,제 주 도 82 923 365 522 365 229 175 039 190 190 293 154 71 352 69 893 1 459
주택,1972,44,13. 시ㆍ도별 가구ㆍ인구 및 주택,III. 인구,전체,제주,ko,7,0.7639,71 352,71352,1.0,,제 주 도 82 923 365 522 365 229 175 039 190 190 293 154 71 352 69 893 1 459
주택,1972,44,13. 시ㆍ도별 가구ㆍ인구 및 주택,III. 인구,전체,제주,ko,8,0.8378,69 893 1 459,698931459,0.5,,제 주 도 82 923 365 522 365 229 175 039 190 190 293 154 71 352 69 893 1 459
주택,1972,44,13. 시ㆍ도별 가구ㆍ인구 및 주택,III. 인구,전체,전국,ko,0,0.2649,4 377 973 24 989 241,437797324989241,1.0,과병합의심,전 국Whole country 4 377 973 24 989 241 5.7 5 191 507 29 192 762 5.62 5 864 330 31 469 132 5.37
주택,1972,44,13. 시ㆍ도별 가구ㆍ인구 및 주택,III. 인구,전체,전국,ko,1,0.4476,5.7,5.7,0.3,저신뢰,전 국Whole country 4 377 973 24 989 241 5.7 5 191 507 29 192 762 5.62 5 864 330 31 469 132 5.37
주택,1972,44,13. 시ㆍ도별 가구ㆍ인구 및 주택,III. 인구,전체,전국,ko,2,0.4949,5 191 507 29 192 762,519150729192762,0.5,과병합의심,전 국Whole country 4 377 973 24 989 241 5.7 5 191 507 29 192 762 5.62 5 864 330 31 469 132 5.37
주택,1972,44,13. 시ㆍ도별 가구ㆍ인구 및 주택,III. 인구,전체,전국,ko,3,0.6756,5.62,5.62,1.0,,전 국Whole country 4 377 973 24 989 241 5.7 5 191 507 29 192 762 5.62 5 864 330 31 469 132 5.37
주택,1972,44,13. 시ㆍ도별 가구ㆍ인구 및 주택,III. 인구,전체,전국,ko,4,0.7228,5 864 330 31 469 132,586433031469132,0.5,과병합의심,전 국Whole country 4 377 973 24 989 241 5.7 5 191 507 29 192 762 5.62 5 864 330 31 469 132 5.37
주택,1972,44,13. 시ㆍ도별 가구ㆍ인구 및 주택,III. 인구,전체,전국,ko,5,0.9035,5.37,5.37,1.0,,전 국Whole country 4 377 973 24 989 241 5.7 5 191 507 29 192 762 5.62 5 864 330 31 469 132 5.37
주택,1972,44,13. 시ㆍ도별 가구ㆍ인구 및 주택,III. 인구,전체,서울,ko,0,0.2791,446 874 2 445 402,4468742445402,1.0,과병합의심,서울특별시Cy of Seoul 446 874 2 445 402 5. 47 734 334 3 803 360 5. 18 1 097 432 5 536 377 5.04
주택,1972,44,13. 시ㆍ도별 가구ㆍ인구 및 주택,III. 인구,전체,서울,ko,1,0.4476,5. 47,5.47,0.5,,서울특별시Cy of Seoul 446 874 2 445 402 5. 47 734 334 3 803 360 5. 18 1 097 432 5 536 377 5.04
주택,1972,44,13. 시ㆍ도별 가구ㆍ인구 및 주택,III. 인구,전체,서울,ko,2,0.5051,734 334 3 803 360,7343343803360,1.0,과병합의심,서울특별시Cy of Seoul 446 874 2 445 402 5. 47 734 334 3 803 360 5. 18 1 097 432 5 536 377 5.04
주택,1972,44,13. 시ㆍ도별 가구ㆍ인구 및 주택,III. 인구,전체,서울,ko,3,0.6756,5. 18 1 097 432,5.181097432,1.0,과병합의심,서울특별시Cy of Seoul 446 874 2 445 402 5. 47 734 334 3 803 360 5. 18 1 097 432 5 536 377 5.04
주택,1972,44,13. 시ㆍ도별 가구ㆍ인구 및 주택,III. 인구,전체,서울,ko,4,0.8029,5 536 377,5536377,0.5,,서울특별시Cy of Seoul 446 874 2 445 402 5. 47 734 334 3 803 360 5. 18 1 097 432 5 536 377 5.04
주택,1972,44,13. 시ㆍ도별 가구ㆍ인구 및 주택,III. 인구,전체,서울,ko,5,0.9035,5.04,5.04,1.0,,서울특별시Cy of Seoul 446 874 2 445 402 5. 47 734 334 3 803 360 5. 18 1 097 432 5 536 377 5.04
주택,1972,44,13. 시ㆍ도별 가구ㆍ인구 및 주택,III. 인구,전체,부산,ko,0,0.2752,211 101,211101,0.5,,부산 지Buscn Cty 211 101 1 163 671 5. 51 271 512 1 430 011 5.27 371 940 1 880 710 5. 06
주택,1972,44,13. 시ㆍ도별 가구ㆍ인구 및 주택,III. 인구,전체,부산,ko,1,0.3449,1 163 671,1163671,0.3,저신뢰,부산 지Buscn Cty 211 101 1 163 671 5. 51 271 512 1 430 011 5.27 371 940 1 880 710 5. 06
주택,1972,44,13. 시ㆍ도별 가구ㆍ인구 및 주택,III. 인구,전체,부산,ko,2,0.4476,5. 51,5.51,0.5,,부산 지Buscn Cty 211 101 1 163 671 5. 51 271 512 1 430 011 5.27 371 940 1 880 710 5. 06
주택,1972,44,13. 시ㆍ도별 가구ㆍ인구 및 주택,III. 인구,전체,부산,ko,3,0.5051,271 512,271512,1.0,,부산 지Buscn Cty 211 101 1 163 671 5. 51 271 512 1 430 011 5.27 371 940 1 880 710 5. 06
주택,1972,44,13. 시ㆍ도별 가구ㆍ인구 및 주택,III. 인구,전체,부산,ko,4,0.5749,1 430 011,1430011,0.5,,부산 지Buscn Cty 211 101 1 163 671 5. 51 271 512 1 430 011 5.27 371 940 1 880 710 5. 06
주택,1972,44,13. 시ㆍ도별 가구ㆍ인구 및 주택,III. 인구,전체,부산,ko,5,0.6735,5.27,5.27,0.5,,부산 지Buscn Cty 211 101 1 163 671 5. 51 271 512 1 430 011 5.27 371 940 1 880 710 5. 06
주택,1972,44,13. 시ㆍ도별 가구ㆍ인구 및 주택,III. 인구,전체,부산,ko,6,0.7351,371 940,371940,1.0,,부산 지Buscn Cty 211 101 1 163 671 5. 51 271 512 1 430 011 5.27 371 940 1 880 710 5. 06
주택,1972,44,13. 시ㆍ도별 가구ㆍ인구 및 주택,III. 인구,전체,부산,ko,7,0.8007,1 880 710,1880710,0.3,저신뢰,부산 지Buscn Cty 211 101 1 163 671 5. 51 271 512 1 430 011 5.27 371 940 1 880 710 5. 06
주택,1972,44,13. 시ㆍ도별 가구ㆍ인구 및 주택,III. 인구,전체,부산,ko,8,0.9035,5. 06,5.06,0.5,,부산 지Buscn Cty 211 101 1 163 671 5. 51 271 512 1 430 011 5.27 371 940 1 880 710 5. 06
주택,1972,44,13. 시ㆍ도별 가구ㆍ인구 및 주택,III. 인구,전체,경기,ko,0,0.2772,493 060 2 748 765,4930602748765,1.0,과병합의심,경기 도Gyonggi Do 493 060 2 748 765 .57 558 157 3 107 807 5.57 64] 290 3 358 105 5.24
주택,1972,44,13. 시ㆍ도별 가구ㆍ인구 및 주택,III. 인구,전체,경기,ko,1,0.5072,558 157,558157,1.0,,경기 도Gyonggi Do 493 060 2 748 765 .57 558 157 3 107 807 5.57 64] 290 3 358 105 5.24
주택,1972,44,13. 시ㆍ도별 가구ㆍ인구 및 주택,III. 인구,전체,경기,ko,2,0.5728,3 107 807,3107807,1.0,,경기 도Gyonggi Do 493 060 2 748 765 .57 558 157 3 107 807 5.57 64] 290 3 358 105 5.24
주택,1972,44,13. 시ㆍ도별 가구ㆍ인구 및 주택,III. 인구,전체,경기,ko,3,0.6756,5.57,5.57,1.0,,경기 도Gyonggi Do 493 060 2 748 765 .57 558 157 3 107 807 5.57 64] 290 3 358 105 5.24
주택,1972,44,13. 시ㆍ도별 가구ㆍ인구 및 주택,III. 인구,전체,경기,ko,4,0.8048,3 358 105,3358105,1.0,,경기 도Gyonggi Do 493 060 2 748 765 .57 558 157 3 107 807 5.57 64] 290 3 358 105 5.24
주택,1972,44,13. 시ㆍ도별 가구ㆍ인구 및 주택,III. 인구,전체,경기,ko,5,0.9014,5.24,5.24,1.0,,경기 도Gyonggi Do 493 060 2 748 765 .57 558 157 3 107 807 5.57 64] 290 3 358 105 5.24
주택,1972,44,13. 시ㆍ도별 가구ㆍ인구 및 주택,III. 인구,전체,강원,ko,0,0.2772,308 088 1 636 767,3080881636767,1.0,과병합의심,강원 도Gang-weon Do 308 088 1 636 767 5.31 339 361 1 832 519 5. 40 352 484 1 866 928 5. 30
주택,1972,44,13. 시ㆍ도별 가구ㆍ인구 및 주택,III. 인구,전체,강원,ko,1,0.4476,5.31,5.31,0.5,,강원 도Gang-weon Do 308 088 1 636 767 5.31 339 361 1 832 519 5. 40 352 484 1 866 928 5. 30
주택,1972,44,13. 시ㆍ도별 가구ㆍ인구 및 주택,III. 인구,전체,강원,ko,2,0.5051,339 361,339361,1.0,,강원 도Gang-weon Do 308 088 1 636 767 5.31 339 361 1 832 519 5. 40 352 484 1 866 928 5. 30
주택,1972,44,13. 시ㆍ도별 가구ㆍ인구 및 주택,III. 인구,전체,강원,ko,3,0.5728,1 832 519,1832519,1.0,,강원 도Gang-weon Do 308 088 1 636 767 5.31 339 361 1 832 519 5. 40 352 484 1 866 928 5. 30
주택,1972,44,13. 시ㆍ도별 가구ㆍ인구 및 주택,III. 인구,전체,강원,ko,4,0.6756,5. 40,5.4,0.5,,강원 도Gang-weon Do 308 088 1 636 767 5.31 339 361 1 832 519 5. 40 352 484 1 866 928 5. 30
주택,1972,44,13. 시ㆍ도별 가구ㆍ인구 및 주택,III. 인구,전체,강원,ko,5,0.7351,352 484,352484,1.0,,강원 도Gang-weon Do 308 088 1 636 767 5.31 339 361 1 832 519 5. 40 352 484 1 866 928 5. 30
주택,1972,44,13. 시ㆍ도별 가구ㆍ인구 및 주택,III. 인구,전체,강원,ko,6,0.8008,1 866 928,1866928,1.0,,강원 도Gang-weon Do 308 088 1 636 767 5.31 339 361 1 832 519 5. 40 352 484 1 866 928 5. 30
주택,1972,44,13. 시ㆍ도별 가구ㆍ인구 및 주택,III. 인구,전체,강원,ko,7,0.9035,5. 30,5.3,0.5,,강원 도Gang-weon Do 308 088 1 636 767 5.31 339 361 1 832 519 5. 40 352 484 1 866 928 5. 30
주택,1972,44,13. 시ㆍ도별 가구ㆍ인구 및 주택,III. 인구,전체,충북,ko,0,0.2792,231 844,231844,0.5,,충청북도Chungcheong Bue Do. 231 844 1 369 780 5.91 261 533 1 550 009 5.93 262 176 1 481 566 5.65
주택,1972,44,13. 시ㆍ도별 가구ㆍ인구 및 주택,III. 인구,전체,충북,ko,1,0.3449,1 369 780,1369780,0.5,,충청북도Chungcheong Bue Do. 231 844 1 369 780 5.91 261 533 1 550 009 5.93 262 176 1 481 566 5.65
주택,1972,44,13. 시ㆍ도별 가구ㆍ인구 및 주택,III. 인구,전체,충북,ko,2,0.4476,5.91,5.91,1.0,,충청북도Chungcheong Bue Do. 231 844 1 369 780 5.91 261 533 1 550 009 5.93 262 176 1 481 566 5.65
주택,1972,44,13. 시ㆍ도별 가구ㆍ인구 및 주택,III. 인구,전체,충북,ko,3,0.5051,261 533,261533,0.5,,충청북도Chungcheong Bue Do. 231 844 1 369 780 5.91 261 533 1 550 009 5.93 262 176 1 481 566 5.65
주택,1972,44,13. 시ㆍ도별 가구ㆍ인구 및 주택,III. 인구,전체,충북,ko,4,0.5728,1 550 009,1550009,0.3,저신뢰,충청북도Chungcheong Bue Do. 231 844 1 369 780 5.91 261 533 1 550 009 5.93 262 176 1 481 566 5.65
주택,1972,44,13. 시ㆍ도별 가구ㆍ인구 및 주택,III. 인구,전체,충북,ko,5,0.6756,5.93,5.93,0.5,,충청북도Chungcheong Bue Do. 231 844 1 369 780 5.91 261 533 1 550 009 5.93 262 176 1 481 566 5.65
주택,1972,44,13. 시ㆍ도별 가구ㆍ인구 및 주택,III. 인구,전체,충북,ko,6,0.7351,262 176,262176,1.0,,충청북도Chungcheong Bue Do. 231 844 1 369 780 5.91 261 533 1 550 009 5.93 262 176 1 481 566 5.65
주택,1972,44,13. 시ㆍ도별 가구ㆍ인구 및 주택,III. 인구,전체,충북,ko,7,0.8008,1 481 566,1481566,0.5,,충청북도Chungcheong Bue Do. 231 844 1 369 780 5.91 261 533 1 550 009 5.93 262 176 1 481 566 5.65
주택,1972,44,13. 시ㆍ도별 가구ㆍ인구 및 주택,III. 인구,전체,충북,ko,8,0.9035,5.65,5.65,0.5,,충청북도Chungcheong Bue Do. 231 844 1 369 780 5.91 261 533 1 550 009 5.93 262 176 1 481 566 5.65
주택,1972,44,13. 시ㆍ도별 가구ㆍ인구 및 주택,III. 인구,전체,충남,ko,0,0.2772,415 790 2 528 133,4157902528133,1.0,과병합의심,충청남도Chngcheong Nem Dol 415 790 2 528 133 6.08 483 835 2 905 275 6. 00 500 279 2 860 690 5.72
주택,1972,44,13. 시ㆍ도별 가구ㆍ인구 및 주택,III. 인구,전체,충남,ko,1,0.4476,6.08,6.08,1.0,,충청남도Chngcheong Nem Dol 415 790 2 528 133 6.08 483 835 2 905 275 6. 00 500 279 2 860 690 5.72
주택,1972,44,13. 시ㆍ도별 가구ㆍ인구 및 주택,III. 인구,전체,충남,ko,2,0.5071,483 835,483835,0.5,,충청남도Chngcheong Nem Dol 415 790 2 528 133 6.08 483 835 2 905 275 6. 00 500 279 2 860 690 5.72
주택,1972,44,13. 시ㆍ도별 가구ㆍ인구 및 주택,III. 인구,전체,충남,ko,3,0.5749,2 905 275,2905275,0.5,,충청남도Chngcheong Nem Dol 415 790 2 528 133 6.08 483 835 2 905 275 6. 00 500 279 2 860 690 5.72
주택,1972,44,13. 시ㆍ도별 가구ㆍ인구 및 주택,III. 인구,전체,충남,ko,4,0.6756,6. 00,6.0,0.5,,충청남도Chngcheong Nem Dol 415 790 2 528 133 6.08 483 835 2 905 275 6. 00 500 279 2 860 690 5.72
주택,1972,44,13. 시ㆍ도별 가구ㆍ인구 및 주택,III. 인구,전체,충남,ko,5,0.735,500 279,500279,0.5,,충청남도Chngcheong Nem Dol 415 790 2 528 133 6.08 483 835 2 905 275 6. 00 500 279 2 860 690 5.72
주택,1972,44,13. 시ㆍ도별 가구ㆍ인구 및 주택,III. 인구,전체,충남,ko,6,0.8029,2 860 690,2860690,1.0,,충청남도Chngcheong Nem Dol 415 790 2 528 133 6.08 483 835 2 905 275 6. 00 500 279 2 860 690 5.72
주택,1972,44,13. 시ㆍ도별 가구ㆍ인구 및 주택,III. 인구,전체,충남,ko,7,0.9035,5.72,5.72,1.0,,충청남도Chngcheong Nem Dol 415 790 2 528 133 6.08 483 835 2 905 275 6. 00 500 279 2 860 690 5.72
주택,1972,44,13. 시ㆍ도별 가구ㆍ인구 및 주택,III. 인구,전체,전북,ko,0,0.2792,409 667,409667,1.0,,전라북도eonra Bug Do 409 667 2 395 224 5.85 432 473 2 522 964 5.83 427 346 2 434 522 5.70
주택,1972,44,13. 시ㆍ도별 가구ㆍ인구 및 주택,III. 인구,전체,전북,ko,1,0.3428,2 395 224,2395224,0.5,,전라북도eonra Bug Do 409 667 2 395 224 5.85 432 473 2 522 964 5.83 427 346 2 434 522 5.70
주택,1972,44,13. 시ㆍ도별 가구ㆍ인구 및 주택,III. 인구,전체,전북,ko,2,0.4476,5.85,5.85,1.0,,전라북도eonra Bug Do 409 667 2 395 224 5.85 432 473 2 522 964 5.83 427 346 2 434 522 5.70
주택,1972,44,13. 시ㆍ도별 가구ㆍ인구 및 주택,III. 인구,전체,전북,ko,3,0.5092,432 473,432473,1.0,,전라북도eonra Bug Do 409 667 2 395 224 5.85 432 473 2 522 964 5.83 427 346 2 434 522 5.70
주택,1972,44,13. 시ㆍ도별 가구ㆍ인구 및 주택,III. 인구,전체,전북,ko,4,0.5748,2 522 964,2522964,1.0,,전라북도eonra Bug Do 409 667 2 395 224 5.85 432 473 2 522 964 5.83 427 346 2 434 522 5.70
주택,1972,44,13. 시ㆍ도별 가구ㆍ인구 및 주택,III. 인구,전체,전북,ko,5,0.6756,5.83,5.83,1.0,,전라북도eonra Bug Do 409 667 2 395 224 5.85 432 473 2 522 964 5.83 427 346 2 434 522 5.70
주택,1972,44,13. 시ㆍ도별 가구ㆍ인구 및 주택,III. 인구,전체,전북,ko,6,0.7351,427 346,427346,1.0,,전라북도eonra Bug Do 409 667 2 395 224 5.85 432 473 2 522 964 5.83 427 346 2 434 522 5.70
주택,1972,44,13. 시ㆍ도별 가구ㆍ인구 및 주택,III. 인구,전체,전북,ko,7,0.8028,2 434 522,2434522,0.5,,전라북도eonra Bug Do 409 667 2 395 224 5.85 432 473 2 522 964 5.83 427 346 2 434 522 5.70
주택,1972,44,13. 시ㆍ도별 가구ㆍ인구 및 주택,III. 인구,전체,전북,ko,8,0.9035,5.70,5.7,1.0,,전라북도eonra Bug Do 409 667 2 395 224 5.85 432 473 2 522 964 5.83 427 346 2 434 522 5.70
주택,1972,44,13. 시ㆍ도별 가구ㆍ인구 및 주택,III. 인구,전체,전남,ko,0,0.279,605 558,605558,1.0,,전 라남도aonra Nom Do 605 558 3 5$3 041 5.87 678 758 4 050 461 5.97 703 889 4 005 735 5.69
주택,1972,44,13. 시ㆍ도별 가구ㆍ인구 및 주택,III. 인구,전체,전남,ko,1,0.4456,5.87,5.87,1.0,,전 라남도aonra Nom Do 605 558 3 5$3 041 5.87 678 758 4 050 461 5.97 703 889 4 005 735 5.69
주택,1972,44,13. 시ㆍ도별 가구ㆍ인구 및 주택,III. 인구,전체,전남,ko,2,0.5072,678 758,678758,1.0,,전 라남도aonra Nom Do 605 558 3 5$3 041 5.87 678 758 4 050 461 5.97 703 889 4 005 735 5.69
주택,1972,44,13. 시ㆍ도별 가구ㆍ인구 및 주택,III. 인구,전체,전남,ko,3,0.5749,4 050 461,4050461,0.5,,전 라남도aonra Nom Do 605 558 3 5$3 041 5.87 678 758 4 050 461 5.97 703 889 4 005 735 5.69
주택,1972,44,13. 시ㆍ도별 가구ㆍ인구 및 주택,III. 인구,전체,전남,ko,4,0.6756,5.97,5.97,0.5,,전 라남도aonra Nom Do 605 558 3 5$3 041 5.87 678 758 4 050 461 5.97 703 889 4 005 735 5.69
주택,1972,44,13. 시ㆍ도별 가구ㆍ인구 및 주택,III. 인구,전체,전남,ko,5,0.7351,703 889,703889,1.0,,전 라남도aonra Nom Do 605 558 3 5$3 041 5.87 678 758 4 050 461 5.97 703 889 4 005 735 5.69
주택,1972,44,13. 시ㆍ도별 가구ㆍ인구 및 주택,III. 인구,전체,전남,ko,6,0.8028,4 005 735,4005735,0.5,,전 라남도aonra Nom Do 605 558 3 5$3 041 5.87 678 758 4 050 461 5.97 703 889 4 005 735 5.69
주택,1972,44,13. 시ㆍ도별 가구ㆍ인구 및 주택,III. 인구,전체,전남,ko,7,0.9035,5.69,5.69,1.0,,전 라남도aonra Nom Do 605 558 3 5$3 041 5.87 678 758 4 050 461 5.97 703 889 4 005 735 5.69
주택,1972,44,13. 시ㆍ도별 가구ㆍ인구 및 주택,III. 인구,전체,경북,ko,0,0.2772,667 864 3 848 424,6678643848424,0.5,과병합의심,경상북도Gyeongsang Bug Do 667 864 3 848 424 5.76 796 623 4 476 625 5.62 850 273 4 559 584 5.36
주택,1972,44,13. 시ㆍ도별 가구ㆍ인구 및 주택,III. 인구,전체,경북,ko,1,0.4456,5.76,5.76,1.0,,경상북도Gyeongsang Bug Do 667 864 3 848 424 5.76 796 623 4 476 625 5.62 850 273 4 559 584 5.36
주택,1972,44,13. 시ㆍ도별 가구ㆍ인구 및 주택,III. 인구,전체,경북,ko,2,0.5051,796 623,796623,1.0,,경상북도Gyeongsang Bug Do 667 864 3 848 424 5.76 796 623 4 476 625 5.62 850 273 4 559 584 5.36
주택,1972,44,13. 시ㆍ도별 가구ㆍ인구 및 주택,III. 인구,전체,경북,ko,3,0.5728,4 476 625,4476625,0.3,저신뢰,경상북도Gyeongsang Bug Do 667 864 3 848 424 5.76 796 623 4 476 625 5.62 850 273 4 559 584 5.36
주택,1972,44,13. 시ㆍ도별 가구ㆍ인구 및 주택,III. 인구,전체,경북,ko,4,0.6735,5.62,5.62,1.0,,경상북도Gyeongsang Bug Do 667 864 3 848 424 5.76 796 623 4 476 625 5.62 850 273 4 559 584 5.36
주택,1972,44,13. 시ㆍ도별 가구ㆍ인구 및 주택,III. 인구,전체,경북,ko,5,0.7349,850 273 4 559 584,8502734559584,1.0,과병합의심,경상북도Gyeongsang Bug Do 667 864 3 848 424 5.76 796 623 4 476 625 5.62 850 273 4 559 584 5.36
주택,1972,44,13. 시ㆍ도별 가구ㆍ인구 및 주택,III. 인구,전체,경북,ko,6,0.9014,5.36,5.36,1.0,,경상북도Gyeongsang Bug Do 667 864 3 848 424 5.76 796 623 4 476 625 5.62 850 273 4 559 584 5.36
주택,1972,44,13. 시ㆍ도별 가구ㆍ인구 및 주택,III. 인구,전체,경남,ko,0,0.2793,523 819,523819,0.5,,경상남도Gyeongsng Nom Do 523 819 3 018 371 5.7 560 691 3 176 401 5.67 574 229 3 119 393 5.43
주택,1972,44,13. 시ㆍ도별 가구ㆍ인구 및 주택,III. 인구,전체,경남,ko,1,0.3429,3 018 371,3018371,0.5,,경상남도Gyeongsng Nom Do 523 819 3 018 371 5.7 560 691 3 176 401 5.67 574 229 3 119 393 5.43
주택,1972,44,13. 시ㆍ도별 가구ㆍ인구 및 주택,III. 인구,전체,경남,ko,2,0.4456,5.7,5.7,0.3,저신뢰,경상남도Gyeongsng Nom Do 523 819 3 018 371 5.7 560 691 3 176 401 5.67 574 229 3 119 393 5.43
주택,1972,44,13. 시ㆍ도별 가구ㆍ인구 및 주택,III. 인구,전체,경남,ko,3,0.5072,560 691,560691,0.5,,경상남도Gyeongsng Nom Do 523 819 3 018 371 5.7 560 691 3 176 401 5.67 574 229 3 119 393 5.43
주택,1972,44,13. 시ㆍ도별 가구ㆍ인구 및 주택,III. 인구,전체,경남,ko,4,0.5729,3 176 401,3176401,1.0,,경상남도Gyeongsng Nom Do 523 819 3 018 371 5.7 560 691 3 176 401 5.67 574 229 3 119 393 5.43
주택,1972,44,13. 시ㆍ도별 가구ㆍ인구 및 주택,III. 인구,전체,경남,ko,5,0.6756,5.67,5.67,1.0,,경상남도Gyeongsng Nom Do 523 819 3 018 371 5.7 560 691 3 176 401 5.67 574 229 3 119 393 5.43
주택,1972,44,13. 시ㆍ도별 가구ㆍ인구 및 주택,III. 인구,전체,경남,ko,6,0.7348,574 229 3 119 393,5742293119393,0.5,과병합의심,경상남도Gyeongsng Nom Do 523 819 3 018 371 5.7 560 691 3 176 401 5.67 574 229 3 119 393 5.43
주택,1972,44,13. 시ㆍ도별 가구ㆍ인구 및 주택,III. 인구,전체,경남,ko,7,0.9014,5.43,5.43,0.5,,경상남도Gyeongsng Nom Do 523 819 3 018 371 5.7 560 691 3 176 401 5.67 574 229 3 119 393 5.43
주택,1972,44,13. 시ㆍ도별 가구ㆍ인구 및 주택,III. 인구,전체,제주,ko,0,0.2854,64 308,64308,0.5,,제주 도eu Do 64 308 281 663 4. 38 74 230 337 330 4.54 82 992 365 522 4.40
주택,1972,44,13. 시ㆍ도별 가구ㆍ인구 및 주택,III. 인구,전체,제주,ko,1,0.3573,281 663,281663,1.0,,제주 도eu Do 64 308 281 663 4. 38 74 230 337 330 4.54 82 992 365 522 4.40
주택,1972,44,13. 시ㆍ도별 가구ㆍ인구 및 주택,III. 인구,전체,제주,ko,2,0.4476,4. 38,4.38,1.0,,제주 도eu Do 64 308 281 663 4. 38 74 230 337 330 4.54 82 992 365 522 4.40
주택,1972,44,13. 시ㆍ도별 가구ㆍ인구 및 주택,III. 인구,전체,제주,ko,3,0.5113,74 230,74230,0.5,,제주 도eu Do 64 308 281 663 4. 38 74 230 337 330 4.54 82 992 365 522 4.40
주택,1972,44,13. 시ㆍ도별 가구ㆍ인구 및 주택,III. 인구,전체,제주,ko,4,0.5872,337 330,337330,1.0,,제주 도eu Do 64 308 281 663 4. 38 74 230 337 330 4.54 82 992 365 522 4.40
주택,1972,44,13. 시ㆍ도별 가구ㆍ인구 및 주택,III. 인구,전체,제주,ko,5,0.6756,4.54,4.54,0.5,,제주 도eu Do 64 308 281 663 4. 38 74 230 337 330 4.54 82 992 365 522 4.40
주택,1972,44,13. 시ㆍ도별 가구ㆍ인구 및 주택,III. 인구,전체,제주,ko,6,0.7392,82 992,82992,1.0,,제주 도eu Do 64 308 281 663 4. 38 74 230 337 330 4.54 82 992 365 522 4.40
주택,1972,44,13. 시ㆍ도별 가구ㆍ인구 및 주택,III. 인구,전체,제주,ko,7,0.809,365 522,365522,1.0,,제주 도eu Do 64 308 281 663 4. 38 74 230 337 330 4.54 82 992 365 522 4.40
주택,1972,44,13. 시ㆍ도별 가구ㆍ인구 및 주택,III. 인구,전체,제주,ko,8,0.9035,4.40,4.4,0.5,,제주 도eu Do 64 308 281 663 4. 38 74 230 337 330 4.54 82 992 365 522 4.40
주택,1972,46,16. 구ㆍ시ㆍ군별 가구ㆍ인구 및 주택,III. 인구,전체,전국,ko,0,0.2135,5864330 5857861 31469132 31438768 15 762 15 675,5864330585786131469132314387681576215675,1.0,과병합의심,전 국 5864330 5857861 31469132 31438768 15 762 15 675 30 364 16 069 4442961 4369359 73 602 5814254 50 076
주택,1972,46,16. 구ㆍ시ㆍ군별 가구ㆍ인구 및 주택,III. 인구,전체,전국,ko,1,0.5667,30 364 16 069 4442961 4369359 73 602 5814254 50 076,30364160694442961436935973602581425450076,1.0,과병합의심,전 국 5864330 5857861 31469132 31438768 15 762 15 675 30 364 16 069 4442961 4369359 73 602 5814254 50 076
주택,1972,46,16. 구ㆍ시ㆍ군별 가구ㆍ인구 및 주택,III. 인구,전체,전국,en,0,0.4825,854,854,1.0,,Whole country 854
주택,1972,46,16. 구ㆍ시ㆍ군별 가구ㆍ인구 및 주택,III. 인구,전체,부산,ko,0,0.2177,126 988 126 828,126988126828,1.0,과병합의심,부 산 구 126 988 126 828 627 675 626 855 315 262 311 593 820 435 67 068 65 833 1 235 125 348 1 640
주택,1972,46,16. 구ㆍ시ㆍ군별 가구ㆍ인구 및 주택,III. 인구,전체,부산,ko,1,0.3388,627 675,627675,1.0,,부 산 구 126 988 126 828 627 675 626 855 315 262 311 593 820 435 67 068 65 833 1 235 125 348 1 640
주택,1972,46,16. 구ㆍ시ㆍ군별 가구ㆍ인구 및 주택,III. 인구,전체,부산,ko,2,0.4045,626 855 315 262 311 593,626855315262311593,1.0,과병합의심,부 산 구 126 988 126 828 627 675 626 855 315 262 311 593 820 435 67 068 65 833 1 235 125 348 1 640
주택,1972,46,16. 구ㆍ시ㆍ군별 가구ㆍ인구 및 주택,III. 인구,전체,부산,ko,3,0.5914,820,820,1.0,,부 산 구 126 988 126 828 627 675 626 855 315 262 311 593 820 435 67 068 65 833 1 235 125 348 1 640
주택,1972,46,16. 구ㆍ시ㆍ군별 가구ㆍ인구 및 주택,III. 인구,전체,부산,ko,4,0.6468,435 67 068 65 833,4356706865833,1.0,과병합의심,부 산 구 126 988 126 828 627 675 626 855 315 262 311 593 820 435 67 068 65 833 1 235 125 348 1 640
주택,1972,46,16. 구ㆍ시ㆍ군별 가구ㆍ인구 및 주택,III. 인구,전체,부산,ko,5,0.7926,1 235 125 348,1235125348,0.5,과병합의심,부 산 구 126 988 126 828 627 675 626 855 315 262 311 593 820 435 67 068 65 833 1 235 125 348 1 640
주택,1972,46,16. 구ㆍ시ㆍ군별 가구ㆍ인구 및 주택,III. 인구,전체,부산,ko,6,0.8994,1 640,1640,1.0,,부 산 구 126 988 126 828 627 675 626 855 315 262 311 593 820 435 67 068 65 833 1 235 125 348 1 640
주택,1973,44,13. 시ㆍ도별 가구ㆍ인구 및 주택 : 1970,III. 인구,전체,서울,ko,0,0.1643,1 096 871 1 094 648 5 535 725 5 525 262 2 762 190 2 763 072 10 463 5 596 4 867,1096871109464855357255525262276219027630721046355964867,0.5,일부누락|과병합의심,서울특별시 1 096 871 1 094 648 5 535 725 5 525 262 2 762 190 2 763 072 10 463 5 596 4 867 607 379 583 612 23 767
주택,1973,44,13. 시ㆍ도별 가구ㆍ인구 및 주택 : 1970,III. 인구,전체,서울,ko,1,0.7534,607 379,607379,0.5,일부누락,서울특별시 1 096 871 1 094 648 5 535 725 5 525 262 2 762 190 2 763 072 10 463 5 596 4 867 607 379 583 612 23 767
주택,1973,44,13. 시ㆍ도별 가구ㆍ인구 및 주택 : 1970,III. 인구,전체,서울,ko,2,0.8193,583 612 23 767,58361223767,0.5,일부누락|과병합의심,서울특별시 1 096 871 1 094 648 5 535 725 5 525 262 2 762 190 2 763 072 10 463 5 596 4 867 607 379 583 612 23 767
주택,1973,44,13. 시ㆍ도별 가구ㆍ인구 및 주택 : 1970,III. 인구,전체,충남,ko,0,0.1807,500 119 499 666 2 860 213 2 858 202 2 444 541 1 413 661 2 011 1 023,500119499666286021328582022444541141366120111023,0.5,과병합의심,충청남도 500 119 499 666 2 860 213 2 858 202 2 444 541 1 413 661 2 011 1 023 988 427 043 425 408 1 635
주택,1973,44,13. 시ㆍ도별 가구ㆍ인구 및 주택 : 1970,III. 인구,전체,충남,ko,1,0.7125,988 427 043 425 408 1 635,9884270434254081635,0.5,과병합의심,충청남도 500 119 499 666 2 860 213 2 858 202 2 444 541 1 413 661 2 011 1 023 988 427 043 425 408 1 635
주택,1973,44,13. 시ㆍ도별 가구ㆍ인구 및 주택 : 1970,III. 인구,전체,전북,ko,0,0.232,426 967 2 433 577 2 431 892 1 215 203 1 216 689 1 685,42696724335772431892121520312166891685,0.5,과병합의심,전 라북도. 427 31⅞ 426 967 2 433 577 2 431 892 1 215 203 1 216 689 1 685 873 812 360 959 359 872 1 087
주택,1973,44,13. 시ㆍ도별 가구ㆍ인구 및 주택 : 1970,III. 인구,전체,전북,ko,1,0.6673,873,873,1.0,,전 라북도. 427 31⅞ 426 967 2 433 577 2 431 892 1 215 203 1 216 689 1 685 873 812 360 959 359 872 1 087
주택,1973,44,13. 시ㆍ도별 가구ㆍ인구 및 주택 : 1970,III. 인구,전체,전북,ko,2,0.7146,812 360 959,812360959,1.0,,전 라북도. 427 31⅞ 426 967 2 433 577 2 431 892 1 215 203 1 216 689 1 685 873 812 360 959 359 872 1 087
주택,1973,44,13. 시ㆍ도별 가구ㆍ인구 및 주택 : 1970,III. 인구,전체,전북,ko,3,0.8213,359 872 1 087,3598721087,0.5,과병합의심,전 라북도. 427 31⅞ 426 967 2 433 577 2 431 892 1 215 203 1 216 689 1 685 873 812 360 959 359 872 1 087
주택,1973,44,13. 시ㆍ도별 가구ㆍ인구 및 주택 : 1970,III. 인구,전체,전남,ko,0,0.1766,703 851 703 534 4 006 265 4 004 832 2 012 399 1 992 433 1 433 745,70385170353440062654004832201239919924331433745,1.0,과병합의심,전라남도 703 851 703 534 4 006 265 4 004 832 2 012 399 1 992 433 1 433 745 688 595 430 592 920 2 510
주택,1973,44,13. 시ㆍ도별 가구ㆍ인구 및 주택 : 1970,III. 인구,전체,전남,ko,1,0.7166,688 595 430,688595430,0.5,,전라남도 703 851 703 534 4 006 265 4 004 832 2 012 399 1 992 433 1 433 745 688 595 430 592 920 2 510
주택,1973,44,13. 시ㆍ도별 가구ㆍ인구 및 주택 : 1970,III. 인구,전체,전남,ko,2,0.8214,592 920 2 510,5929202510,0.5,과병합의심,전라남도 703 851 703 534 4 006 265 4 004 832 2 012 399 1 992 433 1 433 745 688 595 430 592 920 2 510
주택,1973,44,13. 시ㆍ도별 가구ㆍ인구 및 주택 : 1970,III. 인구,전체,제주,ko,0,0.1848,82 955,82955,0.5,,제 주 도 82 955 82 886 365 430 365 137 175 093 190 044 293 157 136 70 256 69 879 377
주택,1973,44,13. 시ㆍ도별 가구ㆍ인구 및 주택 : 1970,III. 인구,전체,제주,ko,1,0.2464,82 886,82886,1.0,,제 주 도 82 955 82 886 365 430 365 137 175 093 190 044 293 157 136 70 256 69 879 377
주택,1973,44,13. 시ㆍ도별 가구ㆍ인구 및 주택 : 1970,III. 인구,전체,제주,ko,2,0.3203,365 430,365430,0.5,,제 주 도 82 955 82 886 365 430 365 137 175 093 190 044 293 157 136 70 256 69 879 377
주택,1973,44,13. 시ㆍ도별 가구ㆍ인구 및 주택 : 1970,III. 인구,전체,제주,ko,3,0.386,365 137 175 093,365137175093,0.5,과병합의심,제 주 도 82 955 82 886 365 430 365 137 175 093 190 044 293 157 136 70 256 69 879 377
주택,1973,44,13. 시ㆍ도별 가구ㆍ인구 및 주택 : 1970,III. 인구,전체,제주,ko,4,0.5462,190 044,190044,1.0,,제 주 도 82 955 82 886 365 430 365 137 175 093 190 044 293 157 136 70 256 69 879 377
주택,1973,44,13. 시ㆍ도별 가구ㆍ인구 및 주택 : 1970,III. 인구,전체,제주,ko,5,0.6181,293,293,1.0,,제 주 도 82 955 82 886 365 430 365 137 175 093 190 044 293 157 136 70 256 69 879 377
주택,1973,44,13. 시ㆍ도별 가구ㆍ인구 및 주택 : 1970,III. 인구,전체,제주,ko,6,0.6632,157 136 70 256 69 879 377,1571367025669879377,1.0,과병합의심,제 주 도 82 955 82 886 365 430 365 137 175 093 190 044 293 157 136 70 256 69 879 377
주택,1973,44,13. 시ㆍ도별 가구ㆍ인구 및 주택 : 1970,III. 인구,전체,전국,ko,0,0.2834,4 377 973 24 989 241,437797324989241,0.5,과병합의심,전 국 Whole county 4 377 973 24 989 241 5.71 5 191 507 29 192 762 5.62 5 863 440 31 465 654 5.37
주택,1973,44,13. 시ㆍ도별 가구ㆍ인구 및 주택 : 1970,III. 인구,전체,전국,ko,1,0.4517,5.71,5.71,1.0,,전 국 Whole county 4 377 973 24 989 241 5.71 5 191 507 29 192 762 5.62 5 863 440 31 465 654 5.37
주택,1973,44,13. 시ㆍ도별 가구ㆍ인구 및 주택 : 1970,III. 인구,전체,전국,ko,2,0.4969,5 191 507 29 192 762,519150729192762,0.5,과병합의심,전 국 Whole county 4 377 973 24 989 241 5.71 5 191 507 29 192 762 5.62 5 863 440 31 465 654 5.37
주택,1973,44,13. 시ㆍ도별 가구ㆍ인구 및 주택 : 1970,III. 인구,전체,전국,ko,3,0.6673,5.62 5 863 440 31 465 654,5.625863440314657,1.0,과병합의심,전 국 Whole county 4 377 973 24 989 241 5.71 5 191 507 29 192 762 5.62 5 863 440 31 465 654 5.37
주택,1973,44,13. 시ㆍ도별 가구ㆍ인구 및 주택 : 1970,III. 인구,전체,전국,ko,4,0.885,5.37,5.37,1.0,,전 국 Whole county 4 377 973 24 989 241 5.71 5 191 507 29 192 762 5.62 5 863 440 31 465 654 5.37
주택,1973,44,13. 시ㆍ도별 가구ㆍ인구 및 주택 : 1970,III. 인구,전체,서울,ko,0,0.2957,446 874 2 445 402,4468742445402,0.5,과병합의심,서울특별시 Ciy of Saoul 446 874 2 445 402 5.47 734 334 3 803 360 5.18 1 096 871 5 535 725 5.05
주택,1973,44,13. 시ㆍ도별 가구ㆍ인구 및 주택 : 1970,III. 인구,전체,서울,ko,1,0.4497,5.47,5.47,0.5,,서울특별시 Ciy of Saoul 446 874 2 445 402 5.47 734 334 3 803 360 5.18 1 096 871 5 535 725 5.05
주택,1973,44,13. 시ㆍ도별 가구ㆍ인구 및 주택 : 1970,III. 인구,전체,서울,ko,2,0.5113,734 334 3 803 360,7343343803360,1.0,과병합의심,서울특별시 Ciy of Saoul 446 874 2 445 402 5.47 734 334 3 803 360 5.18 1 096 871 5 535 725 5.05
주택,1973,44,13. 시ㆍ도별 가구ㆍ인구 및 주택 : 1970,III. 인구,전체,서울,ko,3,0.6653,5.18 1 096 871 5 535 725,5.181096871553573,0.5,과병합의심,서울특별시 Ciy of Saoul 446 874 2 445 402 5.47 734 334 3 803 360 5.18 1 096 871 5 535 725 5.05
주택,1973,44,13. 시ㆍ도별 가구ㆍ인구 및 주택 : 1970,III. 인구,전체,서울,ko,4,0.885,5.05,5.05,1.0,,서울특별시 Ciy of Saoul 446 874 2 445 402 5.47 734 334 3 803 360 5.18 1 096 871 5 535 725 5.05
주택,1973,44,13. 시ㆍ도별 가구ㆍ인구 및 주택 : 1970,III. 인구,전체,부산,ko,0,0.2936,211 101,211101,0.3,저신뢰,부산 시 Busan City 211 101 1.163 6기 5.5] 271 512 ] 430 011 5.27 371 878 ] 879 904 5.06
주택,1973,44,13. 시ㆍ도별 가구ㆍ인구 및 주택 : 1970,III. 인구,전체,부산,ko,1,0.4497,5.5],5.5,0.5,,부산 시 Busan City 211 101 1.163 6기 5.5] 271 512 ] 430 011 5.27 371 878 ] 879 904 5.06
주택,1973,44,13. 시ㆍ도별 가구ㆍ인구 및 주택 : 1970,III. 인구,전체,부산,ko,2,0.5092,271 512,271512,0.3,저신뢰,부산 시 Busan City 211 101 1.163 6기 5.5] 271 512 ] 430 011 5.27 371 878 ] 879 904 5.06
주택,1973,44,13. 시ㆍ도별 가구ㆍ인구 및 주택 : 1970,III. 인구,전체,부산,ko,3,0.6653,5.27,5.27,1.0,,부산 시 Busan City 211 101 1.163 6기 5.5] 271 512 ] 430 011 5.27 371 878 ] 879 904 5.06
주택,1973,44,13. 시ㆍ도별 가구ㆍ인구 및 주택 : 1970,III. 인구,전체,부산,ko,4,0.7207,371 878,371878,1.0,,부산 시 Busan City 211 101 1.163 6기 5.5] 271 512 ] 430 011 5.27 371 878 ] 879 904 5.06
주택,1973,44,13. 시ㆍ도별 가구ㆍ인구 및 주택 : 1970,III. 인구,전체,부산,ko,5,0.885,5.06,5.06,1.0,,부산 시 Busan City 211 101 1.163 6기 5.5] 271 512 ] 430 011 5.27 371 878 ] 879 904 5.06
주택,1973,44,13. 시ㆍ도별 가구ㆍ인구 및 주택 : 1970,III. 인구,전체,경기,ko,0,0.2935,493 060,493060,1.0,,경기도 Gyeong-gi Do 493 060 2 748 765 5.57 558 157 3 107 807 5.57 64] 4]1 3 358 022 5.24
주택,1973,44,13. 시ㆍ도별 가구ㆍ인구 및 주택 : 1970,III. 인구,전체,경기,ko,1,0.3593,2 748 765,2748765,1.0,,경기도 Gyeong-gi Do 493 060 2 748 765 5.57 558 157 3 107 807 5.57 64] 4]1 3 358 022 5.24
주택,1973,44,13. 시ㆍ도별 가구ㆍ인구 및 주택 : 1970,III. 인구,전체,경기,ko,2,0.4497,5.57,5.57,1.0,,경기도 Gyeong-gi Do 493 060 2 748 765 5.57 558 157 3 107 807 5.57 64] 4]1 3 358 022 5.24
주택,1973,44,13. 시ㆍ도별 가구ㆍ인구 및 주택 : 1970,III. 인구,전체,경기,ko,3,0.5092,558 157,558157,1.0,,경기도 Gyeong-gi Do 493 060 2 748 765 5.57 558 157 3 107 807 5.57 64] 4]1 3 358 022 5.24
주택,1973,44,13. 시ㆍ도별 가구ㆍ인구 및 주택 : 1970,III. 인구,전체,경기,ko,4,0.577,3 107 807,3107807,0.5,,경기도 Gyeong-gi Do 493 060 2 748 765 5.57 558 157 3 107 807 5.57 64] 4]1 3 358 022 5.24
주택,1973,44,13. 시ㆍ도별 가구ㆍ인구 및 주택 : 1970,III. 인구,전체,경기,ko,5,0.6653,5.57,5.57,1.0,,경기도 Gyeong-gi Do 493 060 2 748 765 5.57 558 157 3 107 807 5.57 64] 4]1 3 358 022 5.24
주택,1973,44,13. 시ㆍ도별 가구ㆍ인구 및 주택 : 1970,III. 인구,전체,경기,ko,6,0.7762,3 358 022,3358022,1.0,,경기도 Gyeong-gi Do 493 060 2 748 765 5.57 558 157 3 107 807 5.57 64] 4]1 3 358 022 5.24
주택,1973,44,13. 시ㆍ도별 가구ㆍ인구 및 주택 : 1970,III. 인구,전체,경기,ko,7,0.883,5.24,5.24,0.5,,경기도 Gyeong-gi Do 493 060 2 748 765 5.57 558 157 3 107 807 5.57 64] 4]1 3 358 022 5.24
주택,1973,44,13. 시ㆍ도별 가구ㆍ인구 및 주택 : 1970,III. 인구,전체,강원,ko,0,0.2936,308 088,308088,1.0,,강원 도 Gang-weon Do 308 088 1 636 767 5.31 339 361 1 832 519 5.40 352 441 1 866 494 5.30
주택,1973,44,13. 시ㆍ도별 가구ㆍ인구 및 주택 : 1970,III. 인구,전체,강원,ko,1,0.3613,1 636 767,1636767,0.5,,강원 도 Gang-weon Do 308 088 1 636 767 5.31 339 361 1 832 519 5.40 352 441 1 866 494 5.30
주택,1973,44,13. 시ㆍ도별 가구ㆍ인구 및 주택 : 1970,III. 인구,전체,강원,ko,2,0.4497,5.31,5.31,1.0,,강원 도 Gang-weon Do 308 088 1 636 767 5.31 339 361 1 832 519 5.40 352 441 1 866 494 5.30
주택,1973,44,13. 시ㆍ도별 가구ㆍ인구 및 주택 : 1970,III. 인구,전체,강원,ko,3,0.5113,339 361,339361,1.0,,강원 도 Gang-weon Do 308 088 1 636 767 5.31 339 361 1 832 519 5.40 352 441 1 866 494 5.30
주택,1973,44,13. 시ㆍ도별 가구ㆍ인구 및 주택 : 1970,III. 인구,전체,강원,ko,4,0.5791,1 832 519,1832519,0.5,,강원 도 Gang-weon Do 308 088 1 636 767 5.31 339 361 1 832 519 5.40 352 441 1 866 494 5.30
주택,1973,44,13. 시ㆍ도별 가구ㆍ인구 및 주택 : 1970,III. 인구,전체,강원,ko,5,0.6673,5.40,5.4,0.5,,강원 도 Gang-weon Do 308 088 1 636 767 5.31 339 361 1 832 519 5.40 352 441 1 866 494 5.30
주택,1973,44,13. 시ㆍ도별 가구ㆍ인구 및 주택 : 1970,III. 인구,전체,강원,ko,6,0.7268,352 441 1 866 494,3524411866494,0.5,과병합의심,강원 도 Gang-weon Do 308 088 1 636 767 5.31 339 361 1 832 519 5.40 352 441 1 866 494 5.30
주택,1973,44,13. 시ㆍ도별 가구ㆍ인구 및 주택 : 1970,III. 인구,전체,강원,ko,7,0.8809,5.30,5.3,1.0,,강원 도 Gang-weon Do 308 088 1 636 767 5.31 339 361 1 832 519 5.40 352 441 1 866 494 5.30
주택,1973,44,13. 시ㆍ도별 가구ㆍ인구 및 주택 : 1970,III. 인구,전체,충북,ko,0,0.2916,231 844 1 369 780,2318441369780,0.5,과병합의심,충청북도 Chungcheong Bug Do 231 844 1 369 780 5.91 261 533 1 550 009 5.93 262 183 1 481 263 5.65
주택,1973,44,13. 시ㆍ도별 가구ㆍ인구 및 주택 : 1970,III. 인구,전체,충북,ko,1,0.4476,5.91,5.91,1.0,,충청북도 Chungcheong Bug Do 231 844 1 369 780 5.91 261 533 1 550 009 5.93 262 183 1 481 263 5.65
주택,1973,44,13. 시ㆍ도별 가구ㆍ인구 및 주택 : 1970,III. 인구,전체,충북,ko,2,0.5092,261 533,261533,1.0,,충청북도 Chungcheong Bug Do 231 844 1 369 780 5.91 261 533 1 550 009 5.93 262 183 1 481 263 5.65
주택,1973,44,13. 시ㆍ도별 가구ㆍ인구 및 주택 : 1970,III. 인구,전체,충북,ko,3,0.5748,1 550 009,1550009,0.5,,충청북도 Chungcheong Bug Do 231 844 1 369 780 5.91 261 533 1 550 009 5.93 262 183 1 481 263 5.65
주택,1973,44,13. 시ㆍ도별 가구ㆍ인구 및 주택 : 1970,III. 인구,전체,충북,ko,4,0.6653,5.93,5.93,1.0,,충청북도 Chungcheong Bug Do 231 844 1 369 780 5.91 261 533 1 550 009 5.93 262 183 1 481 263 5.65
주택,1973,44,13. 시ㆍ도별 가구ㆍ인구 및 주택 : 1970,III. 인구,전체,충북,ko,5,0.7228,262 183 1 481 263,2621831481263,1.0,과병합의심,충청북도 Chungcheong Bug Do 231 844 1 369 780 5.91 261 533 1 550 009 5.93 262 183 1 481 263 5.65
주택,1973,44,13. 시ㆍ도별 가구ㆍ인구 및 주택 : 1970,III. 인구,전체,충북,ko,6,0.883,5.65,5.65,1.0,,충청북도 Chungcheong Bug Do 231 844 1 369 780 5.91 261 533 1 550 009 5.93 262 183 1 481 263 5.65
주택,1973,44,13. 시ㆍ도별 가구ㆍ인구 및 주택 : 1970,III. 인구,전체,충남,ko,0,0.2916,415 790 2 528 133,4157902528133,0.5,과병합의심,충청남도 Chungcheong Nam Do 415 790 2 528 133 6.08 483 835 2 905 275 6.00 500 119 2 860 213 5.72
주택,1973,44,13. 시ㆍ도별 가구ㆍ인구 및 주택 : 1970,III. 인구,전체,충남,ko,1,0.4476,6.08,6.08,1.0,,충청남도 Chungcheong Nam Do 415 790 2 528 133 6.08 483 835 2 905 275 6.00 500 119 2 860 213 5.72
주택,1973,44,13. 시ㆍ도별 가구ㆍ인구 및 주택 : 1970,III. 인구,전체,충남,ko,2,0.5092,483 835 2 905 275,4838352905275,1.0,과병합의심,충청남도 Chungcheong Nam Do 415 790 2 528 133 6.08 483 835 2 905 275 6.00 500 119 2 860 213 5.72
주택,1973,44,13. 시ㆍ도별 가구ㆍ인구 및 주택 : 1970,III. 인구,전체,충남,ko,3,0.6632,6.00,6.0,0.5,,충청남도 Chungcheong Nam Do 415 790 2 528 133 6.08 483 835 2 905 275 6.00 500 119 2 860 213 5.72
주택,1973,44,13. 시ㆍ도별 가구ㆍ인구 및 주택 : 1970,III. 인구,전체,충남,ko,4,0.7228,500 119 2 860 213,5001192860213,1.0,과병합의심,충청남도 Chungcheong Nam Do 415 790 2 528 133 6.08 483 835 2 905 275 6.00 500 119 2 860 213 5.72
주택,1973,44,13. 시ㆍ도별 가구ㆍ인구 및 주택 : 1970,III. 인구,전체,충남,ko,5,0.883,5.72,5.72,1.0,,충청남도 Chungcheong Nam Do 415 790 2 528 133 6.08 483 835 2 905 275 6.00 500 119 2 860 213 5.72
주택,1973,44,13. 시ㆍ도별 가구ㆍ인구 및 주택 : 1970,III. 인구,전체,전북,ko,0,0.2916,409 667 2 395 224,4096672395224,1.0,과병합의심,전 라북도 Jeonra Bug Do 409 667 2 395 224 5.85 432 473 2 522 964 5.83 427 311 2 433 577 5.70
주택,1973,44,13. 시ㆍ도별 가구ㆍ인구 및 주택 : 1970,III. 인구,전체,전북,ko,1,0.4415,5.85,5.85,1.0,,전 라북도 Jeonra Bug Do 409 667 2 395 224 5.85 432 473 2 522 964 5.83 427 311 2 433 577 5.70
주택,1973,44,13. 시ㆍ도별 가구ㆍ인구 및 주택 : 1970,III. 인구,전체,전북,ko,2,0.5092,432 473,432473,1.0,,전 라북도 Jeonra Bug Do 409 667 2 395 224 5.85 432 473 2 522 964 5.83 427 311 2 433 577 5.70
주택,1973,44,13. 시ㆍ도별 가구ㆍ인구 및 주택 : 1970,III. 인구,전체,전북,ko,3,0.5749,2 522 964,2522964,0.5,,전 라북도 Jeonra Bug Do 409 667 2 395 224 5.85 432 473 2 522 964 5.83 427 311 2 433 577 5.70
주택,1973,44,13. 시ㆍ도별 가구ㆍ인구 및 주택 : 1970,III. 인구,전체,전북,ko,4,0.6632,5.83,5.83,1.0,,전 라북도 Jeonra Bug Do 409 667 2 395 224 5.85 432 473 2 522 964 5.83 427 311 2 433 577 5.70
주택,1973,44,13. 시ㆍ도별 가구ㆍ인구 및 주택 : 1970,III. 인구,전체,전북,ko,5,0.7228,427 311 2 433 577,4273112433577,1.0,과병합의심,전 라북도 Jeonra Bug Do 409 667 2 395 224 5.85 432 473 2 522 964 5.83 427 311 2 433 577 5.70
주택,1973,44,13. 시ㆍ도별 가구ㆍ인구 및 주택 : 1970,III. 인구,전체,전북,ko,6,0.883,5.70,5.7,1.0,,전 라북도 Jeonra Bug Do 409 667 2 395 224 5.85 432 473 2 522 964 5.83 427 311 2 433 577 5.70
주택,1973,44,13. 시ㆍ도별 가구ㆍ인구 및 주택 : 1970,III. 인구,전체,전남,ko,0,0.2916,605 558 3 553 041,6055583553041,1.0,과병합의심,전 라남도 Jeonra Nam Do 605 558 3 553 041 5.87 678 758 4 050 461 5.97 703 851 4 006 265 5.69
주택,1973,44,13. 시ㆍ도별 가구ㆍ인구 및 주택 : 1970,III. 인구,전체,전남,ko,1,0.4435,5.87,5.87,1.0,,전 라남도 Jeonra Nam Do 605 558 3 553 041 5.87 678 758 4 050 461 5.97 703 851 4 006 265 5.69
주택,1973,44,13. 시ㆍ도별 가구ㆍ인구 및 주택 : 1970,III. 인구,전체,전남,ko,2,0.5092,678 758 4 050 461,6787584050461,1.0,과병합의심,전 라남도 Jeonra Nam Do 605 558 3 553 041 5.87 678 758 4 050 461 5.97 703 851 4 006 265 5.69
주택,1973,44,13. 시ㆍ도별 가구ㆍ인구 및 주택 : 1970,III. 인구,전체,전남,ko,3,0.6632,5.97,5.97,1.0,,전 라남도 Jeonra Nam Do 605 558 3 553 041 5.87 678 758 4 050 461 5.97 703 851 4 006 265 5.69
주택,1973,44,13. 시ㆍ도별 가구ㆍ인구 및 주택 : 1970,III. 인구,전체,전남,ko,4,0.7228,703 851 4 006 265,7038514006265,1.0,과병합의심,전 라남도 Jeonra Nam Do 605 558 3 553 041 5.87 678 758 4 050 461 5.97 703 851 4 006 265 5.69
주택,1973,44,13. 시ㆍ도별 가구ㆍ인구 및 주택 : 1970,III. 인구,전체,전남,ko,5,0.883,5.69,5.69,1.0,,전 라남도 Jeonra Nam Do 605 558 3 553 041 5.87 678 758 4 050 461 5.97 703 851 4 006 265 5.69
주택,1973,44,13. 시ㆍ도별 가구ㆍ인구 및 주택 : 1970,III. 인구,전체,경북,ko,0,0.2915,667 864 3 848 424,6678643848424,1.0,과병합의심,경상북도 Gyeongsang Bug Do 667 864 3 848 424 5.76 7%6 623 4 476 625 5.62 850 237 4 559 092 5.36
주택,1973,44,13. 시ㆍ도별 가구ㆍ인구 및 주택 : 1970,III. 인구,전체,경북,ko,1,0.4394,5.76,5.76,1.0,,경상북도 Gyeongsang Bug Do 667 864 3 848 424 5.76 7%6 623 4 476 625 5.62 850 237 4 559 092 5.36
주택,1973,44,13. 시ㆍ도별 가구ㆍ인구 및 주택 : 1970,III. 인구,전체,경북,ko,2,0.5749,4 476 625,4476625,0.5,,경상북도 Gyeongsang Bug Do 667 864 3 848 424 5.76 7%6 623 4 476 625 5.62 850 237 4 559 092 5.36
주택,1973,44,13. 시ㆍ도별 가구ㆍ인구 및 주택 : 1970,III. 인구,전체,경북,ko,3,0.6612,5.62,5.62,1.0,,경상북도 Gyeongsang Bug Do 667 864 3 848 424 5.76 7%6 623 4 476 625 5.62 850 237 4 559 092 5.36
주택,1973,44,13. 시ㆍ도별 가구ㆍ인구 및 주택 : 1970,III. 인구,전체,경북,ko,4,0.7228,850 237 4 559 092,8502374559092,1.0,과병합의심,경상북도 Gyeongsang Bug Do 667 864 3 848 424 5.76 7%6 623 4 476 625 5.62 850 237 4 559 092 5.36
주택,1973,44,13. 시ㆍ도별 가구ㆍ인구 및 주택 : 1970,III. 인구,전체,경북,ko,5,0.883,5.36,5.36,0.5,,경상북도 Gyeongsang Bug Do 667 864 3 848 424 5.76 7%6 623 4 476 625 5.62 850 237 4 559 092 5.36
주택,1973,44,13. 시ㆍ도별 가구ㆍ인구 및 주택 : 1970,III. 인구,전체,경남,ko,0,0.2914,523 819 3 018 371,5238193018371,1.0,과병합의심,경상남도 Gyeongsang Nam Do 523 819 3 018 371 5.76 560 691 3 176 401 5.67 574 183 3 119 669 5.43
주택,1973,44,13. 시ㆍ도별 가구ㆍ인구 및 주택 : 1970,III. 인구,전체,경남,ko,1,0.4415,5.76,5.76,0.5,,경상남도 Gyeongsang Nam Do 523 819 3 018 371 5.76 560 691 3 176 401 5.67 574 183 3 119 669 5.43
주택,1973,44,13. 시ㆍ도별 가구ㆍ인구 및 주택 : 1970,III. 인구,전체,경남,ko,2,0.5072,560 691,560691,1.0,,경상남도 Gyeongsang Nam Do 523 819 3 018 371 5.76 560 691 3 176 401 5.67 574 183 3 119 669 5.43
주택,1973,44,13. 시ㆍ도별 가구ㆍ인구 및 주택 : 1970,III. 인구,전체,경남,ko,3,0.5727,3 176 401,3176401,1.0,,경상남도 Gyeongsang Nam Do 523 819 3 018 371 5.76 560 691 3 176 401 5.67 574 183 3 119 669 5.43
주택,1973,44,13. 시ㆍ도별 가구ㆍ인구 및 주택 : 1970,III. 인구,전체,경남,ko,4,0.6612,5.67,5.67,1.0,,경상남도 Gyeongsang Nam Do 523 819 3 018 371 5.76 560 691 3 176 401 5.67 574 183 3 119 669 5.43
주택,1973,44,13. 시ㆍ도별 가구ㆍ인구 및 주택 : 1970,III. 인구,전체,경남,ko,5,0.7166,574 183 3 119 669,5741833119669,0.5,과병합의심,경상남도 Gyeongsang Nam Do 523 819 3 018 371 5.76 560 691 3 176 401 5.67 574 183 3 119 669 5.43
주택,1973,44,13. 시ㆍ도별 가구ㆍ인구 및 주택 : 1970,III. 인구,전체,경남,ko,6,0.883,5.43,5.43,1.0,,경상남도 Gyeongsang Nam Do 523 819 3 018 371 5.76 560 691 3 176 401 5.67 574 183 3 119 669 5.43
주택,1973,44,13. 시ㆍ도별 가구ㆍ인구 및 주택 : 1970,III. 인구,전체,제주,ko,0,0.2913,64 308,64308,1.0,,제 주 도 Jeju Do 64 308 281 663 4.38 74 230 337 330 4.54 82 955 365 430 4.41
주택,1973,44,13. 시ㆍ도별 가구ㆍ인구 및 주택 : 1970,III. 인구,전체,제주,ko,1,0.3676,281 663,281663,1.0,,제 주 도 Jeju Do 64 308 281 663 4.38 74 230 337 330 4.54 82 955 365 430 4.41
주택,1973,44,13. 시ㆍ도별 가구ㆍ인구 및 주택 : 1970,III. 인구,전체,제주,ko,2,0.4415,4.38,4.38,1.0,,제 주 도 Jeju Do 64 308 281 663 4.38 74 230 337 330 4.54 82 955 365 430 4.41
주택,1973,44,13. 시ㆍ도별 가구ㆍ인구 및 주택 : 1970,III. 인구,전체,제주,ko,3,0.5133,74 230,74230,0.5,,제 주 도 Jeju Do 64 308 281 663 4.38 74 230 337 330 4.54 82 955 365 430 4.41
주택,1973,44,13. 시ㆍ도별 가구ㆍ인구 및 주택 : 1970,III. 인구,전체,제주,ko,4,0.5873,337 330,337330,0.5,,제 주 도 Jeju Do 64 308 281 663 4.38 74 230 337 330 4.54 82 955 365 430 4.41
주택,1973,44,13. 시ㆍ도별 가구ㆍ인구 및 주택 : 1970,III. 인구,전체,제주,ko,5,0.6591,4.54,4.54,1.0,,제 주 도 Jeju Do 64 308 281 663 4.38 74 230 337 330 4.54 82 955 365 430 4.41
주택,1973,44,13. 시ㆍ도별 가구ㆍ인구 및 주택 : 1970,III. 인구,전체,제주,ko,6,0.7269,82 955,82955,1.0,,제 주 도 Jeju Do 64 308 281 663 4.38 74 230 337 330 4.54 82 955 365 430 4.41
주택,1973,44,13. 시ㆍ도별 가구ㆍ인구 및 주택 : 1970,III. 인구,전체,제주,ko,7,0.7967,365 430,365430,0.5,,제 주 도 Jeju Do 64 308 281 663 4.38 74 230 337 330 4.54 82 955 365 430 4.41
주택,1973,44,13. 시ㆍ도별 가구ㆍ인구 및 주택 : 1970,III. 인구,전체,제주,ko,8,0.883,4.41,4.41,1.0,,제 주 도 Jeju Do 64 308 281 663 4.38 74 230 337 330 4.54 82 955 365 430 4.41
주택,1973,46,16. 구ㆍ시ㆍ군별 가구ㆍ인구 및 주택 : 1970,III. 인구,전체,부산,ko,0,0.3162,371 878,371878,1.0,,부 산 371 878 ~
주택,1974,42,13. 시ㆍ도별 가구ㆍ인구 및 주택 : 1970,III. 인구,전체,서울,ko,0,0.1827,1 096 871 1 094 648 5 535 725 5 525 262 2 762 190 2 763 072 10 463 5 596 4 867,1096871109464855357255525262276219027630721046355964867,0.5,과병합의심,서울특별시 1 096 871 1 094 648 5 535 725 5 525 262 2 762 190 2 763 072 10 463 5 596 4 867 6C7 379 583 612 23 767
주택,1974,42,13. 시ㆍ도별 가구ㆍ인구 및 주택 : 1970,III. 인구,전체,서울,ko,1,0.8398,583 612 23 767,58361223767,0.3,저신뢰|과병합의심,서울특별시 1 096 871 1 094 648 5 535 725 5 525 262 2 762 190 2 763 072 10 463 5 596 4 867 6C7 379 583 612 23 767
주택,1974,42,13. 시ㆍ도별 가구ㆍ인구 및 주택 : 1970,III. 인구,전체,부산,ko,0,0.193,371 878 371 228 1 879 904 1 876 391,37187837122818799041876391,1.0,과병합의심,부 산 시 371 878 371 228 1 879 904 1 876 391 940 836 935 555 3 513 1 801 1 712 215 842 206 708 9 134
주택,1974,42,13. 시ㆍ도별 가구ㆍ인구 및 주택 : 1970,III. 인구,전체,부산,ko,1,0.4866,940 836,940836,1.0,,부 산 시 371 878 371 228 1 879 904 1 876 391 940 836 935 555 3 513 1 801 1 712 215 842 206 708 9 134
주택,1974,42,13. 시ㆍ도별 가구ㆍ인구 및 주택 : 1970,III. 인구,전체,부산,ko,2,0.5606,935 555 3 513 1 801 1 712,935555351318011712,1.0,과병합의심,부 산 시 371 878 371 228 1 879 904 1 876 391 940 836 935 555 3 513 1 801 1 712 215 842 206 708 9 134
주택,1974,42,13. 시ㆍ도별 가구ㆍ인구 및 주택 : 1970,III. 인구,전체,부산,ko,3,0.77,215 842,215842,1.0,,부 산 시 371 878 371 228 1 879 904 1 876 391 940 836 935 555 3 513 1 801 1 712 215 842 206 708 9 134
주택,1974,42,13. 시ㆍ도별 가구ㆍ인구 및 주택 : 1970,III. 인구,전체,부산,ko,4,0.8357,206 708,206708,1.0,,부 산 시 371 878 371 228 1 879 904 1 876 391 940 836 935 555 3 513 1 801 1 712 215 842 206 708 9 134
주택,1974,42,13. 시ㆍ도별 가구ㆍ인구 및 주택 : 1970,III. 인구,전체,부산,ko,5,0.9055,9 134,9134,0.5,,부 산 시 371 878 371 228 1 879 904 1 876 391 940 836 935 555 3 513 1 801 1 712 215 842 206 708 9 134
주택,1974,42,13. 시ㆍ도별 가구ㆍ인구 및 주택 : 1970,III. 인구,전체,강원,ko,0,0.193,352 44],35244,0.5,,강 원 도 352 44] 352 176 1 856 494 | 835 426 953 379 912 047 1 068 5?4 474 282 766 280 940 1 826
주택,1974,42,13. 시ㆍ도별 가구ㆍ인구 및 주택 : 1970,III. 인구,전체,강원,ko,1,0.4867,953 379 912 047 1 068,9533799120471068,0.5,과병합의심,강 원 도 352 44] 352 176 1 856 494 | 835 426 953 379 912 047 1 068 5?4 474 282 766 280 940 1 826
주택,1974,42,13. 시ㆍ도별 가구ㆍ인구 및 주택 : 1970,III. 인구,전체,강원,ko,2,0.8255,280 940,280940,1.0,,강 원 도 352 44] 352 176 1 856 494 | 835 426 953 379 912 047 1 068 5?4 474 282 766 280 940 1 826
주택,1974,42,13. 시ㆍ도별 가구ㆍ인구 및 주택 : 1970,III. 인구,전체,강원,ko,3,0.9014,1 826,1826,0.5,,강 원 도 352 44] 352 176 1 856 494 | 835 426 953 379 912 047 1 068 5?4 474 282 766 280 940 1 826
주택,1974,42,13. 시ㆍ도별 가구ㆍ인구 및 주택 : 1970,III. 인구,전체,충북,ko,0,0.193,262 183,262183,0.5,,충청북도 262 183 23] 93] 1 48: 263 1 48C 338 753 230 727 1¢8 925 489 436 224 153 223 283 870
주택,1974,42,13. 시ㆍ도별 가구ㆍ인구 및 주택 : 1970,III. 인구,전체,충북,ko,1,0.4825,753 230,753230,1.0,,충청북도 262 183 23] 93] 1 48: 263 1 48C 338 753 230 727 1¢8 925 489 436 224 153 223 283 870
주택,1974,42,13. 시ㆍ도별 가구ㆍ인구 및 주택 : 1970,III. 인구,전체,충북,ko,2,0.6324,925,925,1.0,,충청북도 262 183 23] 93] 1 48: 263 1 48C 338 753 230 727 1¢8 925 489 436 224 153 223 283 870
주택,1974,42,13. 시ㆍ도별 가구ㆍ인구 및 주택 : 1970,III. 인구,전체,충북,ko,3,0.6817,489 436 224 153 223 283,489436224153223283,1.0,과병합의심,충청북도 262 183 23] 93] 1 48: 263 1 48C 338 753 230 727 1¢8 925 489 436 224 153 223 283 870
주택,1974,42,13. 시ㆍ도별 가구ㆍ인구 및 주택 : 1970,III. 인구,전체,충북,ko,4,0.9158,870,870,1.0,,충청북도 262 183 23] 93] 1 48: 263 1 48C 338 753 230 727 1¢8 925 489 436 224 153 223 283 870
주택,1974,42,13. 시ㆍ도별 가구ㆍ인구 및 주택 : 1970,III. 인구,전체,전북,ko,0,0.193,427 311,427311,0.5,,전라북도 427 311 226 967 2 433 577 2 43| 892 1 215 203 1 216 687 1 685 873 812 360 959 359 872 1 087
주택,1974,42,13. 시ㆍ도별 가구ㆍ인구 및 주택 : 1970,III. 인구,전체,전북,ko,1,0.6776,873,873,1.0,,전라북도 427 311 226 967 2 433 577 2 43| 892 1 215 203 1 216 687 1 685 873 812 360 959 359 872 1 087
주택,1974,42,13. 시ㆍ도별 가구ㆍ인구 및 주택 : 1970,III. 인구,전체,전북,ko,2,0.7248,812 360 959 359 872 1 087,8123609593598721087,0.5,과병합의심,전라북도 427 311 226 967 2 433 577 2 43| 892 1 215 203 1 216 687 1 685 873 812 360 959 359 872 1 087
주택,1974,42,13. 시ㆍ도별 가구ㆍ인구 및 주택 : 1970,III. 인구,전체,전남,ko,0,0.1951,703 851,703851,0.5,,전 라남도 703 851 703 534 4 CC6 265 4 004 832 2 012 399 1 992 433 1 433 745 688 595 430 592 920 2 510
주택,1974,42,13. 시ㆍ도별 가구ㆍ인구 및 주택 : 1970,III. 인구,전체,전남,ko,1,0.6776,745,745,1.0,,전 라남도 703 851 703 534 4 CC6 265 4 004 832 2 012 399 1 992 433 1 433 745 688 595 430 592 920 2 510
주택,1974,42,13. 시ㆍ도별 가구ㆍ인구 및 주택 : 1970,III. 인구,전체,전남,ko,2,0.7248,688 595 430 592 920 2 510,6885954305929202510,0.5,과병합의심,전 라남도 703 851 703 534 4 CC6 265 4 004 832 2 012 399 1 992 433 1 433 745 688 595 430 592 920 2 510
주택,1974,42,13. 시ㆍ도별 가구ㆍ인구 및 주택 : 1970,III. 인구,전체,제주,ko,0,0.2012,82 955,82955,0.5,,제 주 도 82 955 82 886 365 430 365 137 175 093 190 C44 293 157 136 70 256 69 879 377
주택,1974,42,13. 시ㆍ도별 가구ㆍ인구 및 주택 : 1970,III. 인구,전체,제주,ko,1,0.269,82 886,82886,0.5,,제 주 도 82 955 82 886 365 430 365 137 175 093 190 C44 293 157 136 70 256 69 879 377
주택,1974,42,13. 시ㆍ도별 가구ㆍ인구 및 주택 : 1970,III. 인구,전체,제주,ko,2,0.3367,365 430,365430,0.5,,제 주 도 82 955 82 886 365 430 365 137 175 093 190 C44 293 157 136 70 256 69 879 377
주택,1974,42,13. 시ㆍ도별 가구ㆍ인구 및 주택 : 1970,III. 인구,전체,제주,ko,3,0.4107,365 137,365137,0.5,,제 주 도 82 955 82 886 365 430 365 137 175 093 190 C44 293 157 136 70 256 69 879 377
주택,1974,42,13. 시ㆍ도별 가구ㆍ인구 및 주택 : 1970,III. 인구,전체,제주,ko,4,0.4845,175 093,175093,0.5,,제 주 도 82 955 82 886 365 430 365 137 175 093 190 C44 293 157 136 70 256 69 879 377
주택,1974,42,13. 시ㆍ도별 가구ㆍ인구 및 주택 : 1970,III. 인구,전체,제주,ko,5,0.6324,293,293,1.0,,제 주 도 82 955 82 886 365 430 365 137 175 093 190 C44 293 157 136 70 256 69 879 377
주택,1974,42,13. 시ㆍ도별 가구ㆍ인구 및 주택 : 1970,III. 인구,전체,제주,ko,6,0.6756,157,157,1.0,,제 주 도 82 955 82 886 365 430 365 137 175 093 190 C44 293 157 136 70 256 69 879 377
주택,1974,42,13. 시ㆍ도별 가구ㆍ인구 및 주택 : 1970,III. 인구,전체,제주,ko,7,0.7248,136,136,1.0,,제 주 도 82 955 82 886 365 430 365 137 175 093 190 C44 293 157 136 70 256 69 879 377
주택,1974,42,13. 시ㆍ도별 가구ㆍ인구 및 주택 : 1970,III. 인구,전체,제주,ko,8,0.7679,70 256,70256,1.0,,제 주 도 82 955 82 886 365 430 365 137 175 093 190 C44 293 157 136 70 256 69 879 377
주택,1974,42,13. 시ㆍ도별 가구ㆍ인구 및 주택 : 1970,III. 인구,전체,제주,ko,9,0.8378,69 879,69879,0.5,,제 주 도 82 955 82 886 365 430 365 137 175 093 190 C44 293 157 136 70 256 69 879 377
주택,1974,42,13. 시ㆍ도별 가구ㆍ인구 및 주택 : 1970,III. 인구,전체,제주,ko,10,0.9117,377,377,1.0,,제 주 도 82 955 82 886 365 430 365 137 175 093 190 C44 293 157 136 70 256 69 879 377
주택,1974,42,13. 시ㆍ도별 가구ㆍ인구 및 주택 : 1970,III. 인구,전체,전국,ko,0,0.2936,4 377 973 24 989 241,437797324989241,0.5,과병합의심,전 국 Whoie Country 4 377 973 24 989 241 §.기 5 191 507 29 192 762 5.62 5 863 440 31 465 654 5.37
주택,1974,42,13. 시ㆍ도별 가구ㆍ인구 및 주택 : 1970,III. 인구,전체,전국,ko,1,0.5113,5 191 507 29 192 762,519150729192762,0.5,과병합의심,전 국 Whoie Country 4 377 973 24 989 241 §.기 5 191 507 29 192 762 5.62 5 863 440 31 465 654 5.37
주택,1974,42,13. 시ㆍ도별 가구ㆍ인구 및 주택 : 1970,III. 인구,전체,전국,ko,2,0.6797,5.62 5 863 440 31 465 654,5.625863440314657,0.5,과병합의심,전 국 Whoie Country 4 377 973 24 989 241 §.기 5 191 507 29 192 762 5.62 5 863 440 31 465 654 5.37
주택,1974,42,13. 시ㆍ도별 가구ㆍ인구 및 주택 : 1970,III. 인구,전체,전국,ko,3,0.9014,5.37,5.37,0.5,,전 국 Whoie Country 4 377 973 24 989 241 §.기 5 191 507 29 192 762 5.62 5 863 440 31 465 654 5.37
주택,1974,42,13. 시ㆍ도별 가구ㆍ인구 및 주택 : 1970,III. 인구,전체,서울,en,0,0.3039,446 874 2 445 402,4468742445402,1.0,과병합의심,거울특별시 City of Seoul 446 874 2 445 402 5.47 734 334 3 803 360 5. 18 1 096 871 5 535 725 5.05
주택,1974,42,13. 시ㆍ도별 가구ㆍ인구 및 주택 : 1970,III. 인구,전체,서울,en,1,0.4558,5.47,5.47,1.0,,거울특별시 City of Seoul 446 874 2 445 402 5.47 734 334 3 803 360 5. 18 1 096 871 5 535 725 5.05
주택,1974,42,13. 시ㆍ도별 가구ㆍ인구 및 주택 : 1970,III. 인구,전체,서울,en,2,0.5215,734 334,734334,1.0,,거울특별시 City of Seoul 446 874 2 445 402 5.47 734 334 3 803 360 5. 18 1 096 871 5 535 725 5.05
주택,1974,42,13. 시ㆍ도별 가구ㆍ인구 및 주택 : 1970,III. 인구,전체,서울,en,3,0.5892,3 803 360,3803360,1.0,,거울특별시 City of Seoul 446 874 2 445 402 5.47 734 334 3 803 360 5. 18 1 096 871 5 535 725 5.05
주택,1974,42,13. 시ㆍ도별 가구ㆍ인구 및 주택 : 1970,III. 인구,전체,서울,en,4,0.6776,5. 18 1 096 871,5.181096871,0.5,과병합의심,거울특별시 City of Seoul 446 874 2 445 402 5.47 734 334 3 803 360 5. 18 1 096 871 5 535 725 5.05
주택,1974,42,13. 시ㆍ도별 가구ㆍ인구 및 주택 : 1970,III. 인구,전체,서울,en,5,0.8069,5 535 725,5535725,0.5,,거울특별시 City of Seoul 446 874 2 445 402 5.47 734 334 3 803 360 5. 18 1 096 871 5 535 725 5.05
주택,1974,42,13. 시ㆍ도별 가구ㆍ인구 및 주택 : 1970,III. 인구,전체,서울,en,6,0.9014,5.05,5.05,1.0,,거울특별시 City of Seoul 446 874 2 445 402 5.47 734 334 3 803 360 5. 18 1 096 871 5 535 725 5.05
주택,1974,42,13. 시ㆍ도별 가구ㆍ인구 및 주택 : 1970,III. 인구,전체,부산,ko,0,0.3696,1 163 671,1163671,0.5,,부 산 시 Buson City 2]] 101 1 163 671 5.51 271 512 1 430 011 5.27 371 878 1 879 904 5.06
주택,1974,42,13. 시ㆍ도별 가구ㆍ인구 및 주택 : 1970,III. 인구,전체,부산,ko,1,0.46,5.51,5.51,1.0,,부 산 시 Buson City 2]] 101 1 163 671 5.51 271 512 1 430 011 5.27 371 878 1 879 904 5.06
주택,1974,42,13. 시ㆍ도별 가구ㆍ인구 및 주택 : 1970,III. 인구,전체,부산,ko,2,0.5216,271 512,271512,1.0,,부 산 시 Buson City 2]] 101 1 163 671 5.51 271 512 1 430 011 5.27 371 878 1 879 904 5.06
주택,1974,42,13. 시ㆍ도별 가구ㆍ인구 및 주택 : 1970,III. 인구,전체,부산,ko,3,0.5892,1 430 011,1430011,0.3,저신뢰,부 산 시 Buson City 2]] 101 1 163 671 5.51 271 512 1 430 011 5.27 371 878 1 879 904 5.06
주택,1974,42,13. 시ㆍ도별 가구ㆍ인구 및 주택 : 1970,III. 인구,전체,부산,ko,4,0.6776,5.27,5.27,0.5,,부 산 시 Buson City 2]] 101 1 163 671 5.51 271 512 1 430 011 5.27 371 878 1 879 904 5.06
주택,1974,42,13. 시ㆍ도별 가구ㆍ인구 및 주택 : 1970,III. 인구,전체,부산,ko,5,0.737,371 878,371878,1.0,,부 산 시 Buson City 2]] 101 1 163 671 5.51 271 512 1 430 011 5.27 371 878 1 879 904 5.06
주택,1974,42,13. 시ㆍ도별 가구ㆍ인구 및 주택 : 1970,III. 인구,전체,부산,ko,6,0.807,1 879 904,1879904,0.5,,부 산 시 Buson City 2]] 101 1 163 671 5.51 271 512 1 430 011 5.27 371 878 1 879 904 5.06
주택,1974,42,13. 시ㆍ도별 가구ㆍ인구 및 주택 : 1970,III. 인구,전체,부산,ko,7,0.8994,5.06,5.06,1.0,,부 산 시 Buson City 2]] 101 1 163 671 5.51 271 512 1 430 011 5.27 371 878 1 879 904 5.06
주택,1974,42,13. 시ㆍ도별 가구ㆍ인구 및 주택 : 1970,III. 인구,전체,경기,ko,0,0.3037,493 060 2 748 765,4930602748765,1.0,과병합의심,경기도 Gyeong-gi Do 493 060 2 748 765 5.57 558 157 3 107 807 5.57 641 411 3 358 022 5.24
주택,1974,42,13. 시ㆍ도별 가구ㆍ인구 및 주택 : 1970,III. 인구,전체,경기,ko,1,0.4579,5.57,5.57,1.0,,경기도 Gyeong-gi Do 493 060 2 748 765 5.57 558 157 3 107 807 5.57 641 411 3 358 022 5.24
주택,1974,42,13. 시ㆍ도별 가구ㆍ인구 및 주택 : 1970,III. 인구,전체,경기,ko,2,0.5216,558 157,558157,0.5,,경기도 Gyeong-gi Do 493 060 2 748 765 5.57 558 157 3 107 807 5.57 641 411 3 358 022 5.24
주택,1974,42,13. 시ㆍ도별 가구ㆍ인구 및 주택 : 1970,III. 인구,전체,경기,ko,3,0.5893,3 107 807,3107807,0.5,,경기도 Gyeong-gi Do 493 060 2 748 765 5.57 558 157 3 107 807 5.57 641 411 3 358 022 5.24
주택,1974,42,13. 시ㆍ도별 가구ㆍ인구 및 주택 : 1970,III. 인구,전체,경기,ko,4,0.6776,5.57,5.57,1.0,,경기도 Gyeong-gi Do 493 060 2 748 765 5.57 558 157 3 107 807 5.57 641 411 3 358 022 5.24
주택,1974,42,13. 시ㆍ도별 가구ㆍ인구 및 주택 : 1970,III. 인구,전체,경기,ko,5,0.7372,641 411,641411,0.5,,경기도 Gyeong-gi Do 493 060 2 748 765 5.57 558 157 3 107 807 5.57 641 411 3 358 022 5.24
주택,1974,42,13. 시ㆍ도별 가구ㆍ인구 및 주택 : 1970,III. 인구,전체,경기,ko,6,0.8067,3 358 022,3358022,1.0,,경기도 Gyeong-gi Do 493 060 2 748 765 5.57 558 157 3 107 807 5.57 641 411 3 358 022 5.24
주택,1974,42,13. 시ㆍ도별 가구ㆍ인구 및 주택 : 1970,III. 인구,전체,경기,ko,7,0.8994,5.24,5.24,1.0,,경기도 Gyeong-gi Do 493 060 2 748 765 5.57 558 157 3 107 807 5.57 641 411 3 358 022 5.24
주택,1974,42,13. 시ㆍ도별 가구ㆍ인구 및 주택 : 1970,III. 인구,전체,강원,ko,0,0.3039,308 088 1 636 767,3080881636767,1.0,과병합의심,강원도 Gang-weon Do 308 088 1 636 767 5.31 339 361 1 832 519 5.40 352 441 1 866 494 5. 30
주택,1974,42,13. 시ㆍ도별 가구ㆍ인구 및 주택 : 1970,III. 인구,전체,강원,ko,1,0.46,5.31,5.31,1.0,,강원도 Gang-weon Do 308 088 1 636 767 5.31 339 361 1 832 519 5.40 352 441 1 866 494 5. 30
주택,1974,42,13. 시ㆍ도별 가구ㆍ인구 및 주택 : 1970,III. 인구,전체,강원,ko,2,0.5216,339 361,339361,1.0,,강원도 Gang-weon Do 308 088 1 636 767 5.31 339 361 1 832 519 5.40 352 441 1 866 494 5. 30
주택,1974,42,13. 시ㆍ도별 가구ㆍ인구 및 주택 : 1970,III. 인구,전체,강원,ko,3,0.5873,1 832 519,1832519,1.0,,강원도 Gang-weon Do 308 088 1 636 767 5.31 339 361 1 832 519 5.40 352 441 1 866 494 5. 30
주택,1974,42,13. 시ㆍ도별 가구ㆍ인구 및 주택 : 1970,III. 인구,전체,강원,ko,4,0.6735,5.40,5.4,1.0,,강원도 Gang-weon Do 308 088 1 636 767 5.31 339 361 1 832 519 5.40 352 441 1 866 494 5. 30
주택,1974,42,13. 시ㆍ도별 가구ㆍ인구 및 주택 : 1970,III. 인구,전체,강원,ko,5,0.7372,352 441,352441,1.0,,강원도 Gang-weon Do 308 088 1 636 767 5.31 339 361 1 832 519 5.40 352 441 1 866 494 5. 30
주택,1974,42,13. 시ㆍ도별 가구ㆍ인구 및 주택 : 1970,III. 인구,전체,강원,ko,6,0.8048,1 866 494,1866494,0.3,저신뢰,강원도 Gang-weon Do 308 088 1 636 767 5.31 339 361 1 832 519 5.40 352 441 1 866 494 5. 30
주택,1974,42,13. 시ㆍ도별 가구ㆍ인구 및 주택 : 1970,III. 인구,전체,강원,ko,7,0.8994,5. 30,5.3,0.5,,강원도 Gang-weon Do 308 088 1 636 767 5.31 339 361 1 832 519 5.40 352 441 1 866 494 5. 30
주택,1974,42,13. 시ㆍ도별 가구ㆍ인구 및 주택 : 1970,III. 인구,전체,충북,ko,0,0.3039,231 844 1 369 780,2318441369780,0.5,과병합의심,충청북도 Chungcheong Bug Do 231 844 1 369 780 5.91 261 533 \ 550 009 5.93 262 183 | 481 263 5.65
주택,1974,42,13. 시ㆍ도별 가구ㆍ인구 및 주택 : 1970,III. 인구,전체,충북,ko,1,0.4579,5.91,5.91,1.0,,충청북도 Chungcheong Bug Do 231 844 1 369 780 5.91 261 533 \ 550 009 5.93 262 183 | 481 263 5.65
주택,1974,42,13. 시ㆍ도별 가구ㆍ인구 및 주택 : 1970,III. 인구,전체,충북,ko,2,0.5214,261 533,261533,0.5,,충청북도 Chungcheong Bug Do 231 844 1 369 780 5.91 261 533 \ 550 009 5.93 262 183 | 481 263 5.65
주택,1974,42,13. 시ㆍ도별 가구ㆍ인구 및 주택 : 1970,III. 인구,전체,충북,ko,3,0.6756,5.93,5.93,1.0,,충청북도 Chungcheong Bug Do 231 844 1 369 780 5.91 261 533 \ 550 009 5.93 262 183 | 481 263 5.65
주택,1974,42,13. 시ㆍ도별 가구ㆍ인구 및 주택 : 1970,III. 인구,전체,충북,ko,4,0.7351,262 183,262183,1.0,,충청북도 Chungcheong Bug Do 231 844 1 369 780 5.91 261 533 \ 550 009 5.93 262 183 | 481 263 5.65
주택,1974,42,13. 시ㆍ도별 가구ㆍ인구 및 주택 : 1970,III. 인구,전체,충북,ko,5,0.8994,5.65,5.65,1.0,,충청북도 Chungcheong Bug Do 231 844 1 369 780 5.91 261 533 \ 550 009 5.93 262 183 | 481 263 5.65
주택,1974,42,13. 시ㆍ도별 가구ㆍ인구 및 주택 : 1970,III. 인구,전체,충남,ko,0,0.3039,415 790 2 528 133,4157902528133,0.5,과병합의심,충청남도 Chungcheong NamDo 415 790 2 528 133 6. 08 483 835 2 905 275 6.00 500 119 2 860 213 5.72
주택,1974,42,13. 시ㆍ도별 가구ㆍ인구 및 주택 : 1970,III. 인구,전체,충남,ko,1,0.46,6. 08,6.08,0.5,,충청남도 Chungcheong NamDo 415 790 2 528 133 6. 08 483 835 2 905 275 6.00 500 119 2 860 213 5.72
주택,1974,42,13. 시ㆍ도별 가구ㆍ인구 및 주택 : 1970,III. 인구,전체,충남,ko,2,0.5216,483 835,483835,1.0,,충청남도 Chungcheong NamDo 415 790 2 528 133 6. 08 483 835 2 905 275 6.00 500 119 2 860 213 5.72
주택,1974,42,13. 시ㆍ도별 가구ㆍ인구 및 주택 : 1970,III. 인구,전체,충남,ko,3,0.5873,2 905 275,2905275,0.5,,충청남도 Chungcheong NamDo 415 790 2 528 133 6. 08 483 835 2 905 275 6.00 500 119 2 860 213 5.72
주택,1974,42,13. 시ㆍ도별 가구ㆍ인구 및 주택 : 1970,III. 인구,전체,충남,ko,4,0.6756,6.00,6.0,1.0,,충청남도 Chungcheong NamDo 415 790 2 528 133 6. 08 483 835 2 905 275 6.00 500 119 2 860 213 5.72
주택,1974,42,13. 시ㆍ도별 가구ㆍ인구 및 주택 : 1970,III. 인구,전체,충남,ko,5,0.7372,500 119,500119,0.5,,충청남도 Chungcheong NamDo 415 790 2 528 133 6. 08 483 835 2 905 275 6.00 500 119 2 860 213 5.72
주택,1974,42,13. 시ㆍ도별 가구ㆍ인구 및 주택 : 1970,III. 인구,전체,충남,ko,6,0.8027,2 860 213,2860213,1.0,,충청남도 Chungcheong NamDo 415 790 2 528 133 6. 08 483 835 2 905 275 6.00 500 119 2 860 213 5.72
주택,1974,42,13. 시ㆍ도별 가구ㆍ인구 및 주택 : 1970,III. 인구,전체,충남,ko,7,0.8994,5.72,5.72,1.0,,충청남도 Chungcheong NamDo 415 790 2 528 133 6. 08 483 835 2 905 275 6.00 500 119 2 860 213 5.72
주택,1974,42,13. 시ㆍ도별 가구ㆍ인구 및 주택 : 1970,III. 인구,전체,전북,ko,0,0.3039,409 667 2 395 224,4096672395224,1.0,과병합의심,전 라북도 Jeonra Bug Do 409 667 2 395 224 5.85 432 473 2 522 964 5.83 427 311 2 433 577 5.70
주택,1974,42,13. 시ㆍ도별 가구ㆍ인구 및 주택 : 1970,III. 인구,전체,전북,ko,1,0.4558,5.85,5.85,1.0,,전 라북도 Jeonra Bug Do 409 667 2 395 224 5.85 432 473 2 522 964 5.83 427 311 2 433 577 5.70
주택,1974,42,13. 시ㆍ도별 가구ㆍ인구 및 주택 : 1970,III. 인구,전체,전북,ko,2,0.5216,432 473 2 522 964,4324732522964,1.0,과병합의심,전 라북도 Jeonra Bug Do 409 667 2 395 224 5.85 432 473 2 522 964 5.83 427 311 2 433 577 5.70
주택,1974,42,13. 시ㆍ도별 가구ㆍ인구 및 주택 : 1970,III. 인구,전체,전북,ko,3,0.6735,5.83,5.83,1.0,,전 라북도 Jeonra Bug Do 409 667 2 395 224 5.85 432 473 2 522 964 5.83 427 311 2 433 577 5.70
주택,1974,42,13. 시ㆍ도별 가구ㆍ인구 및 주택 : 1970,III. 인구,전체,전북,ko,4,0.7351,427 311,427311,1.0,,전 라북도 Jeonra Bug Do 409 667 2 395 224 5.85 432 473 2 522 964 5.83 427 311 2 433 577 5.70
주택,1974,42,13. 시ㆍ도별 가구ㆍ인구 및 주택 : 1970,III. 인구,전체,전북,ko,5,0.8028,2 433 577,2433577,0.5,,전 라북도 Jeonra Bug Do 409 667 2 395 224 5.85 432 473 2 522 964 5.83 427 311 2 433 577 5.70
주택,1974,42,13. 시ㆍ도별 가구ㆍ인구 및 주택 : 1970,III. 인구,전체,전북,ko,6,0.8973,5.70,5.7,1.0,,전 라북도 Jeonra Bug Do 409 667 2 395 224 5.85 432 473 2 522 964 5.83 427 311 2 433 577 5.70
주택,1974,42,13. 시ㆍ도별 가구ㆍ인구 및 주택 : 1970,III. 인구,전체,전남,ko,0,0.3039,605 558 3 553 041,6055583553041,1.0,과병합의심,전 라남도 Jeonra Nom Do 605 558 3 553 041 5.87 678 758 4 050 461 5.97 703 851 4 006 265 5.69
주택,1974,42,13. 시ㆍ도별 가구ㆍ인구 및 주택 : 1970,III. 인구,전체,전남,ko,1,0.4538,5.87,5.87,1.0,,전 라남도 Jeonra Nom Do 605 558 3 553 041 5.87 678 758 4 050 461 5.97 703 851 4 006 265 5.69
주택,1974,42,13. 시ㆍ도별 가구ㆍ인구 및 주택 : 1970,III. 인구,전체,전남,ko,2,0.5195,678 758,678758,1.0,,전 라남도 Jeonra Nom Do 605 558 3 553 041 5.87 678 758 4 050 461 5.97 703 851 4 006 265 5.69
주택,1974,42,13. 시ㆍ도별 가구ㆍ인구 및 주택 : 1970,III. 인구,전체,전남,ko,3,0.5852,4 050 461,4050461,1.0,,전 라남도 Jeonra Nom Do 605 558 3 553 041 5.87 678 758 4 050 461 5.97 703 851 4 006 265 5.69
주택,1974,42,13. 시ㆍ도별 가구ㆍ인구 및 주택 : 1970,III. 인구,전체,전남,ko,4,0.6756,5.97,5.97,1.0,,전 라남도 Jeonra Nom Do 605 558 3 553 041 5.87 678 758 4 050 461 5.97 703 851 4 006 265 5.69
주택,1974,42,13. 시ㆍ도별 가구ㆍ인구 및 주택 : 1970,III. 인구,전체,전남,ko,5,0.7349,703 851,703851,1.0,,전 라남도 Jeonra Nom Do 605 558 3 553 041 5.87 678 758 4 050 461 5.97 703 851 4 006 265 5.69
주택,1974,42,13. 시ㆍ도별 가구ㆍ인구 및 주택 : 1970,III. 인구,전체,전남,ko,6,0.8027,4 006 265,4006265,0.5,,전 라남도 Jeonra Nom Do 605 558 3 553 041 5.87 678 758 4 050 461 5.97 703 851 4 006 265 5.69
주택,1974,42,13. 시ㆍ도별 가구ㆍ인구 및 주택 : 1970,III. 인구,전체,전남,ko,7,0.8973,5.69,5.69,1.0,,전 라남도 Jeonra Nom Do 605 558 3 553 041 5.87 678 758 4 050 461 5.97 703 851 4 006 265 5.69
주택,1974,42,13. 시ㆍ도별 가구ㆍ인구 및 주택 : 1970,III. 인구,전체,경남,ko,0,0.3019,523 819 3 018 371,5238193018371,1.0,과병합의심,경상남도 Gyeongsang Nam Do 523 819 3 018 371 5.76 560 691 3 176 401 5.67 574 183 3 119 669 5.43
주택,1974,42,13. 시ㆍ도별 가구ㆍ인구 및 주택 : 1970,III. 인구,전체,경남,ko,1,0.4558,5.76,5.76,1.0,,경상남도 Gyeongsang Nam Do 523 819 3 018 371 5.76 560 691 3 176 401 5.67 574 183 3 119 669 5.43
주택,1974,42,13. 시ㆍ도별 가구ㆍ인구 및 주택 : 1970,III. 인구,전체,경남,ko,2,0.5195,560 691,560691,0.5,,경상남도 Gyeongsang Nam Do 523 819 3 018 371 5.76 560 691 3 176 401 5.67 574 183 3 119 669 5.43
주택,1974,42,13. 시ㆍ도별 가구ㆍ인구 및 주택 : 1970,III. 인구,전체,경남,ko,3,0.5872,3 176 401,3176401,0.5,,경상남도 Gyeongsang Nam Do 523 819 3 018 371 5.76 560 691 3 176 401 5.67 574 183 3 119 669 5.43
주택,1974,42,13. 시ㆍ도별 가구ㆍ인구 및 주택 : 1970,III. 인구,전체,경남,ko,4,0.6735,5.67,5.67,1.0,,경상남도 Gyeongsang Nam Do 523 819 3 018 371 5.76 560 691 3 176 401 5.67 574 183 3 119 669 5.43
주택,1974,42,13. 시ㆍ도별 가구ㆍ인구 및 주택 : 1970,III. 인구,전체,경남,ko,5,0.7351,574 183 3 119 669,5741833119669,1.0,과병합의심,경상남도 Gyeongsang Nam Do 523 819 3 018 371 5.76 560 691 3 176 401 5.67 574 183 3 119 669 5.43
주택,1974,42,13. 시ㆍ도별 가구ㆍ인구 및 주택 : 1970,III. 인구,전체,경남,ko,6,0.8953,5.43,5.43,1.0,,경상남도 Gyeongsang Nam Do 523 819 3 018 371 5.76 560 691 3 176 401 5.67 574 183 3 119 669 5.43
주택,1974,42,13. 시ㆍ도별 가구ㆍ인구 및 주택 : 1970,III. 인구,전체,제주,ko,0,0.3079,64 308,64308,1.0,,제 주도 Jiu Do 64 308 281 663 4.38 74 230 337 330 4.54 82 955 365 430 4.41
주택,1974,42,13. 시ㆍ도별 가구ㆍ인구 및 주택 : 1970,III. 인구,전체,제주,ko,1,0.3817,281 663,281663,1.0,,제 주도 Jiu Do 64 308 281 663 4.38 74 230 337 330 4.54 82 955 365 430 4.41
주택,1974,42,13. 시ㆍ도별 가구ㆍ인구 및 주택 : 1970,III. 인구,전체,제주,ko,2,0.4558,4.38,4.38,1.0,,제 주도 Jiu Do 64 308 281 663 4.38 74 230 337 330 4.54 82 955 365 430 4.41
주택,1974,42,13. 시ㆍ도별 가구ㆍ인구 및 주택 : 1970,III. 인구,전체,제주,ko,3,0.5213,74 230,74230,0.5,,제 주도 Jiu Do 64 308 281 663 4.38 74 230 337 330 4.54 82 955 365 430 4.41
주택,1974,42,13. 시ㆍ도별 가구ㆍ인구 및 주택 : 1970,III. 인구,전체,제주,ko,4,0.5996,337 330,337330,1.0,,제 주도 Jiu Do 64 308 281 663 4.38 74 230 337 330 4.54 82 955 365 430 4.41
주택,1974,42,13. 시ㆍ도별 가구ㆍ인구 및 주택 : 1970,III. 인구,전체,제주,ko,5,0.6735,4.54,4.54,1.0,,제 주도 Jiu Do 64 308 281 663 4.38 74 230 337 330 4.54 82 955 365 430 4.41
주택,1974,42,13. 시ㆍ도별 가구ㆍ인구 및 주택 : 1970,III. 인구,전체,제주,ko,6,0.7413,82 955,82955,1.0,,제 주도 Jiu Do 64 308 281 663 4.38 74 230 337 330 4.54 82 955 365 430 4.41
주택,1974,42,13. 시ㆍ도별 가구ㆍ인구 및 주택 : 1970,III. 인구,전체,제주,ko,7,0.8151,365 430,365430,1.0,,제 주도 Jiu Do 64 308 281 663 4.38 74 230 337 330 4.54 82 955 365 430 4.41
주택,1974,42,13. 시ㆍ도별 가구ㆍ인구 및 주택 : 1970,III. 인구,전체,제주,ko,8,0.8953,4.41,4.41,1.0,,제 주도 Jiu Do 64 308 281 663 4.38 74 230 337 330 4.54 82 955 365 430 4.41
주택,1974,44,16. 구ㆍ시ㆍ군별 가구ㆍ인구 및 주택 : 1970,III. 인구,전체,전국,ko,0,0.3079,5 863 440,5863440,1.0,,전 국시구구구구구구구누구시구구구구두구도시구구쿠두시시꾼군군군군군군군군군군군군군군군군군군도시시시시군군군군궁군군군군군군군군군군도시시 5 863 440 5 856 901 30 882 386 15 199 940 15 652 
주택,1974,44,16. 구ㆍ시ㆍ군별 가구ㆍ인구 및 주택 : 1970,III. 인구,전체,전국,ko,1,0.423,5 856 901,5856901,0.5,,전 국시구구구구구구구누구시구구구구두구도시구구쿠두시시꾼군군군군군군군군군군군군군군군군군군도시시시시군군군군궁군군군군군군군군군군도시시 5 863 440 5 856 901 30 882 386 15 199 940 15 652 
주택,1974,44,16. 구ㆍ시ㆍ군별 가구ㆍ인구 및 주택 : 1970,III. 인구,전체,전국,ko,2,0.54,30 882 386,30882386,0.5,,전 국시구구구구구구구누구시구구구구두구도시구구쿠두시시꾼군군군군군군군군군군군군군군군군군군도시시시시군군군군궁군군군군군군군군군군도시시 5 863 440 5 856 901 30 882 386 15 199 940 15 652 
주택,1974,44,16. 구ㆍ시ㆍ군별 가구ㆍ인구 및 주택 : 1970,III. 인구,전체,전국,ko,3,0.7557,15 199 940,15199940,1.0,,전 국시구구구구구구구누구시구구구구두구도시구구쿠두시시꾼군군군군군군군군군군군군군군군군군군도시시시시군군군군궁군군군군군군군군군군도시시 5 863 440 5 856 901 30 882 386 15 199 940 15 652 
주택,1974,44,16. 구ㆍ시ㆍ군별 가구ㆍ인구 및 주택 : 1970,III. 인구,전체,전국,ko,4,0.8664,15 652 044,15652044,0.5,,전 국시구구구구구구구누구시구구구구두구도시구구쿠두시시꾼군군군군군군군군군군군군군군군군군군도시시시시군군군군궁군군군군군군군군군군도시시 5 863 440 5 856 901 30 882 386 15 199 940 15 652 
주택,1975,44,13. 시ㆍ도별 가구ㆍ인구 및 주택:1970,III. 인구,전체,서울,ko,0,0.3265,5 535 725 5 525 262 2 762 190 2 763 072 10 463 5 596 4 867 607 379,55357255525262276219027630721046355964867607379,0.5,과병합의심,서울특별시 1 096 871 | 094 648 5 535 725 5 525 262 2 762 190 2 763 072 10 463 5 596 4 867 607 379 583 612 23 767
주택,1975,44,13. 시ㆍ도별 가구ㆍ인구 및 주택:1970,III. 인구,전체,서울,ko,1,0.8378,583 612 23 767,58361223767,1.0,과병합의심,서울특별시 1 096 871 | 094 648 5 535 725 5 525 262 2 762 190 2 763 072 10 463 5 596 4 867 607 379 583 612 23 767
주택,1975,44,13. 시ㆍ도별 가구ㆍ인구 및 주택:1970,III. 인구,전체,부산,ko,0,0.2628,371 228 1 879 904,3712281879904,0.5,과병합의심,부 산 시 37| 878 371 228 1 879 904 | 876 391 940 836 935 555 3 513 1 801 | 712 215 842 206 708 9 134
주택,1975,44,13. 시ㆍ도별 가구ㆍ인구 및 주택:1970,III. 인구,전체,부산,ko,1,0.4887,940 836,940836,1.0,,부 산 시 37| 878 371 228 1 879 904 | 876 391 940 836 935 555 3 513 1 801 | 712 215 842 206 708 9 134
주택,1975,44,13. 시ㆍ도별 가구ㆍ인구 및 주택:1970,III. 인구,전체,부산,ko,2,0.5647,935 555 3 513 1 801,93555535131801,0.5,과병합의심,부 산 시 37| 878 371 228 1 879 904 | 876 391 940 836 935 555 3 513 1 801 | 712 215 842 206 708 9 134
주택,1975,44,13. 시ㆍ도별 가구ㆍ인구 및 주택:1970,III. 인구,전체,부산,ko,3,0.7577,215 842,215842,0.5,,부 산 시 37| 878 371 228 1 879 904 | 876 391 940 836 935 555 3 513 1 801 | 712 215 842 206 708 9 134
주택,1975,44,13. 시ㆍ도별 가구ㆍ인구 및 주택:1970,III. 인구,전체,부산,ko,4,0.8398,206 708 9 134,2067089134,0.3,저신뢰|과병합의심,부 산 시 37| 878 371 228 1 879 904 | 876 391 940 836 935 555 3 513 1 801 | 712 215 842 206 708 9 134
주택,1975,44,13. 시ㆍ도별 가구ㆍ인구 및 주택:1970,III. 인구,전체,경기,ko,0,0.77,479 479,479479,1.0,,경 기 64| 41| 640 389 3 358 022 3 353 272 | 683 216 | 670 056 4 750 2 507 2 243 479 479 473 303 6 176
주택,1975,44,13. 시ㆍ도별 가구ㆍ인구 및 주택:1970,III. 인구,전체,경기,ko,1,0.8398,473 303 6 176,4733036176,0.5,과병합의심,경 기 64| 41| 640 389 3 358 022 3 353 272 | 683 216 | 670 056 4 750 2 507 2 243 479 479 473 303 6 176
주택,1975,44,13. 시ㆍ도별 가구ㆍ인구 및 주택:1970,III. 인구,전체,충남,ko,0,0.1991,500 119,500119,1.0,,충청남도 Bug Do 500 119 499 666 2 860 213 2 858 202 2 444 541 1 413 661 2 011 1 023 988 427 043 425 408 1 635
주택,1975,44,13. 시ㆍ도별 가구ㆍ인구 및 주택:1970,III. 인구,전체,충남,ko,1,0.2669,499 666 2 860 213 2 858 202 2 444 541 1 413 661,4996662860213285820224445411413661,0.5,과병합의심,충청남도 Bug Do 500 119 499 666 2 860 213 2 858 202 2 444 541 1 413 661 2 011 1 023 988 427 043 425 408 1 635
주택,1975,44,13. 시ㆍ도별 가구ㆍ인구 및 주택:1970,III. 인구,전체,충남,ko,2,0.6241,2 011 1 023,20111023,0.5,,충청남도 Bug Do 500 119 499 666 2 860 213 2 858 202 2 444 541 1 413 661 2 011 1 023 988 427 043 425 408 1 635
주택,1975,44,13. 시ㆍ도별 가구ㆍ인구 및 주택:1970,III. 인구,전체,충남,ko,3,0.7289,988,988,1.0,,충청남도 Bug Do 500 119 499 666 2 860 213 2 858 202 2 444 541 1 413 661 2 011 1 023 988 427 043 425 408 1 635
주택,1975,44,13. 시ㆍ도별 가구ㆍ인구 및 주택:1970,III. 인구,전체,충남,ko,4,0.772,427 043,427043,1.0,,충청남도 Bug Do 500 119 499 666 2 860 213 2 858 202 2 444 541 1 413 661 2 011 1 023 988 427 043 425 408 1 635
주택,1975,44,13. 시ㆍ도별 가구ㆍ인구 및 주택:1970,III. 인구,전체,충남,ko,5,0.8377,425 408 1 635,4254081635,0.5,과병합의심,충청남도 Bug Do 500 119 499 666 2 860 213 2 858 202 2 444 541 1 413 661 2 011 1 023 988 427 043 425 408 1 635
주택,1975,44,13. 시ㆍ도별 가구ㆍ인구 및 주택:1970,III. 인구,전체,전북,ko,0,0.199,427 311,427311,0.5,,전 라북도 427 311 426_967 2 433 577 2 431 892 1 215 203 1 216 689 1 685 873 812 360 959 359 872 1 087
주택,1975,44,13. 시ㆍ도별 가구ㆍ인구 및 주택:1970,III. 인구,전체,전북,ko,1,0.3244,2 433 577 2 431 892 1 215 203 1 216 689 1 685,24335772431892121520312166891685,1.0,과병합의심,전 라북도 427 311 426_967 2 433 577 2 431 892 1 215 203 1 216 689 1 685 873 812 360 959 359 872 1 087
주택,1975,44,13. 시ㆍ도별 가구ㆍ인구 및 주택:1970,III. 인구,전체,전북,ko,2,0.6838,873,873,1.0,,전 라북도 427 311 426_967 2 433 577 2 431 892 1 215 203 1 216 689 1 685 873 812 360 959 359 872 1 087
주택,1975,44,13. 시ㆍ도별 가구ㆍ인구 및 주택:1970,III. 인구,전체,전북,ko,3,0.731,812,812,1.0,,전 라북도 427 311 426_967 2 433 577 2 431 892 1 215 203 1 216 689 1 685 873 812 360 959 359 872 1 087
주택,1975,44,13. 시ㆍ도별 가구ㆍ인구 및 주택:1970,III. 인구,전체,전북,ko,4,0.77,360 959,360959,0.5,,전 라북도 427 311 426_967 2 433 577 2 431 892 1 215 203 1 216 689 1 685 873 812 360 959 359 872 1 087
주택,1975,44,13. 시ㆍ도별 가구ㆍ인구 및 주택:1970,III. 인구,전체,전북,ko,5,0.8377,359 872 1 087,3598721087,1.0,과병합의심,전 라북도 427 311 426_967 2 433 577 2 431 892 1 215 203 1 216 689 1 685 873 812 360 959 359 872 1 087
주택,1975,44,13. 시ㆍ도별 가구ㆍ인구 및 주택:1970,III. 인구,전체,전남,ko,0,0.1992,703 851,703851,0.5,,전 라 남 도 703 851 703 534 4 006 265 4 004 832 2 012 399 1 992 433 1 433 745 688 595 430 592 920 2 510
주택,1975,44,13. 시ㆍ도별 가구ㆍ인구 및 주택:1970,III. 인구,전체,전남,ko,1,0.2669,703 534 4 006 265 4 004 832 2 012 399 1 992 433 1 433,70353440062654004832201239919924331433,1.0,과병합의심,전 라 남 도 703 851 703 534 4 006 265 4 004 832 2 012 399 1 992 433 1 433 745 688 595 430 592 920 2 510
주택,1975,44,13. 시ㆍ도별 가구ㆍ인구 및 주택:1970,III. 인구,전체,전남,ko,2,0.6838,745,745,1.0,,전 라 남 도 703 851 703 534 4 006 265 4 004 832 2 012 399 1 992 433 1 433 745 688 595 430 592 920 2 510
주택,1975,44,13. 시ㆍ도별 가구ㆍ인구 및 주택:1970,III. 인구,전체,전남,ko,3,0.731,688,688,1.0,,전 라 남 도 703 851 703 534 4 006 265 4 004 832 2 012 399 1 992 433 1 433 745 688 595 430 592 920 2 510
주택,1975,44,13. 시ㆍ도별 가구ㆍ인구 및 주택:1970,III. 인구,전체,전남,ko,4,0.7721,595 430,595430,0.5,,전 라 남 도 703 851 703 534 4 006 265 4 004 832 2 012 399 1 992 433 1 433 745 688 595 430 592 920 2 510
주택,1975,44,13. 시ㆍ도별 가구ㆍ인구 및 주택:1970,III. 인구,전체,전남,ko,5,0.8398,592 920 2 510,5929202510,0.5,과병합의심,전 라 남 도 703 851 703 534 4 006 265 4 004 832 2 012 399 1 992 433 1 433 745 688 595 430 592 920 2 510
주택,1975,44,13. 시ㆍ도별 가구ㆍ인구 및 주택:1970,III. 인구,전체,경북,ko,0,0.1992,850 237,850237,0.5,,Jeonra Nam Do 경상북도 850 237 849 538 4 559 092 4 555 866 2 282 946 2 272 920 3 226 1 704 1 522 659 174 654 033 5141
주택,1975,44,13. 시ㆍ도별 가구ㆍ인구 및 주택:1970,III. 인구,전체,경북,ko,1,0.2669,849 538 4 559 092 4 555 866 2 282 946 2 272 920 3 226 1 704 1 522,8495384559092455586622829462272920322617041522,0.5,과병합의심,Jeonra Nam Do 경상북도 850 237 849 538 4 559 092 4 555 866 2 282 946 2 272 920 3 226 1 704 1 522 659 174 654 033 5141
주택,1975,44,13. 시ㆍ도별 가구ㆍ인구 및 주택:1970,III. 인구,전체,경북,ko,2,0.7721,659 174,659174,1.0,,Jeonra Nam Do 경상북도 850 237 849 538 4 559 092 4 555 866 2 282 946 2 272 920 3 226 1 704 1 522 659 174 654 033 5141
주택,1975,44,13. 시ㆍ도별 가구ㆍ인구 및 주택:1970,III. 인구,전체,경북,ko,3,0.8398,654 033 5141,6540335141,1.0,과병합의심,Jeonra Nam Do 경상북도 850 237 849 538 4 559 092 4 555 866 2 282 946 2 272 920 3 226 1 704 1 522 659 174 654 033 5141
주택,1975,44,13. 시ㆍ도별 가구ㆍ인구 및 주택:1970,III. 인구,전체,경남,ko,0,0.2012,574 183,574183,0.3,저신뢰,경상남도 574 183 573 888 3 119 669 3 118 634 1 556 582 1 562 052 1 035 573 462 492 271 490 004 2 267
주택,1975,44,13. 시ㆍ도별 가구ㆍ인구 및 주택:1970,III. 인구,전체,경남,ko,1,0.2669,573 888 3 119 669 3 118 634 1 556 582 1 562 052 1 035,57388831196693118634155658215620521035,0.5,과병합의심,경상남도 574 183 573 888 3 119 669 3 118 634 1 556 582 1 562 052 1 035 573 462 492 271 490 004 2 267
주택,1975,44,13. 시ㆍ도별 가구ㆍ인구 및 주택:1970,III. 인구,전체,경남,ko,2,0.6838,573,573,1.0,,경상남도 574 183 573 888 3 119 669 3 118 634 1 556 582 1 562 052 1 035 573 462 492 271 490 004 2 267
주택,1975,44,13. 시ㆍ도별 가구ㆍ인구 및 주택:1970,III. 인구,전체,경남,ko,3,0.7289,462,462,1.0,,경상남도 574 183 573 888 3 119 669 3 118 634 1 556 582 1 562 052 1 035 573 462 492 271 490 004 2 267
주택,1975,44,13. 시ㆍ도별 가구ㆍ인구 및 주택:1970,III. 인구,전체,경남,ko,4,0.7721,492 271,492271,0.3,저신뢰,경상남도 574 183 573 888 3 119 669 3 118 634 1 556 582 1 562 052 1 035 573 462 492 271 490 004 2 267
주택,1975,44,13. 시ㆍ도별 가구ㆍ인구 및 주택:1970,III. 인구,전체,경남,ko,5,0.8398,490 004 2 267,4900042267,1.0,과병합의심,경상남도 574 183 573 888 3 119 669 3 118 634 1 556 582 1 562 052 1 035 573 462 492 271 490 004 2 267
주택,1975,44,13. 시ㆍ도별 가구ㆍ인구 및 주택:1970,III. 인구,전체,제주,ko,0,0.2053,82 955,82955,1.0,,제주 도 82 955 82 886 365 430 365 137 175 093 190 044 293 157 136 70 256 69 879 377
주택,1975,44,13. 시ㆍ도별 가구ㆍ인구 및 주택:1970,III. 인구,전체,제주,ko,1,0.2731,82 886,82886,1.0,,제주 도 82 955 82 886 365 430 365 137 175 093 190 044 293 157 136 70 256 69 879 377
주택,1975,44,13. 시ㆍ도별 가구ㆍ인구 및 주택:1970,III. 인구,전체,제주,ko,2,0.3388,365 430,365430,1.0,,제주 도 82 955 82 886 365 430 365 137 175 093 190 044 293 157 136 70 256 69 879 377
주택,1975,44,13. 시ㆍ도별 가구ㆍ인구 및 주택:1970,III. 인구,전체,제주,ko,3,0.4148,365 137,365137,1.0,,제주 도 82 955 82 886 365 430 365 137 175 093 190 044 293 157 136 70 256 69 879 377
주택,1975,44,13. 시ㆍ도별 가구ㆍ인구 및 주택:1970,III. 인구,전체,제주,ko,4,0.4907,175 093,175093,0.5,,제주 도 82 955 82 886 365 430 365 137 175 093 190 044 293 157 136 70 256 69 879 377
주택,1975,44,13. 시ㆍ도별 가구ㆍ인구 및 주택:1970,III. 인구,전체,제주,ko,5,0.5646,190 044,190044,0.5,,제주 도 82 955 82 886 365 430 365 137 175 093 190 044 293 157 136 70 256 69 879 377
주택,1975,44,13. 시ㆍ도별 가구ㆍ인구 및 주택:1970,III. 인구,전체,제주,ko,6,0.6365,293,293,1.0,,제주 도 82 955 82 886 365 430 365 137 175 093 190 044 293 157 136 70 256 69 879 377
주택,1975,44,13. 시ㆍ도별 가구ㆍ인구 및 주택:1970,III. 인구,전체,제주,ko,7,0.6838,157,157,1.0,,제주 도 82 955 82 886 365 430 365 137 175 093 190 044 293 157 136 70 256 69 879 377
주택,1975,44,13. 시ㆍ도별 가구ㆍ인구 및 주택:1970,III. 인구,전체,제주,ko,8,0.731,136,136,1.0,,제주 도 82 955 82 886 365 430 365 137 175 093 190 044 293 157 136 70 256 69 879 377
주택,1975,44,13. 시ㆍ도별 가구ㆍ인구 및 주택:1970,III. 인구,전체,제주,ko,9,0.7782,70 256,70256,1.0,,제주 도 82 955 82 886 365 430 365 137 175 093 190 044 293 157 136 70 256 69 879 377
주택,1975,44,13. 시ㆍ도별 가구ㆍ인구 및 주택:1970,III. 인구,전체,제주,ko,10,0.8439,69 879,69879,0.5,,제주 도 82 955 82 886 365 430 365 137 175 093 190 044 293 157 136 70 256 69 879 377
주택,1975,44,13. 시ㆍ도별 가구ㆍ인구 및 주택:1970,III. 인구,전체,제주,ko,11,0.9096,377,377,1.0,,제주 도 82 955 82 886 365 430 365 137 175 093 190 044 293 157 136 70 256 69 879 377
주택,1975,44,13. 시ㆍ도별 가구ㆍ인구 및 주택:1970,III. 인구,전체,전국,ko,0,0.2916,4 377 973 24 989 241,437797324989241,0.5,과병합의심,전 국 Whole Country 4 377 973 24 989 241 5 기 5 191 507 29 192 762 5 62 5 863 440 31 465 654 5 37
주택,1975,44,13. 시ㆍ도별 가구ㆍ인구 및 주택:1970,III. 인구,전체,전국,ko,1,0.5092,5 191 507 29 192 762,519150729192762,1.0,과병합의심,전 국 Whole Country 4 377 973 24 989 241 5 기 5 191 507 29 192 762 5 62 5 863 440 31 465 654 5 37
주택,1975,44,13. 시ㆍ도별 가구ㆍ인구 및 주택:1970,III. 인구,전체,전국,ko,2,0.6817,5 62 5 863 440 31 465 654,562586344031465654,0.5,과병합의심,전 국 Whole Country 4 377 973 24 989 241 5 기 5 191 507 29 192 762 5 62 5 863 440 31 465 654 5 37
주택,1975,44,13. 시ㆍ도별 가구ㆍ인구 및 주택:1970,III. 인구,전체,전국,ko,3,0.8994,5 37,537,1.0,,전 국 Whole Country 4 377 973 24 989 241 5 기 5 191 507 29 192 762 5 62 5 863 440 31 465 654 5 37
주택,1975,44,13. 시ㆍ도별 가구ㆍ인구 및 주택:1970,III. 인구,전체,서울,ko,0,0.3039,446 874,446874,1.0,,서울특별시 Crty of Seoul 446 874 2 445 402 5 47 734 334 3 803 360 5 18 1 096 871 5 535 725 5.05
주택,1975,44,13. 시ㆍ도별 가구ㆍ인구 및 주택:1970,III. 인구,전체,서울,ko,1,0.3737,2 445 402,2445402,1.0,,서울특별시 Crty of Seoul 446 874 2 445 402 5 47 734 334 3 803 360 5 18 1 096 871 5 535 725 5.05
주택,1975,44,13. 시ㆍ도별 가구ㆍ인구 및 주택:1970,III. 인구,전체,서울,ko,2,0.4558,5 47,547,0.5,,서울특별시 Crty of Seoul 446 874 2 445 402 5 47 734 334 3 803 360 5 18 1 096 871 5 535 725 5.05
주택,1975,44,13. 시ㆍ도별 가구ㆍ인구 및 주택:1970,III. 인구,전체,서울,ko,3,0.5214,734 334,734334,0.5,,서울특별시 Crty of Seoul 446 874 2 445 402 5 47 734 334 3 803 360 5 18 1 096 871 5 535 725 5.05
주택,1975,44,13. 시ㆍ도별 가구ㆍ인구 및 주택:1970,III. 인구,전체,서울,ko,4,0.5851,3 803 360,3803360,1.0,,서울특별시 Crty of Seoul 446 874 2 445 402 5 47 734 334 3 803 360 5 18 1 096 871 5 535 725 5.05
주택,1975,44,13. 시ㆍ도별 가구ㆍ인구 및 주택:1970,III. 인구,전체,서울,ko,5,0.6797,5 18,518,1.0,,서울특별시 Crty of Seoul 446 874 2 445 402 5 47 734 334 3 803 360 5 18 1 096 871 5 535 725 5.05
주택,1975,44,13. 시ㆍ도별 가구ㆍ인구 및 주택:1970,III. 인구,전체,서울,ko,6,0.7269,1 096 871,1096871,0.5,,서울특별시 Crty of Seoul 446 874 2 445 402 5 47 734 334 3 803 360 5 18 1 096 871 5 535 725 5.05
주택,1975,44,13. 시ㆍ도별 가구ㆍ인구 및 주택:1970,III. 인구,전체,서울,ko,7,0.8069,5 535 725,5535725,0.3,저신뢰,서울특별시 Crty of Seoul 446 874 2 445 402 5 47 734 334 3 803 360 5 18 1 096 871 5 535 725 5.05
주택,1975,44,13. 시ㆍ도별 가구ㆍ인구 및 주택:1970,III. 인구,전체,서울,ko,8,0.9014,5.05,5.05,0.5,,서울특별시 Crty of Seoul 446 874 2 445 402 5 47 734 334 3 803 360 5 18 1 096 871 5 535 725 5.05
주택,1975,44,13. 시ㆍ도별 가구ㆍ인구 및 주택:1970,III. 인구,전체,부산,ko,0,0.3039,211 101,211101,0.5,,부산 시 Buson City 211 101 | 163 671 5 51 271 512 1 430 011 5 27 371 878 1 879 904 5 06
주택,1975,44,13. 시ㆍ도별 가구ㆍ인구 및 주택:1970,III. 인구,전체,부산,ko,1,0.4579,5 51,551,0.3,저신뢰,부산 시 Buson City 211 101 | 163 671 5 51 271 512 1 430 011 5 27 371 878 1 879 904 5 06
주택,1975,44,13. 시ㆍ도별 가구ㆍ인구 및 주택:1970,III. 인구,전체,부산,ko,2,0.5194,271 512,271512,1.0,,부산 시 Buson City 211 101 | 163 671 5 51 271 512 1 430 011 5 27 371 878 1 879 904 5 06
주택,1975,44,13. 시ㆍ도별 가구ㆍ인구 및 주택:1970,III. 인구,전체,부산,ko,3,0.5852,1 430 011,1430011,0.3,저신뢰,부산 시 Buson City 211 101 | 163 671 5 51 271 512 1 430 011 5 27 371 878 1 879 904 5 06
주택,1975,44,13. 시ㆍ도별 가구ㆍ인구 및 주택:1970,III. 인구,전체,부산,ko,4,0.6797,5 27,527,1.0,,부산 시 Buson City 211 101 | 163 671 5 51 271 512 1 430 011 5 27 371 878 1 879 904 5 06
주택,1975,44,13. 시ㆍ도별 가구ㆍ인구 및 주택:1970,III. 인구,전체,부산,ko,5,0.7392,371 878,371878,1.0,,부산 시 Buson City 211 101 | 163 671 5 51 271 512 1 430 011 5 27 371 878 1 879 904 5 06
주택,1975,44,13. 시ㆍ도별 가구ㆍ인구 및 주택:1970,III. 인구,전체,부산,ko,6,0.807,1 879 904,1879904,0.3,저신뢰,부산 시 Buson City 211 101 | 163 671 5 51 271 512 1 430 011 5 27 371 878 1 879 904 5 06
주택,1975,44,13. 시ㆍ도별 가구ㆍ인구 및 주택:1970,III. 인구,전체,부산,ko,7,0.9014,5 06,506,0.3,저신뢰,부산 시 Buson City 211 101 | 163 671 5 51 271 512 1 430 011 5 27 371 878 1 879 904 5 06
주택,1975,44,13. 시ㆍ도별 가구ㆍ인구 및 주택:1970,III. 인구,전체,경기,ko,0,0.3039,493 060,493060,1.0,,경기 도 Gyeong-gi Do 493 060 2 748 765 5 57 558 157 3 107 807 5 57 64| 4|1 3 358 022 5 24
주택,1975,44,13. 시ㆍ도별 가구ㆍ인구 및 주택:1970,III. 인구,전체,경기,ko,1,0.3716,2 748 765,2748765,1.0,,경기 도 Gyeong-gi Do 493 060 2 748 765 5 57 558 157 3 107 807 5 57 64| 4|1 3 358 022 5 24
주택,1975,44,13. 시ㆍ도별 가구ㆍ인구 및 주택:1970,III. 인구,전체,경기,ko,2,0.4579,5 57,557,0.5,,경기 도 Gyeong-gi Do 493 060 2 748 765 5 57 558 157 3 107 807 5 57 64| 4|1 3 358 022 5 24
주택,1975,44,13. 시ㆍ도별 가구ㆍ인구 및 주택:1970,III. 인구,전체,경기,ko,3,0.5216,558 157,558157,1.0,,경기 도 Gyeong-gi Do 493 060 2 748 765 5 57 558 157 3 107 807 5 57 64| 4|1 3 358 022 5 24
주택,1975,44,13. 시ㆍ도별 가구ㆍ인구 및 주택:1970,III. 인구,전체,경기,ko,4,0.5851,3 107 807,3107807,1.0,,경기 도 Gyeong-gi Do 493 060 2 748 765 5 57 558 157 3 107 807 5 57 64| 4|1 3 358 022 5 24
주택,1975,44,13. 시ㆍ도별 가구ㆍ인구 및 주택:1970,III. 인구,전체,경기,ko,5,0.6797,5 57,557,0.5,,경기 도 Gyeong-gi Do 493 060 2 748 765 5 57 558 157 3 107 807 5 57 64| 4|1 3 358 022 5 24
주택,1975,44,13. 시ㆍ도별 가구ㆍ인구 및 주택:1970,III. 인구,전체,경기,ko,6,0.807,3 358 022,3358022,1.0,,경기 도 Gyeong-gi Do 493 060 2 748 765 5 57 558 157 3 107 807 5 57 64| 4|1 3 358 022 5 24
주택,1975,44,13. 시ㆍ도별 가구ㆍ인구 및 주택:1970,III. 인구,전체,경기,ko,7,0.9014,5 24,524,0.5,,경기 도 Gyeong-gi Do 493 060 2 748 765 5 57 558 157 3 107 807 5 57 64| 4|1 3 358 022 5 24
주택,1975,44,13. 시ㆍ도별 가구ㆍ인구 및 주택:1970,III. 인구,전체,강원,ko,0,0.3038,308 088,308088,1.0,,강원 도 Gangweon Do 308 088 1 636 767 5 31 339 361 1 832 519 5 40 352 441 1 866 494 5 30
주택,1975,44,13. 시ㆍ도별 가구ㆍ인구 및 주택:1970,III. 인구,전체,강원,ko,1,0.3716,1 636 767,1636767,1.0,,강원 도 Gangweon Do 308 088 1 636 767 5 31 339 361 1 832 519 5 40 352 441 1 866 494 5 30
주택,1975,44,13. 시ㆍ도별 가구ㆍ인구 및 주택:1970,III. 인구,전체,강원,ko,2,0.4579,5 31,531,0.3,저신뢰,강원 도 Gangweon Do 308 088 1 636 767 5 31 339 361 1 832 519 5 40 352 441 1 866 494 5 30
주택,1975,44,13. 시ㆍ도별 가구ㆍ인구 및 주택:1970,III. 인구,전체,강원,ko,3,0.5193,339 361,339361,1.0,,강원 도 Gangweon Do 308 088 1 636 767 5 31 339 361 1 832 519 5 40 352 441 1 866 494 5 30
주택,1975,44,13. 시ㆍ도별 가구ㆍ인구 및 주택:1970,III. 인구,전체,강원,ko,4,0.5852,1 832 519,1832519,0.5,,강원 도 Gangweon Do 308 088 1 636 767 5 31 339 361 1 832 519 5 40 352 441 1 866 494 5 30
주택,1975,44,13. 시ㆍ도별 가구ㆍ인구 및 주택:1970,III. 인구,전체,강원,ko,5,0.6776,5 40,540,0.5,,강원 도 Gangweon Do 308 088 1 636 767 5 31 339 361 1 832 519 5 40 352 441 1 866 494 5 30
주택,1975,44,13. 시ㆍ도별 가구ㆍ인구 및 주택:1970,III. 인구,전체,강원,ko,6,0.7391,352 441,352441,0.5,,강원 도 Gangweon Do 308 088 1 636 767 5 31 339 361 1 832 519 5 40 352 441 1 866 494 5 30
주택,1975,44,13. 시ㆍ도별 가구ㆍ인구 및 주택:1970,III. 인구,전체,강원,ko,7,0.8069,1 866 494,1866494,0.5,,강원 도 Gangweon Do 308 088 1 636 767 5 31 339 361 1 832 519 5 40 352 441 1 866 494 5 30
주택,1975,44,13. 시ㆍ도별 가구ㆍ인구 및 주택:1970,III. 인구,전체,강원,ko,8,0.8994,5 30,530,1.0,,강원 도 Gangweon Do 308 088 1 636 767 5 31 339 361 1 832 519 5 40 352 441 1 866 494 5 30
주택,1975,44,13. 시ㆍ도별 가구ㆍ인구 및 주택:1970,III. 인구,전체,충북,ko,0,0.3037,231 844 1 369 780,2318441369780,0.5,과병합의심,충청북도 Chungcheong Bug Do. 231 844 1 369 780 5 g 261 533 1 550 009 5 93 262 183 1 481 263 5 65
주택,1975,44,13. 시ㆍ도별 가구ㆍ인구 및 주택:1970,III. 인구,전체,충북,ko,1,0.5174,261 533,261533,1.0,,충청북도 Chungcheong Bug Do. 231 844 1 369 780 5 g 261 533 1 550 009 5 93 262 183 1 481 263 5 65
주택,1975,44,13. 시ㆍ도별 가구ㆍ인구 및 주택:1970,III. 인구,전체,충북,ko,2,0.5831,1 550 009,1550009,0.3,저신뢰,충청북도 Chungcheong Bug Do. 231 844 1 369 780 5 g 261 533 1 550 009 5 93 262 183 1 481 263 5 65
주택,1975,44,13. 시ㆍ도별 가구ㆍ인구 및 주택:1970,III. 인구,전체,충북,ko,3,0.6797,5 93,593,0.5,,충청북도 Chungcheong Bug Do. 231 844 1 369 780 5 g 261 533 1 550 009 5 93 262 183 1 481 263 5 65
주택,1975,44,13. 시ㆍ도별 가구ㆍ인구 및 주택:1970,III. 인구,전체,충북,ko,4,0.7392,262 183,262183,1.0,,충청북도 Chungcheong Bug Do. 231 844 1 369 780 5 g 261 533 1 550 009 5 93 262 183 1 481 263 5 65
주택,1975,44,13. 시ㆍ도별 가구ㆍ인구 및 주택:1970,III. 인구,전체,충북,ko,5,0.8069,1 481 263,1481263,0.5,,충청북도 Chungcheong Bug Do. 231 844 1 369 780 5 g 261 533 1 550 009 5 93 262 183 1 481 263 5 65
주택,1975,44,13. 시ㆍ도별 가구ㆍ인구 및 주택:1970,III. 인구,전체,충북,ko,6,0.8993,5 65,565,0.5,,충청북도 Chungcheong Bug Do. 231 844 1 369 780 5 g 261 533 1 550 009 5 93 262 183 1 481 263 5 65
주택,1975,44,13. 시ㆍ도별 가구ㆍ인구 및 주택:1970,III. 인구,전체,충남,ko,0,0.3039,415 790,415790,1.0,,충청남도 ChungcheongNam Do. 415 790 2 528 133 6 08 483 835 2 905 275 60 500 119 2 860 213 5 72
주택,1975,44,13. 시ㆍ도별 가구ㆍ인구 및 주택:1970,III. 인구,전체,충남,ko,1,0.3696,2 528 133,2528133,0.5,,충청남도 ChungcheongNam Do. 415 790 2 528 133 6 08 483 835 2 905 275 60 500 119 2 860 213 5 72
주택,1975,44,13. 시ㆍ도별 가구ㆍ인구 및 주택:1970,III. 인구,전체,충남,ko,2,0.4579,6 08,608,0.3,저신뢰,충청남도 ChungcheongNam Do. 415 790 2 528 133 6 08 483 835 2 905 275 60 500 119 2 860 213 5 72
주택,1975,44,13. 시ㆍ도별 가구ㆍ인구 및 주택:1970,III. 인구,전체,충남,ko,3,0.5195,483 835,483835,0.5,,충청남도 ChungcheongNam Do. 415 790 2 528 133 6 08 483 835 2 905 275 60 500 119 2 860 213 5 72
주택,1975,44,13. 시ㆍ도별 가구ㆍ인구 및 주택:1970,III. 인구,전체,충남,ko,4,0.5852,2 905 275,2905275,0.5,,충청남도 ChungcheongNam Do. 415 790 2 528 133 6 08 483 835 2 905 275 60 500 119 2 860 213 5 72
주택,1975,44,13. 시ㆍ도별 가구ㆍ인구 및 주택:1970,III. 인구,전체,충남,ko,5,0.6817,60,60,0.3,저신뢰,충청남도 ChungcheongNam Do. 415 790 2 528 133 6 08 483 835 2 905 275 60 500 119 2 860 213 5 72
주택,1975,44,13. 시ㆍ도별 가구ㆍ인구 및 주택:1970,III. 인구,전체,충남,ko,6,0.7392,500 119,500119,0.5,,충청남도 ChungcheongNam Do. 415 790 2 528 133 6 08 483 835 2 905 275 60 500 119 2 860 213 5 72
주택,1975,44,13. 시ㆍ도별 가구ㆍ인구 및 주택:1970,III. 인구,전체,충남,ko,7,0.8069,2 860 213,2860213,0.5,,충청남도 ChungcheongNam Do. 415 790 2 528 133 6 08 483 835 2 905 275 60 500 119 2 860 213 5 72
주택,1975,44,13. 시ㆍ도별 가구ㆍ인구 및 주택:1970,III. 인구,전체,충남,ko,8,0.9014,5 72,572,0.5,,충청남도 ChungcheongNam Do. 415 790 2 528 133 6 08 483 835 2 905 275 60 500 119 2 860 213 5 72
주택,1975,44,13. 시ㆍ도별 가구ㆍ인구 및 주택:1970,III. 인구,전체,전북,ko,0,0.3039,409 667,409667,1.0,,전라북도 Jeonra Bug Do 409 667 2 395 224 5 85 432 473 2 522 964 5 83 427 311 2 433 577 5 70
주택,1975,44,13. 시ㆍ도별 가구ㆍ인구 및 주택:1970,III. 인구,전체,전북,ko,1,0.3695,2 395 224,2395224,1.0,,전라북도 Jeonra Bug Do 409 667 2 395 224 5 85 432 473 2 522 964 5 83 427 311 2 433 577 5 70
주택,1975,44,13. 시ㆍ도별 가구ㆍ인구 및 주택:1970,III. 인구,전체,전북,ko,2,0.4579,5 85,585,0.5,,전라북도 Jeonra Bug Do 409 667 2 395 224 5 85 432 473 2 522 964 5 83 427 311 2 433 577 5 70
주택,1975,44,13. 시ㆍ도별 가구ㆍ인구 및 주택:1970,III. 인구,전체,전북,ko,3,0.5195,432 473 2 522 964,4324732522964,1.0,과병합의심,전라북도 Jeonra Bug Do 409 667 2 395 224 5 85 432 473 2 522 964 5 83 427 311 2 433 577 5 70
주택,1975,44,13. 시ㆍ도별 가구ㆍ인구 및 주택:1970,III. 인구,전체,전북,ko,4,0.6797,5 83,583,1.0,,전라북도 Jeonra Bug Do 409 667 2 395 224 5 85 432 473 2 522 964 5 83 427 311 2 433 577 5 70
주택,1975,44,13. 시ㆍ도별 가구ㆍ인구 및 주택:1970,III. 인구,전체,전북,ko,5,0.7391,427 311,427311,0.5,,전라북도 Jeonra Bug Do 409 667 2 395 224 5 85 432 473 2 522 964 5 83 427 311 2 433 577 5 70
주택,1975,44,13. 시ㆍ도별 가구ㆍ인구 및 주택:1970,III. 인구,전체,전북,ko,6,0.8049,2 433 577,2433577,0.5,,전라북도 Jeonra Bug Do 409 667 2 395 224 5 85 432 473 2 522 964 5 83 427 311 2 433 577 5 70
주택,1975,44,13. 시ㆍ도별 가구ㆍ인구 및 주택:1970,III. 인구,전체,전북,ko,7,0.8994,5 70,570,0.3,저신뢰,전라북도 Jeonra Bug Do 409 667 2 395 224 5 85 432 473 2 522 964 5 83 427 311 2 433 577 5 70
주택,1975,44,13. 시ㆍ도별 가구ㆍ인구 및 주택:1970,III. 인구,전체,전남,ko,0,0.3038,605 558,605558,1.0,,전 라남 도 Jeonra Nam Do 605 558 3 553 041 5 87 678 758 4 050 461 5 97 703 851 4 006 265 5 69
주택,1975,44,13. 시ㆍ도별 가구ㆍ인구 및 주택:1970,III. 인구,전체,전남,ko,1,0.3696,3 553 041,3553041,0.3,저신뢰,전 라남 도 Jeonra Nam Do 605 558 3 553 041 5 87 678 758 4 050 461 5 97 703 851 4 006 265 5 69
주택,1975,44,13. 시ㆍ도별 가구ㆍ인구 및 주택:1970,III. 인구,전체,전남,ko,2,0.4579,5 87,587,1.0,,전 라남 도 Jeonra Nam Do 605 558 3 553 041 5 87 678 758 4 050 461 5 97 703 851 4 006 265 5 69
주택,1975,44,13. 시ㆍ도별 가구ㆍ인구 및 주택:1970,III. 인구,전체,전남,ko,3,0.5195,678 758,678758,1.0,,전 라남 도 Jeonra Nam Do 605 558 3 553 041 5 87 678 758 4 050 461 5 97 703 851 4 006 265 5 69
주택,1975,44,13. 시ㆍ도별 가구ㆍ인구 및 주택:1970,III. 인구,전체,전남,ko,4,0.583,4 050 461,4050461,1.0,,전 라남 도 Jeonra Nam Do 605 558 3 553 041 5 87 678 758 4 050 461 5 97 703 851 4 006 265 5 69
주택,1975,44,13. 시ㆍ도별 가구ㆍ인구 및 주택:1970,III. 인구,전체,전남,ko,5,0.6797,5 97,597,1.0,,전 라남 도 Jeonra Nam Do 605 558 3 553 041 5 87 678 758 4 050 461 5 97 703 851 4 006 265 5 69
주택,1975,44,13. 시ㆍ도별 가구ㆍ인구 및 주택:1970,III. 인구,전체,전남,ko,6,0.7372,703 851,703851,1.0,,전 라남 도 Jeonra Nam Do 605 558 3 553 041 5 87 678 758 4 050 461 5 97 703 851 4 006 265 5 69
주택,1975,44,13. 시ㆍ도별 가구ㆍ인구 및 주택:1970,III. 인구,전체,전남,ko,7,0.8049,4 006 265,4006265,0.3,저신뢰,전 라남 도 Jeonra Nam Do 605 558 3 553 041 5 87 678 758 4 050 461 5 97 703 851 4 006 265 5 69
주택,1975,44,13. 시ㆍ도별 가구ㆍ인구 및 주택:1970,III. 인구,전체,전남,ko,8,0.9014,5 69,569,1.0,,전 라남 도 Jeonra Nam Do 605 558 3 553 041 5 87 678 758 4 050 461 5 97 703 851 4 006 265 5 69
주택,1975,44,13. 시ㆍ도별 가구ㆍ인구 및 주택:1970,III. 인구,전체,경북,ko,0,0.3038,667 864 3 848 424,6678643848424,1.0,과병합의심,경상북도 Gyeongsang Bug Dol 667 864 3 848 424 5 ⅞6 796 623 4 476 625 5 62 850 237 4 559 092 5 36
주택,1975,44,13. 시ㆍ도별 가구ㆍ인구 및 주택:1970,III. 인구,전체,경북,ko,1,0.5174,796 623 4 476 625,7966234476625,1.0,과병합의심,경상북도 Gyeongsang Bug Dol 667 864 3 848 424 5 ⅞6 796 623 4 476 625 5 62 850 237 4 559 092 5 36
주택,1975,44,13. 시ㆍ도별 가구ㆍ인구 및 주택:1970,III. 인구,전체,경북,ko,2,0.6776,5 62,562,0.5,,경상북도 Gyeongsang Bug Dol 667 864 3 848 424 5 ⅞6 796 623 4 476 625 5 62 850 237 4 559 092 5 36
주택,1975,44,13. 시ㆍ도별 가구ㆍ인구 및 주택:1970,III. 인구,전체,경북,ko,3,0.7371,850 237 4 559 092,8502374559092,1.0,과병합의심,경상북도 Gyeongsang Bug Dol 667 864 3 848 424 5 ⅞6 796 623 4 476 625 5 62 850 237 4 559 092 5 36
주택,1975,44,13. 시ㆍ도별 가구ㆍ인구 및 주택:1970,III. 인구,전체,경북,ko,4,0.9014,5 36,536,0.5,,경상북도 Gyeongsang Bug Dol 667 864 3 848 424 5 ⅞6 796 623 4 476 625 5 62 850 237 4 559 092 5 36
주택,1975,44,13. 시ㆍ도별 가구ㆍ인구 및 주택:1970,III. 인구,전체,경남,ko,0,0.3037,523 819 3 018 371,5238193018371,1.0,과병합의심,경상남도 Gyeongsang Nam Dol 523 819 3 018 371 5 76 560 691 3 170 401 5 67 574 183 3 119 669 5 43
주택,1975,44,13. 시ㆍ도별 가구ㆍ인구 및 주택:1970,III. 인구,전체,경남,ko,1,0.4579,5 76,576,1.0,,경상남도 Gyeongsang Nam Dol 523 819 3 018 371 5 76 560 691 3 170 401 5 67 574 183 3 119 669 5 43
주택,1975,44,13. 시ㆍ도별 가구ㆍ인구 및 주택:1970,III. 인구,전체,경남,ko,2,0.5174,560 691,560691,0.5,,경상남도 Gyeongsang Nam Dol 523 819 3 018 371 5 76 560 691 3 170 401 5 67 574 183 3 119 669 5 43
주택,1975,44,13. 시ㆍ도별 가구ㆍ인구 및 주택:1970,III. 인구,전체,경남,ko,3,0.5832,3 170 401,3170401,0.5,,경상남도 Gyeongsang Nam Dol 523 819 3 018 371 5 76 560 691 3 170 401 5 67 574 183 3 119 669 5 43
주택,1975,44,13. 시ㆍ도별 가구ㆍ인구 및 주택:1970,III. 인구,전체,경남,ko,4,0.6776,5 67,567,1.0,,경상남도 Gyeongsang Nam Dol 523 819 3 018 371 5 76 560 691 3 170 401 5 67 574 183 3 119 669 5 43
주택,1975,44,13. 시ㆍ도별 가구ㆍ인구 및 주택:1970,III. 인구,전체,경남,ko,5,0.7372,574 183 3 119 669,5741833119669,1.0,과병합의심,경상남도 Gyeongsang Nam Dol 523 819 3 018 371 5 76 560 691 3 170 401 5 67 574 183 3 119 669 5 43
주택,1975,44,13. 시ㆍ도별 가구ㆍ인구 및 주택:1970,III. 인구,전체,경남,ko,6,0.9035,5 43,543,0.5,,경상남도 Gyeongsang Nam Dol 523 819 3 018 371 5 76 560 691 3 170 401 5 67 574 183 3 119 669 5 43
주택,1975,44,13. 시ㆍ도별 가구ㆍ인구 및 주택:1970,III. 인구,전체,제주,ko,0,0.3101,64 308,64308,1.0,,제 주도 Jeiu Do 64 308 281 663 4 38 74 230 337 330 454 82 955 365 430 441
주택,1975,44,13. 시ㆍ도별 가구ㆍ인구 및 주택:1970,III. 인구,전체,제주,ko,1,0.3818,281 663,281663,1.0,,제 주도 Jeiu Do 64 308 281 663 4 38 74 230 337 330 454 82 955 365 430 441
주택,1975,44,13. 시ㆍ도별 가구ㆍ인구 및 주택:1970,III. 인구,전체,제주,ko,2,0.4579,4 38,438,0.3,저신뢰,제 주도 Jeiu Do 64 308 281 663 4 38 74 230 337 330 454 82 955 365 430 441
주택,1975,44,13. 시ㆍ도별 가구ㆍ인구 및 주택:1970,III. 인구,전체,제주,ko,3,0.5214,74 230,74230,0.5,,제 주도 Jeiu Do 64 308 281 663 4 38 74 230 337 330 454 82 955 365 430 441
주택,1975,44,13. 시ㆍ도별 가구ㆍ인구 및 주택:1970,III. 인구,전체,제주,ko,4,0.5996,337 330,337330,1.0,,제 주도 Jeiu Do 64 308 281 663 4 38 74 230 337 330 454 82 955 365 430 441
주택,1975,44,13. 시ㆍ도별 가구ㆍ인구 및 주택:1970,III. 인구,전체,제주,ko,5,0.6776,454,454,0.3,저신뢰,제 주도 Jeiu Do 64 308 281 663 4 38 74 230 337 330 454 82 955 365 430 441
주택,1975,44,13. 시ㆍ도별 가구ㆍ인구 및 주택:1970,III. 인구,전체,제주,ko,6,0.7453,82 955,82955,1.0,,제 주도 Jeiu Do 64 308 281 663 4 38 74 230 337 330 454 82 955 365 430 441
주택,1975,44,13. 시ㆍ도별 가구ㆍ인구 및 주택:1970,III. 인구,전체,제주,ko,7,0.8131,365 430,365430,1.0,,제 주도 Jeiu Do 64 308 281 663 4 38 74 230 337 330 454 82 955 365 430 441
주택,1975,44,13. 시ㆍ도별 가구ㆍ인구 및 주택:1970,III. 인구,전체,제주,ko,8,0.9035,441,441,0.3,저신뢰,제 주도 Jeiu Do 64 308 281 663 4 38 74 230 337 330 454 82 955 365 430 441
주택,1976,38,14. 구ㆍ시ㆍ군별 가구ㆍ인구 및 주택,III. 인구,전체,부산,ko,0,0.2998,504 018,504018,1.0,,부 산 504 018 503 220 798 2 454 051 1 221 530 1 232 521 2 450 977
주택,1976,38,14. 구ㆍ시ㆍ군별 가구ㆍ인구 및 주택,III. 인구,전체,부산,ko,1,0.4004,503 220,503220,0.5,,부 산 504 018 503 220 798 2 454 051 1 221 530 1 232 521 2 450 977
주택,1976,38,14. 구ㆍ시ㆍ군별 가구ㆍ인구 및 주택,III. 인구,전체,부산,ko,2,0.5236,798,798,1.0,,부 산 504 018 503 220 798 2 454 051 1 221 530 1 232 521 2 450 977
주택,1976,38,14. 구ㆍ시ㆍ군별 가구ㆍ인구 및 주택,III. 인구,전체,부산,ko,3,0.5831,2 454 051,2454051,1.0,,부 산 504 018 503 220 798 2 454 051 1 221 530 1 232 521 2 450 977
주택,1976,38,14. 구ㆍ시ㆍ군별 가구ㆍ인구 및 주택,III. 인구,전체,부산,ko,4,0.6816,1 221 530,1221530,0.3,저신뢰,부 산 504 018 503 220 798 2 454 051 1 221 530 1 232 521 2 450 977
주택,1976,38,14. 구ㆍ시ㆍ군별 가구ㆍ인구 및 주택,III. 인구,전체,부산,ko,5,0.7802,1 232 521,1232521,0.5,,부 산 504 018 503 220 798 2 454 051 1 221 530 1 232 521 2 450 977
주택,1976,38,14. 구ㆍ시ㆍ군별 가구ㆍ인구 및 주택,III. 인구,전체,부산,ko,6,0.8788,2 450 977,2450977,0.5,,부 산 504 018 503 220 798 2 454 051 1 221 530 1 232 521 2 450 977
주택,1977,42,15. 구ㆍ시ㆍ군별 가구ㆍ인구 및 주택,II. 인구,전체,서울,ko,0,0.3511,1 410 748 1 408 417,14107481408417,0.5,과병합의심,서울특별시 1 410 748 1 408 417 470 3 429 218 3 460 252 6 879 149
주택,1977,42,15. 구ㆍ시ㆍ군별 가구ㆍ인구 및 주택,II. 인구,전체,서울,ko,1,0.6324,470 3 429 218 3 460 252 6 879 149,470342921834602526879149,1.0,과병합의심,서울특별시 1 410 748 1 408 417 470 3 429 218 3 460 252 6 879 149
주택,1978,46,15. 구ㆍ시ㆍ군별 가구ㆍ인구 및 주택,II. 인구,전체,서울,ko,0,0.4426,406 980,406980,1.0,,서 울 특 별 시 s7 - 406 980 06 889 502 3 432 182 3 457 320 6 879 464
주택,1978,46,15. 구ㆍ시ㆍ군별 가구ㆍ인구 및 주택,II. 인구,전체,서울,ko,1,0.5799,06 889 502,6889502,0.3,저신뢰,서 울 특 별 시 s7 - 406 980 06 889 502 3 432 182 3 457 320 6 879 464
주택,1978,46,15. 구ㆍ시ㆍ군별 가구ㆍ인구 및 주택,II. 인구,전체,서울,ko,2,0.6701,3 432 182 3 457 320 6 879 464,343218234573206879464,1.0,과병합의심,서 울 특 별 시 s7 - 406 980 06 889 502 3 432 182 3 457 320 6 879 464
주택,1978,46,15. 구ㆍ시ㆍ군별 가구ㆍ인구 및 주택,II. 인구,전체,부산,ko,0,0.3627,503 813,503813,1.0,,부 산 503 813 503 005 ¾2 453 173 1 222 153 T 231 020 2 450 125
주택,1978,46,15. 구ㆍ시ㆍ군별 가구ㆍ인구 및 주택,II. 인구,전체,부산,ko,1,0.4426,503 005,503005,1.0,,부 산 503 813 503 005 ¾2 453 173 1 222 153 T 231 020 2 450 125
주택,1978,46,15. 구ㆍ시ㆍ군별 가구ㆍ인구 및 주택,II. 인구,전체,부산,ko,2,0.6699,1 222 153,1222153,0.5,,부 산 503 813 503 005 ¾2 453 173 1 222 153 T 231 020 2 450 125
주택,1978,46,15. 구ㆍ시ㆍ군별 가구ㆍ인구 및 주택,II. 인구,전체,부산,ko,3,0.8298,2 450 125,2450125,0.5,,부 산 503 813 503 005 ¾2 453 173 1 222 153 T 231 020 2 450 125
주택,1978,46,15. 구ㆍ시ㆍ군별 가구ㆍ인구 및 주택,II. 인구,전체,경기,ko,0,0.3607,817 181,817181,1.0,,경 기 817 181 816 203 978 4 039 132 2 026 421 2 012 기1 4 034 707
주택,1978,46,15. 구ㆍ시ㆍ군별 가구ㆍ인구 및 주택,II. 인구,전체,경기,ko,1,0.4426,816 203,816203,0.5,,경 기 817 181 816 203 978 4 039 132 2 026 421 2 012 기1 4 034 707
주택,1978,46,15. 구ㆍ시ㆍ군별 가구ㆍ인구 및 주택,II. 인구,전체,경기,ko,2,0.5492,978,978,1.0,,경 기 817 181 816 203 978 4 039 132 2 026 421 2 012 기1 4 034 707
주택,1978,46,15. 구ㆍ시ㆍ군별 가구ㆍ인구 및 주택,II. 인구,전체,경기,ko,3,0.5901,4 039 132,4039132,0.5,,경 기 817 181 816 203 978 4 039 132 2 026 421 2 012 기1 4 034 707
주택,1978,46,15. 구ㆍ시ㆍ군별 가구ㆍ인구 및 주택,II. 인구,전체,경기,ko,4,0.67,2 026 421,2026421,0.5,,경 기 817 181 816 203 978 4 039 132 2 026 421 2 012 기1 4 034 707
주택,1978,46,15. 구ㆍ시ㆍ군별 가구ㆍ인구 및 주택,II. 인구,전체,경기,ko,5,0.8299,4 034 707,4034707,0.3,저신뢰,경 기 817 181 816 203 978 4 039 132 2 026 421 2 012 기1 4 034 707
주택,1979,46,15. 구ㆍ시ㆍ군별 가구ㆍ인구 및 주택,II. 인구,전체,서울,ko,0,0.4044,1 406 980,1406980,0.5,,서 울 툭 별 시 1 406 980 6 889 502 3 432 182 3 457 320 6 879 464
주택,1979,46,15. 구ㆍ시ㆍ군별 가구ㆍ인구 및 주택,II. 인구,전체,서울,ko,1,0.5769,6 889 502,6889502,1.0,,서 울 툭 별 시 1 406 980 6 889 502 3 432 182 3 457 320 6 879 464
주택,1979,46,15. 구ㆍ시ㆍ군별 가구ㆍ인구 및 주택,II. 인구,전체,서울,ko,2,0.6591,3 432 182 3 457 320,34321823457320,1.0,과병합의심,서 울 툭 별 시 1 406 980 6 889 502 3 432 182 3 457 320 6 879 464
주택,1979,46,15. 구ㆍ시ㆍ군별 가구ㆍ인구 및 주택,II. 인구,전체,서울,ko,3,0.8171,6 879 464,6879464,0.5,,서 울 툭 별 시 1 406 980 6 889 502 3 432 182 3 457 320 6 879 464
주택,1979,46,15. 구ㆍ시ㆍ군별 가구ㆍ인구 및 주택,II. 인구,전체,인천,ko,0,0.3489,165 406,165406,1.0,,인 천 165 406 164 822 584 800 007 398 678 401 329 797 143
주택,1979,46,15. 구ㆍ시ㆍ군별 가구ㆍ인구 및 주택,II. 인구,전체,인천,ko,1,0.4271,164 822,164822,1.0,,인 천 165 406 164 822 584 800 007 398 678 401 329 797 143
주택,1979,46,15. 구ㆍ시ㆍ군별 가구ㆍ인구 및 주택,II. 인구,전체,인천,ko,2,0.5359,584,584,1.0,,인 천 165 406 164 822 584 800 007 398 678 401 329 797 143
주택,1979,46,15. 구ㆍ시ㆍ군별 가구ㆍ인구 및 주택,II. 인구,전체,인천,ko,3,0.5891,800 007,800007,1.0,,인 천 165 406 164 822 584 800 007 398 678 401 329 797 143
주택,1979,46,15. 구ㆍ시ㆍ군별 가구ㆍ인구 및 주택,II. 인구,전체,인천,ko,4,0.6693,398 678,398678,1.0,,인 천 165 406 164 822 584 800 007 398 678 401 329 797 143
주택,1979,46,15. 구ㆍ시ㆍ군별 가구ㆍ인구 및 주택,II. 인구,전체,인천,ko,5,0.7494,401 329,401329,0.5,,인 천 165 406 164 822 584 800 007 398 678 401 329 797 143
주택,1979,46,15. 구ㆍ시ㆍ군별 가구ㆍ인구 및 주택,II. 인구,전체,인천,ko,6,0.8296,797 143,797143,0.5,,인 천 165 406 164 822 584 800 007 398 678 401 329 797 143
주택,1980,44,"14. 구ㆍ시ㆍ군별 가구, 인구 및 주택",II. 인구,전체,서울,ko,0,0.3264,1 409 577,1409577,1.0,,서 울 특 별 시 1 409 577 1 406 980 2 597 6 889 502 3 432 182 3 457 320 6 879 464
주택,1980,44,"14. 구ㆍ시ㆍ군별 가구, 인구 및 주택",II. 인구,전체,서울,ko,1,0.4189,1 406 980,1406980,1.0,,서 울 특 별 시 1 409 577 1 406 980 2 597 6 889 502 3 432 182 3 457 320 6 879 464
주택,1980,44,"14. 구ㆍ시ㆍ군별 가구, 인구 및 주택",II. 인구,전체,서울,ko,2,0.5421,2 597,2597,1.0,,서 울 특 별 시 1 409 577 1 406 980 2 597 6 889 502 3 432 182 3 457 320 6 879 464
주택,1980,44,"14. 구ㆍ시ㆍ군별 가구, 인구 및 주택",II. 인구,전체,서울,ko,3,0.6037,6 889 502,6889502,1.0,,서 울 특 별 시 1 409 577 1 406 980 2 597 6 889 502 3 432 182 3 457 320 6 879 464
주택,1980,44,"14. 구ㆍ시ㆍ군별 가구, 인구 및 주택",II. 인구,전체,서울,ko,4,0.694,3 432 182 3 457 320,34321823457320,0.5,과병합의심,서 울 특 별 시 1 409 577 1 406 980 2 597 6 889 502 3 432 182 3 457 320 6 879 464
주택,1980,44,"14. 구ㆍ시ㆍ군별 가구, 인구 및 주택",II. 인구,전체,서울,ko,5,0.8786,6 879 464,6879464,1.0,,서 울 특 별 시 1 409 577 1 406 980 2 597 6 889 502 3 432 182 3 457 320 6 879 464
주택,1980,44,"14. 구ㆍ시ㆍ군별 가구, 인구 및 주택",II. 인구,전체,부산,ko,0,0.3696,813,813,1.0,,부 산 813 005 2 453 173 1 231 020 ' 2 450 125
주택,1980,44,"14. 구ㆍ시ㆍ군별 가구, 인구 및 주택",II. 인구,전체,부산,ko,1,0.46,005,5,1.0,,부 산 813 005 2 453 173 1 231 020 ' 2 450 125
주택,1980,44,"14. 구ㆍ시ㆍ군별 가구, 인구 및 주택",II. 인구,전체,부산,ko,2,0.6036,2 453 173,2453173,0.5,,부 산 813 005 2 453 173 1 231 020 ' 2 450 125
주택,1980,44,"14. 구ㆍ시ㆍ군별 가구, 인구 및 주택",II. 인구,전체,부산,ko,3,0.7864,1 231 020,1231020,1.0,,부 산 813 005 2 453 173 1 231 020 ' 2 450 125
주택,1980,44,"14. 구ㆍ시ㆍ군별 가구, 인구 및 주택",II. 인구,전체,부산,ko,4,0.924,125,125,1.0,,부 산 813 005 2 453 173 1 231 020 ' 2 450 125
주택,1981,44,"6. 구ㆍ시ㆍ군별 가구, 인구 및 주택(1980)",II. 인구,전체,서울,ko,0,0.4579,5 367,5367,0.3,저신뢰,서울록별시 1 E41 555 1 626 152 5 367 E 366 7St * 168 TCC + 158 056 8 353 005 • 159 947
주택,1982,44,"6. 구ㆍ시ㆍ군별 가구, 인구 및 주택(1980)",II. 인구,전체,전국,ko,0,0.4538,9 842 37 448 836 18 764 130 18 084 706 37 489 390 38 746 373,98423744883618764130180847063748939038746373,0.5,과병합의심,전 국 1980 98y 7 972 147 9 842 37 448 836 18 764 130 18 084 706 37 489 390 38 746 373
주택,1982,44,"6. 구ㆍ시ㆍ군별 가구, 인구 및 주택(1980)",II. 인구,전체,서울,ko,0,0.4538,5367,5367,0.5,,서울특별시 5367 8 756 4 98 056 4 159 947
주택,1982,44,"6. 구ㆍ시ㆍ군별 가구, 인구 및 주택(1980)",II. 인구,전체,서울,ko,1,0.5133,8,8,0.5,,서울특별시 5367 8 756 4 98 056 4 159 947
주택,1982,44,"6. 구ㆍ시ㆍ군별 가구, 인구 및 주택(1980)",II. 인구,전체,서울,ko,2,0.5585,756,756,0.5,,서울특별시 5367 8 756 4 98 056 4 159 947
주택,1982,44,"6. 구ㆍ시ㆍ군별 가구, 인구 및 주택(1980)",II. 인구,전체,서울,ko,3,0.6858,4,4,1.0,,서울특별시 5367 8 756 4 98 056 4 159 947
주택,1982,44,"6. 구ㆍ시ㆍ군별 가구, 인구 및 주택(1980)",II. 인구,전체,서울,ko,4,0.7166,98 056,98056,1.0,,서울특별시 5367 8 756 4 98 056 4 159 947
주택,1982,44,"6. 구ㆍ시ㆍ군별 가구, 인구 및 주택(1980)",II. 인구,전체,서울,ko,5,0.8706,4 159 947,4159947,0.5,,서울특별시 5367 8 756 4 98 056 4 159 947
주택,1983,44,"6. 구ㆍ시ㆍ군별 가구, 인구 및 주택(1980)",II. 인구,전체,전국,ko,0,0.2341,7 978 605 7 969 201,79786057969201,0.5,과병합의심,전 국 7 978 605 7 969 201 6 37 436 id 70 13 65+ I!+ 37 * 315 13 749 336
주택,1983,44,"6. 구ㆍ시ㆍ군별 가구, 인구 및 주택(1980)",II. 인구,전체,전국,ko,1,0.4497,6,6,0.3,저신뢰,전 국 7 978 605 7 969 201 6 37 436 id 70 13 65+ I!+ 37 * 315 13 749 336
주택,1983,44,"6. 구ㆍ시ㆍ군별 가구, 인구 및 주택(1980)",II. 인구,전체,전국,ko,2,0.499,37 436,37436,1.0,,전 국 7 978 605 7 969 201 6 37 436 id 70 13 65+ I!+ 37 * 315 13 749 336
주택,1983,44,"6. 구ㆍ시ㆍ군별 가구, 인구 및 주택(1980)",II. 인구,전체,전국,ko,3,0.6119,70,70,0.3,저신뢰,전 국 7 978 605 7 969 201 6 37 436 id 70 13 65+ I!+ 37 * 315 13 749 336
주택,1983,44,"6. 구ㆍ시ㆍ군별 가구, 인구 및 주택(1980)",II. 인구,전체,전국,ko,4,0.6797,13,13,1.0,,전 국 7 978 605 7 969 201 6 37 436 id 70 13 65+ I!+ 37 * 315 13 749 336
주택,1983,44,"6. 구ㆍ시ㆍ군별 가구, 인구 및 주택(1980)",II. 인구,전체,전국,ko,5,0.768,37,37,1.0,,전 국 7 978 605 7 969 201 6 37 436 id 70 13 65+ I!+ 37 * 315 13 749 336
주택,1983,44,"6. 구ㆍ시ㆍ군별 가구, 인구 및 주택(1980)",II. 인구,전체,전국,ko,6,0.8255,315 13 749 336,31513749336,1.0,과병합의심,전 국 7 978 605 7 969 201 6 37 436 id 70 13 65+ I!+ 37 * 315 13 749 336
주택,1983,44,"6. 구ㆍ시ㆍ군별 가구, 인구 및 주택(1980)",II. 인구,전체,서울,ko,0,0.234,1342 239,1342239,0.3,저신뢰,서 울특별시 1342 239 ~ 336 8 35< t;} ~ 35 54 35) 016 * 160 054
주택,1983,44,"6. 구ㆍ시ㆍ군별 가구, 인구 및 주택(1980)",II. 인구,전체,서울,ko,1,0.3409,336,336,1.0,,서 울특별시 1342 239 ~ 336 8 35< t;} ~ 35 54 35) 016 * 160 054
주택,1983,44,"6. 구ㆍ시ㆍ군별 가구, 인구 및 주택(1980)",II. 인구,전체,서울,ko,2,0.5092,8,8,0.3,저신뢰,서 울특별시 1342 239 ~ 336 8 35< t;} ~ 35 54 35) 016 * 160 054
주택,1983,44,"6. 구ㆍ시ㆍ군별 가구, 인구 및 주택(1980)",II. 인구,전체,서울,ko,3,0.7125,35 54,3554,0.3,저신뢰,서 울특별시 1342 239 ~ 336 8 35< t;} ~ 35 54 35) 016 * 160 054
주택,1983,44,"6. 구ㆍ시ㆍ군별 가구, 인구 및 주택(1980)",II. 인구,전체,서울,ko,4,0.885,160 054,160054,1.0,,서 울특별시 1342 239 ~ 336 8 35< t;} ~ 35 54 35) 016 * 160 054
주택,1983,44,"6. 구ㆍ시ㆍ군별 가구, 인구 및 주택(1980)",II. 인구,전체,경기,ko,0,0.5975,2,2,0.5,,경 기 2 603 4 335 2 472
주택,1983,44,"6. 구ㆍ시ㆍ군별 가구, 인구 및 주택(1980)",II. 인구,전체,경기,ko,1,0.7351,603,603,0.5,,경 기 2 603 4 335 2 472
주택,1983,44,"6. 구ㆍ시ㆍ군별 가구, 인구 및 주택(1980)",II. 인구,전체,경기,ko,2,0.7762,4,4,1.0,,경 기 2 603 4 335 2 472
주택,1983,44,"6. 구ㆍ시ㆍ군별 가구, 인구 및 주택(1980)",II. 인구,전체,경기,ko,3,0.8275,335,335,1.0,,경 기 2 603 4 335 2 472
주택,1983,44,"6. 구ㆍ시ㆍ군별 가구, 인구 및 주택(1980)",II. 인구,전체,경기,ko,4,0.8686,2 472,2472,1.0,,경 기 2 603 4 335 2 472
주택,1984,44,"6. 구ㆍ시ㆍ군별 가구, 인구 및 주택(1980)",II. 인구,전체,전국,ko,0,0.076,2),2,0.3,저신뢰,"2) 빈집(전국 종수 115,296)제외"
주택,1985,44,"6. 구ㆍ시ㆍ군별 가구, 인구 및 주택(1980)",II. 인구,전체,전국,ko,0,0.2443,7 978 605 7 969 201,79786057969201,1.0,과병합의심,전 국 7 978 605 7 969 201 404 315 18 767 201 18 669 114 37 406 825 18 749 306
주택,1985,44,"6. 구ㆍ시ㆍ군별 가구, 인구 및 주택(1980)",II. 인구,전체,전국,ko,1,0.4686,404,404,0.5,,전 국 7 978 605 7 969 201 404 315 18 767 201 18 669 114 37 406 825 18 749 306
주택,1985,44,"6. 구ㆍ시ㆍ군별 가구, 인구 및 주택(1980)",II. 인구,전체,전국,ko,2,0.5585,315 18 767 201 18 669 114 37 406 825 18 749 306,31518767201186691143740682518749306,0.5,과병합의심,전 국 7 978 605 7 969 201 404 315 18 767 201 18 669 114 37 406 825 18 749 306
주택,1986,46,"6. 구ㆍ시ㆍ군별 가구, 인구 및 주택(1985)",II. 인구,전체,전국,ko,0,0.2484,9 588 723,9588723,1.0,,전 국 9 588 723 9 575 356 13 367 40 720 40 432 397 20 259 958
주택,1986,46,"6. 구ㆍ시ㆍ군별 가구, 인구 및 주택(1985)",II. 인구,전체,전국,ko,1,0.3388,9 575 356,9575356,0.5,,전 국 9 588 723 9 575 356 13 367 40 720 40 432 397 20 259 958
주택,1986,46,"6. 구ㆍ시ㆍ군별 가구, 인구 및 주택(1985)",II. 인구,전체,전국,ko,2,0.4497,13 367 40,1336740,1.0,,전 국 9 588 723 9 575 356 13 367 40 720 40 432 397 20 259 958
주택,1986,46,"6. 구ㆍ시ㆍ군별 가구, 인구 및 주택(1985)",II. 인구,전체,전국,ko,3,0.7413,720 40 432 397 20 259 958,7204043239720259958,1.0,과병합의심,전 국 9 588 723 9 575 356 13 367 40 720 40 432 397 20 259 958
주택,1986,46,"6. 구ㆍ시ㆍ군별 가구, 인구 및 주택(1985)",II. 인구,전체,서울,ko,0,0.2484,2 333 316 2 325 395,23333162325395,0.5,과병합의심,서울특별시 2 333 316 2 325 395 7 919 9 645 932 4 806 844 4 839 088 9 628 552 4 795 854
주택,1986,46,"6. 구ㆍ시ㆍ군별 가구, 인구 및 주택(1985)",II. 인구,전체,서울,ko,1,0.4558,7 919,7919,0.3,저신뢰,서울특별시 2 333 316 2 325 395 7 919 9 645 932 4 806 844 4 839 088 9 628 552 4 795 854
주택,1986,46,"6. 구ㆍ시ㆍ군별 가구, 인구 및 주택(1985)",II. 인구,전체,서울,ko,2,0.5154,9 645 932,9645932,0.5,,서울특별시 2 333 316 2 325 395 7 919 9 645 932 4 806 844 4 839 088 9 628 552 4 795 854
주택,1986,46,"6. 구ㆍ시ㆍ군별 가구, 인구 및 주택(1985)",II. 인구,전체,서울,ko,3,0.6058,4 806 844,4806844,0.5,,서울특별시 2 333 316 2 325 395 7 919 9 645 932 4 806 844 4 839 088 9 628 552 4 795 854
주택,1986,46,"6. 구ㆍ시ㆍ군별 가구, 인구 및 주택(1985)",II. 인구,전체,서울,ko,4,0.694,4 839 088,4839088,0.5,,서울특별시 2 333 316 2 325 395 7 919 9 645 932 4 806 844 4 839 088 9 628 552 4 795 854
주택,1986,46,"6. 구ㆍ시ㆍ군별 가구, 인구 및 주택(1985)",II. 인구,전체,서울,ko,5,0.7823,9 628 552,9628552,0.5,,서울특별시 2 333 316 2 325 395 7 919 9 645 932 4 806 844 4 839 088 9 628 552 4 795 854
주택,1986,46,"6. 구ㆍ시ㆍ군별 가구, 인구 및 주택(1985)",II. 인구,전체,서울,ko,6,0.8706,4 795 854,4795854,0.5,,서울특별시 2 333 316 2 325 395 7 919 9 645 932 4 806 844 4 839 088 9 628 552 4 795 854
주택,1986,46,"6. 구ㆍ시ㆍ군별 가구, 인구 및 주택(1985)",II. 인구,전체,부산,ko,0,0.2669,840 176,840176,1.0,,부산직할시 840 176 839 092 1 084 516 807 738 871 777 936 513 744 1 737 026
주택,1986,46,"6. 구ㆍ시ㆍ군별 가구, 인구 및 주택(1985)",II. 인구,전체,부산,ko,1,0.3552,839 092,839092,1.0,,부산직할시 840 176 839 092 1 084 516 807 738 871 777 936 513 744 1 737 026
주택,1986,46,"6. 구ㆍ시ㆍ군별 가구, 인구 및 주택(1985)",II. 인구,전체,부산,ko,2,0.4579,1 084,1084,0.5,,부산직할시 840 176 839 092 1 084 516 807 738 871 777 936 513 744 1 737 026
주택,1986,46,"6. 구ㆍ시ㆍ군별 가구, 인구 및 주택(1985)",II. 인구,전체,부산,ko,3,0.5318,516 807,516807,1.0,,부산직할시 840 176 839 092 1 084 516 807 738 871 777 936 513 744 1 737 026
주택,1986,46,"6. 구ㆍ시ㆍ군별 가구, 인구 및 주택(1985)",II. 인구,전체,부산,ko,4,0.6201,738 871,738871,0.5,,부산직할시 840 176 839 092 1 084 516 807 738 871 777 936 513 744 1 737 026
주택,1986,46,"6. 구ㆍ시ㆍ군별 가구, 인구 및 주택(1985)",II. 인구,전체,부산,ko,5,0.7084,777 936,777936,1.0,,부산직할시 840 176 839 092 1 084 516 807 738 871 777 936 513 744 1 737 026
주택,1986,46,"6. 구ㆍ시ㆍ군별 가구, 인구 및 주택(1985)",II. 인구,전체,부산,ko,6,0.7987,513 744,513744,0.5,,부산직할시 840 176 839 092 1 084 516 807 738 871 777 936 513 744 1 737 026
주택,1986,46,"6. 구ㆍ시ㆍ군별 가구, 인구 및 주택(1985)",II. 인구,전체,부산,ko,7,0.8706,1 737 026,1737026,0.5,,부산직할시 840 176 839 092 1 084 516 807 738 871 777 936 513 744 1 737 026
주택,1986,46,"6. 구ㆍ시ㆍ군별 가구, 인구 및 주택(1985)",II. 인구,전체,대구,ko,0,0.3532,499 673,499673,1.0,,대구직할시 $00 156 499 673 481 2 030 672 1 023 702 2 029 133 1 006 134
주택,1986,46,"6. 구ㆍ시ㆍ군별 가구, 인구 및 주택(1985)",II. 인구,전체,대구,ko,1,0.4743,481,481,0.5,,대구직할시 $00 156 499 673 481 2 030 672 1 023 702 2 029 133 1 006 134
주택,1986,46,"6. 구ㆍ시ㆍ군별 가구, 인구 및 주택(1985)",II. 인구,전체,대구,ko,2,0.5154,2 030 672,2030672,1.0,,대구직할시 $00 156 499 673 481 2 030 672 1 023 702 2 029 133 1 006 134
주택,1986,46,"6. 구ㆍ시ㆍ군별 가구, 인구 및 주택(1985)",II. 인구,전체,대구,ko,3,0.692,1 023 702 2 029 133 1 006 134,102370220291331006134,0.5,과병합의심,대구직할시 $00 156 499 673 481 2 030 672 1 023 702 2 029 133 1 006 134
주택,1986,46,"6. 구ㆍ시ㆍ군별 가구, 인구 및 주택(1985)",II. 인구,전체,인천,ko,0,0.2649,339 560,339560,1.0,,인천직할시 339 560 339 014 546 1 387 491 693 882 693 609 1 385 422 092 756
주택,1986,46,"6. 구ㆍ시ㆍ군별 가구, 인구 및 주택(1985)",II. 인구,전체,인천,ko,1,0.3532,339 014,339014,0.5,,인천직할시 339 560 339 014 546 1 387 491 693 882 693 609 1 385 422 092 756
주택,1986,46,"6. 구ㆍ시ㆍ군별 가구, 인구 및 주택(1985)",II. 인구,전체,인천,ko,2,0.4743,546 1 387 491,5461387491,0.3,저신뢰|과병합의심,인천직할시 339 560 339 014 546 1 387 491 693 882 693 609 1 385 422 092 756
주택,1986,46,"6. 구ㆍ시ㆍ군별 가구, 인구 및 주택(1985)",II. 인구,전체,인천,ko,3,0.62,693 882,693882,1.0,,인천직할시 339 560 339 014 546 1 387 491 693 882 693 609 1 385 422 092 756
주택,1986,46,"6. 구ㆍ시ㆍ군별 가구, 인구 및 주택(1985)",II. 인구,전체,인천,ko,4,0.7105,693 609,693609,0.5,,인천직할시 339 560 339 014 546 1 387 491 693 882 693 609 1 385 422 092 756
주택,1986,46,"6. 구ㆍ시ㆍ군별 가구, 인구 및 주택(1985)",II. 인구,전체,인천,ko,5,0.7823,1 385 422,1385422,0.5,,인천직할시 339 560 339 014 546 1 387 491 693 882 693 609 1 385 422 092 756
주택,1986,46,"6. 구ㆍ시ㆍ군별 가구, 인구 및 주택(1985)",II. 인구,전체,인천,ko,6,0.8869,092 756,92756,0.5,,인천직할시 339 560 339 014 546 1 387 491 693 882 693 609 1 385 422 092 756
주택,1986,46,"6. 구ㆍ시ㆍ군별 가구, 인구 및 주택(1985)",II. 인구,전체,경기,ko,0,0.2505,1 365 833,1365833,0.3,저신뢰,경기 1 365 833 519 2 412 946
주택,1986,46,"6. 구ㆍ시ㆍ군별 가구, 인구 및 주택(1985)",II. 인구,전체,경기,ko,1,0.4764,519,519,0.5,,경기 1 365 833 519 2 412 946
주택,1986,46,"6. 구ㆍ시ㆍ군별 가구, 인구 및 주택(1985)",II. 인구,전체,경기,ko,2,0.8706,2 412 946,2412946,0.3,저신뢰,경기 1 365 833 519 2 412 946
주택,1987,46,"6. 구ㆍ시ㆍ군별 가구, 인구 및 주택(1985)",II. 인구,전체,전국,ko,0,0.2546,9 582 055 9 571 361,95820559571361,0.5,과병합의심,전 국 9 582 055 9 571 361 10 694 40 448 486 20 243 765 20 204 721 40 419 652 20 227 564
주택,1987,46,"6. 구ㆍ시ㆍ군별 가구, 인구 및 주택(1985)",II. 인구,전체,전국,ko,1,0.4558,10 694 40 448 486 20 243 765 20 204 721 40 419 652 20 227 564,106944044848620243765202047214041965220227564,0.3,저신뢰|과병합의심,전 국 9 582 055 9 571 361 10 694 40 448 486 20 243 765 20 204 721 40 419 652 20 227 564
주택,1987,46,"6. 구ㆍ시ㆍ군별 가구, 인구 및 주택(1985)",II. 인구,전체,서울,ko,0,0.2546,2 329 376 2 324 289,23293762324289,0.5,과병합의심,서울특별시 2 329 376 2 324 289 9 639 110 4 795 ¢86 4 846 024 4 787 720
주택,1987,46,"6. 구ㆍ시ㆍ군별 가구, 인구 및 주택(1985)",II. 인구,전체,서울,ko,1,0.5195,9 639 110,9639110,0.5,,서울특별시 2 329 376 2 324 289 9 639 110 4 795 ¢86 4 846 024 4 787 720
주택,1987,46,"6. 구ㆍ시ㆍ군별 가구, 인구 및 주택(1985)",II. 인구,전체,서울,ko,2,0.6097,4 795,4795,0.5,,서울특별시 2 329 376 2 324 289 9 639 110 4 795 ¢86 4 846 024 4 787 720
주택,1987,46,"6. 구ㆍ시ㆍ군별 가구, 인구 및 주택(1985)",II. 인구,전체,서울,ko,3,0.6961,4 846 024,4846024,0.5,,서울특별시 2 329 376 2 324 289 9 639 110 4 795 ¢86 4 846 024 4 787 720
주택,1987,46,"6. 구ㆍ시ㆍ군별 가구, 인구 및 주택(1985)",II. 인구,전체,서울,ko,4,0.8604,4 787 720,4787720,0.5,,서울특별시 2 329 376 2 324 289 9 639 110 4 795 ¢86 4 846 024 4 787 720
주택,1987,46,"6. 구ㆍ시ㆍ군별 가구, 인구 및 주택(1985)",II. 인구,전체,대구,ko,0,0.5195,2 029 853,2029853,1.0,,대구직할시 $00 057 $99 592 2 029 853 005 36k 024 489 370 1 004 554
주택,1987,46,"6. 구ㆍ시ㆍ군별 가구, 인구 및 주택(1985)",II. 인구,전체,대구,ko,1,0.6242,005,5,1.0,,대구직할시 $00 057 $99 592 2 029 853 005 36k 024 489 370 1 004 554
주택,1987,46,"6. 구ㆍ시ㆍ군별 가구, 인구 및 주택(1985)",II. 인구,전체,대구,ko,2,0.7125,024 489,24489,1.0,,대구직할시 $00 057 $99 592 2 029 853 005 36k 024 489 370 1 004 554
주택,1987,46,"6. 구ㆍ시ㆍ군별 가구, 인구 및 주택(1985)",II. 인구,전체,대구,ko,3,0.8337,370,370,1.0,,대구직할시 $00 057 $99 592 2 029 853 005 36k 024 489 370 1 004 554
주택,1987,46,"6. 구ㆍ시ㆍ군별 가구, 인구 및 주택(1985)",II. 인구,전체,대구,ko,4,0.8727,1 004 554,1004554,1.0,,대구직할시 $00 057 $99 592 2 029 853 005 36k 024 489 370 1 004 554
주택,1987,46,"6. 구ㆍ시ㆍ군별 가구, 인구 및 주택(1985)",II. 인구,전체,인천,ko,0,0.2689,339 580,339580,0.3,저신뢰,인천직할시 339 580 338 978 1 386 911 692 516 896 395 691 447
주택,1987,46,"6. 구ㆍ시ㆍ군별 가구, 인구 및 주택(1985)",II. 인구,전체,인천,ko,1,0.3552,338 978,338978,0.5,,인천직할시 339 580 338 978 1 386 911 692 516 896 395 691 447
주택,1987,46,"6. 구ㆍ시ㆍ군별 가구, 인구 및 주택(1985)",II. 인구,전체,인천,ko,2,0.5194,1 386 911,1386911,0.5,,인천직할시 339 580 338 978 1 386 911 692 516 896 395 691 447
주택,1987,46,"6. 구ㆍ시ㆍ군별 가구, 인구 및 주택(1985)",II. 인구,전체,인천,ko,3,0.6242,692 516,692516,0.5,,인천직할시 339 580 338 978 1 386 911 692 516 896 395 691 447
주택,1987,46,"6. 구ㆍ시ㆍ군별 가구, 인구 및 주택(1985)",II. 인구,전체,인천,ko,4,0.7125,896 395,896395,0.5,,인천직할시 339 580 338 978 1 386 911 692 516 896 395 691 447
주택,1987,46,"6. 구ㆍ시ㆍ군별 가구, 인구 및 주택(1985)",II. 인구,전체,인천,ko,5,0.887,691 447,691447,0.3,저신뢰,인천직할시 339 580 338 978 1 386 911 692 516 896 395 691 447
주택,1987,46,"6. 구ㆍ시ㆍ군별 가구, 인구 및 주택(1985)",II. 인구,전체,경기,ko,0,0.2524,1 165 210,1165210,0.5,,경기도 1 165 210 1 16& 738 472 4 794 135 Z 409 383 Z 384 752 4 792 617 Z 408 522
주택,1987,46,"6. 구ㆍ시ㆍ군별 가구, 인구 및 주택(1985)",II. 인구,전체,경기,ko,1,0.4764,472,472,1.0,,경기도 1 165 210 1 16& 738 472 4 794 135 Z 409 383 Z 384 752 4 792 617 Z 408 522
주택,1987,46,"6. 구ㆍ시ㆍ군별 가구, 인구 및 주택(1985)",II. 인구,전체,경기,ko,2,0.5195,4 794 135,4794135,0.3,저신뢰,경기도 1 165 210 1 16& 738 472 4 794 135 Z 409 383 Z 384 752 4 792 617 Z 408 522
주택,1988,46,"6. 구ㆍ시ㆍ군별 가구, 인구 및 주택(1985)",II. 인구,전체,전국,ko,0,0.4516,10 684,10684,1.0,,전 국 9 582 055 g 571 361 10 684
주택,1988,46,"6. 구ㆍ시ㆍ군별 가구, 인구 및 주택(1985)",II. 인구,전체,서울,ko,0,0.2503,2 329 374 2 324 219,23293742324219,0.5,과병합의심,서 울 특 별시 2 329 374 2 324 219 5 155 9 638 110 4 795 086 4 844 024 g 825 755 4 787 720
주택,1988,46,"6. 구ㆍ시ㆍ군별 가구, 인구 및 주택(1985)",II. 인구,전체,서울,ko,1,0.46,5 155,5155,0.5,,서 울 특 별시 2 329 374 2 324 219 5 155 9 638 110 4 795 086 4 844 024 g 825 755 4 787 720
주택,1988,46,"6. 구ㆍ시ㆍ군별 가구, 인구 및 주택(1985)",II. 인구,전체,부산,ko,0,0.269,840 018,840018,1.0,,부산 직할시 840 018 838 929 3 514 798 738 376 778 422 3 512 113 734 875
주택,1988,46,"6. 구ㆍ시ㆍ군별 가구, 인구 및 주택(1985)",II. 인구,전체,부산,ko,1,0.3593,838 929,838929,0.5,,부산 직할시 840 018 838 929 3 514 798 738 376 778 422 3 512 113 734 875
주택,1988,46,"6. 구ㆍ시ㆍ군별 가구, 인구 및 주택(1985)",II. 인구,전체,부산,ko,2,0.5195,3 514 798,3514798,1.0,,부산 직할시 840 018 838 929 3 514 798 738 376 778 422 3 512 113 734 875
주택,1988,46,"6. 구ㆍ시ㆍ군별 가구, 인구 및 주택(1985)",II. 인구,전체,부산,ko,3,0.6242,738 376,738376,0.5,,부산 직할시 840 018 838 929 3 514 798 738 376 778 422 3 512 113 734 875
주택,1988,46,"6. 구ㆍ시ㆍ군별 가구, 인구 및 주택(1985)",II. 인구,전체,부산,ko,4,0.7125,778 422,778422,1.0,,부산 직할시 840 018 838 929 3 514 798 738 376 778 422 3 512 113 734 875
주택,1988,46,"6. 구ㆍ시ㆍ군별 가구, 인구 및 주택(1985)",II. 인구,전체,부산,ko,5,0.7864,3 512 113,3512113,1.0,,부산 직할시 840 018 838 929 3 514 798 738 376 778 422 3 512 113 734 875
주택,1988,46,"6. 구ㆍ시ㆍ군별 가구, 인구 및 주택(1985)",II. 인구,전체,부산,ko,6,0.8932,734 875,734875,1.0,,부산 직할시 840 018 838 929 3 514 798 738 376 778 422 3 512 113 734 875
주택,1988,46,"6. 구ㆍ시ㆍ군별 가구, 인구 및 주택(1985)",II. 인구,전체,부산,ko,0,0.269,125 436,125436,0.5,,부 산 125 436 125 294 254
주택,1988,46,"6. 구ㆍ시ㆍ군별 가구, 인구 및 주택(1985)",II. 인구,전체,부산,ko,1,0.3572,125 294,125294,0.3,저신뢰,부 산 125 436 125 294 254
주택,1988,46,"6. 구ㆍ시ㆍ군별 가구, 인구 및 주택(1985)",II. 인구,전체,부산,ko,2,0.8891,254,254,1.0,,부 산 125 436 125 294 254
주택,1988,46,"6. 구ㆍ시ㆍ군별 가구, 인구 및 주택(1985)",II. 인구,전체,대구,ko,0,0.2669,500 087,500087,0.5,,대구직할시 500 087 499 592 2 028 370 1 004 584
주택,1988,46,"6. 구ㆍ시ㆍ군별 가구, 인구 및 주택(1985)",II. 인구,전체,대구,ko,1,0.3552,499 592,499592,1.0,,대구직할시 500 087 499 592 2 028 370 1 004 584
주택,1988,46,"6. 구ㆍ시ㆍ군별 가구, 인구 및 주택(1985)",II. 인구,전체,대구,ko,2,0.7721,2 028 370 1 004 584,20283701004584,1.0,과병합의심,대구직할시 500 087 499 592 2 028 370 1 004 584
주택,1988,46,"6. 구ㆍ시ㆍ군별 가구, 인구 및 주택(1985)",II. 인구,전체,인천,ko,0,0.2668,339 580,339580,1.0,,인천직할시 339 580 338 978 802 1 386 911 892 518 894 395 1 384 918 891 447
주택,1988,46,"6. 구ㆍ시ㆍ군별 가구, 인구 및 주택(1985)",II. 인구,전체,인천,ko,1,0.3552,338 978,338978,1.0,,인천직할시 339 580 338 978 802 1 386 911 892 518 894 395 1 384 918 891 447
주택,1988,46,"6. 구ㆍ시ㆍ군별 가구, 인구 및 주택(1985)",II. 인구,전체,인천,ko,2,0.4764,802,802,0.5,,인천직할시 339 580 338 978 802 1 386 911 892 518 894 395 1 384 918 891 447
주택,1988,46,"6. 구ㆍ시ㆍ군별 가구, 인구 및 주택(1985)",II. 인구,전체,인천,ko,3,0.5195,1 386 911,1386911,1.0,,인천직할시 339 580 338 978 802 1 386 911 892 518 894 395 1 384 918 891 447
주택,1988,46,"6. 구ㆍ시ㆍ군별 가구, 인구 및 주택(1985)",II. 인구,전체,인천,ko,4,0.6221,892 518,892518,0.3,저신뢰,인천직할시 339 580 338 978 802 1 386 911 892 518 894 395 1 384 918 891 447
주택,1988,46,"6. 구ㆍ시ㆍ군별 가구, 인구 및 주택(1985)",II. 인구,전체,인천,ko,5,0.7105,894 395 1 384 918,8943951384918,0.5,과병합의심,인천직할시 339 580 338 978 802 1 386 911 892 518 894 395 1 384 918 891 447
주택,1988,46,"6. 구ㆍ시ㆍ군별 가구, 인구 및 주택(1985)",II. 인구,전체,인천,ko,6,0.8891,891 447,891447,0.5,,인천직할시 339 580 338 978 802 1 386 911 892 518 894 395 1 384 918 891 447
주택,1988,46,"6. 구ㆍ시ㆍ군별 가구, 인구 및 주택(1985)",II. 인구,전체,경기,ko,0,0.2505,1 105 210 1 184 738,11052101184738,0.5,과병합의심,경 기 도 1 105 210 1 184 738 472 2 409 383 2 384 752 4 792 617 2 408 522
주택,1988,46,"6. 구ㆍ시ㆍ군별 가구, 인구 및 주택(1985)",II. 인구,전체,경기,ko,1,0.4764,472,472,1.0,,경 기 도 1 105 210 1 184 738 472 2 409 383 2 384 752 4 792 617 2 408 522
주택,1988,46,"6. 구ㆍ시ㆍ군별 가구, 인구 및 주택(1985)",II. 인구,전체,경기,ko,2,0.6056,2 409 383 2 384 752,24093832384752,1.0,과병합의심,경 기 도 1 105 210 1 184 738 472 2 409 383 2 384 752 4 792 617 2 408 522
주택,1988,46,"6. 구ㆍ시ㆍ군별 가구, 인구 및 주택(1985)",II. 인구,전체,경기,ko,3,0.7843,4 792 617,4792617,0.5,,경 기 도 1 105 210 1 184 738 472 2 409 383 2 384 752 4 792 617 2 408 522
주택,1988,46,"6. 구ㆍ시ㆍ군별 가구, 인구 및 주택(1985)",II. 인구,전체,경기,ko,4,0.8726,2 408 522,2408522,0.5,,경 기 도 1 105 210 1 184 738 472 2 409 383 2 384 752 4 792 617 2 408 522
주택,1989,48,"6. 구ㆍ시ㆍ군별 가구, 인구 및 주택(1985)",II. 인구,전체,서울,ko,0,0.2546,2 329 374 2 324 219,23293742324219,0.5,과병합의심,서 울특별시 2 329 374 2 324 219 5 155
주택,1989,48,"6. 구ㆍ시ㆍ군별 가구, 인구 및 주택(1985)",II. 인구,전체,서울,ko,1,0.46,5 155,5155,0.5,,서 울특별시 2 329 374 2 324 219 5 155
주택,1989,48,"6. 구ㆍ시ㆍ군별 가구, 인구 및 주택(1985)",II. 인구,전체,부산,ko,0,0.2689,840 016,840016,0.5,,부산직할시 840 016 838 929 1 087 3 514 798 376 778 422 512 113 1 734 875
주택,1989,48,"6. 구ㆍ시ㆍ군별 가구, 인구 및 주택(1985)",II. 인구,전체,부산,ko,1,0.3593,838 929,838929,0.3,저신뢰,부산직할시 840 016 838 929 1 087 3 514 798 376 778 422 512 113 1 734 875
주택,1989,48,"6. 구ㆍ시ㆍ군별 가구, 인구 및 주택(1985)",II. 인구,전체,부산,ko,2,0.46,1 087,1087,0.5,,부산직할시 840 016 838 929 1 087 3 514 798 376 778 422 512 113 1 734 875
주택,1989,48,"6. 구ㆍ시ㆍ군별 가구, 인구 및 주택(1985)",II. 인구,전체,부산,ko,3,0.5174,3 514 798,3514798,1.0,,부산직할시 840 016 838 929 1 087 3 514 798 376 778 422 512 113 1 734 875
주택,1989,48,"6. 구ㆍ시ㆍ군별 가구, 인구 및 주택(1985)",II. 인구,전체,부산,ko,4,0.6509,376,376,0.5,,부산직할시 840 016 838 929 1 087 3 514 798 376 778 422 512 113 1 734 875
주택,1989,48,"6. 구ㆍ시ㆍ군별 가구, 인구 및 주택(1985)",II. 인구,전체,부산,ko,5,0.7064,778 422,778422,1.0,,부산직할시 840 016 838 929 1 087 3 514 798 376 778 422 512 113 1 734 875
주택,1989,48,"6. 구ㆍ시ㆍ군별 가구, 인구 및 주택(1985)",II. 인구,전체,부산,ko,6,0.7926,512 113,512113,1.0,,부산직할시 840 016 838 929 1 087 3 514 798 376 778 422 512 113 1 734 875
주택,1989,48,"6. 구ㆍ시ㆍ군별 가구, 인구 및 주택(1985)",II. 인구,전체,부산,ko,7,0.8665,1 734 875,1734875,1.0,,부산직할시 840 016 838 929 1 087 3 514 798 376 778 422 512 113 1 734 875
주택,1989,48,"6. 구ㆍ시ㆍ군별 가구, 인구 및 주택(1985)",II. 인구,전체,부산,ko,0,0.273,125 436,125436,0.5,,부산 진 125 436 125 294 14 54
주택,1989,48,"6. 구ㆍ시ㆍ군별 가구, 인구 및 주택(1985)",II. 인구,전체,부산,ko,1,0.3593,125 294,125294,0.5,,부산 진 125 436 125 294 14 54
주택,1989,48,"6. 구ㆍ시ㆍ군별 가구, 인구 및 주택(1985)",II. 인구,전체,부산,ko,2,0.4764,14,14,1.0,,부산 진 125 436 125 294 14 54
주택,1989,48,"6. 구ㆍ시ㆍ군별 가구, 인구 및 주택(1985)",II. 인구,전체,부산,ko,3,0.8932,54,54,0.5,,부산 진 125 436 125 294 14 54
주택,1989,48,"6. 구ㆍ시ㆍ군별 가구, 인구 및 주택(1985)",II. 인구,전체,대구,ko,0,0.271,500 087,500087,0.5,,대 구 직 할 시 500 087 499 592 475 2 029 853 1 024 489 2 028 370 1 004 584
주택,1989,48,"6. 구ㆍ시ㆍ군별 가구, 인구 및 주택(1985)",II. 인구,전체,대구,ko,1,0.3572,499 592,499592,1.0,,대 구 직 할 시 500 087 499 592 475 2 029 853 1 024 489 2 028 370 1 004 584
주택,1989,48,"6. 구ㆍ시ㆍ군별 가구, 인구 및 주택(1985)",II. 인구,전체,대구,ko,2,0.4764,475,475,1.0,,대 구 직 할 시 500 087 499 592 475 2 029 853 1 024 489 2 028 370 1 004 584
주택,1989,48,"6. 구ㆍ시ㆍ군별 가구, 인구 및 주택(1985)",II. 인구,전체,대구,ko,3,0.5174,2 029 853,2029853,0.5,,대 구 직 할 시 500 087 499 592 475 2 029 853 1 024 489 2 028 370 1 004 584
주택,1989,48,"6. 구ㆍ시ㆍ군별 가구, 인구 및 주택(1985)",II. 인구,전체,대구,ko,4,0.6878,1 024 489 2 028 370 1 004 584,102448920283701004584,1.0,과병합의심,대 구 직 할 시 500 087 499 592 475 2 029 853 1 024 489 2 028 370 1 004 584
주택,1989,48,"6. 구ㆍ시ㆍ군별 가구, 인구 및 주택(1985)",II. 인구,전체,인천,ko,0,0.271,339 580,339580,0.5,,인천직할시 339 580 338 978 602 1 388 911 894 395 1 384 918 B91 447
주택,1989,48,"6. 구ㆍ시ㆍ군별 가구, 인구 및 주택(1985)",II. 인구,전체,인천,ko,1,0.3572,338 978,338978,1.0,,인천직할시 339 580 338 978 602 1 388 911 894 395 1 384 918 B91 447
주택,1989,48,"6. 구ㆍ시ㆍ군별 가구, 인구 및 주택(1985)",II. 인구,전체,인천,ko,2,0.4764,602 1 388 911,6021388911,0.5,과병합의심,인천직할시 339 580 338 978 602 1 388 911 894 395 1 384 918 B91 447
주택,1989,48,"6. 구ㆍ시ㆍ군별 가구, 인구 및 주택(1985)",II. 인구,전체,인천,ko,3,0.7064,894 395 1 384 918,8943951384918,0.5,과병합의심,인천직할시 339 580 338 978 602 1 388 911 894 395 1 384 918 B91 447
주택,1989,48,"6. 구ㆍ시ㆍ군별 가구, 인구 및 주택(1985)",II. 인구,전체,경기,ko,0,0.4825,472 4 794 135,4724794135,1.0,과병합의심,경 기 I 105 210 1 184 738 472 4 794 135 2 2 384 752 4 792 617 2 408 522
주택,1989,48,"6. 구ㆍ시ㆍ군별 가구, 인구 및 주택(1985)",II. 인구,전체,경기,ko,1,0.6099,2,2,0.5,,경 기 I 105 210 1 184 738 472 4 794 135 2 2 384 752 4 792 617 2 408 522
주택,1989,48,"6. 구ㆍ시ㆍ군별 가구, 인구 및 주택(1985)",II. 인구,전체,경기,ko,2,0.696,2 384 752 4 792 617,23847524792617,0.5,과병합의심,경 기 I 105 210 1 184 738 472 4 794 135 2 2 384 752 4 792 617 2 408 522
주택,1989,48,"6. 구ㆍ시ㆍ군별 가구, 인구 및 주택(1985)",II. 인구,전체,경기,ko,3,0.8706,2 408 522,2408522,0.3,저신뢰,경 기 I 105 210 1 184 738 472 4 794 135 2 2 384 752 4 792 617 2 408 522
주택,1990,44,"6. 구ㆍ시ㆍ군별 가구, 인구 및 주택(1985)",II. 인구,전체,서울,ko,0,0.2567,2 328 374 2 324 219,23283742324219,0.5,과병합의심,서 울특 별시 2 328 374 2 324 219 4 844 024 9 625 755 4 787 720
주택,1990,44,"6. 구ㆍ시ㆍ군별 가구, 인구 및 주택(1985)",II. 인구,전체,서울,ko,1,0.694,4 844 024 9 625 755 4 787 720,484402496257554787720,0.5,과병합의심,서 울특 별시 2 328 374 2 324 219 4 844 024 9 625 755 4 787 720
주택,1990,44,"6. 구ㆍ시ㆍ군별 가구, 인구 및 주택(1985)",II. 인구,전체,부산,ko,0,0.2731,840 016,840016,1.0,,부산 직 할 시 840 016 838 929 087 3 514 798 736 376 778 422 3 512 113 734 875
주택,1990,44,"6. 구ㆍ시ㆍ군별 가구, 인구 및 주택(1985)",II. 인구,전체,부산,ko,1,0.3614,838 929,838929,0.5,,부산 직 할 시 840 016 838 929 087 3 514 798 736 376 778 422 3 512 113 734 875
주택,1990,44,"6. 구ㆍ시ㆍ군별 가구, 인구 및 주택(1985)",II. 인구,전체,부산,ko,2,0.4825,087,87,1.0,,부산 직 할 시 840 016 838 929 087 3 514 798 736 376 778 422 3 512 113 734 875
주택,1990,44,"6. 구ㆍ시ㆍ군별 가구, 인구 및 주택(1985)",II. 인구,전체,부산,ko,3,0.5216,3 514 798,3514798,1.0,,부산 직 할 시 840 016 838 929 087 3 514 798 736 376 778 422 3 512 113 734 875
주택,1990,44,"6. 구ㆍ시ㆍ군별 가구, 인구 및 주택(1985)",II. 인구,전체,부산,ko,4,0.6242,736 376,736376,1.0,,부산 직 할 시 840 016 838 929 087 3 514 798 736 376 778 422 3 512 113 734 875
주택,1990,44,"6. 구ㆍ시ㆍ군별 가구, 인구 및 주택(1985)",II. 인구,전체,부산,ko,5,0.7125,778 422,778422,1.0,,부산 직 할 시 840 016 838 929 087 3 514 798 736 376 778 422 3 512 113 734 875
주택,1990,44,"6. 구ㆍ시ㆍ군별 가구, 인구 및 주택(1985)",II. 인구,전체,부산,ko,6,0.7864,3 512 113,3512113,1.0,,부산 직 할 시 840 016 838 929 087 3 514 798 736 376 778 422 3 512 113 734 875
주택,1990,44,"6. 구ㆍ시ㆍ군별 가구, 인구 및 주택(1985)",II. 인구,전체,부산,ko,7,0.8891,734 875,734875,1.0,,부산 직 할 시 840 016 838 929 087 3 514 798 736 376 778 422 3 512 113 734 875
주택,1990,44,"6. 구ㆍ시ㆍ군별 가구, 인구 및 주택(1985)",II. 인구,전체,대구,ko,0,0.273,500 067,500067,0.5,,대구직할시 500 067 499 592 1 005 364 1 024 489 2 028 370 1 004 564
주택,1990,44,"6. 구ㆍ시ㆍ군별 가구, 인구 및 주택(1985)",II. 인구,전체,대구,ko,1,0.3614,499 592,499592,0.5,,대구직할시 500 067 499 592 1 005 364 1 024 489 2 028 370 1 004 564
주택,1990,44,"6. 구ㆍ시ㆍ군별 가구, 인구 및 주택(1985)",II. 인구,전체,대구,ko,2,0.6078,1 005 364 1 024 489 2 028 370 1 004 564,1005364102448920283701004564,0.5,과병합의심,대구직할시 500 067 499 592 1 005 364 1 024 489 2 028 370 1 004 564
주택,1990,44,"6. 구ㆍ시ㆍ군별 가구, 인구 및 주택(1985)",II. 인구,전체,인천,ko,0,0.2731,339 580,339580,1.0,,인천직할시 339 580 338 978 602 1388 911 692 518 894 395 1 384 916 691 447
주택,1990,44,"6. 구ㆍ시ㆍ군별 가구, 인구 및 주택(1985)",II. 인구,전체,인천,ko,1,0.3614,338 978,338978,1.0,,인천직할시 339 580 338 978 602 1388 911 692 518 894 395 1 384 916 691 447
주택,1990,44,"6. 구ㆍ시ㆍ군별 가구, 인구 및 주택(1985)",II. 인구,전체,인천,ko,2,0.4805,602,602,1.0,,인천직할시 339 580 338 978 602 1388 911 692 518 894 395 1 384 916 691 447
주택,1990,44,"6. 구ㆍ시ㆍ군별 가구, 인구 및 주택(1985)",II. 인구,전체,인천,ko,3,0.5215,1388 911,1388911,0.3,저신뢰,인천직할시 339 580 338 978 602 1388 911 692 518 894 395 1 384 916 691 447
주택,1990,44,"6. 구ㆍ시ㆍ군별 가구, 인구 및 주택(1985)",II. 인구,전체,인천,ko,4,0.6242,692 518,692518,0.5,,인천직할시 339 580 338 978 602 1388 911 692 518 894 395 1 384 916 691 447
주택,1990,44,"6. 구ㆍ시ㆍ군별 가구, 인구 및 주택(1985)",II. 인구,전체,인천,ko,5,0.7125,894 395 1 384 916,8943951384916,1.0,과병합의심,인천직할시 339 580 338 978 602 1388 911 692 518 894 395 1 384 916 691 447
주택,1990,44,"6. 구ㆍ시ㆍ군별 가구, 인구 및 주택(1985)",II. 인구,전체,인천,ko,6,0.8871,691 447,691447,0.5,,인천직할시 339 580 338 978 602 1388 911 692 518 894 395 1 384 916 691 447
주택,1990,44,"6. 구ㆍ시ㆍ군별 가구, 인구 및 주택(1985)",II. 인구,전체,경기,ko,0,0.2608,1 185 210 1 164 738,11852101164738,0.5,과병합의심,경 기 도 1 185 210 1 164 738 4 794 135 2 409 383 2 384 752 4 792 617 2 408 522
주택,1990,44,"6. 구ㆍ시ㆍ군별 가구, 인구 및 주택(1985)",II. 인구,전체,경기,ko,1,0.5254,4 794 135 2 409 383 2 384 752 4 792 617 2 408 522,47941352409383238475247926172408522,0.3,저신뢰|과병합의심,경 기 도 1 185 210 1 164 738 4 794 135 2 409 383 2 384 752 4 792 617 2 408 522
주택,1991,44,"6. 구ㆍ시ㆍ군별 가구, 인구 및 주택(1990)",II. 인구,전체,전국,ko,0,0.1725,11 303 718 11 357 180,1130371811357180,1.0,과병합의심,전 국 11 303 718 11 357 180 844 844 21 675 355 43 499 674 21 833 809 21 868 085
주택,1991,44,"6. 구ㆍ시ㆍ군별 가구, 인구 및 주택(1990)",II. 인구,전체,전국,ko,1,0.5195,844 844 21 675 355 43 499 674 21 833 809 21 868 085,84484421675355434996742183380921868085,1.0,과병합의심,전 국 11 303 718 11 357 180 844 844 21 675 355 43 499 674 21 833 809 21 868 085
주택,1991,44,"6. 구ㆍ시ㆍ군별 가구, 인구 및 주택(1990)",II. 인구,전체,서울,ko,0,0.1807,2 820 168 2 817 251,28201682817251,1.0,과병합의심,서 울특별시 2 820 168 2 817 251 336 684 5 291 128 10 618 463 5 331 680 5 286 783
주택,1991,44,"6. 구ㆍ시ㆍ군별 가구, 인구 및 주택(1990)",II. 인구,전체,서울,ko,1,0.5195,336 684 5 291 128 10 618 463 5 331 680 5 286 783,33668452911281061846353316805286783,0.5,과병합의심,서 울특별시 2 820 168 2 817 251 336 684 5 291 128 10 618 463 5 331 680 5 286 783
주택,1991,44,"6. 구ㆍ시ㆍ군별 가구, 인구 및 주택(1990)",II. 인구,전체,부산,ko,0,0.1971,993 864,993864,1.0,,부 산 직 할 시 993 864 993 206 658 3 797 882 991 914 575 345 881 789 913 556
주택,1991,44,"6. 구ㆍ시ㆍ군별 가구, 인구 및 주택(1990)",II. 인구,전체,부산,ko,1,0.2834,993 206,993206,1.0,,부 산 직 할 시 993 864 993 206 658 3 797 882 991 914 575 345 881 789 913 556
주택,1991,44,"6. 구ㆍ시ㆍ군별 가구, 인구 및 주택(1990)",II. 인구,전체,부산,ko,2,0.3799,658,658,1.0,,부 산 직 할 시 993 864 993 206 658 3 797 882 991 914 575 345 881 789 913 556
주택,1991,44,"6. 구ㆍ시ㆍ군별 가구, 인구 및 주택(1990)",II. 인구,전체,부산,ko,3,0.4189,3 797,3797,0.3,저신뢰,부 산 직 할 시 993 864 993 206 658 3 797 882 991 914 575 345 881 789 913 556
주택,1991,44,"6. 구ㆍ시ㆍ군별 가구, 인구 및 주택(1990)",II. 인구,전체,부산,ko,4,0.5216,882 991,882991,1.0,,부 산 직 할 시 993 864 993 206 658 3 797 882 991 914 575 345 881 789 913 556
주택,1991,44,"6. 구ㆍ시ㆍ군별 가구, 인구 및 주택(1990)",II. 인구,전체,부산,ko,5,0.6078,914 575,914575,1.0,,부 산 직 할 시 993 864 993 206 658 3 797 882 991 914 575 345 881 789 913 556
주택,1991,44,"6. 구ㆍ시ㆍ군별 가구, 인구 및 주택(1990)",II. 인구,전체,부산,ko,6,0.7289,345,345,1.0,,부 산 직 할 시 993 864 993 206 658 3 797 882 991 914 575 345 881 789 913 556
주택,1991,44,"6. 구ㆍ시ㆍ군별 가구, 인구 및 주택(1990)",II. 인구,전체,부산,ko,7,0.7844,881 789,881789,1.0,,부 산 직 할 시 993 864 993 206 658 3 797 882 991 914 575 345 881 789 913 556
주택,1991,44,"6. 구ㆍ시ㆍ군별 가구, 인구 및 주택(1990)",II. 인구,전체,부산,ko,8,0.8727,913 556,913556,1.0,,부 산 직 할 시 993 864 993 206 658 3 797 882 991 914 575 345 881 789 913 556
주택,1991,44,"6. 구ㆍ시ㆍ군별 가구, 인구 및 주택(1990)",II. 인구,전체,대구,ko,0,0.195,597 037,597037,0.5,,대구직할시 597 037 596 701 338 2 228 113 282 1 115 552 2 227 773 1 112 729 1 115 044
주택,1991,44,"6. 구ㆍ시ㆍ군별 가구, 인구 및 주택(1990)",II. 인구,전체,대구,ko,1,0.2834,596 701,596701,1.0,,대구직할시 597 037 596 701 338 2 228 113 282 1 115 552 2 227 773 1 112 729 1 115 044
주택,1991,44,"6. 구ㆍ시ㆍ군별 가구, 인구 및 주택(1990)",II. 인구,전체,대구,ko,2,0.3778,338,338,1.0,,대구직할시 597 037 596 701 338 2 228 113 282 1 115 552 2 227 773 1 112 729 1 115 044
주택,1991,44,"6. 구ㆍ시ㆍ군별 가구, 인구 및 주택(1990)",II. 인구,전체,대구,ko,3,0.4168,2 228,2228,1.0,,대구직할시 597 037 596 701 338 2 228 113 282 1 115 552 2 227 773 1 112 729 1 115 044
주택,1991,44,"6. 구ㆍ시ㆍ군별 가구, 인구 및 주택(1990)",II. 인구,전체,대구,ko,4,0.5174,113 282,113282,1.0,,대구직할시 597 037 596 701 338 2 228 113 282 1 115 552 2 227 773 1 112 729 1 115 044
주택,1991,44,"6. 구ㆍ시ㆍ군별 가구, 인구 및 주택(1990)",II. 인구,전체,대구,ko,5,0.5914,1 115 552,1115552,0.5,,대구직할시 597 037 596 701 338 2 228 113 282 1 115 552 2 227 773 1 112 729 1 115 044
주택,1991,44,"6. 구ㆍ시ㆍ군별 가구, 인구 및 주택(1990)",II. 인구,전체,대구,ko,6,0.6797,2 227 773,2227773,0.5,,대구직할시 597 037 596 701 338 2 228 113 282 1 115 552 2 227 773 1 112 729 1 115 044
주택,1991,44,"6. 구ㆍ시ㆍ군별 가구, 인구 및 주택(1990)",II. 인구,전체,대구,ko,7,0.7659,1 112 729 1 115 044,11127291115044,1.0,과병합의심,대구직할시 597 037 596 701 338 2 228 113 282 1 115 552 2 227 773 1 112 729 1 115 044
주택,1991,44,"6. 구ㆍ시ㆍ군별 가구, 인구 및 주택(1990)",II. 인구,전체,인천,ko,0,0.195,486 936,486936,0.5,,인천직할시 486 936 486 470 466 915 828 902 465 1 818 702 914 987 901 715
주택,1991,44,"6. 구ㆍ시ㆍ군별 가구, 인구 및 주택(1990)",II. 인구,전체,인천,ko,1,0.2813,486 470,486470,0.3,저신뢰,인천직할시 486 936 486 470 466 915 828 902 465 1 818 702 914 987 901 715
주택,1991,44,"6. 구ㆍ시ㆍ군별 가구, 인구 및 주택(1990)",II. 인구,전체,인천,ko,2,0.3778,466,466,0.5,,인천직할시 486 936 486 470 466 915 828 902 465 1 818 702 914 987 901 715
주택,1991,44,"6. 구ㆍ시ㆍ군별 가구, 인구 및 주택(1990)",II. 인구,전체,인천,ko,3,0.5173,915 828,915828,1.0,,인천직할시 486 936 486 470 466 915 828 902 465 1 818 702 914 987 901 715
주택,1991,44,"6. 구ㆍ시ㆍ군별 가구, 인구 및 주택(1990)",II. 인구,전체,인천,ko,4,0.6058,902 465,902465,1.0,,인천직할시 486 936 486 470 466 915 828 902 465 1 818 702 914 987 901 715
주택,1991,44,"6. 구ㆍ시ㆍ군별 가구, 인구 및 주택(1990)",II. 인구,전체,인천,ko,5,0.6776,1 818 702,1818702,0.3,저신뢰,인천직할시 486 936 486 470 466 915 828 902 465 1 818 702 914 987 901 715
주택,1991,44,"6. 구ㆍ시ㆍ군별 가구, 인구 및 주택(1990)",II. 인구,전체,인천,ko,6,0.7803,914 987,914987,1.0,,인천직할시 486 936 486 470 466 915 828 902 465 1 818 702 914 987 901 715
주택,1991,44,"6. 구ㆍ시ㆍ군별 가구, 인구 및 주택(1990)",II. 인구,전체,인천,ko,7,0.8665,901 715,901715,1.0,,인천직할시 486 936 486 470 466 915 828 902 465 1 818 702 914 987 901 715
주택,1992,44,"6. 구ㆍ시ㆍ군별 가구, 인구 및 주택(1990)",II. 인구,전체,전국,ko,0,0.1951,11 361 096 11 354 540,1136109611354540,1.0,과병합의심,전 국 11 361 096 11 354 540 21 628 745 43 390 374 21 770 919 21 619 455
주택,1992,44,"6. 구ㆍ시ㆍ군별 가구, 인구 및 주택(1990)",II. 인구,전체,전국,ko,1,0.6078,21 628 745 43 390 374 21 770 919 21 619 455,21628745433903742177091921619455,1.0,과병합의심,전 국 11 361 096 11 354 540 21 628 745 43 390 374 21 770 919 21 619 455
주택,1992,44,"6. 구ㆍ시ㆍ군별 가구, 인구 및 주택(1990)",II. 인구,전체,서울,ko,0,0.2031,2 817 762 2 814 845,28177622814845,0.5,과병합의심,서울특별시 2 817 762 2 814 845 2 917 10 612 577 5 286 236 10 603 250 5 321 357 5 281 893
주택,1992,44,"6. 구ㆍ시ㆍ군별 가구, 인구 및 주택(1990)",II. 인구,전체,서울,ko,1,0.386,2 917 10 612 577,291710612577,0.5,과병합의심,서울특별시 2 817 762 2 814 845 2 917 10 612 577 5 286 236 10 603 250 5 321 357 5 281 893
주택,1992,44,"6. 구ㆍ시ㆍ군별 가구, 인구 및 주택(1990)",II. 인구,전체,서울,ko,2,0.6119,5 286 236 10 603 250 5 321 357 5 281 893,52862361060325053213575281893,1.0,과병합의심,서울특별시 2 817 762 2 814 845 2 917 10 612 577 5 286 236 10 603 250 5 321 357 5 281 893
주택,1992,44,"6. 구ㆍ시ㆍ군별 가구, 인구 및 주택(1990)",II. 인구,전체,부산,ko,0,0.2218,994 033,994033,1.0,,부 산 직 할 시 994 033 993 375 658 798 113 881 926 916 187 795 892 880 724 915 168
주택,1992,44,"6. 구ㆍ시ㆍ군별 가구, 인구 및 주택(1990)",II. 인구,전체,부산,ko,1,0.3101,993 375,993375,1.0,,부 산 직 할 시 994 033 993 375 658 798 113 881 926 916 187 795 892 880 724 915 168
주택,1992,44,"6. 구ㆍ시ㆍ군별 가구, 인구 및 주택(1990)",II. 인구,전체,부산,ko,2,0.4066,658,658,1.0,,부 산 직 할 시 994 033 993 375 658 798 113 881 926 916 187 795 892 880 724 915 168
주택,1992,44,"6. 구ㆍ시ㆍ군별 가구, 인구 및 주택(1990)",II. 인구,전체,부산,ko,3,0.462,798 113,798113,1.0,,부 산 직 할 시 994 033 993 375 658 798 113 881 926 916 187 795 892 880 724 915 168
주택,1992,44,"6. 구ㆍ시ㆍ군별 가구, 인구 및 주택(1990)",II. 인구,전체,부산,ko,4,0.5503,881 926,881926,1.0,,부 산 직 할 시 994 033 993 375 658 798 113 881 926 916 187 795 892 880 724 915 168
주택,1992,44,"6. 구ㆍ시ㆍ군별 가구, 인구 및 주택(1990)",II. 인구,전체,부산,ko,5,0.6386,916 187,916187,1.0,,부 산 직 할 시 994 033 993 375 658 798 113 881 926 916 187 795 892 880 724 915 168
주택,1992,44,"6. 구ㆍ시ㆍ군별 가구, 인구 및 주택(1990)",II. 인구,전체,부산,ko,6,0.7248,795 892,795892,0.5,,부 산 직 할 시 994 033 993 375 658 798 113 881 926 916 187 795 892 880 724 915 168
주택,1992,44,"6. 구ㆍ시ㆍ군별 가구, 인구 및 주택(1990)",II. 인구,전체,부산,ko,7,0.8131,880 724,880724,0.3,저신뢰,부 산 직 할 시 994 033 993 375 658 798 113 881 926 916 187 795 892 880 724 915 168
주택,1992,44,"6. 구ㆍ시ㆍ군별 가구, 인구 및 주택(1990)",II. 인구,전체,부산,ko,8,0.9014,915 168,915168,1.0,,부 산 직 할 시 994 033 993 375 658 798 113 881 926 916 187 795 892 880 724 915 168
주택,1992,44,"6. 구ㆍ시ㆍ군별 가구, 인구 및 주택(1990)",II. 인구,전체,대구,ko,0,0.2197,597 486,597486,1.0,,대구직할시 597 486 597 150 336 040 1 113 242 1 115 798 2 227 979 1 112 689 1 115 290
주택,1992,44,"6. 구ㆍ시ㆍ군별 가구, 인구 및 주택(1990)",II. 인구,전체,대구,ko,1,0.308,597 150,597150,1.0,,대구직할시 597 486 597 150 336 040 1 113 242 1 115 798 2 227 979 1 112 689 1 115 290
주택,1992,44,"6. 구ㆍ시ㆍ군별 가구, 인구 및 주택(1990)",II. 인구,전체,대구,ko,2,0.4045,336,336,1.0,,대구직할시 597 486 597 150 336 040 1 113 242 1 115 798 2 227 979 1 112 689 1 115 290
주택,1992,44,"6. 구ㆍ시ㆍ군별 가구, 인구 및 주택(1990)",II. 인구,전체,대구,ko,3,0.4908,040,40,1.0,,대구직할시 597 486 597 150 336 040 1 113 242 1 115 798 2 227 979 1 112 689 1 115 290
주택,1992,44,"6. 구ㆍ시ㆍ군별 가구, 인구 및 주택(1990)",II. 인구,전체,대구,ko,4,0.5318,1 113 242,1113242,1.0,,대구직할시 597 486 597 150 336 040 1 113 242 1 115 798 2 227 979 1 112 689 1 115 290
주택,1992,44,"6. 구ㆍ시ㆍ군별 가구, 인구 및 주택(1990)",II. 인구,전체,대구,ko,5,0.6201,1 115 798,1115798,0.5,,대구직할시 597 486 597 150 336 040 1 113 242 1 115 798 2 227 979 1 112 689 1 115 290
주택,1992,44,"6. 구ㆍ시ㆍ군별 가구, 인구 및 주택(1990)",II. 인구,전체,대구,ko,6,0.7084,2 227 979,2227979,1.0,,대구직할시 597 486 597 150 336 040 1 113 242 1 115 798 2 227 979 1 112 689 1 115 290
주택,1992,44,"6. 구ㆍ시ㆍ군별 가구, 인구 및 주택(1990)",II. 인구,전체,대구,ko,7,0.7947,1 112 689,1112689,0.3,저신뢰,대구직할시 597 486 597 150 336 040 1 113 242 1 115 798 2 227 979 1 112 689 1 115 290
주택,1992,44,"6. 구ㆍ시ㆍ군별 가구, 인구 및 주택(1990)",II. 인구,전체,대구,ko,8,0.883,1 115 290,1115290,1.0,,대구직할시 597 486 597 150 336 040 1 113 242 1 115 798 2 227 979 1 112 689 1 115 290
주택,1992,44,"6. 구ㆍ시ㆍ군별 가구, 인구 및 주택(1990)",II. 인구,전체,인천,ko,0,0.2156,485 870,485870,1.0,,인천직할시 485 870 485 404 466 1 817 919 915 079 902 840 1 816 328 914 238 902 090
주택,1992,44,"6. 구ㆍ시ㆍ군별 가구, 인구 및 주택(1990)",II. 인구,전체,인천,ko,1,0.3059,485 404,485404,1.0,,인천직할시 485 870 485 404 466 1 817 919 915 079 902 840 1 816 328 914 238 902 090
주택,1992,44,"6. 구ㆍ시ㆍ군별 가구, 인구 및 주택(1990)",II. 인구,전체,인천,ko,2,0.4025,466,466,1.0,,인천직할시 485 870 485 404 466 1 817 919 915 079 902 840 1 816 328 914 238 902 090
주택,1992,44,"6. 구ㆍ시ㆍ군별 가구, 인구 및 주택(1990)",II. 인구,전체,인천,ko,3,0.4435,1 817 919,1817919,1.0,,인천직할시 485 870 485 404 466 1 817 919 915 079 902 840 1 816 328 914 238 902 090
주택,1992,44,"6. 구ㆍ시ㆍ군별 가구, 인구 및 주택(1990)",II. 인구,전체,인천,ko,4,0.5462,915 079,915079,1.0,,인천직할시 485 870 485 404 466 1 817 919 915 079 902 840 1 816 328 914 238 902 090
주택,1992,44,"6. 구ㆍ시ㆍ군별 가구, 인구 및 주택(1990)",II. 인구,전체,인천,ko,5,0.6345,902 840,902840,0.5,,인천직할시 485 870 485 404 466 1 817 919 915 079 902 840 1 816 328 914 238 902 090
주택,1992,44,"6. 구ㆍ시ㆍ군별 가구, 인구 및 주택(1990)",II. 인구,전체,인천,ko,6,0.7063,1 816 328,1816328,1.0,,인천직할시 485 870 485 404 466 1 817 919 915 079 902 840 1 816 328 914 238 902 090
주택,1992,44,"6. 구ㆍ시ㆍ군별 가구, 인구 및 주택(1990)",II. 인구,전체,인천,ko,7,0.809,914 238,914238,1.0,,인천직할시 485 870 485 404 466 1 817 919 915 079 902 840 1 816 328 914 238 902 090
주택,1992,44,"6. 구ㆍ시ㆍ군별 가구, 인구 및 주택(1990)",II. 인구,전체,인천,ko,8,0.8973,902 090,902090,1.0,,인천직할시 485 870 485 404 466 1 817 919 915 079 902 840 1 816 328 914 238 902 090
주택,1993,44,"7. 구ㆍ시ㆍ군별 가구, 인구 및 주택(1990)",II. 인구,전체,서울,ko,0,0.2094,2 817 762 2 814 845,28177622814845,0.5,과병합의심,서 울특 별시 2 817 762 2 814 845 2 917 10 612 577 5 326 341 5 286 236 10 603 250 5 321 357 5 281 893
주택,1993,44,"7. 구ㆍ시ㆍ군별 가구, 인구 및 주택(1990)",II. 인구,전체,서울,ko,1,0.3922,2 917 10 612 577,291710612577,0.5,과병합의심,서 울특 별시 2 817 762 2 814 845 2 917 10 612 577 5 326 341 5 286 236 10 603 250 5 321 357 5 281 893
주택,1993,44,"7. 구ㆍ시ㆍ군별 가구, 인구 및 주택(1990)",II. 인구,전체,서울,ko,2,0.5359,5 326 341 5 286 236 10 603 250 5 321 357 5 281 893,532634152862361060325053213575281893,1.0,과병합의심,서 울특 별시 2 817 762 2 814 845 2 917 10 612 577 5 326 341 5 286 236 10 603 250 5 321 357 5 281 893
주택,1993,44,"7. 구ㆍ시ㆍ군별 가구, 인구 및 주택(1990)",II. 인구,전체,부산,ko,0,0.3162,993 375,993375,1.0,,부산직할시 993 375 3 798 113 881 926 916 187 3 795 892 880 724 915 168
주택,1993,44,"7. 구ㆍ시ㆍ군별 가구, 인구 및 주택(1990)",II. 인구,전체,부산,ko,1,0.4497,3 798 113,3798113,1.0,,부산직할시 993 375 3 798 113 881 926 916 187 3 795 892 880 724 915 168
주택,1993,44,"7. 구ㆍ시ㆍ군별 가구, 인구 및 주택(1990)",II. 인구,전체,부산,ko,2,0.5524,881 926,881926,1.0,,부산직할시 993 375 3 798 113 881 926 916 187 3 795 892 880 724 915 168
주택,1993,44,"7. 구ㆍ시ㆍ군별 가구, 인구 및 주택(1990)",II. 인구,전체,부산,ko,3,0.6386,916 187,916187,1.0,,부산직할시 993 375 3 798 113 881 926 916 187 3 795 892 880 724 915 168
주택,1993,44,"7. 구ㆍ시ㆍ군별 가구, 인구 및 주택(1990)",II. 인구,전체,부산,ko,4,0.7105,3 795 892,3795892,1.0,,부산직할시 993 375 3 798 113 881 926 916 187 3 795 892 880 724 915 168
주택,1993,44,"7. 구ㆍ시ㆍ군별 가구, 인구 및 주택(1990)",II. 인구,전체,부산,ko,5,0.8131,880 724,880724,0.3,저신뢰,부산직할시 993 375 3 798 113 881 926 916 187 3 795 892 880 724 915 168
주택,1993,44,"7. 구ㆍ시ㆍ군별 가구, 인구 및 주택(1990)",II. 인구,전체,부산,ko,6,0.9014,915 168,915168,1.0,,부산직할시 993 375 3 798 113 881 926 916 187 3 795 892 880 724 915 168
주택,1993,44,"7. 구ㆍ시ㆍ군별 가구, 인구 및 주택(1990)",II. 인구,전체,대구,ko,0,0.2259,597 486,597486,1.0,,대구직할시 597 486 597 150 336 2 229 040 1 113 242 1 115 798 2 227 979 1 112 689 1 115 290
주택,1993,44,"7. 구ㆍ시ㆍ군별 가구, 인구 및 주택(1990)",II. 인구,전체,대구,ko,1,0.3121,597 150,597150,1.0,,대구직할시 597 486 597 150 336 2 229 040 1 113 242 1 115 798 2 227 979 1 112 689 1 115 290
주택,1993,44,"7. 구ㆍ시ㆍ군별 가구, 인구 및 주택(1990)",II. 인구,전체,대구,ko,2,0.4086,336 2 229 040,3362229040,1.0,과병합의심,대구직할시 597 486 597 150 336 2 229 040 1 113 242 1 115 798 2 227 979 1 112 689 1 115 290
주택,1993,44,"7. 구ㆍ시ㆍ군별 가구, 인구 및 주택(1990)",II. 인구,전체,대구,ko,3,0.5339,1 113 242,1113242,0.5,,대구직할시 597 486 597 150 336 2 229 040 1 113 242 1 115 798 2 227 979 1 112 689 1 115 290
주택,1993,44,"7. 구ㆍ시ㆍ군별 가구, 인구 및 주택(1990)",II. 인구,전체,대구,ko,4,0.6201,1 115 798,1115798,0.5,,대구직할시 597 486 597 150 336 2 229 040 1 113 242 1 115 798 2 227 979 1 112 689 1 115 290
주택,1993,44,"7. 구ㆍ시ㆍ군별 가구, 인구 및 주택(1990)",II. 인구,전체,대구,ko,5,0.7084,2 227 979,2227979,1.0,,대구직할시 597 486 597 150 336 2 229 040 1 113 242 1 115 798 2 227 979 1 112 689 1 115 290
주택,1993,44,"7. 구ㆍ시ㆍ군별 가구, 인구 및 주택(1990)",II. 인구,전체,대구,ko,6,0.7947,1 112 689,1112689,1.0,,대구직할시 597 486 597 150 336 2 229 040 1 113 242 1 115 798 2 227 979 1 112 689 1 115 290
주택,1993,44,"7. 구ㆍ시ㆍ군별 가구, 인구 및 주택(1990)",II. 인구,전체,대구,ko,7,0.8829,1 115 290,1115290,1.0,,대구직할시 597 486 597 150 336 2 229 040 1 113 242 1 115 798 2 227 979 1 112 689 1 115 290
주택,1993,44,"7. 구ㆍ시ㆍ군별 가구, 인구 및 주택(1990)",II. 인구,전체,인천,ko,0,0.2238,485 870,485870,0.5,,인 천 직 할 시 485 870 485 404 466 817 919 915 079 902 840 1 816 328 914 238 902 090
주택,1993,44,"7. 구ㆍ시ㆍ군별 가구, 인구 및 주택(1990)",II. 인구,전체,인천,ko,1,0.3101,485 404,485404,0.5,,인 천 직 할 시 485 870 485 404 466 817 919 915 079 902 840 1 816 328 914 238 902 090
주택,1993,44,"7. 구ㆍ시ㆍ군별 가구, 인구 및 주택(1990)",II. 인구,전체,인천,ko,2,0.4066,466,466,0.5,,인 천 직 할 시 485 870 485 404 466 817 919 915 079 902 840 1 816 328 914 238 902 090
주택,1993,44,"7. 구ㆍ시ㆍ군별 가구, 인구 및 주택(1990)",II. 인구,전체,인천,ko,3,0.462,817 919,817919,1.0,,인 천 직 할 시 485 870 485 404 466 817 919 915 079 902 840 1 816 328 914 238 902 090
주택,1993,44,"7. 구ㆍ시ㆍ군별 가구, 인구 및 주택(1990)",II. 인구,전체,인천,ko,4,0.5482,915 079,915079,0.5,,인 천 직 할 시 485 870 485 404 466 817 919 915 079 902 840 1 816 328 914 238 902 090
주택,1993,44,"7. 구ㆍ시ㆍ군별 가구, 인구 및 주택(1990)",II. 인구,전체,인천,ko,5,0.6365,902 840,902840,1.0,,인 천 직 할 시 485 870 485 404 466 817 919 915 079 902 840 1 816 328 914 238 902 090
주택,1993,44,"7. 구ㆍ시ㆍ군별 가구, 인구 및 주택(1990)",II. 인구,전체,인천,ko,6,0.7064,1 816 328,1816328,1.0,,인 천 직 할 시 485 870 485 404 466 817 919 915 079 902 840 1 816 328 914 238 902 090
주택,1993,44,"7. 구ㆍ시ㆍ군별 가구, 인구 및 주택(1990)",II. 인구,전체,인천,ko,7,0.809,914 238,914238,0.5,,인 천 직 할 시 485 870 485 404 466 817 919 915 079 902 840 1 816 328 914 238 902 090
주택,1993,44,"7. 구ㆍ시ㆍ군별 가구, 인구 및 주택(1990)",II. 인구,전체,인천,ko,8,0.8973,902 090,902090,0.5,,인 천 직 할 시 485 870 485 404 466 817 919 915 079 902 840 1 816 328 914 238 902 090
주택,1994,52,"7. 구ㆍ시ㆍ군별 가구, 인구 및 주택(1990)",II. 인구,전체,서울,ko,0,0.197,2 817 762,2817762,1.0,,서울특별시 2 817 762 2 814 845 2917 10 612 577 5 286 236 10 603 250 5 321 357 5 281 893
주택,1994,52,"7. 구ㆍ시ㆍ군별 가구, 인구 및 주택(1990)",II. 인구,전체,서울,ko,1,0.2812,2 814 845,2814845,1.0,,서울특별시 2 817 762 2 814 845 2917 10 612 577 5 286 236 10 603 250 5 321 357 5 281 893
주택,1994,52,"7. 구ㆍ시ㆍ군별 가구, 인구 및 주택(1990)",II. 인구,전체,서울,ko,2,0.3942,2917 10 612 577,291710612577,0.3,저신뢰|과병합의심,서울특별시 2 817 762 2 814 845 2917 10 612 577 5 286 236 10 603 250 5 321 357 5 281 893
주택,1994,52,"7. 구ㆍ시ㆍ군별 가구, 인구 및 주택(1990)",II. 인구,전체,서울,ko,3,0.6201,5 286 236 10 603 250,528623610603250,0.5,과병합의심,서울특별시 2 817 762 2 814 845 2917 10 612 577 5 286 236 10 603 250 5 321 357 5 281 893
주택,1994,52,"7. 구ㆍ시ㆍ군별 가구, 인구 및 주택(1990)",II. 인구,전체,서울,ko,4,0.7926,5 321 357,5321357,0.3,저신뢰,서울특별시 2 817 762 2 814 845 2917 10 612 577 5 286 236 10 603 250 5 321 357 5 281 893
주택,1994,52,"7. 구ㆍ시ㆍ군별 가구, 인구 및 주택(1990)",II. 인구,전체,서울,ko,5,0.8747,5 281 893,5281893,0.5,,서울특별시 2 817 762 2 814 845 2917 10 612 577 5 286 236 10 603 250 5 321 357 5 281 893
주택,1994,52,"7. 구ㆍ시ㆍ군별 가구, 인구 및 주택(1990)",II. 인구,전체,부산,ko,0,0.2135,994 033,994033,0.5,,부 산 직 994 033 993 375 658 3 798 113 1 916 187 3 795 892 1 880 724 1 915 168
주택,1994,52,"7. 구ㆍ시ㆍ군별 가구, 인구 및 주택(1990)",II. 인구,전체,부산,ko,1,0.2976,993 375,993375,1.0,,부 산 직 994 033 993 375 658 3 798 113 1 916 187 3 795 892 1 880 724 1 915 168
주택,1994,52,"7. 구ㆍ시ㆍ군별 가구, 인구 및 주택(1990)",II. 인구,전체,부산,ko,2,0.4107,658,658,0.5,,부 산 직 994 033 993 375 658 3 798 113 1 916 187 3 795 892 1 880 724 1 915 168
주택,1994,52,"7. 구ㆍ시ㆍ군별 가구, 인구 및 주택(1990)",II. 인구,전체,부산,ko,3,0.4537,3 798 113,3798113,0.5,,부 산 직 994 033 993 375 658 3 798 113 1 916 187 3 795 892 1 880 724 1 915 168
주택,1994,52,"7. 구ㆍ시ㆍ군별 가구, 인구 및 주택(1990)",II. 인구,전체,부산,ko,4,0.6241,1 916 187,1916187,1.0,,부 산 직 994 033 993 375 658 3 798 113 1 916 187 3 795 892 1 880 724 1 915 168
주택,1994,52,"7. 구ㆍ시ㆍ군별 가구, 인구 및 주택(1990)",II. 인구,전체,부산,ko,5,0.7084,3 795 892,3795892,1.0,,부 산 직 994 033 993 375 658 3 798 113 1 916 187 3 795 892 1 880 724 1 915 168
주택,1994,52,"7. 구ㆍ시ㆍ군별 가구, 인구 및 주택(1990)",II. 인구,전체,부산,ko,6,0.7925,1 880 724,1880724,0.5,,부 산 직 994 033 993 375 658 3 798 113 1 916 187 3 795 892 1 880 724 1 915 168
주택,1994,52,"7. 구ㆍ시ㆍ군별 가구, 인구 및 주택(1990)",II. 인구,전체,부산,ko,7,0.8768,1 915 168,1915168,0.5,,부 산 직 994 033 993 375 658 3 798 113 1 916 187 3 795 892 1 880 724 1 915 168
주택,1994,52,"7. 구ㆍ시ㆍ군별 가구, 인구 및 주택(1990)",II. 인구,전체,대구,ko,0,0.2115,597 486,597486,1.0,,대구직 할시 597 486 597 150 336 2 229 040 1 115 798 2 227 979 1 115 290
주택,1994,52,"7. 구ㆍ시ㆍ군별 가구, 인구 및 주택(1990)",II. 인구,전체,대구,ko,1,0.2977,597 150,597150,1.0,,대구직 할시 597 486 597 150 336 2 229 040 1 115 798 2 227 979 1 115 290
주택,1994,52,"7. 구ㆍ시ㆍ군별 가구, 인구 및 주택(1990)",II. 인구,전체,대구,ko,2,0.4086,336,336,1.0,,대구직 할시 597 486 597 150 336 2 229 040 1 115 798 2 227 979 1 115 290
주택,1994,52,"7. 구ㆍ시ㆍ군별 가구, 인구 및 주택(1990)",II. 인구,전체,대구,ko,3,0.4536,2 229 040,2229040,0.3,저신뢰,대구직 할시 597 486 597 150 336 2 229 040 1 115 798 2 227 979 1 115 290
주택,1994,52,"7. 구ㆍ시ㆍ군별 가구, 인구 및 주택(1990)",II. 인구,전체,대구,ko,4,0.622,1 115 798,1115798,1.0,,대구직 할시 597 486 597 150 336 2 229 040 1 115 798 2 227 979 1 115 290
주택,1994,52,"7. 구ㆍ시ㆍ군별 가구, 인구 및 주택(1990)",II. 인구,전체,대구,ko,5,0.7084,2 227 979,2227979,0.5,,대구직 할시 597 486 597 150 336 2 229 040 1 115 798 2 227 979 1 115 290
주택,1994,52,"7. 구ㆍ시ㆍ군별 가구, 인구 및 주택(1990)",II. 인구,전체,대구,ko,6,0.8768,1 115 290,1115290,1.0,,대구직 할시 597 486 597 150 336 2 229 040 1 115 798 2 227 979 1 115 290
주택,1994,52,"7. 구ㆍ시ㆍ군별 가구, 인구 및 주택(1990)",II. 인구,전체,인천,ko,0,0.2135,485 870,485870,1.0,,인 천 직 할 시 485 870 485 404 466 1 817 919 902 840 1 816 328 914 238 902 090
주택,1994,52,"7. 구ㆍ시ㆍ군별 가구, 인구 및 주택(1990)",II. 인구,전체,인천,ko,1,0.2977,485 404,485404,1.0,,인 천 직 할 시 485 870 485 404 466 1 817 919 902 840 1 816 328 914 238 902 090
주택,1994,52,"7. 구ㆍ시ㆍ군별 가구, 인구 및 주택(1990)",II. 인구,전체,인천,ko,2,0.4086,466,466,1.0,,인 천 직 할 시 485 870 485 404 466 1 817 919 902 840 1 816 328 914 238 902 090
주택,1994,52,"7. 구ㆍ시ㆍ군별 가구, 인구 및 주택(1990)",II. 인구,전체,인천,ko,3,0.4557,1 817 919,1817919,0.5,,인 천 직 할 시 485 870 485 404 466 1 817 919 902 840 1 816 328 914 238 902 090
주택,1994,52,"7. 구ㆍ시ㆍ군별 가구, 인구 및 주택(1990)",II. 인구,전체,인천,ko,4,0.6363,902 840,902840,1.0,,인 천 직 할 시 485 870 485 404 466 1 817 919 902 840 1 816 328 914 238 902 090
주택,1994,52,"7. 구ㆍ시ㆍ군별 가구, 인구 및 주택(1990)",II. 인구,전체,인천,ko,5,0.7084,1 816 328,1816328,0.5,,인 천 직 할 시 485 870 485 404 466 1 817 919 902 840 1 816 328 914 238 902 090
주택,1994,52,"7. 구ㆍ시ㆍ군별 가구, 인구 및 주택(1990)",II. 인구,전체,인천,ko,6,0.8049,914 238,914238,1.0,,인 천 직 할 시 485 870 485 404 466 1 817 919 902 840 1 816 328 914 238 902 090
주택,1994,52,"7. 구ㆍ시ㆍ군별 가구, 인구 및 주택(1990)",II. 인구,전체,인천,ko,7,0.891,902 090,902090,1.0,,인 천 직 할 시 485 870 485 404 466 1 817 919 902 840 1 816 328 914 238 902 090
주택,2018,404,8.용도별 건축물 현황,Ⅷ. 건설·주택,전체,서울,ko,0,0.3409,"604,726",604726,1.0,,"서 울 특 별 시 Sou 604,726 454, 822 126,950 2,681 16,285 3, 988"
주택,2018,404,8.용도별 건축물 현황,Ⅷ. 건설·주택,전체,서울,ko,1,0.4476,"454, 822",454822,1.0,,"서 울 특 별 시 Sou 604,726 454, 822 126,950 2,681 16,285 3, 988"
주택,2018,404,8.용도별 건축물 현황,Ⅷ. 건설·주택,전체,서울,ko,2,0.5544,"126,950",126950,1.0,,"서 울 특 별 시 Sou 604,726 454, 822 126,950 2,681 16,285 3, 988"
주택,2018,404,8.용도별 건축물 현황,Ⅷ. 건설·주택,전체,서울,ko,3,0.6735,"2,681",2681,1.0,,"서 울 특 별 시 Sou 604,726 454, 822 126,950 2,681 16,285 3, 988"
주택,2018,404,8.용도별 건축물 현황,Ⅷ. 건설·주택,전체,서울,ko,4,0.7741,"16,285",16285,1.0,,"서 울 특 별 시 Sou 604,726 454, 822 126,950 2,681 16,285 3, 988"
주택,2018,404,8.용도별 건축물 현황,Ⅷ. 건설·주택,전체,서울,ko,5,0.8871,"3, 988",3988,1.0,,"서 울 특 별 시 Sou 604,726 454, 822 126,950 2,681 16,285 3, 988"
주택,2018,404,8.용도별 건축물 현황,Ⅷ. 건설·주택,전체,부산,ko,0,0.3409,"366,929",366929,1.0,,"부산광역시 Busail 366,929 258,742 70, 326 15,298 9,254 13,309"
주택,2018,404,8.용도별 건축물 현황,Ⅷ. 건설·주택,전체,부산,ko,1,0.4476,"258,742",258742,1.0,,"부산광역시 Busail 366,929 258,742 70, 326 15,298 9,254 13,309"
주택,2018,404,8.용도별 건축물 현황,Ⅷ. 건설·주택,전체,부산,ko,2,0.5585,"70, 326",70326,1.0,,"부산광역시 Busail 366,929 258,742 70, 326 15,298 9,254 13,309"
주택,2018,404,8.용도별 건축물 현황,Ⅷ. 건설·주택,전체,부산,ko,3,0.6673,"15,298",15298,1.0,,"부산광역시 Busail 366,929 258,742 70, 326 15,298 9,254 13,309"
주택,2018,404,8.용도별 건축물 현황,Ⅷ. 건설·주택,전체,부산,ko,4,0.7803,"9,254",9254,1.0,,"부산광역시 Busail 366,929 258,742 70, 326 15,298 9,254 13,309"
주택,2018,404,8.용도별 건축물 현황,Ⅷ. 건설·주택,전체,부산,ko,5,0.8809,"13,309",13309,0.5,,"부산광역시 Busail 366,929 258,742 70, 326 15,298 9,254 13,309"
주택,2018,404,8.용도별 건축물 현황,Ⅷ. 건설·주택,전체,대구,ko,0,0.3409,"252,967",252967,1.0,,"대 구 광 역시 Dagu 252,967 173,429 51,380 13,049 6, 119 8, 990"
주택,2018,404,8.용도별 건축물 현황,Ⅷ. 건설·주택,전체,대구,ko,1,0.4476,"173,429",173429,1.0,,"대 구 광 역시 Dagu 252,967 173,429 51,380 13,049 6, 119 8, 990"
주택,2018,404,8.용도별 건축물 현황,Ⅷ. 건설·주택,전체,대구,ko,2,0.5606,"51,380",51380,1.0,,"대 구 광 역시 Dagu 252,967 173,429 51,380 13,049 6, 119 8, 990"
주택,2018,404,8.용도별 건축물 현황,Ⅷ. 건설·주택,전체,대구,ko,3,0.6673,"13,049",13049,1.0,,"대 구 광 역시 Dagu 252,967 173,429 51,380 13,049 6, 119 8, 990"
주택,2018,404,8.용도별 건축물 현황,Ⅷ. 건설·주택,전체,대구,ko,4,0.7803,"6, 119",6119,1.0,,"대 구 광 역시 Dagu 252,967 173,429 51,380 13,049 6, 119 8, 990"
주택,2018,404,8.용도별 건축물 현황,Ⅷ. 건설·주택,전체,대구,ko,5,0.8871,"8, 990",8990,1.0,,"대 구 광 역시 Dagu 252,967 173,429 51,380 13,049 6, 119 8, 990"
주택,2018,404,8.용도별 건축물 현황,Ⅷ. 건설·주택,전체,인천,ko,0,0.3409,"220,573",220573,1.0,,"인천 광역시 Indheon 220,573 144, 587 43,846 14,164 6,378 11, 598"
주택,2018,404,8.용도별 건축물 현황,Ⅷ. 건설·주택,전체,인천,ko,1,0.4476,"144, 587",144587,1.0,,"인천 광역시 Indheon 220,573 144, 587 43,846 14,164 6,378 11, 598"
주택,2018,404,8.용도별 건축물 현황,Ⅷ. 건설·주택,전체,인천,ko,2,0.5606,"43,846",43846,1.0,,"인천 광역시 Indheon 220,573 144, 587 43,846 14,164 6,378 11, 598"
주택,2018,404,8.용도별 건축물 현황,Ⅷ. 건설·주택,전체,인천,ko,3,0.6673,"14,164",14164,0.5,,"인천 광역시 Indheon 220,573 144, 587 43,846 14,164 6,378 11, 598"
주택,2018,404,8.용도별 건축물 현황,Ⅷ. 건설·주택,전체,인천,ko,4,0.7803,"6,378",6378,1.0,,"인천 광역시 Indheon 220,573 144, 587 43,846 14,164 6,378 11, 598"
주택,2018,404,8.용도별 건축물 현황,Ⅷ. 건설·주택,전체,인천,ko,5,0.8808,"11, 598",11598,0.5,,"인천 광역시 Indheon 220,573 144, 587 43,846 14,164 6,378 11, 598"
주택,2018,404,8.용도별 건축물 현황,Ⅷ. 건설·주택,전체,광주,ko,0,0.3407,"141,337",141337,0.5,,"광주광역시 Gvangju 141,337 96, 635 32,475 3,919 3,939 4, 369"
주택,2018,404,8.용도별 건축물 현황,Ⅷ. 건설·주택,전체,광주,ko,1,0.4538,"96, 635",96635,1.0,,"광주광역시 Gvangju 141,337 96, 635 32,475 3,919 3,939 4, 369"
주택,2018,404,8.용도별 건축물 현황,Ⅷ. 건설·주택,전체,광주,ko,2,0.5606,"32,475",32475,1.0,,"광주광역시 Gvangju 141,337 96, 635 32,475 3,919 3,939 4, 369"
주택,2018,404,8.용도별 건축물 현황,Ⅷ. 건설·주택,전체,광주,ko,3,0.6735,"3,919",3919,1.0,,"광주광역시 Gvangju 141,337 96, 635 32,475 3,919 3,939 4, 369"
주택,2018,404,8.용도별 건축물 현황,Ⅷ. 건설·주택,전체,광주,ko,4,0.7803,"3,939",3939,1.0,,"광주광역시 Gvangju 141,337 96, 635 32,475 3,919 3,939 4, 369"
주택,2018,404,8.용도별 건축물 현황,Ⅷ. 건설·주택,전체,광주,ko,5,0.8871,"4, 369",4369,0.5,,"광주광역시 Gvangju 141,337 96, 635 32,475 3,919 3,939 4, 369"
주택,2018,404,8.용도별 건축물 현황,Ⅷ. 건설·주택,전체,대전,ko,0,0.3409,"134,161",134161,1.0,,"대전 광역시 Dejen 134,161 95, 124 26,447 2, 891 4,824 4, 875"
주택,2018,404,8.용도별 건축물 현황,Ⅷ. 건설·주택,전체,대전,ko,1,0.4538,"95, 124",95124,1.0,,"대전 광역시 Dejen 134,161 95, 124 26,447 2, 891 4,824 4, 875"
주택,2018,404,8.용도별 건축물 현황,Ⅷ. 건설·주택,전체,대전,ko,2,0.5606,"26,447",26447,0.5,,"대전 광역시 Dejen 134,161 95, 124 26,447 2, 891 4,824 4, 875"
주택,2018,404,8.용도별 건축물 현황,Ⅷ. 건설·주택,전체,대전,ko,3,0.6735,"2, 891",2891,1.0,,"대전 광역시 Dejen 134,161 95, 124 26,447 2, 891 4,824 4, 875"
주택,2018,404,8.용도별 건축물 현황,Ⅷ. 건설·주택,전체,대전,ko,4,0.7803,"4,824",4824,1.0,,"대전 광역시 Dejen 134,161 95, 124 26,447 2, 891 4,824 4, 875"
주택,2018,404,8.용도별 건축물 현황,Ⅷ. 건설·주택,전체,대전,ko,5,0.8871,"4, 875",4875,1.0,,"대전 광역시 Dejen 134,161 95, 124 26,447 2, 891 4,824 4, 875"
주택,2018,404,8.용도별 건축물 현황,Ⅷ. 건설·주택,전체,울산,ko,0,0.3409,"136, 646",136646,1.0,,"울산광역시 UIsai 136, 646 78,949 29,474 14,512 3,837 9,874"
주택,2018,404,8.용도별 건축물 현황,Ⅷ. 건설·주택,전체,울산,ko,1,0.4538,"78,949",78949,1.0,,"울산광역시 UIsai 136, 646 78,949 29,474 14,512 3,837 9,874"
주택,2018,404,8.용도별 건축물 현황,Ⅷ. 건설·주택,전체,울산,ko,2,0.5605,"29,474",29474,1.0,,"울산광역시 UIsai 136, 646 78,949 29,474 14,512 3,837 9,874"
주택,2018,404,8.용도별 건축물 현황,Ⅷ. 건설·주택,전체,울산,ko,3,0.6673,"14,512",14512,1.0,,"울산광역시 UIsai 136, 646 78,949 29,474 14,512 3,837 9,874"
주택,2018,404,8.용도별 건축물 현황,Ⅷ. 건설·주택,전체,울산,ko,4,0.7803,"3,837",3837,1.0,,"울산광역시 UIsai 136, 646 78,949 29,474 14,512 3,837 9,874"
주택,2018,404,8.용도별 건축물 현황,Ⅷ. 건설·주택,전체,울산,ko,5,0.8871,"9,874",9874,0.5,,"울산광역시 UIsai 136, 646 78,949 29,474 14,512 3,837 9,874"
주택,2018,404,8.용도별 건축물 현황,Ⅷ. 건설·주택,전체,경기,ko,0,0.3261,"1, 174, 833",1174833,1.0,,"경 기 도 Gyaonggido 1, 174, 833 646, 662 251,234 103, 571 35, 128 138, 238"
주택,2018,404,8.용도별 건축물 현황,Ⅷ. 건설·주택,전체,경기,ko,1,0.4497,"646, 662",646662,1.0,,"경 기 도 Gyaonggido 1, 174, 833 646, 662 251,234 103, 571 35, 128 138, 238"
주택,2018,404,8.용도별 건축물 현황,Ⅷ. 건설·주택,전체,경기,ko,2,0.5524,"251,234",251234,1.0,,"경 기 도 Gyaonggido 1, 174, 833 646, 662 251,234 103, 571 35, 128 138, 238"
주택,2018,404,8.용도별 건축물 현황,Ⅷ. 건설·주택,전체,경기,ko,3,0.6611,"103, 571",103571,1.0,,"경 기 도 Gyaonggido 1, 174, 833 646, 662 251,234 103, 571 35, 128 138, 238"
주택,2018,404,8.용도별 건축물 현황,Ⅷ. 건설·주택,전체,경기,ko,4,0.7741,"35, 128",35128,1.0,,"경 기 도 Gyaonggido 1, 174, 833 646, 662 251,234 103, 571 35, 128 138, 238"
주택,2018,404,8.용도별 건축물 현황,Ⅷ. 건설·주택,전체,경기,ko,5,0.8726,"138, 238",138238,1.0,,"경 기 도 Gyaonggido 1, 174, 833 646, 662 251,234 103, 571 35, 128 138, 238"
주택,2018,404,8.용도별 건축물 현황,Ⅷ. 건설·주택,전체,강원,ko,0,0.3408,"410, 048",410048,1.0,,"강 원 도 Cangwondo 410, 048 270, 969 70, 146 6,889 13,558 48,486"
주택,2018,404,8.용도별 건축물 현황,Ⅷ. 건설·주택,전체,강원,ko,1,0.4476,"270, 969",270969,1.0,,"강 원 도 Cangwondo 410, 048 270, 969 70, 146 6,889 13,558 48,486"
주택,2018,404,8.용도별 건축물 현황,Ⅷ. 건설·주택,전체,강원,ko,2,0.5565,"70, 146",70146,1.0,,"강 원 도 Cangwondo 410, 048 270, 969 70, 146 6,889 13,558 48,486"
주택,2018,404,8.용도별 건축물 현황,Ⅷ. 건설·주택,전체,강원,ko,3,0.6694,"6,889",6889,1.0,,"강 원 도 Cangwondo 410, 048 270, 969 70, 146 6,889 13,558 48,486"
주택,2018,404,8.용도별 건축물 현황,Ⅷ. 건설·주택,전체,강원,ko,4,0.7741,"13,558",13558,1.0,,"강 원 도 Cangwondo 410, 048 270, 969 70, 146 6,889 13,558 48,486"
주택,2018,404,8.용도별 건축물 현황,Ⅷ. 건설·주택,전체,강원,ko,5,0.8789,"48,486",48486,0.5,,"강 원 도 Cangwondo 410, 048 270, 969 70, 146 6,889 13,558 48,486"
주택,2018,404,8.용도별 건축물 현황,Ⅷ. 건설·주택,전체,충북,ko,0,0.3408,"387,996",387996,0.5,,"충청 북 도 Chungcheongbuk-do 387,996 244,452 59,587 19, 002 10,360 54, 595"
주택,2018,404,8.용도별 건축물 현황,Ⅷ. 건설·주택,전체,충북,ko,1,0.4476,"244,452",244452,1.0,,"충청 북 도 Chungcheongbuk-do 387,996 244,452 59,587 19, 002 10,360 54, 595"
주택,2018,404,8.용도별 건축물 현황,Ⅷ. 건설·주택,전체,충북,ko,2,0.5585,"59,587",59587,1.0,,"충청 북 도 Chungcheongbuk-do 387,996 244,452 59,587 19, 002 10,360 54, 595"
주택,2018,404,8.용도별 건축물 현황,Ⅷ. 건설·주택,전체,충북,ko,3,0.6673,"19, 002",19002,0.5,,"충청 북 도 Chungcheongbuk-do 387,996 244,452 59,587 19, 002 10,360 54, 595"
주택,2018,404,8.용도별 건축물 현황,Ⅷ. 건설·주택,전체,충북,ko,4,0.7741,"10,360",10360,1.0,,"충청 북 도 Chungcheongbuk-do 387,996 244,452 59,587 19, 002 10,360 54, 595"
주택,2018,404,8.용도별 건축물 현황,Ⅷ. 건설·주택,전체,충북,ko,5,0.8807,"54, 595",54595,1.0,,"충청 북 도 Chungcheongbuk-do 387,996 244,452 59,587 19, 002 10,360 54, 595"
주택,2018,404,8.용도별 건축물 현황,Ⅷ. 건설·주택,전체,충남,ko,0,0.3408,"532, 601",532601,1.0,,"충청 남 도 Chungcheongnando 532, 601 331, 815 83,418 23, 600 13,797 79, 971"
주택,2018,404,8.용도별 건축물 현황,Ⅷ. 건설·주택,전체,충남,ko,1,0.4476,"331, 815",331815,1.0,,"충청 남 도 Chungcheongnando 532, 601 331, 815 83,418 23, 600 13,797 79, 971"
주택,2018,404,8.용도별 건축물 현황,Ⅷ. 건설·주택,전체,충남,ko,2,0.5606,"83,418",83418,1.0,,"충청 남 도 Chungcheongnando 532, 601 331, 815 83,418 23, 600 13,797 79, 971"
주택,2018,404,8.용도별 건축물 현황,Ⅷ. 건설·주택,전체,충남,ko,3,0.6673,"23, 600",23600,1.0,,"충청 남 도 Chungcheongnando 532, 601 331, 815 83,418 23, 600 13,797 79, 971"
주택,2018,404,8.용도별 건축물 현황,Ⅷ. 건설·주택,전체,충남,ko,4,0.7741,"13,797",13797,1.0,,"충청 남 도 Chungcheongnando 532, 601 331, 815 83,418 23, 600 13,797 79, 971"
주택,2018,404,8.용도별 건축물 현황,Ⅷ. 건설·주택,전체,충남,ko,5,0.8789,"79, 971",79971,0.5,,"충청 남 도 Chungcheongnando 532, 601 331, 815 83,418 23, 600 13,797 79, 971"
주택,2018,404,8.용도별 건축물 현황,Ⅷ. 건설·주택,전체,전북,ko,0,0.3408,"450, 107",450107,1.0,,"전 북 도 Jeollabuk-do 450, 107 270,827 75,612 12,943 14,645 76, 080"
주택,2018,404,8.용도별 건축물 현황,Ⅷ. 건설·주택,전체,전북,ko,1,0.4476,"270,827",270827,1.0,,"전 북 도 Jeollabuk-do 450, 107 270,827 75,612 12,943 14,645 76, 080"
주택,2018,404,8.용도별 건축물 현황,Ⅷ. 건설·주택,전체,전북,ko,2,0.5585,"75,612",75612,1.0,,"전 북 도 Jeollabuk-do 450, 107 270,827 75,612 12,943 14,645 76, 080"
주택,2018,404,8.용도별 건축물 현황,Ⅷ. 건설·주택,전체,전북,ko,3,0.6673,"12,943",12943,1.0,,"전 북 도 Jeollabuk-do 450, 107 270,827 75,612 12,943 14,645 76, 080"
주택,2018,404,8.용도별 건축물 현황,Ⅷ. 건설·주택,전체,전북,ko,4,0.774,"14,645",14645,1.0,,"전 북 도 Jeollabuk-do 450, 107 270,827 75,612 12,943 14,645 76, 080"
주택,2018,404,8.용도별 건축물 현황,Ⅷ. 건설·주택,전체,전북,ko,5,0.8789,"76, 080",76080,0.5,,"전 북 도 Jeollabuk-do 450, 107 270,827 75,612 12,943 14,645 76, 080"
주택,2018,404,8.용도별 건축물 현황,Ⅷ. 건설·주택,전체,전남,en,0,0.3406,"642, 589",642589,1.0,,"전라 도 Jeollanamdo 642, 589 428, 447 91, 932 18,692 15, 771 87,747"
주택,2018,404,8.용도별 건축물 현황,Ⅷ. 건설·주택,전체,전남,en,1,0.4476,"428, 447",428447,1.0,,"전라 도 Jeollanamdo 642, 589 428, 447 91, 932 18,692 15, 771 87,747"
주택,2018,404,8.용도별 건축물 현황,Ⅷ. 건설·주택,전체,전남,en,2,0.5585,"91, 932",91932,0.5,,"전라 도 Jeollanamdo 642, 589 428, 447 91, 932 18,692 15, 771 87,747"
주택,2018,404,8.용도별 건축물 현황,Ⅷ. 건설·주택,전체,전남,en,3,0.6673,"18,692",18692,1.0,,"전라 도 Jeollanamdo 642, 589 428, 447 91, 932 18,692 15, 771 87,747"
주택,2018,404,8.용도별 건축물 현황,Ⅷ. 건설·주택,전체,전남,en,4,0.7741,"15, 771",15771,0.5,,"전라 도 Jeollanamdo 642, 589 428, 447 91, 932 18,692 15, 771 87,747"
주택,2018,404,8.용도별 건축물 현황,Ⅷ. 건설·주택,전체,전남,en,5,0.8789,"87,747",87747,0.5,,"전라 도 Jeollanamdo 642, 589 428, 447 91, 932 18,692 15, 771 87,747"
주택,2018,404,8.용도별 건축물 현황,Ⅷ. 건설·주택,전체,경북,ko,0,0.3409,"813,270",813270,0.5,,"경상북 도 Cycongsangbuk-do 813,270 520, 124 116,592 33,299 19,481 123,774"
주택,2018,404,8.용도별 건축물 현황,Ⅷ. 건설·주택,전체,경북,ko,1,0.4472,"520, 124",520124,1.0,,"경상북 도 Cycongsangbuk-do 813,270 520, 124 116,592 33,299 19,481 123,774"
주택,2018,404,8.용도별 건축물 현황,Ⅷ. 건설·주택,전체,경북,ko,2,0.5544,"116,592",116592,1.0,,"경상북 도 Cycongsangbuk-do 813,270 520, 124 116,592 33,299 19,481 123,774"
주택,2018,404,8.용도별 건축물 현황,Ⅷ. 건설·주택,전체,경북,ko,3,0.6673,"33,299",33299,1.0,,"경상북 도 Cycongsangbuk-do 813,270 520, 124 116,592 33,299 19,481 123,774"
주택,2018,404,8.용도별 건축물 현황,Ⅷ. 건설·주택,전체,경북,ko,4,0.7741,"19,481",19481,0.5,,"경상북 도 Cycongsangbuk-do 813,270 520, 124 116,592 33,299 19,481 123,774"
주택,2018,404,8.용도별 건축물 현황,Ⅷ. 건설·주택,전체,경북,ko,5,0.8725,"123,774",123774,1.0,,"경상북 도 Cycongsangbuk-do 813,270 520, 124 116,592 33,299 19,481 123,774"
주택,2018,404,8.용도별 건축물 현황,Ⅷ. 건설·주택,전체,경남,ko,0,0.3408,"714,716",714716,0.5,,"경상남도 Cyeongsangnando 714,716 482,539 108, 095 29,645 15, 841 78,596"
주택,2018,404,8.용도별 건축물 현황,Ⅷ. 건설·주택,전체,경남,ko,1,0.4476,"482,539",482539,1.0,,"경상남도 Cyeongsangnando 714,716 482,539 108, 095 29,645 15, 841 78,596"
주택,2018,404,8.용도별 건축물 현황,Ⅷ. 건설·주택,전체,경남,ko,2,0.5544,"108, 095",108095,1.0,,"경상남도 Cyeongsangnando 714,716 482,539 108, 095 29,645 15, 841 78,596"
주택,2018,404,8.용도별 건축물 현황,Ⅷ. 건설·주택,전체,경남,ko,3,0.6673,"29,645",29645,1.0,,"경상남도 Cyeongsangnando 714,716 482,539 108, 095 29,645 15, 841 78,596"
주택,2018,404,8.용도별 건축물 현황,Ⅷ. 건설·주택,전체,경남,ko,4,0.7741,"15, 841",15841,1.0,,"경상남도 Cyeongsangnando 714,716 482,539 108, 095 29,645 15, 841 78,596"
주택,2018,404,8.용도별 건축물 현황,Ⅷ. 건설·주택,전체,경남,ko,5,0.8789,"78,596",78596,0.5,,"경상남도 Cyeongsangnando 714,716 482,539 108, 095 29,645 15, 841 78,596"
주택,2018,404,8.용도별 건축물 현황,Ⅷ. 건설·주택,전체,제주,ko,0,0.3409,"174, 995",174995,1.0,,"제주특별자치도 Jejudo 174, 995 107, 880 27,751 1, 010 3,926 34,428"
주택,2018,404,8.용도별 건축물 현황,Ⅷ. 건설·주택,전체,제주,ko,1,0.4476,"107, 880",107880,1.0,,"제주특별자치도 Jejudo 174, 995 107, 880 27,751 1, 010 3,926 34,428"
주택,2018,404,8.용도별 건축물 현황,Ⅷ. 건설·주택,전체,제주,ko,2,0.5585,"27,751",27751,1.0,,"제주특별자치도 Jejudo 174, 995 107, 880 27,751 1, 010 3,926 34,428"
주택,2018,404,8.용도별 건축물 현황,Ⅷ. 건설·주택,전체,제주,ko,3,0.6735,"1, 010",1010,1.0,,"제주특별자치도 Jejudo 174, 995 107, 880 27,751 1, 010 3,926 34,428"
주택,2018,404,8.용도별 건축물 현황,Ⅷ. 건설·주택,전체,제주,ko,4,0.7762,"3,926",3926,1.0,,"제주특별자치도 Jejudo 174, 995 107, 880 27,751 1, 010 3,926 34,428"
주택,2018,404,8.용도별 건축물 현황,Ⅷ. 건설·주택,전체,제주,ko,5,0.8789,"34,428",34428,0.3,저신뢰,"제주특별자치도 Jejudo 174, 995 107, 880 27,751 1, 010 3,926 34,428"
주택,2019,464,8. 용도별 건축물 현황,Ⅹ. 건설·주택,전체,서울,ko,0,0.3407,"599, 605",599605,1.0,,"서 울 특 별 시 Sou 599, 605 449,972 126, 707 2,600 16,377 3,949"
주택,2019,464,8. 용도별 건축물 현황,Ⅹ. 건설·주택,전체,서울,ko,1,0.4476,"449,972",449972,0.5,,"서 울 특 별 시 Sou 599, 605 449,972 126, 707 2,600 16,377 3,949"
주택,2019,464,8. 용도별 건축물 현황,Ⅹ. 건설·주택,전체,서울,ko,2,0.5544,"126, 707",126707,1.0,,"서 울 특 별 시 Sou 599, 605 449,972 126, 707 2,600 16,377 3,949"
주택,2019,464,8. 용도별 건축물 현황,Ⅹ. 건설·주택,전체,서울,ko,3,0.6735,"2,600",2600,0.5,,"서 울 특 별 시 Sou 599, 605 449,972 126, 707 2,600 16,377 3,949"
주택,2019,464,8. 용도별 건축물 현황,Ⅹ. 건설·주택,전체,서울,ko,4,0.7741,"16,377",16377,0.5,,"서 울 특 별 시 Sou 599, 605 449,972 126, 707 2,600 16,377 3,949"
주택,2019,464,8. 용도별 건축물 현황,Ⅹ. 건설·주택,전체,서울,ko,5,0.8871,"3,949",3949,0.5,,"서 울 특 별 시 Sou 599, 605 449,972 126, 707 2,600 16,377 3,949"
주택,2019,464,8. 용도별 건축물 현황,Ⅹ. 건설·주택,전체,부산,ko,0,0.3409,"361,522",361522,1.0,,"부산광역시 Busail 361,522 252, 759 70, 846 15,451 9, 281 13,185"
주택,2019,464,8. 용도별 건축물 현황,Ⅹ. 건설·주택,전체,부산,ko,1,0.4476,"252, 759",252759,1.0,,"부산광역시 Busail 361,522 252, 759 70, 846 15,451 9, 281 13,185"
주택,2019,464,8. 용도별 건축물 현황,Ⅹ. 건설·주택,전체,부산,ko,2,0.5606,"70, 846",70846,0.5,,"부산광역시 Busail 361,522 252, 759 70, 846 15,451 9, 281 13,185"
주택,2019,464,8. 용도별 건축물 현황,Ⅹ. 건설·주택,전체,부산,ko,3,0.6673,"15,451",15451,1.0,,"부산광역시 Busail 361,522 252, 759 70, 846 15,451 9, 281 13,185"
주택,2019,464,8. 용도별 건축물 현황,Ⅹ. 건설·주택,전체,부산,ko,4,0.7803,"9, 281",9281,0.5,,"부산광역시 Busail 361,522 252, 759 70, 846 15,451 9, 281 13,185"
주택,2019,464,8. 용도별 건축물 현황,Ⅹ. 건설·주택,전체,부산,ko,5,0.8809,"13,185",13185,0.5,,"부산광역시 Busail 361,522 252, 759 70, 846 15,451 9, 281 13,185"
주택,2019,464,8. 용도별 건축물 현황,Ⅹ. 건설·주택,전체,대구,ko,0,0.3409,"250,234",250234,0.5,,"대구 광역시 Daegu 250,234 170, 400 51, 495 13,097 6, 197 9, 045"
주택,2019,464,8. 용도별 건축물 현황,Ⅹ. 건설·주택,전체,대구,ko,1,0.4476,"170, 400",170400,1.0,,"대구 광역시 Daegu 250,234 170, 400 51, 495 13,097 6, 197 9, 045"
주택,2019,464,8. 용도별 건축물 현황,Ⅹ. 건설·주택,전체,대구,ko,2,0.5604,"51, 495",51495,1.0,,"대구 광역시 Daegu 250,234 170, 400 51, 495 13,097 6, 197 9, 045"
주택,2019,464,8. 용도별 건축물 현황,Ⅹ. 건설·주택,전체,대구,ko,3,0.6673,"13,097",13097,1.0,,"대구 광역시 Daegu 250,234 170, 400 51, 495 13,097 6, 197 9, 045"
주택,2019,464,8. 용도별 건축물 현황,Ⅹ. 건설·주택,전체,대구,ko,4,0.7803,"6, 197",6197,0.5,,"대구 광역시 Daegu 250,234 170, 400 51, 495 13,097 6, 197 9, 045"
주택,2019,464,8. 용도별 건축물 현황,Ⅹ. 건설·주택,전체,대구,ko,5,0.8871,"9, 045",9045,0.5,,"대구 광역시 Daegu 250,234 170, 400 51, 495 13,097 6, 197 9, 045"
주택,2019,464,8. 용도별 건축물 현황,Ⅹ. 건설·주택,전체,인천,ko,0,0.3409,"220,262",220262,1.0,,"인천 광역시 Indheon 220,262 143, 254 44,427 14, 384 6,432 11,765"
주택,2019,464,8. 용도별 건축물 현황,Ⅹ. 건설·주택,전체,인천,ko,1,0.4473,"143, 254",143254,1.0,,"인천 광역시 Indheon 220,262 143, 254 44,427 14, 384 6,432 11,765"
주택,2019,464,8. 용도별 건축물 현황,Ⅹ. 건설·주택,전체,인천,ko,2,0.5606,"44,427",44427,0.5,,"인천 광역시 Indheon 220,262 143, 254 44,427 14, 384 6,432 11,765"
주택,2019,464,8. 용도별 건축물 현황,Ⅹ. 건설·주택,전체,인천,ko,3,0.6673,"14, 384",14384,1.0,,"인천 광역시 Indheon 220,262 143, 254 44,427 14, 384 6,432 11,765"
주택,2019,464,8. 용도별 건축물 현황,Ⅹ. 건설·주택,전체,인천,ko,4,0.7803,"6,432",6432,1.0,,"인천 광역시 Indheon 220,262 143, 254 44,427 14, 384 6,432 11,765"
주택,2019,464,8. 용도별 건축물 현황,Ⅹ. 건설·주택,전체,인천,ko,5,0.8809,"11,765",11765,0.5,,"인천 광역시 Indheon 220,262 143, 254 44,427 14, 384 6,432 11,765"
주택,2019,464,8. 용도별 건축물 현황,Ⅹ. 건설·주택,전체,광주,ko,0,0.3408,"139,622",139622,1.0,,"광주광역시 Gvangju 139,622 94, 594 32,639 3,996 3,953 4, 440"
주택,2019,464,8. 용도별 건축물 현황,Ⅹ. 건설·주택,전체,광주,ko,1,0.4558,"94, 594",94594,1.0,,"광주광역시 Gvangju 139,622 94, 594 32,639 3,996 3,953 4, 440"
주택,2019,464,8. 용도별 건축물 현황,Ⅹ. 건설·주택,전체,광주,ko,2,0.5585,"32,639",32639,0.3,저신뢰,"광주광역시 Gvangju 139,622 94, 594 32,639 3,996 3,953 4, 440"
주택,2019,464,8. 용도별 건축물 현황,Ⅹ. 건설·주택,전체,광주,ko,3,0.6756,"3,996",3996,1.0,,"광주광역시 Gvangju 139,622 94, 594 32,639 3,996 3,953 4, 440"
주택,2019,464,8. 용도별 건축물 현황,Ⅹ. 건설·주택,전체,광주,ko,4,0.7803,"3,953",3953,1.0,,"광주광역시 Gvangju 139,622 94, 594 32,639 3,996 3,953 4, 440"
주택,2019,464,8. 용도별 건축물 현황,Ⅹ. 건설·주택,전체,광주,ko,5,0.8871,"4, 440",4440,1.0,,"광주광역시 Gvangju 139,622 94, 594 32,639 3,996 3,953 4, 440"
주택,2019,464,8. 용도별 건축물 현황,Ⅹ. 건설·주택,전체,대전,ko,0,0.3409,"133,663",133663,1.0,,"대전 광역시 Dejen 133,663 94,270 26,693 2,937 4,864 4,899"
주택,2019,464,8. 용도별 건축물 현황,Ⅹ. 건설·주택,전체,대전,ko,1,0.4558,"94,270",94270,1.0,,"대전 광역시 Dejen 133,663 94,270 26,693 2,937 4,864 4,899"
주택,2019,464,8. 용도별 건축물 현황,Ⅹ. 건설·주택,전체,대전,ko,2,0.5585,"26,693",26693,1.0,,"대전 광역시 Dejen 133,663 94,270 26,693 2,937 4,864 4,899"
주택,2019,464,8. 용도별 건축물 현황,Ⅹ. 건설·주택,전체,대전,ko,3,0.6756,"2,937",2937,1.0,,"대전 광역시 Dejen 133,663 94,270 26,693 2,937 4,864 4,899"
주택,2019,464,8. 용도별 건축물 현황,Ⅹ. 건설·주택,전체,대전,ko,4,0.7803,"4,864",4864,1.0,,"대전 광역시 Dejen 133,663 94,270 26,693 2,937 4,864 4,899"
주택,2019,464,8. 용도별 건축물 현황,Ⅹ. 건설·주택,전체,대전,ko,5,0.8871,"4,899",4899,1.0,,"대전 광역시 Dejen 133,663 94,270 26,693 2,937 4,864 4,899"
주택,2019,464,8. 용도별 건축물 현황,Ⅹ. 건설·주택,전체,울산,ko,0,0.3409,"137, 386",137386,1.0,,"울산광역시 UIsai 137, 386 79,059 29,853 14,503 3,922 10, 049"
주택,2019,464,8. 용도별 건축물 현황,Ⅹ. 건설·주택,전체,울산,ko,1,0.4538,"79,059",79059,1.0,,"울산광역시 UIsai 137, 386 79,059 29,853 14,503 3,922 10, 049"
주택,2019,464,8. 용도별 건축물 현황,Ⅹ. 건설·주택,전체,울산,ko,2,0.5606,"29,853",29853,1.0,,"울산광역시 UIsai 137, 386 79,059 29,853 14,503 3,922 10, 049"
주택,2019,464,8. 용도별 건축물 현황,Ⅹ. 건설·주택,전체,울산,ko,3,0.6673,"14,503",14503,0.5,,"울산광역시 UIsai 137, 386 79,059 29,853 14,503 3,922 10, 049"
주택,2019,464,8. 용도별 건축물 현황,Ⅹ. 건설·주택,전체,울산,ko,4,0.7803,"3,922",3922,1.0,,"울산광역시 UIsai 137, 386 79,059 29,853 14,503 3,922 10, 049"
주택,2019,464,8. 용도별 건축물 현황,Ⅹ. 건설·주택,전체,울산,ko,5,0.8809,"10, 049",10049,1.0,,"울산광역시 UIsai 137, 386 79,059 29,853 14,503 3,922 10, 049"
주택,2019,464,8. 용도별 건축물 현황,Ⅹ. 건설·주택,전체,경기,ko,0,0.3263,"1, 193, 190",1193190,1.0,,"경 기 도 Cyeonggrdo 1, 193, 190 649, 405 259, 950 106, 464 35,525 141, 846"
주택,2019,464,8. 용도별 건축물 현황,Ⅹ. 건설·주택,전체,경기,ko,1,0.4497,"649, 405",649405,1.0,,"경 기 도 Cyeonggrdo 1, 193, 190 649, 405 259, 950 106, 464 35,525 141, 846"
주택,2019,464,8. 용도별 건축물 현황,Ⅹ. 건설·주택,전체,경기,ko,2,0.5544,"259, 950",259950,0.5,,"경 기 도 Cyeonggrdo 1, 193, 190 649, 405 259, 950 106, 464 35,525 141, 846"
주택,2019,464,8. 용도별 건축물 현황,Ⅹ. 건설·주택,전체,경기,ko,3,0.6612,"106, 464",106464,1.0,,"경 기 도 Cyeonggrdo 1, 193, 190 649, 405 259, 950 106, 464 35,525 141, 846"
주택,2019,464,8. 용도별 건축물 현황,Ⅹ. 건설·주택,전체,경기,ko,4,0.7741,"35,525",35525,1.0,,"경 기 도 Cyeonggrdo 1, 193, 190 649, 405 259, 950 106, 464 35,525 141, 846"
주택,2019,464,8. 용도별 건축물 현황,Ⅹ. 건설·주택,전체,경기,ko,5,0.8747,"141, 846",141846,1.0,,"경 기 도 Cyeonggrdo 1, 193, 190 649, 405 259, 950 106, 464 35,525 141, 846"
주택,2019,464,8. 용도별 건축물 현황,Ⅹ. 건설·주택,전체,강원,ko,0,0.3408,"416,279",416279,1.0,,"강 원 도 Cangwondo 416,279 273, 588 거,810 7,033 13,700 50, 148"
주택,2019,464,8. 용도별 건축물 현황,Ⅹ. 건설·주택,전체,강원,ko,1,0.4476,"273, 588",273588,1.0,,"강 원 도 Cangwondo 416,279 273, 588 거,810 7,033 13,700 50, 148"
주택,2019,464,8. 용도별 건축물 현황,Ⅹ. 건설·주택,전체,강원,ko,2,0.6694,"7,033",7033,1.0,,"강 원 도 Cangwondo 416,279 273, 588 거,810 7,033 13,700 50, 148"
주택,2019,464,8. 용도별 건축물 현황,Ⅹ. 건설·주택,전체,강원,ko,3,0.7741,"13,700",13700,0.5,,"강 원 도 Cangwondo 416,279 273, 588 거,810 7,033 13,700 50, 148"
주택,2019,464,8. 용도별 건축물 현황,Ⅹ. 건설·주택,전체,강원,ko,4,0.8809,"50, 148",50148,1.0,,"강 원 도 Cangwondo 416,279 273, 588 거,810 7,033 13,700 50, 148"
주택,2019,464,8. 용도별 건축물 현황,Ⅹ. 건설·주택,전체,충북,ko,0,0.3409,"393, 177",393177,1.0,,"충 청 북 도 Chungcheongbuk-do 393, 177 245, 731 60, 963 19,746 10,572 56,165"
주택,2019,464,8. 용도별 건축물 현황,Ⅹ. 건설·주택,전체,충북,ko,1,0.4476,"245, 731",245731,1.0,,"충 청 북 도 Chungcheongbuk-do 393, 177 245, 731 60, 963 19,746 10,572 56,165"
주택,2019,464,8. 용도별 건축물 현황,Ⅹ. 건설·주택,전체,충북,ko,2,0.5606,"60, 963",60963,1.0,,"충 청 북 도 Chungcheongbuk-do 393, 177 245, 731 60, 963 19,746 10,572 56,165"
주택,2019,464,8. 용도별 건축물 현황,Ⅹ. 건설·주택,전체,충북,ko,3,0.6672,"19,746",19746,0.5,,"충 청 북 도 Chungcheongbuk-do 393, 177 245, 731 60, 963 19,746 10,572 56,165"
주택,2019,464,8. 용도별 건축물 현황,Ⅹ. 건설·주택,전체,충북,ko,4,0.7741,"10,572",10572,1.0,,"충 청 북 도 Chungcheongbuk-do 393, 177 245, 731 60, 963 19,746 10,572 56,165"
주택,2019,464,8. 용도별 건축물 현황,Ⅹ. 건설·주택,전체,충북,ko,5,0.8809,"56,165",56165,0.5,,"충 청 북 도 Chungcheongbuk-do 393, 177 245, 731 60, 963 19,746 10,572 56,165"
주택,2019,464,8. 용도별 건축물 현황,Ⅹ. 건설·주택,전체,충남,ko,0,0.3409,"541,413",541413,1.0,,"충 청 남 도 Chungcheongnando 541,413 333,647 85,174 24,389 14,017 84, 186"
주택,2019,464,8. 용도별 건축물 현황,Ⅹ. 건설·주택,전체,충남,ko,1,0.4476,"333,647",333647,1.0,,"충 청 남 도 Chungcheongnando 541,413 333,647 85,174 24,389 14,017 84, 186"
주택,2019,464,8. 용도별 건축물 현황,Ⅹ. 건설·주택,전체,충남,ko,2,0.5606,"85,174",85174,0.5,,"충 청 남 도 Chungcheongnando 541,413 333,647 85,174 24,389 14,017 84, 186"
주택,2019,464,8. 용도별 건축물 현황,Ⅹ. 건설·주택,전체,충남,ko,3,0.6673,"24,389",24389,1.0,,"충 청 남 도 Chungcheongnando 541,413 333,647 85,174 24,389 14,017 84, 186"
주택,2019,464,8. 용도별 건축물 현황,Ⅹ. 건설·주택,전체,충남,ko,4,0.7741,"14,017",14017,1.0,,"충 청 남 도 Chungcheongnando 541,413 333,647 85,174 24,389 14,017 84, 186"
주택,2019,464,8. 용도별 건축물 현황,Ⅹ. 건설·주택,전체,충남,ko,5,0.8789,"84, 186",84186,1.0,,"충 청 남 도 Chungcheongnando 541,413 333,647 85,174 24,389 14,017 84, 186"
주택,2019,464,8. 용도별 건축물 현황,Ⅹ. 건설·주택,전체,전북,ko,0,0.3408,"454, 553",454553,1.0,,"전 라 북 도 Jeoldbukdo 454, 553 271, 268 76,757 13,230 14,782 78,516"
주택,2019,464,8. 용도별 건축물 현황,Ⅹ. 건설·주택,전체,전북,ko,1,0.4476,"271, 268",271268,0.5,,"전 라 북 도 Jeoldbukdo 454, 553 271, 268 76,757 13,230 14,782 78,516"
주택,2019,464,8. 용도별 건축물 현황,Ⅹ. 건설·주택,전체,전북,ko,2,0.5606,"76,757",76757,0.5,,"전 라 북 도 Jeoldbukdo 454, 553 271, 268 76,757 13,230 14,782 78,516"
주택,2019,464,8. 용도별 건축물 현황,Ⅹ. 건설·주택,전체,전북,ko,3,0.6673,"13,230",13230,1.0,,"전 라 북 도 Jeoldbukdo 454, 553 271, 268 76,757 13,230 14,782 78,516"
주택,2019,464,8. 용도별 건축물 현황,Ⅹ. 건설·주택,전체,전북,ko,4,0.7741,"14,782",14782,1.0,,"전 라 북 도 Jeoldbukdo 454, 553 271, 268 76,757 13,230 14,782 78,516"
주택,2019,464,8. 용도별 건축물 현황,Ⅹ. 건설·주택,전체,전북,ko,5,0.8789,"78,516",78516,1.0,,"전 라 북 도 Jeoldbukdo 454, 553 271, 268 76,757 13,230 14,782 78,516"
주택,2019,464,8. 용도별 건축물 현황,Ⅹ. 건설·주택,전체,전남,ko,0,0.3409,"648, 653",648653,1.0,,"전라 남 도 Jeollanado 648, 653 429, 832 93, 548 19,207 15,972 90, 094"
주택,2019,464,8. 용도별 건축물 현황,Ⅹ. 건설·주택,전체,전남,ko,1,0.4476,"429, 832",429832,1.0,,"전라 남 도 Jeollanado 648, 653 429, 832 93, 548 19,207 15,972 90, 094"
주택,2019,464,8. 용도별 건축물 현황,Ⅹ. 건설·주택,전체,전남,ko,2,0.5605,"93, 548",93548,1.0,,"전라 남 도 Jeollanado 648, 653 429, 832 93, 548 19,207 15,972 90, 094"
주택,2019,464,8. 용도별 건축물 현황,Ⅹ. 건설·주택,전체,전남,ko,3,0.6653,"19,207",19207,1.0,,"전라 남 도 Jeollanado 648, 653 429, 832 93, 548 19,207 15,972 90, 094"
주택,2019,464,8. 용도별 건축물 현황,Ⅹ. 건설·주택,전체,전남,ko,4,0.7741,"15,972",15972,1.0,,"전라 남 도 Jeollanado 648, 653 429, 832 93, 548 19,207 15,972 90, 094"
주택,2019,464,8. 용도별 건축물 현황,Ⅹ. 건설·주택,전체,전남,ko,5,0.8809,"90, 094",90094,1.0,,"전라 남 도 Jeollanado 648, 653 429, 832 93, 548 19,207 15,972 90, 094"
주택,2019,464,8. 용도별 건축물 현황,Ⅹ. 건설·주택,전체,경북,ko,0,0.3409,"821,198",821198,0.3,저신뢰,"경상북 도 Gyeong'sangbuk-do 821,198 521,333 118,776 33,821 19,867 127, 401"
주택,2019,464,8. 용도별 건축물 현황,Ⅹ. 건설·주택,전체,경북,ko,1,0.4476,"521,333",521333,1.0,,"경상북 도 Gyeong'sangbuk-do 821,198 521,333 118,776 33,821 19,867 127, 401"
주택,2019,464,8. 용도별 건축물 현황,Ⅹ. 건설·주택,전체,경북,ko,2,0.5542,"118,776",118776,1.0,,"경상북 도 Gyeong'sangbuk-do 821,198 521,333 118,776 33,821 19,867 127, 401"
주택,2019,464,8. 용도별 건축물 현황,Ⅹ. 건설·주택,전체,경북,ko,3,0.6673,"33,821",33821,1.0,,"경상북 도 Gyeong'sangbuk-do 821,198 521,333 118,776 33,821 19,867 127, 401"
주택,2019,464,8. 용도별 건축물 현황,Ⅹ. 건설·주택,전체,경북,ko,4,0.7741,"19,867",19867,1.0,,"경상북 도 Gyeong'sangbuk-do 821,198 521,333 118,776 33,821 19,867 127, 401"
주택,2019,464,8. 용도별 건축물 현황,Ⅹ. 건설·주택,전체,경북,ko,5,0.8725,"127, 401",127401,1.0,,"경상북 도 Gyeong'sangbuk-do 821,198 521,333 118,776 33,821 19,867 127, 401"
주택,2019,464,8. 용도별 건축물 현황,Ⅹ. 건설·주택,전체,경남,ko,0,0.3409,"719,429",719429,1.0,,"경상남도 Cyeongsangnando 719,429 483,572 109,814 29,979 16, 107 79,957"
주택,2019,464,8. 용도별 건축물 현황,Ⅹ. 건설·주택,전체,경남,ko,1,0.4476,"483,572",483572,1.0,,"경상남도 Cyeongsangnando 719,429 483,572 109,814 29,979 16, 107 79,957"
주택,2019,464,8. 용도별 건축물 현황,Ⅹ. 건설·주택,전체,경남,ko,2,0.5524,"109,814",109814,1.0,,"경상남도 Cyeongsangnando 719,429 483,572 109,814 29,979 16, 107 79,957"
주택,2019,464,8. 용도별 건축물 현황,Ⅹ. 건설·주택,전체,경남,ko,3,0.6672,"29,979",29979,1.0,,"경상남도 Cyeongsangnando 719,429 483,572 109,814 29,979 16, 107 79,957"
주택,2019,464,8. 용도별 건축물 현황,Ⅹ. 건설·주택,전체,경남,ko,4,0.7741,"16, 107",16107,1.0,,"경상남도 Cyeongsangnando 719,429 483,572 109,814 29,979 16, 107 79,957"
주택,2019,464,8. 용도별 건축물 현황,Ⅹ. 건설·주택,전체,경남,ko,5,0.8789,"79,957",79957,1.0,,"경상남도 Cyeongsangnando 719,429 483,572 109,814 29,979 16, 107 79,957"
주택,2019,464,8. 용도별 건축물 현황,Ⅹ. 건설·주택,전체,제주,ko,0,0.3409,"179, 103",179103,0.5,,"제주특별자치도 Jejudo 179, 103 109, 984 28,962 1,013 4,0?2 35, 072"
주택,2019,464,8. 용도별 건축물 현황,Ⅹ. 건설·주택,전체,제주,ko,1,0.4476,"109, 984",109984,1.0,,"제주특별자치도 Jejudo 179, 103 109, 984 28,962 1,013 4,0?2 35, 072"
주택,2019,464,8. 용도별 건축물 현황,Ⅹ. 건설·주택,전체,제주,ko,2,0.5585,"28,962",28962,1.0,,"제주특별자치도 Jejudo 179, 103 109, 984 28,962 1,013 4,0?2 35, 072"
주택,2019,464,8. 용도별 건축물 현황,Ⅹ. 건설·주택,전체,제주,ko,3,0.6735,"1,013",1013,0.5,,"제주특별자치도 Jejudo 179, 103 109, 984 28,962 1,013 4,0?2 35, 072"
주택,2019,464,8. 용도별 건축물 현황,Ⅹ. 건설·주택,전체,제주,ko,4,0.8768,"35, 072",35072,0.5,,"제주특별자치도 Jejudo 179, 103 109, 984 28,962 1,013 4,0?2 35, 072"
주택,2021,348,13. 용도별 건축물 현황,Ⅷ. 주거/건설,전체,서울,ko,0,0.3504,"585,636",585636,1.0,,"서 울특별시 Seoul 585,636 435,702 126,931 16,309 4,253"
주택,2021,348,13. 용도별 건축물 현황,Ⅷ. 주거/건설,전체,서울,ko,1,0.4508,"435,702",435702,1.0,,"서 울특별시 Seoul 585,636 435,702 126,931 16,309 4,253"
주택,2021,348,13. 용도별 건축물 현황,Ⅷ. 주거/건설,전체,서울,ko,2,0.5492,"126,931",126931,0.5,,"서 울특별시 Seoul 585,636 435,702 126,931 16,309 4,253"
주택,2021,348,13. 용도별 건축물 현황,Ⅷ. 주거/건설,전체,서울,ko,3,0.7539,"16,309",16309,1.0,,"서 울특별시 Seoul 585,636 435,702 126,931 16,309 4,253"
주택,2021,348,13. 용도별 건축물 현황,Ⅷ. 주거/건설,전체,서울,ko,4,0.8583,"4,253",4253,1.0,,"서 울특별시 Seoul 585,636 435,702 126,931 16,309 4,253"
주택,2021,348,13. 용도별 건축물 현황,Ⅷ. 주거/건설,전체,부산,ko,0,0.3504,"352,894",352894,1.0,,"부산 광역시 Bus 352,894 242,312 72,264 9,261 13,390"
주택,2021,348,13. 용도별 건축물 현황,Ⅷ. 주거/건설,전체,부산,ko,1,0.4508,"242,312",242312,1.0,,"부산 광역시 Bus 352,894 242,312 72,264 9,261 13,390"
주택,2021,348,13. 용도별 건축물 현황,Ⅷ. 주거/건설,전체,부산,ko,2,0.5551,"72,264",72264,1.0,,"부산 광역시 Bus 352,894 242,312 72,264 9,261 13,390"
주택,2021,348,13. 용도별 건축물 현황,Ⅷ. 주거/건설,전체,부산,ko,3,0.7596,"9,261",9261,1.0,,"부산 광역시 Bus 352,894 242,312 72,264 9,261 13,390"
주택,2021,348,13. 용도별 건축물 현황,Ⅷ. 주거/건설,전체,부산,ko,4,0.8503,"13,390",13390,1.0,,"부산 광역시 Bus 352,894 242,312 72,264 9,261 13,390"
주택,2021,348,13. 용도별 건축물 현황,Ⅷ. 주거/건설,전체,대구,ko,0,0.3504,"240,513",240513,1.0,,"대구광역시 Dagu 240,513 160,571 51,421 6,218 9,266"
주택,2021,348,13. 용도별 건축물 현황,Ⅷ. 주거/건설,전체,대구,ko,1,0.4508,"160,571",160571,1.0,,"대구광역시 Dagu 240,513 160,571 51,421 6,218 9,266"
주택,2021,348,13. 용도별 건축물 현황,Ⅷ. 주거/건설,전체,대구,ko,2,0.5551,"51,421",51421,0.5,,"대구광역시 Dagu 240,513 160,571 51,421 6,218 9,266"
주택,2021,348,13. 용도별 건축물 현황,Ⅷ. 주거/건설,전체,대구,ko,3,0.7598,"6,218",6218,1.0,,"대구광역시 Dagu 240,513 160,571 51,421 6,218 9,266"
주택,2021,348,13. 용도별 건축물 현황,Ⅷ. 주거/건설,전체,대구,ko,4,0.8583,"9,266",9266,1.0,,"대구광역시 Dagu 240,513 160,571 51,421 6,218 9,266"
주택,2021,348,13. 용도별 건축물 현황,Ⅷ. 주거/건설,전체,인천,ko,0,0.3504,"219,832",219832,0.5,,"인천 광역시 Incheon 219,832 45,752 6,573 13,514"
주택,2021,348,13. 용도별 건축물 현황,Ⅷ. 주거/건설,전체,인천,ko,1,0.5551,"45,752",45752,1.0,,"인천 광역시 Incheon 219,832 45,752 6,573 13,514"
주택,2021,348,13. 용도별 건축물 현황,Ⅷ. 주거/건설,전체,인천,ko,2,0.7579,"6,573",6573,0.5,,"인천 광역시 Incheon 219,832 45,752 6,573 13,514"
주택,2021,348,13. 용도별 건축물 현황,Ⅷ. 주거/건설,전체,인천,ko,3,0.8504,"13,514",13514,0.5,,"인천 광역시 Incheon 219,832 45,752 6,573 13,514"
주택,2021,348,13. 용도별 건축물 현황,Ⅷ. 주거/건설,전체,광주,ko,0,0.3524,"138,328",138328,1.0,,"광주광역시 Gwalgju 138,328 33,101 4,797"
주택,2021,348,13. 용도별 건축물 현황,Ⅷ. 주거/건설,전체,광주,ko,1,0.5551,"33,101",33101,1.0,,"광주광역시 Gwalgju 138,328 33,101 4,797"
주택,2021,348,13. 용도별 건축물 현황,Ⅷ. 주거/건설,전체,광주,ko,2,0.8583,"4,797",4797,0.5,,"광주광역시 Gwalgju 138,328 33,101 4,797"
주택,2021,348,13. 용도별 건축물 현황,Ⅷ. 주거/건설,전체,대전,ko,0,0.3524,"132,169",132169,1.0,,"대전 광역시 Datgjcm 132,169 27,024 5,249"
주택,2021,348,13. 용도별 건축물 현황,Ⅷ. 주거/건설,전체,대전,ko,1,0.5551,"27,024",27024,0.5,,"대전 광역시 Datgjcm 132,169 27,024 5,249"
주택,2021,348,13. 용도별 건축물 현황,Ⅷ. 주거/건설,전체,대전,ko,2,0.8583,"5,249",5249,1.0,,"대전 광역시 Datgjcm 132,169 27,024 5,249"
주택,2021,348,13. 용도별 건축물 현황,Ⅷ. 주거/건설,전체,울산,ko,0,0.3524,"137,792",137792,0.5,,"울산 광역시 UIkmn 137,792 77,929 30,593 3,979 10,530"
주택,2021,348,13. 용도별 건축물 현황,Ⅷ. 주거/건설,전체,울산,ko,1,0.4567,"77,929",77929,0.5,,"울산 광역시 UIkmn 137,792 77,929 30,593 3,979 10,530"
주택,2021,348,13. 용도별 건축물 현황,Ⅷ. 주거/건설,전체,울산,ko,2,0.5551,"30,593",30593,1.0,,"울산 광역시 UIkmn 137,792 77,929 30,593 3,979 10,530"
주택,2021,348,13. 용도별 건축물 현황,Ⅷ. 주거/건설,전체,울산,ko,3,0.7579,"3,979",3979,1.0,,"울산 광역시 UIkmn 137,792 77,929 30,593 3,979 10,530"
주택,2021,348,13. 용도별 건축물 현황,Ⅷ. 주거/건설,전체,울산,ko,4,0.8523,"10,530",10530,1.0,,"울산 광역시 UIkmn 137,792 77,929 30,593 3,979 10,530"
주택,2021,348,13. 용도별 건축물 현황,Ⅷ. 주거/건설,전체,경기,ko,0,0.3386,"1,230,057",1230057,0.5,,"경 기 도 Gyeonggido 1,230,057 651,336 278,036 111,246 36,502 152,937"
주택,2021,348,13. 용도별 건축물 현황,Ⅷ. 주거/건설,전체,경기,ko,1,0.4508,"651,336",651336,1.0,,"경 기 도 Gyeonggido 1,230,057 651,336 278,036 111,246 36,502 152,937"
주택,2021,348,13. 용도별 건축물 현황,Ⅷ. 주거/건설,전체,경기,ko,2,0.5492,"278,036",278036,1.0,,"경 기 도 Gyeonggido 1,230,057 651,336 278,036 111,246 36,502 152,937"
주택,2021,348,13. 용도별 건축물 현황,Ⅷ. 주거/건설,전체,경기,ko,3,0.6476,"111,246",111246,0.5,,"경 기 도 Gyeonggido 1,230,057 651,336 278,036 111,246 36,502 152,937"
주택,2021,348,13. 용도별 건축물 현황,Ⅷ. 주거/건설,전체,경기,ko,4,0.752,"36,502",36502,1.0,,"경 기 도 Gyeonggido 1,230,057 651,336 278,036 111,246 36,502 152,937"
주택,2021,348,13. 용도별 건축물 현황,Ⅷ. 주거/건설,전체,경기,ko,5,0.8445,"152,937",152937,1.0,,"경 기 도 Gyeonggido 1,230,057 651,336 278,036 111,246 36,502 152,937"
주택,2021,348,13. 용도별 건축물 현황,Ⅷ. 주거/건설,전체,강원,ko,0,0.3524,"428,405",428405,1.0,,"강 원 도 Gangwondo 428,405 275,643 75,313 7,286 14,047 56,116"
주택,2021,348,13. 용도별 건축물 현황,Ⅷ. 주거/건설,전체,강원,ko,1,0.4488,"275,643",275643,1.0,,"강 원 도 Gangwondo 428,405 275,643 75,313 7,286 14,047 56,116"
주택,2021,348,13. 용도별 건축물 현황,Ⅷ. 주거/건설,전체,강원,ko,2,0.5551,"75,313",75313,1.0,,"강 원 도 Gangwondo 428,405 275,643 75,313 7,286 14,047 56,116"
주택,2021,348,13. 용도별 건축물 현황,Ⅷ. 주거/건설,전체,강원,ko,3,0.6575,"7,286",7286,1.0,,"강 원 도 Gangwondo 428,405 275,643 75,313 7,286 14,047 56,116"
주택,2021,348,13. 용도별 건축물 현황,Ⅷ. 주거/건설,전체,강원,ko,4,0.752,"14,047",14047,1.0,,"강 원 도 Gangwondo 428,405 275,643 75,313 7,286 14,047 56,116"
주택,2021,348,13. 용도별 건축물 현황,Ⅷ. 주거/건설,전체,강원,ko,5,0.8504,"56,116",56116,1.0,,"강 원 도 Gangwondo 428,405 275,643 75,313 7,286 14,047 56,116"
주택,2021,348,13. 용도별 건축물 현황,Ⅷ. 주거/건설,전체,충북,ko,0,0.3524,"400,386",400386,0.5,,"충청북 도 Chungcheongbuk-do 400,386 246,089 20,991 10,978 58,712"
주택,2021,348,13. 용도별 건축물 현황,Ⅷ. 주거/건설,전체,충북,ko,1,0.4508,"246,089",246089,1.0,,"충청북 도 Chungcheongbuk-do 400,386 246,089 20,991 10,978 58,712"
주택,2021,348,13. 용도별 건축물 현황,Ⅷ. 주거/건설,전체,충북,ko,2,0.6535,"20,991",20991,1.0,,"충청북 도 Chungcheongbuk-do 400,386 246,089 20,991 10,978 58,712"
주택,2021,348,13. 용도별 건축물 현황,Ⅷ. 주거/건설,전체,충북,ko,3,0.752,"10,978",10978,1.0,,"충청북 도 Chungcheongbuk-do 400,386 246,089 20,991 10,978 58,712"
주택,2021,348,13. 용도별 건축물 현황,Ⅷ. 주거/건설,전체,충북,ko,4,0.8524,"58,712",58712,1.0,,"충청북 도 Chungcheongbuk-do 400,386 246,089 20,991 10,978 58,712"
주택,2021,348,13. 용도별 건축물 현황,Ⅷ. 주거/건설,전체,전북,ko,0,0.3524,"461,109",461109,0.5,,"전라 북 도 Jeolabuk-do 461,109 271,243 13,885 15,142 81,893"
주택,2021,348,13. 용도별 건축물 현황,Ⅷ. 주거/건설,전체,전북,ko,1,0.4508,"271,243",271243,1.0,,"전라 북 도 Jeolabuk-do 461,109 271,243 13,885 15,142 81,893"
주택,2021,348,13. 용도별 건축물 현황,Ⅷ. 주거/건설,전체,전북,ko,2,0.6535,"13,885",13885,1.0,,"전라 북 도 Jeolabuk-do 461,109 271,243 13,885 15,142 81,893"
주택,2021,348,13. 용도별 건축물 현황,Ⅷ. 주거/건설,전체,전북,ko,3,0.752,"15,142",15142,1.0,,"전라 북 도 Jeolabuk-do 461,109 271,243 13,885 15,142 81,893"
주택,2021,348,13. 용도별 건축물 현황,Ⅷ. 주거/건설,전체,전북,ko,4,0.8504,"81,893",81893,1.0,,"전라 북 도 Jeolabuk-do 461,109 271,243 13,885 15,142 81,893"
주택,2021,348,13. 용도별 건축물 현황,Ⅷ. 주거/건설,전체,전남,ko,0,0.3524,"657,391",657391,1.0,,"전라남도 Jeollanan-do 657,391 429,961 96,740 20,450 16,271 93,969"
주택,2021,348,13. 용도별 건축물 현황,Ⅷ. 주거/건설,전체,전남,ko,1,0.4508,"429,961",429961,0.3,저신뢰,"전라남도 Jeollanan-do 657,391 429,961 96,740 20,450 16,271 93,969"
주택,2021,348,13. 용도별 건축물 현황,Ⅷ. 주거/건설,전체,전남,ko,2,0.5551,"96,740",96740,1.0,,"전라남도 Jeollanan-do 657,391 429,961 96,740 20,450 16,271 93,969"
주택,2021,348,13. 용도별 건축물 현황,Ⅷ. 주거/건설,전체,전남,ko,3,0.6535,"20,450",20450,1.0,,"전라남도 Jeollanan-do 657,391 429,961 96,740 20,450 16,271 93,969"
주택,2021,348,13. 용도별 건축물 현황,Ⅷ. 주거/건설,전체,전남,ko,4,0.752,"16,271",16271,1.0,,"전라남도 Jeollanan-do 657,391 429,961 96,740 20,450 16,271 93,969"
주택,2021,348,13. 용도별 건축물 현황,Ⅷ. 주거/건설,전체,전남,ko,5,0.8504,"93,969",93969,1.0,,"전라남도 Jeollanan-do 657,391 429,961 96,740 20,450 16,271 93,969"
주택,2021,348,13. 용도별 건축물 현황,Ⅷ. 주거/건설,전체,경북,ko,0,0.3524,"832,707",832707,1.0,,"경상북 도 Gyeongsangbuk-do 832,707 520,188 122,860 34.713 20,323 134,623"
주택,2021,348,13. 용도별 건축물 현황,Ⅷ. 주거/건설,전체,경북,ko,1,0.4508,"520,188",520188,1.0,,"경상북 도 Gyeongsangbuk-do 832,707 520,188 122,860 34.713 20,323 134,623"
주택,2021,348,13. 용도별 건축물 현황,Ⅷ. 주거/건설,전체,경북,ko,2,0.5492,"122,860",122860,1.0,,"경상북 도 Gyeongsangbuk-do 832,707 520,188 122,860 34.713 20,323 134,623"
주택,2021,348,13. 용도별 건축물 현황,Ⅷ. 주거/건설,전체,경북,ko,3,0.6516,34.713,34.713,0.5,,"경상북 도 Gyeongsangbuk-do 832,707 520,188 122,860 34.713 20,323 134,623"
주택,2021,348,13. 용도별 건축물 현황,Ⅷ. 주거/건설,전체,경북,ko,4,0.752,"20,323",20323,1.0,,"경상북 도 Gyeongsangbuk-do 832,707 520,188 122,860 34.713 20,323 134,623"
주택,2021,348,13. 용도별 건축물 현황,Ⅷ. 주거/건설,전체,경북,ko,5,0.8465,"134,623",134623,1.0,,"경상북 도 Gyeongsangbuk-do 832,707 520,188 122,860 34.713 20,323 134,623"
주택,2021,348,13. 용도별 건축물 현황,Ⅷ. 주거/건설,전체,경남,ko,0,0.3504,"724,124",724124,1.0,,"경상 남도 Gyeongsangnam-do 724,124 480,884 113,016 30,450 16,364 83,410"
주택,2021,348,13. 용도별 건축물 현황,Ⅷ. 주거/건설,전체,경남,ko,1,0.4508,"480,884",480884,1.0,,"경상 남도 Gyeongsangnam-do 724,124 480,884 113,016 30,450 16,364 83,410"
주택,2021,348,13. 용도별 건축물 현황,Ⅷ. 주거/건설,전체,경남,ko,2,0.5489,"113,016",113016,1.0,,"경상 남도 Gyeongsangnam-do 724,124 480,884 113,016 30,450 16,364 83,410"
주택,2021,348,13. 용도별 건축물 현황,Ⅷ. 주거/건설,전체,경남,ko,3,0.6516,"30,450",30450,1.0,,"경상 남도 Gyeongsangnam-do 724,124 480,884 113,016 30,450 16,364 83,410"
주택,2021,348,13. 용도별 건축물 현황,Ⅷ. 주거/건설,전체,경남,ko,4,0.7539,"16,364",16364,1.0,,"경상 남도 Gyeongsangnam-do 724,124 480,884 113,016 30,450 16,364 83,410"
주택,2021,348,13. 용도별 건축물 현황,Ⅷ. 주거/건설,전체,경남,ko,5,0.8504,"83,410",83410,1.0,,"경상 남도 Gyeongsangnam-do 724,124 480,884 113,016 30,450 16,364 83,410"
주택,2021,348,13. 용도별 건축물 현황,Ⅷ. 주거/건설,전체,제주,ko,0,0.3524,"183,951",183951,1.0,,"제주특별자치도 Jjudo 183,951 111,982 30,878 1,024 4,204 35,863"
주택,2021,348,13. 용도별 건축물 현황,Ⅷ. 주거/건설,전체,제주,ko,1,0.4508,"111,982",111982,1.0,,"제주특별자치도 Jjudo 183,951 111,982 30,878 1,024 4,204 35,863"
주택,2021,348,13. 용도별 건축물 현황,Ⅷ. 주거/건설,전체,제주,ko,2,0.5551,"30,878",30878,1.0,,"제주특별자치도 Jjudo 183,951 111,982 30,878 1,024 4,204 35,863"
주택,2021,348,13. 용도별 건축물 현황,Ⅷ. 주거/건설,전체,제주,ko,3,0.6575,"1,024",1024,1.0,,"제주특별자치도 Jjudo 183,951 111,982 30,878 1,024 4,204 35,863"
주택,2021,348,13. 용도별 건축물 현황,Ⅷ. 주거/건설,전체,제주,ko,4,0.7559,"4,204",4204,1.0,,"제주특별자치도 Jjudo 183,951 111,982 30,878 1,024 4,204 35,863"
주택,2021,348,13. 용도별 건축물 현황,Ⅷ. 주거/건설,전체,제주,ko,5,0.8504,"35,863",35863,1.0,,"제주특별자치도 Jjudo 183,951 111,982 30,878 1,024 4,204 35,863"
