계열,판,쪽,표제목,장,블록,지역,매칭,열순번,x위치,원문,값,신뢰도,플래그,행원문
지가,1996,495,13. 시도별 지가변동률(평균),XIV. 물가 및 가계,1989 3197,서울,col-en,0,0.5729,3354,3354,0.5,전치·패널2,[전치] 13. 시도별 지가 변동률 (평균) | 1989 3197
지가,1996,495,13. 시도별 지가변동률(평균),XIV. 물가 및 가계,1989 3197,부산,col-en,0,0.6407,17 49,1749,0.5,전치·패널2,[전치] 13. 시도별 지가 변동률 (평균) | 1989 3197
지가,1996,495,13. 시도별 지가변동률(평균),XIV. 물가 및 가계,1989 3197,대구,col-en,0,0.7056,35 15,3515,1.0,전치·패널2,[전치] 13. 시도별 지가 변동률 (평균) | 1989 3197
지가,1996,495,13. 시도별 지가변동률(평균),XIV. 물가 및 가계,1989 3197,광주,col-en,0,0.8409,42 99,4299,0.5,전치·패널2,[전치] 13. 시도별 지가 변동률 (평균) | 1989 3197
지가,1996,495,13. 시도별 지가변동률(평균),XIV. 물가 및 가계,1989 3197,대전,col-en,0,0.9107,2083,2083,0.5,전치·패널2,[전치] 13. 시도별 지가 변동률 (평균) | 1989 3197
지가,1996,495,13. 시도별 지가변동률(평균),XIV. 물가 및 가계,1990 20 58,서울,col-en,0,0.5729,3118,3118,1.0,전치·패널2,[전치] 13. 시도별 지가 변동률 (평균) | 1990 20 58
지가,1996,495,13. 시도별 지가변동률(평균),XIV. 물가 및 가계,1990 20 58,부산,col-en,0,0.6407,1582,1582,0.3,전치·패널2|저신뢰,[전치] 13. 시도별 지가 변동률 (평균) | 1990 20 58
지가,1996,495,13. 시도별 지가변동률(평균),XIV. 물가 및 가계,1990 20 58,대구,col-en,0,0.7056,27 42,2742,0.3,전치·패널2|저신뢰,[전치] 13. 시도별 지가 변동률 (평균) | 1990 20 58
지가,1996,495,13. 시도별 지가변동률(평균),XIV. 물가 및 가계,1990 20 58,광주,col-en,0,0.8409,22 43,2243,0.5,전치·패널2,[전치] 13. 시도별 지가 변동률 (평균) | 1990 20 58
지가,1996,495,13. 시도별 지가변동률(평균),XIV. 물가 및 가계,1990 20 58,대전,col-en,0,0.9107,1789,1789,1.0,전치·패널2,[전치] 13. 시도별 지가 변동률 (평균) | 1990 20 58
지가,1996,495,13. 시도별 지가변동률(평균),XIV. 물가 및 가계,1991 12 78,서울,col-en,0,0.5729,11 15,1115,1.0,전치·패널2,[전치] 13. 시도별 지가 변동률 (평균) | 1991 12 78
지가,1996,495,13. 시도별 지가변동률(평균),XIV. 물가 및 가계,1991 12 78,부산,col-en,0,0.6407,14 69,1469,0.5,전치·패널2,[전치] 13. 시도별 지가 변동률 (평균) | 1991 12 78
지가,1996,495,13. 시도별 지가변동률(평균),XIV. 물가 및 가계,1991 12 78,대구,col-en,0,0.7056,1374,1374,0.5,전치·패널2,[전치] 13. 시도별 지가 변동률 (평균) | 1991 12 78
지가,1996,495,13. 시도별 지가변동률(평균),XIV. 물가 및 가계,1991 12 78,광주,col-en,0,0.8409,16 50,1650,0.5,전치·패널2,[전치] 13. 시도별 지가 변동률 (평균) | 1991 12 78
지가,1996,495,13. 시도별 지가변동률(평균),XIV. 물가 및 가계,1991 12 78,대전,col-en,0,0.9107,2325,2325,0.3,전치·패널2|저신뢰,[전치] 13. 시도별 지가 변동률 (평균) | 1991 12 78
지가,1996,495,13. 시도별 지가변동률(평균),XIV. 물가 및 가계,1992 -1 27,서울,col-en,0,0.5729,-278,-278,1.0,전치·패널2,[전치] 13. 시도별 지가 변동률 (평균) | 1992 -1 27
지가,1996,495,13. 시도별 지가변동률(평균),XIV. 물가 및 가계,1992 -1 27,부산,col-en,0,0.6407,-157,-157,0.5,전치·패널2,[전치] 13. 시도별 지가 변동률 (평균) | 1992 -1 27
지가,1996,495,13. 시도별 지가변동률(평균),XIV. 물가 및 가계,1992 -1 27,대구,col-en,0,0.7056,-261,-261,1.0,전치·패널2,[전치] 13. 시도별 지가 변동률 (평균) | 1992 -1 27
지가,1996,495,13. 시도별 지가변동률(평균),XIV. 물가 및 가계,1992 -1 27,광주,col-en,0,0.8409,-033,-33,0.5,전치·패널2,[전치] 13. 시도별 지가 변동률 (평균) | 1992 -1 27
지가,1996,495,13. 시도별 지가변동률(평균),XIV. 물가 및 가계,1992 -1 27,대전,col-en,0,0.9107,-9 35,-935,1.0,전치·패널2,[전치] 13. 시도별 지가 변동률 (평균) | 1992 -1 27
지가,1996,495,13. 시도별 지가변동률(평균),XIV. 물가 및 가계,1993 -738,서울,col-en,0,0.5729,-872,-872,1.0,전치·패널2,[전치] 13. 시도별 지가 변동률 (평균) | 1993 -738
지가,1996,495,13. 시도별 지가변동률(평균),XIV. 물가 및 가계,1993 -738,부산,col-en,0,0.6407,-677,-677,1.0,전치·패널2,[전치] 13. 시도별 지가 변동률 (평균) | 1993 -738
지가,1996,495,13. 시도별 지가변동률(평균),XIV. 물가 및 가계,1993 -738,대전,col-en,0,0.9107,-781,-781,1.0,전치·패널2,[전치] 13. 시도별 지가 변동률 (평균) | 1993 -738
지가,1996,495,13. 시도별 지가변동률(평균),XIV. 물가 및 가계,1994 -057,서울,col-en,0,0.5729,-136,-136,1.0,전치·패널2,[전치] 13. 시도별 지가 변동률 (평균) | 1994 -057
지가,1996,495,13. 시도별 지가변동률(평균),XIV. 물가 및 가계,1994 -057,부산,col-en,0,0.6407,-035,-35,1.0,전치·패널2,[전치] 13. 시도별 지가 변동률 (평균) | 1994 -057
지가,1996,495,13. 시도별 지가변동률(평균),XIV. 물가 및 가계,1994 -057,대구,col-en,0,0.7056,087,87,1.0,전치·패널2,[전치] 13. 시도별 지가 변동률 (평균) | 1994 -057
지가,1996,495,13. 시도별 지가변동률(평균),XIV. 물가 및 가계,1994 -057,광주,col-en,0,0.8409,-026,-26,0.3,전치·패널2|저신뢰,[전치] 13. 시도별 지가 변동률 (평균) | 1994 -057
지가,1996,495,13. 시도별 지가변동률(평균),XIV. 물가 및 가계,1994 -057,대전,col-en,0,0.9107,-059,-59,1.0,전치·패널2,[전치] 13. 시도별 지가 변동률 (평균) | 1994 -057
지가,1996,495,13. 시도별 지가변동률(평균),XIV. 물가 및 가계,1995 055,서울,col-en,0,0.5729,018,18,1.0,전치·패널2,[전치] 13. 시도별 지가 변동률 (평균) | 1995 055
지가,1996,495,13. 시도별 지가변동률(평균),XIV. 물가 및 가계,1995 055,부산,col-en,0,0.6407,014,14,1.0,전치·패널2,[전치] 13. 시도별 지가 변동률 (평균) | 1995 055
지가,1996,495,13. 시도별 지가변동률(평균),XIV. 물가 및 가계,1995 055,대구,col-en,0,0.7056,127,127,1.0,전치·패널2,[전치] 13. 시도별 지가 변동률 (평균) | 1995 055
지가,1996,495,13. 시도별 지가변동률(평균),XIV. 물가 및 가계,1995 055,광주,col-en,0,0.8409,144,144,1.0,전치·패널2,[전치] 13. 시도별 지가 변동률 (평균) | 1995 055
지가,1996,495,13. 시도별 지가변동률(평균),XIV. 물가 및 가계,1995 055,대전,col-en,0,0.9107,-047,-47,1.0,전치·패널2,[전치] 13. 시도별 지가 변동률 (평균) | 1995 055
지가,1996,495,13. 시도별 지가변동률(평균),XIV. 물가 및 가계,주거지역 Dwelling 0 30 020 0 44 131,서울,col-en,0,0.5729,005,5,0.5,전치·패널2,[전치] 13. 시도별 지가 변동률 (평균) | 주거지역 Dwelling 0 30 020 0 44 131
지가,1996,495,13. 시도별 지가변동률(평균),XIV. 물가 및 가계,주거지역 Dwelling 0 30 020 0 44 131,부산,col-en,0,0.6407,013,13,0.5,전치·패널2,[전치] 13. 시도별 지가 변동률 (평균) | 주거지역 Dwelling 0 30 020 0 44 131
지가,1996,495,13. 시도별 지가변동률(평균),XIV. 물가 및 가계,주거지역 Dwelling 0 30 020 0 44 131,대구,col-en,0,0.7056,108,108,0.5,전치·패널2,[전치] 13. 시도별 지가 변동률 (평균) | 주거지역 Dwelling 0 30 020 0 44 131
지가,1996,495,13. 시도별 지가변동률(평균),XIV. 물가 및 가계,주거지역 Dwelling 0 30 020 0 44 131,광주,col-en,0,0.8409,195,195,1.0,전치·패널2,[전치] 13. 시도별 지가 변동률 (평균) | 주거지역 Dwelling 0 30 020 0 44 131
지가,1996,495,13. 시도별 지가변동률(평균),XIV. 물가 및 가계,주거지역 Dwelling 0 30 020 0 44 131,대전,col-en,0,0.9107,-064,-64,1.0,전치·패널2,[전치] 13. 시도별 지가 변동률 (평균) | 주거지역 Dwelling 0 30 020 0 44 131
지가,1996,495,13. 시도별 지가변동률(평균),XIV. 물가 및 가계,상업지역 Commercal 037 0.32 035 102,서울,col-en,0,0.5729,052,52,1.0,전치·패널2,[전치] 13. 시도별 지가 변동률 (평균) | 상업지역 Commercal 037 0.32 035 102
지가,1996,495,13. 시도별 지가변동률(평균),XIV. 물가 및 가계,상업지역 Commercal 037 0.32 035 102,부산,col-en,0,0.6407,-008,-8,1.0,전치·패널2,[전치] 13. 시도별 지가 변동률 (평균) | 상업지역 Commercal 037 0.32 035 102
지가,1996,495,13. 시도별 지가변동률(평균),XIV. 물가 및 가계,상업지역 Commercal 037 0.32 035 102,대구,col-en,0,0.7056,063,63,1.0,전치·패널2,[전치] 13. 시도별 지가 변동률 (평균) | 상업지역 Commercal 037 0.32 035 102
지가,1996,495,13. 시도별 지가변동률(평균),XIV. 물가 및 가계,상업지역 Commercal 037 0.32 035 102,광주,col-en,0,0.8409,089,89,1.0,전치·패널2,[전치] 13. 시도별 지가 변동률 (평균) | 상업지역 Commercal 037 0.32 035 102
지가,1996,495,13. 시도별 지가변동률(평균),XIV. 물가 및 가계,상업지역 Commercal 037 0.32 035 102,대전,col-en,0,0.9107,-198,-198,0.5,전치·패널2,[전치] 13. 시도별 지가 변동률 (평균) | 상업지역 Commercal 037 0.32 035 102
지가,1996,495,13. 시도별 지가변동률(평균),XIV. 물가 및 가계,공업지역 Industral 076 099 037 07,서울,col-en,0,0.5729,155,155,1.0,전치·패널2,[전치] 13. 시도별 지가 변동률 (평균) | 공업지역 Industral 076 099 037 07
지가,1996,495,13. 시도별 지가변동률(평균),XIV. 물가 및 가계,공업지역 Industral 076 099 037 07,부산,col-en,0,0.6407,025,25,0.5,전치·패널2,[전치] 13. 시도별 지가 변동률 (평균) | 공업지역 Industral 076 099 037 07
지가,1996,495,13. 시도별 지가변동률(평균),XIV. 물가 및 가계,공업지역 Industral 076 099 037 07,대구,col-en,0,0.7056,152,152,1.0,전치·패널2,[전치] 13. 시도별 지가 변동률 (평균) | 공업지역 Industral 076 099 037 07
지가,1996,495,13. 시도별 지가변동률(평균),XIV. 물가 및 가계,공업지역 Industral 076 099 037 07,광주,col-en,0,0.8409,229,229,1.0,전치·패널2,[전치] 13. 시도별 지가 변동률 (평균) | 공업지역 Industral 076 099 037 07
지가,1996,495,13. 시도별 지가변동률(평균),XIV. 물가 및 가계,공업지역 Industral 076 099 037 07,대전,col-en,0,0.9107,056,56,1.0,전치·패널2,[전치] 13. 시도별 지가 변동률 (평균) | 공업지역 Industral 076 099 037 07
지가,1996,495,13. 시도별 지가변동률(평균),XIV. 물가 및 가계,녹지지역 Green Belt 086 046 0 99 155,서울,col-en,0,0.5729,-053,-53,1.0,전치·패널2,[전치] 13. 시도별 지가 변동률 (평균) | 녹지지역 Green Belt 086 046 0 99 155
지가,1996,495,13. 시도별 지가변동률(평균),XIV. 물가 및 가계,녹지지역 Green Belt 086 046 0 99 155,부산,col-en,0,0.6407,0 40,40,0.5,전치·패널2,[전치] 13. 시도별 지가 변동률 (평균) | 녹지지역 Green Belt 086 046 0 99 155
지가,1996,495,13. 시도별 지가변동률(평균),XIV. 물가 및 가계,녹지지역 Green Belt 086 046 0 99 155,대구,col-en,0,0.7056,1 50,150,0.5,전치·패널2,[전치] 13. 시도별 지가 변동률 (평균) | 녹지지역 Green Belt 086 046 0 99 155
지가,1996,495,13. 시도별 지가변동률(평균),XIV. 물가 및 가계,녹지지역 Green Belt 086 046 0 99 155,광주,col-en,0,0.8409,079,79,1.0,전치·패널2,[전치] 13. 시도별 지가 변동률 (평균) | 녹지지역 Green Belt 086 046 0 99 155
지가,1996,495,13. 시도별 지가변동률(평균),XIV. 물가 및 가계,녹지지역 Green Belt 086 046 0 99 155,대전,col-en,0,0.9107,067,67,1.0,전치·패널2,[전치] 13. 시도별 지가 변동률 (평균) | 녹지지역 Green Belt 086 046 0 99 155
지가,1996,495,13. 시도별 지가변동률(평균),XIV. 물가 및 가계,비도시지역 Non-City 110 418 1 16 0 94 .,부산,col-en,0,0.6407,366,366,1.0,전치·패널2,[전치] 13. 시도별 지가 변동률 (평균) | 비도시지역 Non-City 110 418 1 16 0 94 .
지가,1996,495,13. 시도별 지가변동률(평균),XIV. 물가 및 가계,비도시지역 Non-City 110 418 1 16 0 94 .,대구,col-en,0,0.7056,10 29,1029,1.0,전치·패널2,[전치] 13. 시도별 지가 변동률 (평균) | 비도시지역 Non-City 110 418 1 16 0 94 .
지가,1996,495,13. 시도별 지가변동률(평균),XIV. 물가 및 가계,비도시지역 Non-City 110 418 1 16 0 94 .,광주,col-en,0,0.8409,-015,-15,0.5,전치·패널2,[전치] 13. 시도별 지가 변동률 (평균) | 비도시지역 Non-City 110 418 1 16 0 94 .
지가,1996,495,13. 시도별 지가변동률(평균),XIV. 물가 및 가계,전 Dry paddles 168 113 166 206,서울,col-en,0,0.5729,-0 46,-46,1.0,전치·패널2,[전치] 13. 시도별 지가 변동률 (평균) | 전 Dry paddles 168 113 166 206
지가,1996,495,13. 시도별 지가변동률(평균),XIV. 물가 및 가계,전 Dry paddles 168 113 166 206,부산,col-en,0,0.6407,089,89,1.0,전치·패널2,[전치] 13. 시도별 지가 변동률 (평균) | 전 Dry paddles 168 113 166 206
지가,1996,495,13. 시도별 지가변동률(평균),XIV. 물가 및 가계,전 Dry paddles 168 113 166 206,광주,col-en,0,0.8409,173,173,1.0,전치·패널2,[전치] 13. 시도별 지가 변동률 (평균) | 전 Dry paddles 168 113 166 206
지가,1996,495,13. 시도별 지가변동률(평균),XIV. 물가 및 가계,전 Dry paddles 168 113 166 206,대전,col-en,0,0.9107,022,22,1.0,전치·패널2,[전치] 13. 시도별 지가 변동률 (평균) | 전 Dry paddles 168 113 166 206
지가,1996,495,13. 시도별 지가변동률(평균),XIV. 물가 및 가계,답 Rice flelds 1 21 137 130 104,서울,col-en,0,0.5729,080,80,0.3,전치·패널2|저신뢰,[전치] 13. 시도별 지가 변동률 (평균) | 답 Rice flelds 1 21 137 130 104
지가,1996,495,13. 시도별 지가변동률(평균),XIV. 물가 및 가계,답 Rice flelds 1 21 137 130 104,부산,col-en,0,0.6407,0 60,60,1.0,전치·패널2,[전치] 13. 시도별 지가 변동률 (평균) | 답 Rice flelds 1 21 137 130 104
지가,1996,495,13. 시도별 지가변동률(평균),XIV. 물가 및 가계,답 Rice flelds 1 21 137 130 104,대구,col-en,0,0.7056,261,261,1.0,전치·패널2,[전치] 13. 시도별 지가 변동률 (평균) | 답 Rice flelds 1 21 137 130 104
지가,1996,495,13. 시도별 지가변동률(평균),XIV. 물가 및 가계,답 Rice flelds 1 21 137 130 104,광주,col-en,0,0.8409,153,153,0.5,전치·패널2,[전치] 13. 시도별 지가 변동률 (평균) | 답 Rice flelds 1 21 137 130 104
지가,1996,495,13. 시도별 지가변동률(평균),XIV. 물가 및 가계,답 Rice flelds 1 21 137 130 104,대전,col-en,0,0.9107,08,8,0.3,전치·패널2|저신뢰,[전치] 13. 시도별 지가 변동률 (평균) | 답 Rice flelds 1 21 137 130 104
지가,1996,495,13. 시도별 지가변동률(평균),XIV. 물가 및 가계,주거용 For dweling 043 026 061 159,서울,col-en,0,0.5729,015,15,1.0,전치·패널2,[전치] 13. 시도별 지가 변동률 (평균) | 주거용 For dweling 043 026 061 159
지가,1996,495,13. 시도별 지가변동률(평균),XIV. 물가 및 가계,주거용 For dweling 043 026 061 159,부산,col-en,0,0.6407,015,15,1.0,전치·패널2,[전치] 13. 시도별 지가 변동률 (평균) | 주거용 For dweling 043 026 061 159
지가,1996,495,13. 시도별 지가변동률(평균),XIV. 물가 및 가계,주거용 For dweling 043 026 061 159,대구,col-en,0,0.7056,109,109,0.5,전치·패널2,[전치] 13. 시도별 지가 변동률 (평균) | 주거용 For dweling 043 026 061 159
지가,1996,495,13. 시도별 지가변동률(평균),XIV. 물가 및 가계,주거용 For dweling 043 026 061 159,광주,col-en,0,0.8409,124,124,0.5,전치·패널2,[전치] 13. 시도별 지가 변동률 (평균) | 주거용 For dweling 043 026 061 159
지가,1996,495,13. 시도별 지가변동률(평균),XIV. 물가 및 가계,주거용 For dweling 043 026 061 159,대전,col-en,0,0.9107,-054,-54,1.0,전치·패널2,[전치] 13. 시도별 지가 변동률 (평균) | 주거용 For dweling 043 026 061 159
지가,1996,495,13. 시도별 지가변동률(평균),XIV. 물가 및 가계,상업용 For commerce 028 018 029 172,서울,col-en,0,0.5729,019,19,1.0,전치·패널2,[전치] 13. 시도별 지가 변동률 (평균) | 상업용 For commerce 028 018 029 172
지가,1996,495,13. 시도별 지가변동률(평균),XIV. 물가 및 가계,상업용 For commerce 028 018 029 172,부산,col-en,0,0.6407,-001,-1,1.0,전치·패널2,[전치] 13. 시도별 지가 변동률 (평균) | 상업용 For commerce 028 018 029 172
지가,1996,495,13. 시도별 지가변동률(평균),XIV. 물가 및 가계,상업용 For commerce 028 018 029 172,대구,col-en,0,0.7056,056,56,0.5,전치·패널2,[전치] 13. 시도별 지가 변동률 (평균) | 상업용 For commerce 028 018 029 172
지가,1996,495,13. 시도별 지가변동률(평균),XIV. 물가 및 가계,상업용 For commerce 028 018 029 172,광주,col-en,0,0.8409,132,132,1.0,전치·패널2,[전치] 13. 시도별 지가 변동률 (평균) | 상업용 For commerce 028 018 029 172
지가,1996,495,13. 시도별 지가변동률(평균),XIV. 물가 및 가계,상업용 For commerce 028 018 029 172,대전,col-en,0,0.9107,-124,-124,1.0,전치·패널2,[전치] 13. 시도별 지가 변동률 (평균) | 상업용 For commerce 028 018 029 172
지가,1996,495,13. 시도별 지가변동률(평균),XIV. 물가 및 가계,임야 Forest -0 16 -063 0ㆀ0 -0 09,서울,col-en,0,0.5729,-253,-253,0.5,전치·패널2,[전치] 13. 시도별 지가 변동률 (평균) | 임야 Forest -0 16 -063 0ㆀ0 -0 09
지가,1996,495,13. 시도별 지가변동률(평균),XIV. 물가 및 가계,임야 Forest -0 16 -063 0ㆀ0 -0 09,부산,col-en,0,0.6407,-0 14,-14,1.0,전치·패널2,[전치] 13. 시도별 지가 변동률 (평균) | 임야 Forest -0 16 -063 0ㆀ0 -0 09
지가,1996,495,13. 시도별 지가변동률(평균),XIV. 물가 및 가계,임야 Forest -0 16 -063 0ㆀ0 -0 09,대구,col-en,0,0.7056,141,141,0.5,전치·패널2,[전치] 13. 시도별 지가 변동률 (평균) | 임야 Forest -0 16 -063 0ㆀ0 -0 09
지가,1996,495,13. 시도별 지가변동률(평균),XIV. 물가 및 가계,임야 Forest -0 16 -063 0ㆀ0 -0 09,광주,col-en,0,0.8409,0 57,57,0.5,전치·패널2,[전치] 13. 시도별 지가 변동률 (평균) | 임야 Forest -0 16 -063 0ㆀ0 -0 09
지가,1996,495,13. 시도별 지가변동률(평균),XIV. 물가 및 가계,공장용지 Fractory 086 123 0 50 0 08,서울,col-en,0,0.5729,199,199,1.0,전치·패널2,[전치] 13. 시도별 지가 변동률 (평균) | 공장용지 Fractory 086 123 0 50 0 08
지가,1996,495,13. 시도별 지가변동률(평균),XIV. 물가 및 가계,공장용지 Fractory 086 123 0 50 0 08,부산,col-en,0,0.6407,0 33,33,1.0,전치·패널2,[전치] 13. 시도별 지가 변동률 (평균) | 공장용지 Fractory 086 123 0 50 0 08
지가,1996,495,13. 시도별 지가변동률(평균),XIV. 물가 및 가계,공장용지 Fractory 086 123 0 50 0 08,대구,col-en,0,0.7056,203,203,0.3,전치·패널2|저신뢰,[전치] 13. 시도별 지가 변동률 (평균) | 공장용지 Fractory 086 123 0 50 0 08
지가,1996,495,13. 시도별 지가변동률(평균),XIV. 물가 및 가계,공장용지 Fractory 086 123 0 50 0 08,광주,col-en,0,0.8409,300,300,0.5,전치·패널2,[전치] 13. 시도별 지가 변동률 (평균) | 공장용지 Fractory 086 123 0 50 0 08
지가,1996,495,13. 시도별 지가변동률(평균),XIV. 물가 및 가계,공장용지 Fractory 086 123 0 50 0 08,대전,col-en,0,0.9107,126,126,0.3,전치·패널2|저신뢰,[전치] 13. 시도별 지가 변동률 (평균) | 공장용지 Fractory 086 123 0 50 0 08
지가,1996,495,13. 시도별 지가변동률(평균),XIV. 물가 및 가계,기타 Others 087 056 1 28 0 35,서울,col-en,0,0.5729,056,56,0.5,전치·패널2,[전치] 13. 시도별 지가 변동률 (평균) | 기타 Others 087 056 1 28 0 35
지가,1996,495,13. 시도별 지가변동률(평균),XIV. 물가 및 가계,기타 Others 087 056 1 28 0 35,부산,col-en,0,0.6407,011,11,0.3,전치·패널2|저신뢰,[전치] 13. 시도별 지가 변동률 (평균) | 기타 Others 087 056 1 28 0 35
지가,1996,495,13. 시도별 지가변동률(평균),XIV. 물가 및 가계,기타 Others 087 056 1 28 0 35,대구,col-en,0,0.7056,058,58,0.5,전치·패널2,[전치] 13. 시도별 지가 변동률 (평균) | 기타 Others 087 056 1 28 0 35
지가,1996,495,13. 시도별 지가변동률(평균),XIV. 물가 및 가계,기타 Others 087 056 1 28 0 35,광주,col-en,0,0.8409,0 26,26,0.5,전치·패널2,[전치] 13. 시도별 지가 변동률 (평균) | 기타 Others 087 056 1 28 0 35
지가,1996,495,13. 시도별 지가변동률(평균),XIV. 물가 및 가계,기타 Others 087 056 1 28 0 35,대전,col-en,0,0.9107,-023,-23,1.0,전치·패널2,[전치] 13. 시도별 지가 변동률 (평균) | 기타 Others 087 056 1 28 0 35
지가,1996,495,13. 시도별 지가변동률(평균),XIV. 물가 및 가계,1989 48 03\,경북,col-en,0,0.7477,19 80,1980,0.5,전치·패널4,[전치] 1989 48 03\
지가,1996,495,13. 시도별 지가변동률(평균),XIV. 물가 및 가계,1989 48 03\,제주,col-en,0,0.9086,41 90,4190,0.3,전치·패널4|저신뢰,[전치] 1989 48 03\
지가,1996,495,13. 시도별 지가변동률(평균),XIV. 물가 및 가계,1990 22 03\,경북,col-en,0,0.7477,1332,1332,0.5,전치·패널4,[전치] 1990 22 03\
지가,1996,495,13. 시도별 지가변동률(평균),XIV. 물가 및 가계,1990 22 03\,제주,col-en,0,0.9086,845,845,1.0,전치·패널4,[전치] 1990 22 03\
지가,1996,495,13. 시도별 지가변동률(평균),XIV. 물가 및 가계,1991 1468,경북,col-en,0,0.7477,911,911,0.5,전치·패널4,[전치] 1991 1468
지가,1996,495,13. 시도별 지가변동률(평균),XIV. 물가 및 가계,1991 1468,제주,col-en,0,0.9086,1043,1043,1.0,전치·패널4,[전치] 1991 1468
지가,1996,495,13. 시도별 지가변동률(평균),XIV. 물가 및 가계,1992 008,경북,col-en,0,0.7477,-026,-26,1.0,전치·패널4,[전치] 1992 008
지가,1996,495,13. 시도별 지가변동률(평균),XIV. 물가 및 가계,1992 008,제주,col-en,0,0.9086,026,26,1.0,전치·패널4,[전치] 1992 008
지가,1996,495,13. 시도별 지가변동률(평균),XIV. 물가 및 가계,1993 -7 06,경북,col-en,0,0.7477,-657,-657,1.0,전치·패널4,[전치] 1993 -7 06
지가,1996,495,13. 시도별 지가변동률(평균),XIV. 물가 및 가계,1993 -7 06,제주,col-en,0,0.9086,-870,-870,1.0,전치·패널4,[전치] 1993 -7 06
지가,1996,495,13. 시도별 지가변동률(평균),XIV. 물가 및 가계,1994 -0 26,경북,col-en,0,0.7477,063,63,1.0,전치·패널4,[전치] 1994 -0 26
지가,1996,495,13. 시도별 지가변동률(평균),XIV. 물가 및 가계,1995 146,경북,col-en,0,0.7477,072,72,0.3,전치·패널4|저신뢰,[전치] 1995 146
지가,1996,495,13. 시도별 지가변동률(평균),XIV. 물가 및 가계,1995 146,제주,col-en,0,0.9086,-015,-15,1.0,전치·패널4,[전치] 1995 146
지가,1996,495,13. 시도별 지가변동률(평균),XIV. 물가 및 가계,주거지역 Dwellng 049 166 045 -0 60 064,경북,col-en,0,0.7477,1 25,125,0.5,전치·패널4,[전치] 주거지역 Dwellng 049 166 045 -0 60 064
지가,1996,495,13. 시도별 지가변동률(평균),XIV. 물가 및 가계,주거지역 Dwellng 049 166 045 -0 60 064,경남,col-en,0,0.8314,047,47,0.5,전치·패널4,[전치] 주거지역 Dwellng 049 166 045 -0 60 064
지가,1996,495,13. 시도별 지가변동률(평균),XIV. 물가 및 가계,주거지역 Dwellng 049 166 045 -0 60 064,제주,col-en,0,0.9086,-003,-3,0.5,전치·패널4,[전치] 주거지역 Dwellng 049 166 045 -0 60 064
지가,1996,495,13. 시도별 지가변동률(평균),XIV. 물가 및 가계,상업지역 Commerclal 0 70 1 30 020 -094 0 26,경북,col-en,0,0.7477,048,48,1.0,전치·패널4,[전치] 상업지역 Commerclal 0 70 1 30 020 -094 0 26
지가,1996,495,13. 시도별 지가변동률(평균),XIV. 물가 및 가계,상업지역 Commerclal 0 70 1 30 020 -094 0 26,경남,col-en,0,0.8314,044,44,0.5,전치·패널4,[전치] 상업지역 Commerclal 0 70 1 30 020 -094 0 26
지가,1996,495,13. 시도별 지가변동률(평균),XIV. 물가 및 가계,상업지역 Commerclal 0 70 1 30 020 -094 0 26,제주,col-en,0,0.9086,001,1,1.0,전치·패널4,[전치] 상업지역 Commerclal 0 70 1 30 020 -094 0 26
지가,1996,495,13. 시도별 지가변동률(평균),XIV. 물가 및 가계,공업지역 Industral 0 20 063 141 -027 025,경북,col-en,0,0.7477,031,31,1.0,전치·패널4,[전치] 공업지역 Industral 0 20 063 141 -027 025
지가,1996,495,13. 시도별 지가변동률(평균),XIV. 물가 및 가계,공업지역 Industral 0 20 063 141 -027 025,경남,col-en,0,0.8314,067,67,1.0,전치·패널4,[전치] 공업지역 Industral 0 20 063 141 -027 025
지가,1996,495,13. 시도별 지가변동률(평균),XIV. 물가 및 가계,공업지역 Industral 0 20 063 141 -027 025,제주,col-en,0,0.9086,000,0,0.3,전치·패널4|저신뢰,[전치] 공업지역 Industral 0 20 063 141 -027 025
지가,1996,495,13. 시도별 지가변동률(평균),XIV. 물가 및 가계,녹지지역 Green Belt 187 176 -0 48 -0 13 042,경북,col-en,0,0.7477,097,97,0.5,전치·패널4,[전치] 녹지지역 Green Belt 187 176 -0 48 -0 13 042
지가,1996,495,13. 시도별 지가변동률(평균),XIV. 물가 및 가계,녹지지역 Green Belt 187 176 -0 48 -0 13 042,경남,col-en,0,0.8314,055,55,0.5,전치·패널4,[전치] 녹지지역 Green Belt 187 176 -0 48 -0 13 042
지가,1996,495,13. 시도별 지가변동률(평균),XIV. 물가 및 가계,녹지지역 Green Belt 187 176 -0 48 -0 13 042,제주,col-en,0,0.9086,-001,-1,1.0,전치·패널4,[전치] 녹지지역 Green Belt 187 176 -0 48 -0 13 042
지가,1996,495,13. 시도별 지가변동률(평균),XIV. 물가 및 가계,비도시지역 Non-City 21 0 39 0? -0 27 0 52,경북,col-en,0,0.7477,0 43,43,0.3,전치·패널4|저신뢰,[전치] 비도시지역 Non-City 21 0 39 0? -0 27 0 52
지가,1996,495,13. 시도별 지가변동률(평균),XIV. 물가 및 가계,비도시지역 Non-City 21 0 39 0? -0 27 0 52,경남,col-en,0,0.8314,072,72,0.5,전치·패널4,[전치] 비도시지역 Non-City 21 0 39 0? -0 27 0 52
지가,1996,495,13. 시도별 지가변동률(평균),XIV. 물가 및 가계,비도시지역 Non-City 21 0 39 0? -0 27 0 52,제주,col-en,0,0.9086,-061,-61,1.0,전치·패널4,[전치] 비도시지역 Non-City 21 0 39 0? -0 27 0 52
지가,1996,495,13. 시도별 지가변동률(평균),XIV. 물가 및 가계,전 Dry paddles 377 314 112 033 135,경북,col-en,0,0.7477,073,73,0.3,전치·패널4|저신뢰,[전치] 전 Dry paddles 377 314 112 033 135
지가,1996,495,13. 시도별 지가변동률(평균),XIV. 물가 및 가계,전 Dry paddles 377 314 112 033 135,경남,col-en,0,0.8314,060,60,1.0,전치·패널4,[전치] 전 Dry paddles 377 314 112 033 135
지가,1996,495,13. 시도별 지가변동률(평균),XIV. 물가 및 가계,전 Dry paddles 377 314 112 033 135,제주,col-en,0,0.9086,-027,-27,1.0,전치·패널4,[전치] 전 Dry paddles 377 314 112 033 135
지가,1996,495,13. 시도별 지가변동률(평균),XIV. 물가 및 가계,답 RIce felds 358 036 036 -006 0 28,경북,col-en,0,0.7477,060,60,0.5,전치·패널4,[전치] 답 RIce felds 358 036 036 -006 0 28
지가,1996,495,13. 시도별 지가변동률(평균),XIV. 물가 및 가계,답 RIce felds 358 036 036 -006 0 28,경남,col-en,0,0.8314,080,80,1.0,전치·패널4,[전치] 답 RIce felds 358 036 036 -006 0 28
지가,1996,495,13. 시도별 지가변동률(평균),XIV. 물가 및 가계,답 RIce felds 358 036 036 -006 0 28,제주,col-en,0,0.9086,000,0,1.0,전치·패널4,[전치] 답 RIce felds 358 036 036 -006 0 28
지가,1996,495,13. 시도별 지가변동률(평균),XIV. 물가 및 가계,주거용 For dwelling 079 177 169 -004 064,경북,col-en,0,0.7477,144,144,1.0,전치·패널4,[전치] 주거용 For dwelling 079 177 169 -004 064
지가,1996,495,13. 시도별 지가변동률(평균),XIV. 물가 및 가계,주거용 For dwelling 079 177 169 -004 064,경남,col-en,0,0.8314,07,7,0.3,전치·패널4|저신뢰,[전치] 주거용 For dwelling 079 177 169 -004 064
지가,1996,495,13. 시도별 지가변동률(평균),XIV. 물가 및 가계,주거용 For dwelling 079 177 169 -004 064,제주,col-en,0,0.9086,003,3,1.0,전치·패널4,[전치] 주거용 For dwelling 079 177 169 -004 064
지가,1996,495,13. 시도별 지가변동률(평균),XIV. 물가 및 가계,상업용 For commerce얧 0? 151 050 -0 36 027,경북,col-en,0,0.7477,0 39,39,0.5,전치·패널4,[전치] 상업용 For commerce얧 0? 151 050 -0 36 027
지가,1996,495,13. 시도별 지가변동률(평균),XIV. 물가 및 가계,상업용 For commerce얧 0? 151 050 -0 36 027,경남,col-en,0,0.8314,0 35,35,0.5,전치·패널4,[전치] 상업용 For commerce얧 0? 151 050 -0 36 027
지가,1996,495,13. 시도별 지가변동률(평균),XIV. 물가 및 가계,상업용 For commerce얧 0? 151 050 -0 36 027,제주,col-en,0,0.9086,006,6,1.0,전치·패널4,[전치] 상업용 For commerce얧 0? 151 050 -0 36 027
지가,1996,495,13. 시도별 지가변동률(평균),XIV. 물가 및 가계,임야 Forest 0 88 -0 75 -072 -1 22 011,경북,col-en,0,0.7477,-0 44,-44,0.5,전치·패널4,[전치] 임야 Forest 0 88 -0 75 -072 -1 22 011
지가,1996,495,13. 시도별 지가변동률(평균),XIV. 물가 및 가계,임야 Forest 0 88 -0 75 -072 -1 22 011,경남,col-en,0,0.8314,-059,-59,0.5,전치·패널4,[전치] 임야 Forest 0 88 -0 75 -072 -1 22 011
지가,1996,495,13. 시도별 지가변동률(평균),XIV. 물가 및 가계,임야 Forest 0 88 -0 75 -072 -1 22 011,제주,col-en,0,0.9086,-0.83,-0.83,0.5,전치·패널4,[전치] 임야 Forest 0 88 -0 75 -072 -1 22 011
지가,1996,495,13. 시도별 지가변동률(평균),XIV. 물가 및 가계,공장용지 Factory 0 17 119 084 -009 032,경북,col-en,0,0.7477,0 94,94,0.5,전치·패널4,[전치] 공장용지 Factory 0 17 119 084 -009 032
지가,1996,495,13. 시도별 지가변동률(평균),XIV. 물가 및 가계,공장용지 Factory 0 17 119 084 -009 032,경남,col-en,0,0.8314,066,66,0.5,전치·패널4,[전치] 공장용지 Factory 0 17 119 084 -009 032
지가,1996,495,13. 시도별 지가변동률(평균),XIV. 물가 및 가계,공장용지 Factory 0 17 119 084 -009 032,제주,col-en,0,0.9086,000,0,1.0,전치·패널4,[전치] 공장용지 Factory 0 17 119 084 -009 032
지가,1996,495,13. 시도별 지가변동률(평균),XIV. 물가 및 가계,기타 Others 228 014 048 018 102,경북,col-en,0,0.7477,196,196,0.3,전치·패널4|저신뢰,[전치] 기타 Others 228 014 048 018 102
지가,1996,495,13. 시도별 지가변동률(평균),XIV. 물가 및 가계,기타 Others 228 014 048 018 102,경남,col-en,0,0.8314,183,183,1.0,전치·패널4,[전치] 기타 Others 228 014 048 018 102
지가,1996,495,13. 시도별 지가변동률(평균),XIV. 물가 및 가계,기타 Others 228 014 048 018 102,제주,col-en,0,0.9086,-010,-10,0.5,전치·패널4,[전치] 기타 Others 228 014 048 018 102
지가,1997,511,13. 시도별 지가 변동률(평균),XIV. 물가 및 가계,1989,광주,col-en,0,0.8398,42 99,4299,0.5,전치·패널2,[전치] 13. 시도별 지가 변동률 (평균) | 1989
지가,1997,511,13. 시도별 지가 변동률(평균),XIV. 물가 및 가계,1990,광주,col-en,0,0.8398,22 43,2243,0.3,전치·패널2|저신뢰,[전치] 13. 시도별 지가 변동률 (평균) | 1990
지가,1997,511,13. 시도별 지가 변동률(평균),XIV. 물가 및 가계,1991,광주,col-en,0,0.8398,16 50,1650,0.5,전치·패널2,[전치] 13. 시도별 지가 변동률 (평균) | 1991
지가,1997,511,13. 시도별 지가 변동률(평균),XIV. 물가 및 가계,1992,광주,col-en,0,0.8398,-0 33,-33,0.3,전치·패널2|저신뢰,[전치] 13. 시도별 지가 변동률 (평균) | 1992
지가,1997,511,13. 시도별 지가 변동률(평균),XIV. 물가 및 가계,1993,광주,col-en,0,0.8398,-6 36,-636,0.5,전치·패널2,[전치] 13. 시도별 지가 변동률 (평균) | 1993
지가,1997,511,13. 시도별 지가 변동률(평균),XIV. 물가 및 가계,1994,광주,col-en,0,0.8398,-026,-26,0.5,전치·패널2,[전치] 13. 시도별 지가 변동률 (평균) | 1994
지가,1997,511,13. 시도별 지가 변동률(평균),XIV. 물가 및 가계,1995,광주,col-en,0,0.8398,1 44,144,0.5,전치·패널2,[전치] 13. 시도별 지가 변동률 (평균) | 1995
지가,1997,511,13. 시도별 지가 변동률(평균),XIV. 물가 및 가계,1996,광주,col-en,0,0.8398,116,116,0.5,전치·패널2,[전치] 13. 시도별 지가 변동률 (평균) | 1996
지가,1997,511,13. 시도별 지가 변동률(평균),XIV. 물가 및 가계,주거지역 Dwelling 0?1 069 074 123,서울,col-en,0,0.5678,076,76,1.0,전치·패널2,[전치] 13. 시도별 지가 변동률 (평균) | 주거지역 Dwelling 0?1 069 074 123
지가,1997,511,13. 시도별 지가 변동률(평균),XIV. 물가 및 가계,주거지역 Dwelling 0?1 069 074 123,대구,col-en,0,0.7053,080,80,0.3,전치·패널2|저신뢰,[전치] 13. 시도별 지가 변동률 (평균) | 주거지역 Dwelling 0?1 069 074 123
지가,1997,511,13. 시도별 지가 변동률(평균),XIV. 물가 및 가계,주거지역 Dwelling 0?1 069 074 123,광주,col-en,0,0.8398,116,116,0.5,전치·패널2,[전치] 13. 시도별 지가 변동률 (평균) | 주거지역 Dwelling 0?1 069 074 123
지가,1997,511,13. 시도별 지가 변동률(평균),XIV. 물가 및 가계,주거지역 Dwelling 0?1 069 074 123,대전,col-en,0,0.9107,003,3,1.0,전치·패널2,[전치] 13. 시도별 지가 변동률 (평균) | 주거지역 Dwelling 0?1 069 074 123
지가,1997,511,13. 시도별 지가 변동률(평균),XIV. 물가 및 가계,상업지역 Commercal 080 096 0 41 102,서울,col-en,0,0.5678,132,132,0.5,전치·패널2,[전치] 13. 시도별 지가 변동률 (평균) | 상업지역 Commercal 080 096 0 41 102
지가,1997,511,13. 시도별 지가 변동률(평균),XIV. 물가 및 가계,상업지역 Commercal 080 096 0 41 102,대구,col-en,0,0.7053,078,78,1.0,전치·패널2,[전치] 13. 시도별 지가 변동률 (평균) | 상업지역 Commercal 080 096 0 41 102
지가,1997,511,13. 시도별 지가 변동률(평균),XIV. 물가 및 가계,상업지역 Commercal 080 096 0 41 102,광주,col-en,0,0.8398,1 50,150,0.5,전치·패널2,[전치] 13. 시도별 지가 변동률 (평균) | 상업지역 Commercal 080 096 0 41 102
지가,1997,511,13. 시도별 지가 변동률(평균),XIV. 물가 및 가계,상업지역 Commercal 080 096 0 41 102,대전,col-en,0,0.9107,-063,-63,0.3,전치·패널2|저신뢰,[전치] 13. 시도별 지가 변동률 (평균) | 상업지역 Commercal 080 096 0 41 102
지가,1997,511,13. 시도별 지가 변동률(평균),XIV. 물가 및 가계,공업지역 Imdustral 076 081 0?0 0 63,서울,col-en,0,0.5678,1 29,129,0.5,전치·패널2,[전치] 13. 시도별 지가 변동률 (평균) | 공업지역 Imdustral 076 081 0?0 0 63
지가,1997,511,13. 시도별 지가 변동률(평균),XIV. 물가 및 가계,공업지역 Imdustral 076 081 0?0 0 63,대구,col-en,0,0.7053,091,91,0.5,전치·패널2,[전치] 13. 시도별 지가 변동률 (평균) | 공업지역 Imdustral 076 081 0?0 0 63
지가,1997,511,13. 시도별 지가 변동률(평균),XIV. 물가 및 가계,공업지역 Imdustral 076 081 0?0 0 63,광주,col-en,0,0.8398,157,157,0.3,전치·패널2|저신뢰,[전치] 13. 시도별 지가 변동률 (평균) | 공업지역 Imdustral 076 081 0?0 0 63
지가,1997,511,13. 시도별 지가 변동률(평균),XIV. 물가 및 가계,공업지역 Imdustral 076 081 0?0 0 63,대전,col-en,0,0.9107,020,20,1.0,전치·패널2,[전치] 13. 시도별 지가 변동률 (평균) | 공업지역 Imdustral 076 081 0?0 0 63
지가,1997,511,13. 시도별 지가 변동률(평균),XIV. 물가 및 가계,녹지지역 Green Belt 1 46 135 1 58 116,서울,col-en,0,0.5678,171,171,0.3,전치·패널2|저신뢰,[전치] 13. 시도별 지가 변동률 (평균) | 녹지지역 Green Belt 1 46 135 1 58 116
지가,1997,511,13. 시도별 지가 변동률(평균),XIV. 물가 및 가계,녹지지역 Green Belt 1 46 135 1 58 116,대구,col-en,0,0.7053,294,294,0.5,전치·패널2,[전치] 13. 시도별 지가 변동률 (평균) | 녹지지역 Green Belt 1 46 135 1 58 116
지가,1997,511,13. 시도별 지가 변동률(평균),XIV. 물가 및 가계,녹지지역 Green Belt 1 46 135 1 58 116,광주,col-en,0,0.8398,081,81,1.0,전치·패널2,[전치] 13. 시도별 지가 변동률 (평균) | 녹지지역 Green Belt 1 46 135 1 58 116
지가,1997,511,13. 시도별 지가 변동률(평균),XIV. 물가 및 가계,녹지지역 Green Belt 1 46 135 1 58 116,대전,col-en,0,0.9107,086,86,1.0,전치·패널2,[전치] 13. 시도별 지가 변동률 (평균) | 녹지지역 Green Belt 1 46 135 1 58 116
지가,1997,511,13. 시도별 지가 변동률(평균),XIV. 물가 및 가계,비도시지역 Non-Ctty 144 456 187 0 92 -,대구,col-en,0,0.7053,627,627,0.3,전치·패널2|저신뢰,[전치] 13. 시도별 지가 변동률 (평균) | 비도시지역 Non-Ctty 144 456 187 0 92 -
지가,1997,511,13. 시도별 지가 변동률(평균),XIV. 물가 및 가계,비도시지역 Non-Ctty 144 456 187 0 92 -,광주,col-en,0,0.8398,021,21,0.5,전치·패널2,[전치] 13. 시도별 지가 변동률 (평균) | 비도시지역 Non-Ctty 144 456 187 0 92 -
지가,1997,511,13. 시도별 지가 변동률(평균),XIV. 물가 및 가계,비도시지역 Non-Ctty 144 456 187 0 92 -,대전,col-en,0,0.9107,-002,-2,1.0,전치·패널2,[전치] 13. 시도별 지가 변동률 (평균) | 비도시지역 Non-Ctty 144 456 187 0 92 -
지가,1997,511,13. 시도별 지가 변동률(평균),XIV. 물가 및 가계,전 Dry paddtes 166 226 160 1??,대구,col-en,0,0.7053,353,353,0.3,전치·패널2|저신뢰,[전치] 13. 시도별 지가 변동률 (평균) | 전 Dry paddtes 166 226 160 1??
지가,1997,511,13. 시도별 지가 변동률(평균),XIV. 물가 및 가계,전 Dry paddtes 166 226 160 1??,인천,col-en,0,0.7731,2.29,2.29,1.0,전치·패널2,[전치] 13. 시도별 지가 변동률 (평균) | 전 Dry paddtes 166 226 160 1??
지가,1997,511,13. 시도별 지가 변동률(평균),XIV. 물가 및 가계,전 Dry paddtes 166 226 160 1??,광주,col-en,0,0.8398,104,104,1.0,전치·패널2,[전치] 13. 시도별 지가 변동률 (평균) | 전 Dry paddtes 166 226 160 1??
지가,1997,511,13. 시도별 지가 변동률(평균),XIV. 물가 및 가계,전 Dry paddtes 166 226 160 1??,대전,col-en,0,0.9107,056,56,1.0,전치·패널2,[전치] 13. 시도별 지가 변동률 (평균) | 전 Dry paddtes 166 226 160 1??
지가,1997,511,13. 시도별 지가 변동률(평균),XIV. 물가 및 가계,담 Rice fields 199 233 104,서울,col-en,0,0.5678,196,196,0.5,전치·패널2,[전치] 13. 시도별 지가 변동률 (평균) | 담 Rice fields 199 233 104
지가,1997,511,13. 시도별 지가 변동률(평균),XIV. 물가 및 가계,담 Rice fields 199 233 104,대구,col-en,0,0.7053,4 03,403,0.5,전치·패널2,[전치] 13. 시도별 지가 변동률 (평균) | 담 Rice fields 199 233 104
지가,1997,511,13. 시도별 지가 변동률(평균),XIV. 물가 및 가계,담 Rice fields 199 233 104,인천,col-en,0,0.7731,265,265,1.0,전치·패널2,[전치] 13. 시도별 지가 변동률 (평균) | 담 Rice fields 199 233 104
지가,1997,511,13. 시도별 지가 변동률(평균),XIV. 물가 및 가계,담 Rice fields 199 233 104,광주,col-en,0,0.8398,107,107,0.5,전치·패널2,[전치] 13. 시도별 지가 변동률 (평균) | 담 Rice fields 199 233 104
지가,1997,511,13. 시도별 지가 변동률(평균),XIV. 물가 및 가계,담 Rice fields 199 233 104,대전,col-en,0,0.9107,119,119,0.5,전치·패널2,[전치] 13. 시도별 지가 변동률 (평균) | 담 Rice fields 199 233 104
지가,1997,511,13. 시도별 지가 변동률(평균),XIV. 물가 및 가계,주거용 For dveling 074 0 96 1 48,서울,col-en,0,0.5678,082,82,1.0,전치·패널2,[전치] 13. 시도별 지가 변동률 (평균) | 주거용 For dveling 074 0 96 1 48
지가,1997,511,13. 시도별 지가 변동률(평균),XIV. 물가 및 가계,주거용 For dveling 074 0 96 1 48,대구,col-en,0,0.7053,054,54,1.0,전치·패널2,[전치] 13. 시도별 지가 변동률 (평균) | 주거용 For dveling 074 0 96 1 48
지가,1997,511,13. 시도별 지가 변동률(평균),XIV. 물가 및 가계,주거용 For dveling 074 0 96 1 48,인천,col-en,0,0.7731,0 57,57,1.0,전치·패널2,[전치] 13. 시도별 지가 변동률 (평균) | 주거용 For dveling 074 0 96 1 48
지가,1997,511,13. 시도별 지가 변동률(평균),XIV. 물가 및 가계,주거용 For dveling 074 0 96 1 48,광주,col-en,0,0.8398,127,127,1.0,전치·패널2,[전치] 13. 시도별 지가 변동률 (평균) | 주거용 For dveling 074 0 96 1 48
지가,1997,511,13. 시도별 지가 변동률(평균),XIV. 물가 및 가계,주거용 For dveling 074 0 96 1 48,대전,col-en,0,0.9107,012,12,1.0,전치·패널2,[전치] 13. 시도별 지가 변동률 (평균) | 주거용 For dveling 074 0 96 1 48
지가,1997,511,13. 시도별 지가 변동률(평균),XIV. 물가 및 가계,상업용 For commerce 079 0 37 107,서울,col-en,0,0.5678,102,102,0.3,전치·패널2|저신뢰,[전치] 13. 시도별 지가 변동률 (평균) | 상업용 For commerce 079 0 37 107
지가,1997,511,13. 시도별 지가 변동률(평균),XIV. 물가 및 가계,상업용 For commerce 079 0 37 107,대구,col-en,0,0.7053,064,64,0.5,전치·패널2,[전치] 13. 시도별 지가 변동률 (평균) | 상업용 For commerce 079 0 37 107
지가,1997,511,13. 시도별 지가 변동률(평균),XIV. 물가 및 가계,상업용 For commerce 079 0 37 107,인천,col-en,0,0.7731,0 40,40,0.5,전치·패널2,[전치] 13. 시도별 지가 변동률 (평균) | 상업용 For commerce 079 0 37 107
지가,1997,511,13. 시도별 지가 변동률(평균),XIV. 물가 및 가계,상업용 For commerce 079 0 37 107,광주,col-en,0,0.8398,063,63,1.0,전치·패널2,[전치] 13. 시도별 지가 변동률 (평균) | 상업용 For commerce 079 0 37 107
지가,1997,511,13. 시도별 지가 변동률(평균),XIV. 물가 및 가계,상업용 For commerce 079 0 37 107,대전,col-en,0,0.9107,-025,-25,1.0,전치·패널2,[전치] 13. 시도별 지가 변동률 (평균) | 상업용 For commerce 079 0 37 107
지가,1997,511,13. 시도별 지가 변동률(평균),XIV. 물가 및 가계,임야 Forest 029 0 63 0 22,서울,col-en,0,0.5678,-033,-33,0.3,전치·패널2|저신뢰,[전치] 13. 시도별 지가 변동률 (평균) | 임야 Forest 029 0 63 0 22
지가,1997,511,13. 시도별 지가 변동률(평균),XIV. 물가 및 가계,임야 Forest 029 0 63 0 22,대구,col-en,0,0.7053,1 35,135,0.5,전치·패널2,[전치] 13. 시도별 지가 변동률 (평균) | 임야 Forest 029 0 63 0 22
지가,1997,511,13. 시도별 지가 변동률(평균),XIV. 물가 및 가계,임야 Forest 029 0 63 0 22,인천,col-en,0,0.7731,1 07,107,0.5,전치·패널2,[전치] 13. 시도별 지가 변동률 (평균) | 임야 Forest 029 0 63 0 22
지가,1997,511,13. 시도별 지가 변동률(평균),XIV. 물가 및 가계,임야 Forest 029 0 63 0 22,광주,col-en,0,0.8398,034,34,1.0,전치·패널2,[전치] 13. 시도별 지가 변동률 (평균) | 임야 Forest 029 0 63 0 22
지가,1997,511,13. 시도별 지가 변동률(평균),XIV. 물가 및 가계,임야 Forest 029 0 63 0 22,대전,col-en,0,0.9107,-0 48,-48,1.0,전치·패널2,[전치] 13. 시도별 지가 변동률 (평균) | 임야 Forest 029 0 63 0 22
지가,1997,511,13. 시도별 지가 변동률(평균),XIV. 물가 및 가계,공장용지 Factory 097 8의 -0 21,서울,col-en,0,0.5678,126,126,1.0,전치·패널2,[전치] 13. 시도별 지가 변동률 (평균) | 공장용지 Factory 097 8의 -0 21
지가,1997,511,13. 시도별 지가 변동률(평균),XIV. 물가 및 가계,공장용지 Factory 097 8의 -0 21,대구,col-en,0,0.7053,131,131,0.5,전치·패널2,[전치] 13. 시도별 지가 변동률 (평균) | 공장용지 Factory 097 8의 -0 21
지가,1997,511,13. 시도별 지가 변동률(평균),XIV. 물가 및 가계,공장용지 Factory 097 8의 -0 21,인천,col-en,0,0.7731,0 38,38,1.0,전치·패널2,[전치] 13. 시도별 지가 변동률 (평균) | 공장용지 Factory 097 8의 -0 21
지가,1997,511,13. 시도별 지가 변동률(평균),XIV. 물가 및 가계,공장용지 Factory 097 8의 -0 21,광주,col-en,0,0.8398,484,484,1.0,전치·패널2,[전치] 13. 시도별 지가 변동률 (평균) | 공장용지 Factory 097 8의 -0 21
지가,1997,511,13. 시도별 지가 변동률(평균),XIV. 물가 및 가계,공장용지 Factory 097 8의 -0 21,대전,col-en,0,0.9107,037,37,1.0,전치·패널2,[전치] 13. 시도별 지가 변동률 (평균) | 공장용지 Factory 097 8의 -0 21
지가,1997,511,13. 시도별 지가 변동률(평균),XIV. 물가 및 가계,기타 Others 216 101,서울,col-en,0,0.5678,278,278,1.0,전치·패널2,[전치] 13. 시도별 지가 변동률 (평균) | 기타 Others 216 101
지가,1997,511,13. 시도별 지가 변동률(평균),XIV. 물가 및 가계,기타 Others 216 101,대구,col-en,0,0.7053,225,225,0.5,전치·패널2,[전치] 13. 시도별 지가 변동률 (평균) | 기타 Others 216 101
지가,1997,511,13. 시도별 지가 변동률(평균),XIV. 물가 및 가계,기타 Others 216 101,인천,col-en,0,0.7731,261,261,1.0,전치·패널2,[전치] 13. 시도별 지가 변동률 (평균) | 기타 Others 216 101
지가,1997,511,13. 시도별 지가 변동률(평균),XIV. 물가 및 가계,기타 Others 216 101,광주,col-en,0,0.8398,0 00,0,0.5,전치·패널2,[전치] 13. 시도별 지가 변동률 (평균) | 기타 Others 216 101
지가,1997,511,13. 시도별 지가 변동률(평균),XIV. 물가 및 가계,기타 Others 216 101,대전,col-en,0,0.9107,066,66,1.0,전치·패널2,[전치] 13. 시도별 지가 변동률 (평균) | 기타 Others 216 101
지가,1997,511,13. 시도별 지가 변동률(평균),XIV. 물가 및 가계,주거지역 Dwelling,충북,col-en,0,0.441,0 43,43,0.5,전치·패널4,[전치] 주거지역 Dwelling
지가,1997,511,13. 시도별 지가 변동률(평균),XIV. 물가 및 가계,주거지역 Dwelling,제주,col-en,0,0.9076,028,28,1.0,전치·패널4,[전치] 주거지역 Dwelling
지가,1997,511,13. 시도별 지가 변동률(평균),XIV. 물가 및 가계,주거지역 Dwelling,충북,col-en,1,0.441,0 60,60,0.5,전치·패널4,[전치] 주거지역 Dwelling
지가,1997,511,13. 시도별 지가 변동률(평균),XIV. 물가 및 가계,주거지역 Dwelling,충북,col-en,2,0.441,122,122,0.3,전치·패널4|저신뢰,[전치] 주거지역 Dwelling
지가,1997,511,13. 시도별 지가 변동률(평균),XIV. 물가 및 가계,상업지역 Commereral,충북,col-en,0,0.441,0 62,62,0.5,전치·패널4,[전치] 상업지역 Commereral
지가,1997,511,13. 시도별 지가 변동률(평균),XIV. 물가 및 가계,상업지역 Commereral,제주,col-en,0,0.9076,-011,-11,0.5,전치·패널4,[전치] 상업지역 Commereral
지가,1997,511,13. 시도별 지가 변동률(평균),XIV. 물가 및 가계,상업지역 Commereral,충북,col-en,1,0.441,089,89,0.5,전치·패널4,[전치] 상업지역 Commereral
지가,1997,511,13. 시도별 지가 변동률(평균),XIV. 물가 및 가계,상업지역 Commereral,충북,col-en,2,0.441,0 23,23,0.5,전치·패널4,[전치] 상업지역 Commereral
지가,1997,511,13. 시도별 지가 변동률(평균),XIV. 물가 및 가계,공업지역 Industral,충북,col-en,0,0.441,016,16,1.0,전치·패널4,[전치] 공업지역 Industral
지가,1997,511,13. 시도별 지가 변동률(평균),XIV. 물가 및 가계,공업지역 Industral,충북,col-en,1,0.441,0 49,49,0.5,전치·패널4,[전치] 공업지역 Industral
지가,1997,511,13. 시도별 지가 변동률(평균),XIV. 물가 및 가계,공업지역 Industral,충북,col-en,2,0.441,143,143,0.5,전치·패널4,[전치] 공업지역 Industral
지가,1997,511,13. 시도별 지가 변동률(평균),XIV. 물가 및 가계,녹지지역 Green Belt,충북,col-en,0,0.441,173,173,1.0,전치·패널4,[전치] 녹지지역 Green Belt
지가,1997,511,13. 시도별 지가 변동률(평균),XIV. 물가 및 가계,녹지지역 Green Belt,제주,col-en,0,0.9076,029,29,1.0,전치·패널4,[전치] 녹지지역 Green Belt
지가,1997,511,13. 시도별 지가 변동률(평균),XIV. 물가 및 가계,녹지지역 Green Belt,충북,col-en,1,0.441,0.28,0.28,1.0,전치·패널4,[전치] 녹지지역 Green Belt
지가,1997,511,13. 시도별 지가 변동률(평균),XIV. 물가 및 가계,녹지지역 Green Belt,충북,col-en,2,0.441,1 53,153,0.3,전치·패널4|저신뢰,[전치] 녹지지역 Green Belt
지가,1997,511,13. 시도별 지가 변동률(평균),XIV. 물가 및 가계,비도시지역 Non-City,충북,col-en,0,0.441,1 98,198,0.3,전치·패널4|저신뢰,[전치] 비도시지역 Non-City
지가,1997,511,13. 시도별 지가 변동률(평균),XIV. 물가 및 가계,비도시지역 Non-City,제주,col-en,0,0.9076,063,63,1.0,전치·패널4,[전치] 비도시지역 Non-City
지가,1997,511,13. 시도별 지가 변동률(평균),XIV. 물가 및 가계,비도시지역 Non-City,충북,col-en,1,0.441,111,111,1.0,전치·패널4,[전치] 비도시지역 Non-City
지가,1997,511,13. 시도별 지가 변동률(평균),XIV. 물가 및 가계,비도시지역 Non-City,충북,col-en,2,0.441,106,106,0.3,전치·패널4|저신뢰,[전치] 비도시지역 Non-City
지가,1997,511,13. 시도별 지가 변동률(평균),XIV. 물가 및 가계,전 Drs paddles,충북,col-en,0,0.441,277,277,1.0,전치·패널4,[전치] 전 Drs paddles
지가,1997,511,13. 시도별 지가 변동률(평균),XIV. 물가 및 가계,전 Drs paddles,경북,col-en,0,0.7512,174,174,0.3,전치·패널4|저신뢰,[전치] 전 Drs paddles
지가,1997,511,13. 시도별 지가 변동률(평균),XIV. 물가 및 가계,전 Drs paddles,제주,col-en,0,0.9076,094,94,1.0,전치·패널4,[전치] 전 Drs paddles
지가,1997,511,13. 시도별 지가 변동률(평균),XIV. 물가 및 가계,전 Drs paddles,충북,col-en,1,0.441,170,170,0.5,전치·패널4,[전치] 전 Drs paddles
지가,1997,511,13. 시도별 지가 변동률(평균),XIV. 물가 및 가계,전 Drs paddles,경북,col-en,1,0.7512,118,118,1.0,전치·패널4,[전치] 전 Drs paddles
지가,1997,511,13. 시도별 지가 변동률(평균),XIV. 물가 및 가계,담 Rice ftelds얧,충북,col-en,0,0.441,296,296,1.0,전치·패널4,[전치] 담 Rice ftelds얧
지가,1997,511,13. 시도별 지가 변동률(평균),XIV. 물가 및 가계,담 Rice ftelds얧,경북,col-en,0,0.7512,1 36,136,1.0,전치·패널4,[전치] 담 Rice ftelds얧
지가,1997,511,13. 시도별 지가 변동률(평균),XIV. 물가 및 가계,담 Rice ftelds얧,제주,col-en,0,0.9076,-032,-32,0.5,전치·패널4,[전치] 담 Rice ftelds얧
지가,1997,511,13. 시도별 지가 변동률(평균),XIV. 물가 및 가계,담 Rice ftelds얧,충북,col-en,1,0.441,107,107,0.3,전치·패널4|저신뢰,[전치] 담 Rice ftelds얧
지가,1997,511,13. 시도별 지가 변동률(평균),XIV. 물가 및 가계,담 Rice ftelds얧,경북,col-en,1,0.7512,1 04,104,0.5,전치·패널4,[전치] 담 Rice ftelds얧
지가,1997,511,13. 시도별 지가 변동률(평균),XIV. 물가 및 가계,주거용 For dweling,충북,col-en,0,0.441,071,71,1.0,전치·패널4,[전치] 주거용 For dweling
지가,1997,511,13. 시도별 지가 변동률(평균),XIV. 물가 및 가계,주거용 For dweling,경북,col-en,0,0.7512,117,117,0.5,전치·패널4,[전치] 주거용 For dweling
지가,1997,511,13. 시도별 지가 변동률(평균),XIV. 물가 및 가계,주거용 For dweling,제주,col-en,0,0.9076,1 38,138,1.0,전치·패널4,[전치] 주거용 For dweling
지가,1997,511,13. 시도별 지가 변동률(평균),XIV. 물가 및 가계,주거용 For dweling,충북,col-en,1,0.441,072,72,1.0,전치·패널4,[전치] 주거용 For dweling
지가,1997,511,13. 시도별 지가 변동률(평균),XIV. 물가 및 가계,주거용 For dweling,경북,col-en,1,0.7512,070,70,1.0,전치·패널4,[전치] 주거용 For dweling
지가,1997,511,13. 시도별 지가 변동률(평균),XIV. 물가 및 가계,주거용 For dweling,제주,col-en,1,0.9076,050,50,0.5,전치·패널4,[전치] 주거용 For dweling
지가,1997,511,13. 시도별 지가 변동률(평균),XIV. 물가 및 가계,주거용 For dweling,충북,col-en,2,0.441,133,133,0.3,전치·패널4|저신뢰,[전치] 주거용 For dweling
지가,1997,511,13. 시도별 지가 변동률(평균),XIV. 물가 및 가계,상업용 For commerce,충북,col-en,0,0.441,041,41,1.0,전치·패널4,[전치] 상업용 For commerce
지가,1997,511,13. 시도별 지가 변동률(평균),XIV. 물가 및 가계,상업용 For commerce,경북,col-en,0,0.7512,0 32,32,0.5,전치·패널4,[전치] 상업용 For commerce
지가,1997,511,13. 시도별 지가 변동률(평균),XIV. 물가 및 가계,상업용 For commerce,제주,col-en,0,0.9076,0 25,25,1.0,전치·패널4,[전치] 상업용 For commerce
지가,1997,511,13. 시도별 지가 변동률(평균),XIV. 물가 및 가계,상업용 For commerce,충북,col-en,1,0.441,088,88,1.0,전치·패널4,[전치] 상업용 For commerce
지가,1997,511,13. 시도별 지가 변동률(평균),XIV. 물가 및 가계,상업용 For commerce,경북,col-en,1,0.7512,084,84,1.0,전치·패널4,[전치] 상업용 For commerce
지가,1997,511,13. 시도별 지가 변동률(평균),XIV. 물가 및 가계,상업용 For commerce,제주,col-en,1,0.9076,038,38,1.0,전치·패널4,[전치] 상업용 For commerce
지가,1997,511,13. 시도별 지가 변동률(평균),XIV. 물가 및 가계,상업용 For commerce,충북,col-en,2,0.441,070,70,0.3,전치·패널4|저신뢰,[전치] 상업용 For commerce
지가,1997,511,13. 시도별 지가 변동률(평균),XIV. 물가 및 가계,임야 Forest,충북,col-en,0,0.441,0 90,90,0.5,전치·패널4,[전치] 임야 Forest
지가,1997,511,13. 시도별 지가 변동률(평균),XIV. 물가 및 가계,임야 Forest,경북,col-en,0,0.7512,0 65,65,0.5,전치·패널4,[전치] 임야 Forest
지가,1997,511,13. 시도별 지가 변동률(평균),XIV. 물가 및 가계,임야 Forest,제주,col-en,0,0.9076,012,12,0.3,전치·패널4|저신뢰,[전치] 임야 Forest
지가,1997,511,13. 시도별 지가 변동률(평균),XIV. 물가 및 가계,임야 Forest,충북,col-en,1,0.441,-0 30,-30,1.0,전치·패널4,[전치] 임야 Forest
지가,1997,511,13. 시도별 지가 변동률(평균),XIV. 물가 및 가계,임야 Forest,경북,col-en,1,0.7512,017,17,1.0,전치·패널4,[전치] 임야 Forest
지가,1997,511,13. 시도별 지가 변동률(평균),XIV. 물가 및 가계,임야 Forest,제주,col-en,1,0.9076,007,7,1.0,전치·패널4,[전치] 임야 Forest
지가,1997,511,13. 시도별 지가 변동률(평균),XIV. 물가 및 가계,임야 Forest,충북,col-en,2,0.441,-0 10,-10,0.5,전치·패널4,[전치] 임야 Forest
지가,1997,511,13. 시도별 지가 변동률(평균),XIV. 물가 및 가계,공장용지 Factory,충북,col-en,0,0.441,029,29,0.5,전치·패널4,[전치] 공장용지 Factory
지가,1997,511,13. 시도별 지가 변동률(평균),XIV. 물가 및 가계,공장용지 Factory,경북,col-en,0,0.7512,1 44,144,0.3,전치·패널4|저신뢰,[전치] 공장용지 Factory
지가,1997,511,13. 시도별 지가 변동률(평균),XIV. 물가 및 가계,공장용지 Factory,제주,col-en,0,0.9076,1 07,107,0.3,전치·패널4|저신뢰,[전치] 공장용지 Factory
지가,1997,511,13. 시도별 지가 변동률(평균),XIV. 물가 및 가계,공장용지 Factory,충북,col-en,1,0.441,049,49,0.5,전치·패널4,[전치] 공장용지 Factory
지가,1997,511,13. 시도별 지가 변동률(평균),XIV. 물가 및 가계,공장용지 Factory,경북,col-en,1,0.7512,0 42,42,0.5,전치·패널4,[전치] 공장용지 Factory
지가,1997,511,13. 시도별 지가 변동률(평균),XIV. 물가 및 가계,공장용지 Factory,제주,col-en,1,0.9076,020,20,0.3,전치·패널4|저신뢰,[전치] 공장용지 Factory
지가,1997,511,13. 시도별 지가 변동률(평균),XIV. 물가 및 가계,기타 Others,충북,col-en,0,0.441,153,153,1.0,전치·패널4,[전치] 기타 Others
지가,1997,511,13. 시도별 지가 변동률(평균),XIV. 물가 및 가계,기타 Others,경북,col-en,0,0.7512,1 31,131,0.3,전치·패널4|저신뢰,[전치] 기타 Others
지가,1997,511,13. 시도별 지가 변동률(평균),XIV. 물가 및 가계,기타 Others,제주,col-en,0,0.9076,1 83,183,0.3,전치·패널4|저신뢰,[전치] 기타 Others
지가,1997,511,13. 시도별 지가 변동률(평균),XIV. 물가 및 가계,기타 Others,충북,col-en,1,0.441,104,104,0.3,전치·패널4|저신뢰,[전치] 기타 Others
지가,1997,511,13. 시도별 지가 변동률(평균),XIV. 물가 및 가계,기타 Others,경북,col-en,1,0.7512,084,84,1.0,전치·패널4,[전치] 기타 Others
지가,1997,511,13. 시도별 지가 변동률(평균),XIV. 물가 및 가계,기타 Others,제주,col-en,1,0.9076,007,7,0.5,전치·패널4,[전치] 기타 Others
지가,1998,517,12. 시도별 지가 변동률(평균),XIV. 물가 및 가계,1990 20.58 26.97 15.88 12.20,서울,col-en,0,0.5708,31.18,31.18,0.5,전치·패널2,[전치] 12. 시도별 지가 변동률 (평균) | 1990 20.58 26.97 15.88 12.20
지가,1998,517,12. 시도별 지가 변동률(평균),XIV. 물가 및 가계,1990 20.58 26.97 15.88 12.20,부산,col-en,0,0.6396,15.82,15.82,1.0,전치·패널2,[전치] 12. 시도별 지가 변동률 (평균) | 1990 20.58 26.97 15.88 12.20
지가,1998,517,12. 시도별 지가 변동률(평균),XIV. 물가 및 가계,1990 20.58 26.97 15.88 12.20,인천,col-en,0,0.7772,29.14,29.14,1.0,전치·패널2,[전치] 12. 시도별 지가 변동률 (평균) | 1990 20.58 26.97 15.88 12.20
지가,1998,517,12. 시도별 지가 변동률(평균),XIV. 물가 및 가계,1990 20.58 26.97 15.88 12.20,광주,col-en,0,0.8439,22.43,22.43,1.0,전치·패널2,[전치] 12. 시도별 지가 변동률 (평균) | 1990 20.58 26.97 15.88 12.20
지가,1998,517,12. 시도별 지가 변동률(평균),XIV. 물가 및 가계,1991 12.78 13.46 10.19,서울,col-en,0,0.5708,11.15,11.15,1.0,전치·패널2,[전치] 12. 시도별 지가 변동률 (평균) | 1991 12.78 13.46 10.19
지가,1998,517,12. 시도별 지가 변동률(평균),XIV. 물가 및 가계,1991 12.78 13.46 10.19,부산,col-en,0,0.6396,14.68,14.68,0.5,전치·패널2,[전치] 12. 시도별 지가 변동률 (평균) | 1991 12.78 13.46 10.19
지가,1998,517,12. 시도별 지가 변동률(평균),XIV. 물가 및 가계,1991 12.78 13.46 10.19,인천,col-en,0,0.7772,22.01,22.01,0.5,전치·패널2,[전치] 12. 시도별 지가 변동률 (평균) | 1991 12.78 13.46 10.19
지가,1998,517,12. 시도별 지가 변동률(평균),XIV. 물가 및 가계,1991 12.78 13.46 10.19,광주,col-en,0,0.8439,16.50,16.5,1.0,전치·패널2,[전치] 12. 시도별 지가 변동률 (평균) | 1991 12.78 13.46 10.19
지가,1998,517,12. 시도별 지가 변동률(평균),XIV. 물가 및 가계,1992 -1.27 -2.59 0.18 0.46,서울,col-en,0,0.5708,-2.78,-2.78,1.0,전치·패널2,[전치] 12. 시도별 지가 변동률 (평균) | 1992 -1.27 -2.59 0.18 0.46
지가,1998,517,12. 시도별 지가 변동률(평균),XIV. 물가 및 가계,1992 -1.27 -2.59 0.18 0.46,인천,col-en,0,0.7772,0.11,0.11,1.0,전치·패널2,[전치] 12. 시도별 지가 변동률 (평균) | 1992 -1.27 -2.59 0.18 0.46
지가,1998,517,12. 시도별 지가 변동률(평균),XIV. 물가 및 가계,1992 -1.27 -2.59 0.18 0.46,광주,col-en,0,0.8439,-0.33,-0.33,1.0,전치·패널2,[전치] 12. 시도별 지가 변동률 (평균) | 1992 -1.27 -2.59 0.18 0.46
지가,1998,517,12. 시도별 지가 변동률(평균),XIV. 물가 및 가계,1993 -7.38 -8.05 -6.58 -6.62,서울,col-en,0,0.5708,-8.72,-8.72,0.5,전치·패널2,[전치] 12. 시도별 지가 변동률 (평균) | 1993 -7.38 -8.05 -6.58 -6.62
지가,1998,517,12. 시도별 지가 변동률(평균),XIV. 물가 및 가계,1993 -7.38 -8.05 -6.58 -6.62,부산,col-en,0,0.6396,-6.77,-6.77,0.5,전치·패널2,[전치] 12. 시도별 지가 변동률 (평균) | 1993 -7.38 -8.05 -6.58 -6.62
지가,1998,517,12. 시도별 지가 변동률(평균),XIV. 물가 및 가계,1993 -7.38 -8.05 -6.58 -6.62,인천,col-en,0,0.7772,-6.62,-6.62,1.0,전치·패널2,[전치] 12. 시도별 지가 변동률 (평균) | 1993 -7.38 -8.05 -6.58 -6.62
지가,1998,517,12. 시도별 지가 변동률(평균),XIV. 물가 및 가계,1993 -7.38 -8.05 -6.58 -6.62,광주,col-en,0,0.8439,-6.36,-6.36,1.0,전치·패널2,[전치] 12. 시도별 지가 변동률 (평균) | 1993 -7.38 -8.05 -6.58 -6.62
지가,1998,517,12. 시도별 지가 변동률(평균),XIV. 물가 및 가계,1994 -0.57 -0.83 -0.35 -0.18,서울,col-en,0,0.5708,1.36,1.36,0.3,전치·패널2|저신뢰,[전치] 12. 시도별 지가 변동률 (평균) | 1994 -0.57 -0.83 -0.35 -0.18
지가,1998,517,12. 시도별 지가 변동률(평균),XIV. 물가 및 가계,1994 -0.57 -0.83 -0.35 -0.18,부산,col-en,0,0.6396,-0.35,-0.35,0.3,전치·패널2|저신뢰,[전치] 12. 시도별 지가 변동률 (평균) | 1994 -0.57 -0.83 -0.35 -0.18
지가,1998,517,12. 시도별 지가 변동률(평균),XIV. 물가 및 가계,1994 -0.57 -0.83 -0.35 -0.18,인천,col-en,0,0.7772,0.07,0.07,1.0,전치·패널2,[전치] 12. 시도별 지가 변동률 (평균) | 1994 -0.57 -0.83 -0.35 -0.18
지가,1998,517,12. 시도별 지가 변동률(평균),XIV. 물가 및 가계,1994 -0.57 -0.83 -0.35 -0.18,광주,col-en,0,0.8439,-0.26,-0.26,1.0,전치·패널2,[전치] 12. 시도별 지가 변동률 (평균) | 1994 -0.57 -0.83 -0.35 -0.18
지가,1998,517,12. 시도별 지가 변동률(평균),XIV. 물가 및 가계,1995 0.55 0.34 0.67 1.05,서울,col-en,0,0.5708,0.18,0.18,1.0,전치·패널2,[전치] 12. 시도별 지가 변동률 (평균) | 1995 0.55 0.34 0.67 1.05
지가,1998,517,12. 시도별 지가 변동률(평균),XIV. 물가 및 가계,1995 0.55 0.34 0.67 1.05,부산,col-en,0,0.6396,0.14,0.14,1.0,전치·패널2,[전치] 12. 시도별 지가 변동률 (평균) | 1995 0.55 0.34 0.67 1.05
지가,1998,517,12. 시도별 지가 변동률(평균),XIV. 물가 및 가계,1995 0.55 0.34 0.67 1.05,인천,col-en,0,0.7772,0.58,0.58,1.0,전치·패널2,[전치] 12. 시도별 지가 변동률 (평균) | 1995 0.55 0.34 0.67 1.05
지가,1998,517,12. 시도별 지가 변동률(평균),XIV. 물가 및 가계,1995 0.55 0.34 0.67 1.05,광주,col-en,0,0.8439,1.44,1.44,0.5,전치·패널2,[전치] 12. 시도별 지가 변동률 (평균) | 1995 0.55 0.34 0.67 1.05
지가,1998,517,12. 시도별 지가 변동률(평균),XIV. 물가 및 가계,1996 0.95 0.84 1.12 0.gt;,서울,col-en,0,0.5708,0.94,0.94,1.0,전치·패널2,[전치] 12. 시도별 지가 변동률 (평균) | 1996 0.95 0.84 1.12 0.gt;
지가,1998,517,12. 시도별 지가 변동률(평균),XIV. 물가 및 가계,1996 0.95 0.84 1.12 0.gt;,부산,col-en,0,0.6396,0.40,0.4,1.0,전치·패널2,[전치] 12. 시도별 지가 변동률 (평균) | 1996 0.95 0.84 1.12 0.gt;
지가,1998,517,12. 시도별 지가 변동률(평균),XIV. 물가 및 가계,1996 0.95 0.84 1.12 0.gt;,인천,col-en,0,0.7772,0.78,0.78,1.0,전치·패널2,[전치] 12. 시도별 지가 변동률 (평균) | 1996 0.95 0.84 1.12 0.gt;
지가,1998,517,12. 시도별 지가 변동률(평균),XIV. 물가 및 가계,1996 0.95 0.84 1.12 0.gt;,광주,col-en,0,0.8439,1.16,1.16,1.0,전치·패널2,[전치] 12. 시도별 지가 변동률 (평균) | 1996 0.95 0.84 1.12 0.gt;
지가,1998,517,12. 시도별 지가 변동률(평균),XIV. 물가 및 가계,1997 0.31 0.02 0.68 0.81,서울,col-en,0,0.5708,0.29,0.29,1.0,전치·패널2,[전치] 12. 시도별 지가 변동률 (평균) | 1997 0.31 0.02 0.68 0.81
지가,1998,517,12. 시도별 지가 변동률(평균),XIV. 물가 및 가계,1997 0.31 0.02 0.68 0.81,부산,col-en,0,0.6396,-0.90,-0.9,1.0,전치·패널2,[전치] 12. 시도별 지가 변동률 (평균) | 1997 0.31 0.02 0.68 0.81
지가,1998,517,12. 시도별 지가 변동률(평균),XIV. 물가 및 가계,1997 0.31 0.02 0.68 0.81,인천,col-en,0,0.7772,0.28,0.28,0.5,전치·패널2,[전치] 12. 시도별 지가 변동률 (평균) | 1997 0.31 0.02 0.68 0.81
지가,1998,517,12. 시도별 지가 변동률(평균),XIV. 물가 및 가계,1997 0.31 0.02 0.68 0.81,광주,col-en,0,0.8439,0.67,0.67,1.0,전치·패널2,[전치] 12. 시도별 지가 변동률 (평균) | 1997 0.31 0.02 0.68 0.81
지가,1998,517,12. 시도별 지가 변동률(평균),XIV. 물가 및 가계,주거지역 Dweling 0.15 0.04 0.40 0.7i,서울,col-en,0,0.5708,0.26,0.26,1.0,전치·패널2,[전치] 12. 시도별 지가 변동률 (평균) | 주거지역 Dweling 0.15 0.04 0.40 0.7i
지가,1998,517,12. 시도별 지가 변동률(평균),XIV. 물가 및 가계,주거지역 Dweling 0.15 0.04 0.40 0.7i,부산,col-en,0,0.6396,-0.86,-0.86,0.5,전치·패널2,[전치] 12. 시도별 지가 변동률 (평균) | 주거지역 Dweling 0.15 0.04 0.40 0.7i
지가,1998,517,12. 시도별 지가 변동률(평균),XIV. 물가 및 가계,주거지역 Dweling 0.15 0.04 0.40 0.7i,인천,col-en,0,0.7772,0.23,0.23,1.0,전치·패널2,[전치] 12. 시도별 지가 변동률 (평균) | 주거지역 Dweling 0.15 0.04 0.40 0.7i
지가,1998,517,12. 시도별 지가 변동률(평균),XIV. 물가 및 가계,주거지역 Dweling 0.15 0.04 0.40 0.7i,광주,col-en,0,0.8439,0.54,0.54,1.0,전치·패널2,[전치] 12. 시도별 지가 변동률 (평균) | 주거지역 Dweling 0.15 0.04 0.40 0.7i
지가,1998,517,12. 시도별 지가 변동률(평균),XIV. 물가 및 가계,상업지역 Commercial -0.08 -0.17 0.03 0.47,서울,col-en,0,0.5708,0.43,0.43,1.0,전치·패널2,[전치] 12. 시도별 지가 변동률 (평균) | 상업지역 Commercial -0.08 -0.17 0.03 0.47
지가,1998,517,12. 시도별 지가 변동률(평균),XIV. 물가 및 가계,상업지역 Commercial -0.08 -0.17 0.03 0.47,부산,col-en,0,0.6396,-1.16,-1.16,1.0,전치·패널2,[전치] 12. 시도별 지가 변동률 (평균) | 상업지역 Commercial -0.08 -0.17 0.03 0.47
지가,1998,517,12. 시도별 지가 변동률(평균),XIV. 물가 및 가계,상업지역 Commercial -0.08 -0.17 0.03 0.47,인천,col-en,0,0.7772,-0.01,-0.01,1.0,전치·패널2,[전치] 12. 시도별 지가 변동률 (평균) | 상업지역 Commercial -0.08 -0.17 0.03 0.47
지가,1998,517,12. 시도별 지가 변동률(평균),XIV. 물가 및 가계,상업지역 Commercial -0.08 -0.17 0.03 0.47,광주,col-en,0,0.8439,-0.03,-0.03,1.0,전치·패널2,[전치] 12. 시도별 지가 변동률 (평균) | 상업지역 Commercial -0.08 -0.17 0.03 0.47
지가,1998,517,12. 시도별 지가 변동률(평균),XIV. 물가 및 가계,공업지역 Industial -0.18 . -0.30 -0.04 0.04,서울,col-en,0,0.5708,0.36,0.36,1.0,전치·패널2,[전치] 12. 시도별 지가 변동률 (평균) | 공업지역 Industial -0.18 . -0.30 -0.04 0.04
지가,1998,517,12. 시도별 지가 변동률(평균),XIV. 물가 및 가계,공업지역 Industial -0.18 . -0.30 -0.04 0.04,인천,col-en,0,0.7772,0.02,0.02,1.0,전치·패널2,[전치] 12. 시도별 지가 변동률 (평균) | 공업지역 Industial -0.18 . -0.30 -0.04 0.04
지가,1998,517,12. 시도별 지가 변동률(평균),XIV. 물가 및 가계,공업지역 Industial -0.18 . -0.30 -0.04 0.04,광주,col-en,0,0.8439,0.49,0.49,1.0,전치·패널2,[전치] 12. 시도별 지가 변동률 (평균) | 공업지역 Industial -0.18 . -0.30 -0.04 0.04
지가,1998,517,12. 시도별 지가 변동률(평균),XIV. 물가 및 가계,녹지지역 Green Belt 0.82 0.34 1.20 0.89,서울,col-en,0,0.5708,0.13,0.13,1.0,전치·패널2,[전치] 12. 시도별 지가 변동률 (평균) | 녹지지역 Green Belt 0.82 0.34 1.20 0.89
지가,1998,517,12. 시도별 지가 변동률(평균),XIV. 물가 및 가계,녹지지역 Green Belt 0.82 0.34 1.20 0.89,부산,col-en,0,0.6396,-0.34,-0.34,0.5,전치·패널2,[전치] 12. 시도별 지가 변동률 (평균) | 녹지지역 Green Belt 0.82 0.34 1.20 0.89
지가,1998,517,12. 시도별 지가 변동률(평균),XIV. 물가 및 가계,녹지지역 Green Belt 0.82 0.34 1.20 0.89,인천,col-en,0,0.7772,0.72,0.72,1.0,전치·패널2,[전치] 12. 시도별 지가 변동률 (평균) | 녹지지역 Green Belt 0.82 0.34 1.20 0.89
지가,1998,517,12. 시도별 지가 변동률(평균),XIV. 물가 및 가계,녹지지역 Green Belt 0.82 0.34 1.20 0.89,광주,col-en,0,0.8439,1.62,1.62,0.5,전치·패널2,[전치] 12. 시도별 지가 변동률 (평균) | 녹지지역 Green Belt 0.82 0.34 1.20 0.89
지가,1998,517,12. 시도별 지가 변동률(평균),XIV. 물가 및 가계,비도시지역 Non-City 1.02 -0.17 1.14 0.85,부산,col-en,0,0.6396,1.81,1.81,1.0,전치·패널2,[전치] 12. 시도별 지가 변동률 (평균) | 비도시지역 Non-City 1.02 -0.17 1.14 0.85
지가,1998,517,12. 시도별 지가 변동률(평균),XIV. 물가 및 가계,비도시지역 Non-City 1.02 -0.17 1.14 0.85,인천,col-en,0,0.7772,1.21,1.21,0.3,전치·패널2|저신뢰,[전치] 12. 시도별 지가 변동률 (평균) | 비도시지역 Non-City 1.02 -0.17 1.14 0.85
지가,1998,517,12. 시도별 지가 변동률(평균),XIV. 물가 및 가계,비도시지역 Non-City 1.02 -0.17 1.14 0.85,광주,col-en,0,0.8439,1.29,1.29,1.0,전치·패널2,[전치] 12. 시도별 지가 변동률 (평균) | 비도시지역 Non-City 1.02 -0.17 1.14 0.85
지가,1998,517,12. 시도별 지가 변동률(평균),XIV. 물가 및 가계,전 Dry paddies 1.24 0.48 1.57 1.37,서울,col-en,0,0.5708,-0.09,-0.09,1.0,전치·패널2,[전치] 12. 시도별 지가 변동률 (평균) | 전 Dry paddies 1.24 0.48 1.57 1.37
지가,1998,517,12. 시도별 지가 변동률(평균),XIV. 물가 및 가계,전 Dry paddies 1.24 0.48 1.57 1.37,부산,col-en,0,0.6396,-0.41,-0.41,1.0,전치·패널2,[전치] 12. 시도별 지가 변동률 (평균) | 전 Dry paddies 1.24 0.48 1.57 1.37
지가,1998,517,12. 시도별 지가 변동률(평균),XIV. 물가 및 가계,전 Dry paddies 1.24 0.48 1.57 1.37,인천,col-en,0,0.7772,1.55,1.55,1.0,전치·패널2,[전치] 12. 시도별 지가 변동률 (평균) | 전 Dry paddies 1.24 0.48 1.57 1.37
지가,1998,517,12. 시도별 지가 변동률(평균),XIV. 물가 및 가계,전 Dry paddies 1.24 0.48 1.57 1.37,광주,col-en,0,0.8439,1.47,1.47,1.0,전치·패널2,[전치] 12. 시도별 지가 변동률 (평균) | 전 Dry paddies 1.24 0.48 1.57 1.37
지가,1998,517,12. 시도별 지가 변동률(평균),XIV. 물가 및 가계,답 Rice felds 1.13 0.79 1.47 0.87,서울,col-en,0,0.5708,0.80,0.8,1.0,전치·패널2,[전치] 12. 시도별 지가 변동률 (평균) | 답 Rice felds 1.13 0.79 1.47 0.87
지가,1998,517,12. 시도별 지가 변동률(평균),XIV. 물가 및 가계,답 Rice felds 1.13 0.79 1.47 0.87,부산,col-en,0,0.6396,0.73,0.73,1.0,전치·패널2,[전치] 12. 시도별 지가 변동률 (평균) | 답 Rice felds 1.13 0.79 1.47 0.87
지가,1998,517,12. 시도별 지가 변동률(평균),XIV. 물가 및 가계,답 Rice felds 1.13 0.79 1.47 0.87,인천,col-en,0,0.7772,1.38,1.38,1.0,전치·패널2,[전치] 12. 시도별 지가 변동률 (평균) | 답 Rice felds 1.13 0.79 1.47 0.87
지가,1998,517,12. 시도별 지가 변동률(평균),XIV. 물가 및 가계,답 Rice felds 1.13 0.79 1.47 0.87,광주,col-en,0,0.8439,1.70,1.7,1.0,전치·패널2,[전치] 12. 시도별 지가 변동률 (평균) | 답 Rice felds 1.13 0.79 1.47 0.87
지가,1998,517,12. 시도별 지가 변동률(평균),XIV. 물가 및 가계,주거용 For dweling 0.26 0.11 0.57 1.00,서울,col-en,0,0.5708,0.32,0.32,1.0,전치·패널2,[전치] 12. 시도별 지가 변동률 (평균) | 주거용 For dweling 0.26 0.11 0.57 1.00
지가,1998,517,12. 시도별 지가 변동률(평균),XIV. 물가 및 가계,주거용 For dweling 0.26 0.11 0.57 1.00,부산,col-en,0,0.6396,-0.67,-0.67,0.5,전치·패널2,[전치] 12. 시도별 지가 변동률 (평균) | 주거용 For dweling 0.26 0.11 0.57 1.00
지가,1998,517,12. 시도별 지가 변동률(평균),XIV. 물가 및 가계,주거용 For dweling 0.26 0.11 0.57 1.00,인천,col-en,0,0.7772,0.22,0.22,1.0,전치·패널2,[전치] 12. 시도별 지가 변동률 (평균) | 주거용 For dweling 0.26 0.11 0.57 1.00
지가,1998,517,12. 시도별 지가 변동률(평균),XIV. 물가 및 가계,주거용 For dweling 0.26 0.11 0.57 1.00,광주,col-en,0,0.8439,0.72,0.72,1.0,전치·패널2,[전치] 12. 시도별 지가 변동률 (평균) | 주거용 For dweling 0.26 0.11 0.57 1.00
지가,1998,517,12. 시도별 지가 변동률(평균),XIV. 물가 및 가계,삼업용 For comnerce -0.03 -0.10 0.11 0.46,서울,col-en,0,0.5708,0.29,0.29,1.0,전치·패널2,[전치] 12. 시도별 지가 변동률 (평균) | 삼업용 For comnerce -0.03 -0.10 0.11 0.46
지가,1998,517,12. 시도별 지가 변동률(평균),XIV. 물가 및 가계,삼업용 For comnerce -0.03 -0.10 0.11 0.46,부산,col-en,0,0.6396,-1.24,-1.24,1.0,전치·패널2,[전치] 12. 시도별 지가 변동률 (평균) | 삼업용 For comnerce -0.03 -0.10 0.11 0.46
지가,1998,517,12. 시도별 지가 변동률(평균),XIV. 물가 및 가계,삼업용 For comnerce -0.03 -0.10 0.11 0.46,인천,col-en,0,0.7772,0.04,0.04,1.0,전치·패널2,[전치] 12. 시도별 지가 변동률 (평균) | 삼업용 For comnerce -0.03 -0.10 0.11 0.46
지가,1998,517,12. 시도별 지가 변동률(평균),XIV. 물가 및 가계,삼업용 For comnerce -0.03 -0.10 0.11 0.46,광주,col-en,0,0.8439,-0.08,-0.08,0.5,전치·패널2,[전치] 12. 시도별 지가 변동률 (평균) | 삼업용 For comnerce -0.03 -0.10 0.11 0.46
지가,1998,517,12. 시도별 지가 변동률(평균),XIV. 물가 및 가계,임아 Forest 0.36 -0.18 0.60 0.47,서울,col-en,0,0.5708,-0.17,-0.17,1.0,전치·패널2,[전치] 12. 시도별 지가 변동률 (평균) | 임아 Forest 0.36 -0.18 0.60 0.47
지가,1998,517,12. 시도별 지가 변동률(평균),XIV. 물가 및 가계,임아 Forest 0.36 -0.18 0.60 0.47,부산,col-en,0,0.6396,-0.95,-0.95,1.0,전치·패널2,[전치] 12. 시도별 지가 변동률 (평균) | 임아 Forest 0.36 -0.18 0.60 0.47
지가,1998,517,12. 시도별 지가 변동률(평균),XIV. 물가 및 가계,임아 Forest 0.36 -0.18 0.60 0.47,인천,col-en,0,0.7772,-0.06,-0.06,1.0,전치·패널2,[전치] 12. 시도별 지가 변동률 (평균) | 임아 Forest 0.36 -0.18 0.60 0.47
지가,1998,517,12. 시도별 지가 변동률(평균),XIV. 물가 및 가계,임아 Forest 0.36 -0.18 0.60 0.47,광주,col-en,0,0.8439,1.24,1.24,1.0,전치·패널2,[전치] 12. 시도별 지가 변동률 (평균) | 임아 Forest 0.36 -0.18 0.60 0.47
지가,1998,517,12. 시도별 지가 변동률(평균),XIV. 물가 및 가계,공장용지 Factory -0.14 -0.37 0.11 -0.08,서울,col-en,0,0.5708,0.46,0.46,0.5,전치·패널2,[전치] 12. 시도별 지가 변동률 (평균) | 공장용지 Factory -0.14 -0.37 0.11 -0.08
지가,1998,517,12. 시도별 지가 변동률(평균),XIV. 물가 및 가계,공장용지 Factory -0.14 -0.37 0.11 -0.08,부산,col-en,0,0.6396,-1.04,-1.04,0.3,전치·패널2|저신뢰,[전치] 12. 시도별 지가 변동률 (평균) | 공장용지 Factory -0.14 -0.37 0.11 -0.08
지가,1998,517,12. 시도별 지가 변동률(평균),XIV. 물가 및 가계,공장용지 Factory -0.14 -0.37 0.11 -0.08,인천,col-en,0,0.7772,0.04,0.04,1.0,전치·패널2,[전치] 12. 시도별 지가 변동률 (평균) | 공장용지 Factory -0.14 -0.37 0.11 -0.08
지가,1998,517,12. 시도별 지가 변동률(평균),XIV. 물가 및 가계,공장용지 Factory -0.14 -0.37 0.11 -0.08,광주,col-en,0,0.8439,0.34,0.34,1.0,전치·패널2,[전치] 12. 시도별 지가 변동률 (평균) | 공장용지 Factory -0.14 -0.37 0.11 -0.08
지가,1998,517,12. 시도별 지가 변동률(평균),XIV. 물가 및 가계,기더 Others 0.70 0.29 0.69 0.87,서울,col-en,0,0.5708,-0.58,-0.58,0.5,전치·패널2,[전치] 12. 시도별 지가 변동률 (평균) | 기더 Others 0.70 0.29 0.69 0.87
지가,1998,517,12. 시도별 지가 변동률(평균),XIV. 물가 및 가계,기더 Others 0.70 0.29 0.69 0.87,부산,col-en,0,0.6396,-0.50,-0.5,1.0,전치·패널2,[전치] 12. 시도별 지가 변동률 (평균) | 기더 Others 0.70 0.29 0.69 0.87
지가,1998,517,12. 시도별 지가 변동률(평균),XIV. 물가 및 가계,기더 Others 0.70 0.29 0.69 0.87,인천,col-en,0,0.7772,0.94,0.94,1.0,전치·패널2,[전치] 12. 시도별 지가 변동률 (평균) | 기더 Others 0.70 0.29 0.69 0.87
지가,1998,517,12. 시도별 지가 변동률(평균),XIV. 물가 및 가계,기더 Others 0.70 0.29 0.69 0.87,광주,col-en,0,0.8439,1.38,1.38,1.0,전치·패널2,[전치] 12. 시도별 지가 변동률 (평균) | 기더 Others 0.70 0.29 0.69 0.87
지가,1998,517,12. 시도별 지가 변동률(평균),XIV. 물가 및 가계,1990,경기,col-ko,0,0.3614,22.03,22.03,1.0,전치·패널3,[전치] 1990
지가,1998,517,12. 시도별 지가 변동률(평균),XIV. 물가 및 가계,1990,강원,col-ko,0,0.4312,11.98,11.98,0.5,전치·패널3,[전치] 1990
지가,1998,517,12. 시도별 지가 변동률(평균),XIV. 물가 및 가계,1990,충북,col-ko,0,0.501,11.48,11.48,1.0,전치·패널3,[전치] 1990
지가,1998,517,12. 시도별 지가 변동률(평균),XIV. 물가 및 가계,1990,충남,col-ko,0,0.5708,11.41,11.41,1.0,전치·패널3,[전치] 1990
지가,1998,517,12. 시도별 지가 변동률(평균),XIV. 물가 및 가계,1990,전북,col-ko,0,0.6386,10.84,10.84,1.0,전치·패널3,[전치] 1990
지가,1998,517,12. 시도별 지가 변동률(평균),XIV. 물가 및 가계,1990,전남,col-ko,0,0.7064,8.54,8.54,0.5,전치·패널3,[전치] 1990
지가,1998,517,12. 시도별 지가 변동률(평균),XIV. 물가 및 가계,1990,경북,col-ko,0,0.7752,13.32,13.32,0.5,전치·패널3,[전치] 1990
지가,1998,517,12. 시도별 지가 변동률(평균),XIV. 물가 및 가계,1990,경남,col-ko,0,0.8439,12.80,12.8,0.5,전치·패널3,[전치] 1990
지가,1998,517,12. 시도별 지가 변동률(평균),XIV. 물가 및 가계,1990,제주,col-ko,0,0.9127,8.45,8.45,1.0,전치·패널3,[전치] 1990
지가,1998,517,12. 시도별 지가 변동률(평균),XIV. 물가 및 가계,1991 -,경기,col-ko,0,0.3614,14.68,14.68,1.0,전치·패널3,[전치] 1991 -
지가,1998,517,12. 시도별 지가 변동률(평균),XIV. 물가 및 가계,1991 -,강원,col-ko,0,0.4312,7.18,7.18,1.0,전치·패널3,[전치] 1991 -
지가,1998,517,12. 시도별 지가 변동률(평균),XIV. 물가 및 가계,1991 -,충북,col-ko,0,0.501,14.31,14.31,1.0,전치·패널3,[전치] 1991 -
지가,1998,517,12. 시도별 지가 변동률(평균),XIV. 물가 및 가계,1991 -,충남,col-ko,0,0.5708,9.56,9.56,1.0,전치·패널3,[전치] 1991 -
지가,1998,517,12. 시도별 지가 변동률(평균),XIV. 물가 및 가계,1991 -,전북,col-ko,0,0.6386,9.40,9.4,1.0,전치·패널3,[전치] 1991 -
지가,1998,517,12. 시도별 지가 변동률(평균),XIV. 물가 및 가계,1991 -,전남,col-ko,0,0.7064,4.50,4.5,1.0,전치·패널3,[전치] 1991 -
지가,1998,517,12. 시도별 지가 변동률(평균),XIV. 물가 및 가계,1991 -,경북,col-ko,0,0.7752,8.11,8.11,0.5,전치·패널3,[전치] 1991 -
지가,1998,517,12. 시도별 지가 변동률(평균),XIV. 물가 및 가계,1991 -,경남,col-ko,0,0.8439,14.47,14.47,1.0,전치·패널3,[전치] 1991 -
지가,1998,517,12. 시도별 지가 변동률(평균),XIV. 물가 및 가계,1991 -,제주,col-ko,0,0.9127,10.43,10.43,1.0,전치·패널3,[전치] 1991 -
지가,1998,517,12. 시도별 지가 변동률(평균),XIV. 물가 및 가계,1992,경기,col-ko,0,0.3614,0.08,0.08,1.0,전치·패널3,[전치] 1992
지가,1998,517,12. 시도별 지가 변동률(평균),XIV. 물가 및 가계,1992,강원,col-ko,0,0.4312,1.96,1.96,1.0,전치·패널3,[전치] 1992
지가,1998,517,12. 시도별 지가 변동률(평균),XIV. 물가 및 가계,1992,충북,col-ko,0,0.501,1.62,1.62,1.0,전치·패널3,[전치] 1992
지가,1998,517,12. 시도별 지가 변동률(평균),XIV. 물가 및 가계,1992,충남,col-ko,0,0.5708,1.12,1.12,0.5,전치·패널3,[전치] 1992
지가,1998,517,12. 시도별 지가 변동률(평균),XIV. 물가 및 가계,1992,전북,col-ko,0,0.6386,1.64,1.64,1.0,전치·패널3,[전치] 1992
지가,1998,517,12. 시도별 지가 변동률(평균),XIV. 물가 및 가계,1992,전남,col-ko,0,0.7064,-0.12,-0.12,0.5,전치·패널3,[전치] 1992
지가,1998,517,12. 시도별 지가 변동률(평균),XIV. 물가 및 가계,1992,경북,col-ko,0,0.7752,-0.26,-0.26,1.0,전치·패널3,[전치] 1992
지가,1998,517,12. 시도별 지가 변동률(평균),XIV. 물가 및 가계,1992,경남,col-ko,0,0.8439,0.18,0.18,1.0,전치·패널3,[전치] 1992
지가,1998,517,12. 시도별 지가 변동률(평균),XIV. 물가 및 가계,1992,제주,col-ko,0,0.9127,0.26,0.26,1.0,전치·패널3,[전치] 1992
지가,1998,517,12. 시도별 지가 변동률(평균),XIV. 물가 및 가계,1993,경기,col-ko,0,0.3614,-7.06,-7.06,1.0,전치·패널3,[전치] 1993
지가,1998,517,12. 시도별 지가 변동률(평균),XIV. 물가 및 가계,1993,강원,col-ko,0,0.4312,-4.89,-4.89,1.0,전치·패널3,[전치] 1993
지가,1998,517,12. 시도별 지가 변동률(평균),XIV. 물가 및 가계,1993,충북,col-ko,0,0.501,-6.07,-6.07,1.0,전치·패널3,[전치] 1993
지가,1998,517,12. 시도별 지가 변동률(평균),XIV. 물가 및 가계,1993,충남,col-ko,0,0.5708,-6.36,-6.36,1.0,전치·패널3,[전치] 1993
지가,1998,517,12. 시도별 지가 변동률(평균),XIV. 물가 및 가계,1993,전북,col-ko,0,0.6386,-5.94,-5.94,1.0,전치·패널3,[전치] 1993
지가,1998,517,12. 시도별 지가 변동률(평균),XIV. 물가 및 가계,1993,전남,col-ko,0,0.7064,-5.53,-5.53,1.0,전치·패널3,[전치] 1993
지가,1998,517,12. 시도별 지가 변동률(평균),XIV. 물가 및 가계,1993,경북,col-ko,0,0.7752,-6.57,-6.57,1.0,전치·패널3,[전치] 1993
지가,1998,517,12. 시도별 지가 변동률(평균),XIV. 물가 및 가계,1993,경남,col-ko,0,0.8439,-6.59,-6.59,1.0,전치·패널3,[전치] 1993
지가,1998,517,12. 시도별 지가 변동률(평균),XIV. 물가 및 가계,1993,제주,col-ko,0,0.9127,-8.70,-8.7,1.0,전치·패널3,[전치] 1993
지가,1998,517,12. 시도별 지가 변동률(평균),XIV. 물가 및 가계,1994 :,경기,col-ko,0,0.3614,-0.26,-0.26,1.0,전치·패널3,[전치] 1994 :
지가,1998,517,12. 시도별 지가 변동률(평균),XIV. 물가 및 가계,1994 :,강원,col-ko,0,0.4312,-0.11,-0.11,1.0,전치·패널3,[전치] 1994 :
지가,1998,517,12. 시도별 지가 변동률(평균),XIV. 물가 및 가계,1994 :,충북,col-ko,0,0.501,-0.40,-0.4,1.0,전치·패널3,[전치] 1994 :
지가,1998,517,12. 시도별 지가 변동률(평균),XIV. 물가 및 가계,1994 :,충남,col-ko,0,0.5708,-0.48,-0.48,1.0,전치·패널3,[전치] 1994 :
지가,1998,517,12. 시도별 지가 변동률(평균),XIV. 물가 및 가계,1994 :,전북,col-ko,0,0.6386,-0.60,-0.6,1.0,전치·패널3,[전치] 1994 :
지가,1998,517,12. 시도별 지가 변동률(평균),XIV. 물가 및 가계,1994 :,전남,col-ko,0,0.7064,-0.54,-0.54,1.0,전치·패널3,[전치] 1994 :
지가,1998,517,12. 시도별 지가 변동률(평균),XIV. 물가 및 가계,1994 :,경북,col-ko,0,0.7752,0.63,0.63,1.0,전치·패널3,[전치] 1994 :
지가,1998,517,12. 시도별 지가 변동률(평균),XIV. 물가 및 가계,1994 :,경남,col-ko,0,0.8439,-0.64,-0.64,1.0,전치·패널3,[전치] 1994 :
지가,1998,517,12. 시도별 지가 변동률(평균),XIV. 물가 및 가계,1994 :,제주,col-ko,0,0.9127,-0.39,-0.39,1.0,전치·패널3,[전치] 1994 :
지가,1998,517,12. 시도별 지가 변동률(평균),XIV. 물가 및 가계,1995,경기,col-ko,0,0.3614,1.46,1.46,1.0,전치·패널3,[전치] 1995
지가,1998,517,12. 시도별 지가 변동률(평균),XIV. 물가 및 가계,1995,강원,col-ko,0,0.4312,1.13,1.13,1.0,전치·패널3,[전치] 1995
지가,1998,517,12. 시도별 지가 변동률(평균),XIV. 물가 및 가계,1995,충북,col-ko,0,0.501,0.39,0.39,1.0,전치·패널3,[전치] 1995
지가,1998,517,12. 시도별 지가 변동률(평균),XIV. 물가 및 가계,1995,충남,col-ko,0,0.5708,-0.27,-0.27,1.0,전치·패널3,[전치] 1995
지가,1998,517,12. 시도별 지가 변동률(평균),XIV. 물가 및 가계,1995,전북,col-ko,0,0.6386,0.48,0.48,1.0,전치·패널3,[전치] 1995
지가,1998,517,12. 시도별 지가 변동률(평균),XIV. 물가 및 가계,1995,전남,col-ko,0,0.7064,0.20,0.2,1.0,전치·패널3,[전치] 1995
지가,1998,517,12. 시도별 지가 변동률(평균),XIV. 물가 및 가계,1995,경남,col-ko,0,0.8439,0.56,0.56,1.0,전치·패널3,[전치] 1995
지가,1998,517,12. 시도별 지가 변동률(평균),XIV. 물가 및 가계,1995,제주,col-ko,0,0.9127,-0.15,-0.15,1.0,전치·패널3,[전치] 1995
지가,1998,517,12. 시도별 지가 변동률(평균),XIV. 물가 및 가계,1996 -,경기,col-ko,0,0.3614,1.20,1.2,0.5,전치·패널3,[전치] 1996 -
지가,1998,517,12. 시도별 지가 변동률(평균),XIV. 물가 및 가계,1996 -,강원,col-ko,0,0.4312,1.26,1.26,0.5,전치·패널3,[전치] 1996 -
지가,1998,517,12. 시도별 지가 변동률(평균),XIV. 물가 및 가계,1996 -,충남,col-ko,0,0.5708,1.0,1.0,0.3,전치·패널3|저신뢰,[전치] 1996 -
지가,1998,517,12. 시도별 지가 변동률(평균),XIV. 물가 및 가계,1996 -,전북,col-ko,0,0.6386,1.13,1.13,1.0,전치·패널3,[전치] 1996 -
지가,1998,517,12. 시도별 지가 변동률(평균),XIV. 물가 및 가계,1996 -,전남,col-ko,0,0.7064,0.83,0.83,1.0,전치·패널3,[전치] 1996 -
지가,1998,517,12. 시도별 지가 변동률(평균),XIV. 물가 및 가계,1996 -,경북,col-ko,0,0.7752,1.25,1.25,1.0,전치·패널3,[전치] 1996 -
지가,1998,517,12. 시도별 지가 변동률(평균),XIV. 물가 및 가계,1996 -,경남,col-ko,0,0.8439,0.98,0.98,1.0,전치·패널3,[전치] 1996 -
지가,1998,517,12. 시도별 지가 변동률(평균),XIV. 물가 및 가계,1996 -,제주,col-ko,0,0.9127,0.30,0.3,1.0,전치·패널3,[전치] 1996 -
지가,1998,517,12. 시도별 지가 변동률(평균),XIV. 물가 및 가계,1997,울산,col-ko,0,0.2947,0.03,0.03,1.0,전치·패널3,[전치] 1997
지가,1998,517,12. 시도별 지가 변동률(평균),XIV. 물가 및 가계,1997,경기,col-ko,0,0.3614,0.65,0.65,1.0,전치·패널3,[전치] 1997
지가,1998,517,12. 시도별 지가 변동률(평균),XIV. 물가 및 가계,1997,충북,col-ko,0,0.501,1.02,1.02,1.0,전치·패널3,[전치] 1997
지가,1998,517,12. 시도별 지가 변동률(평균),XIV. 물가 및 가계,1997,충남,col-ko,0,0.5708,1.13,1.13,1.0,전치·패널3,[전치] 1997
지가,1998,517,12. 시도별 지가 변동률(평균),XIV. 물가 및 가계,1997,전북,col-ko,0,0.6386,0.57,0.57,1.0,전치·패널3,[전치] 1997
지가,1998,517,12. 시도별 지가 변동률(평균),XIV. 물가 및 가계,1997,전남,col-ko,0,0.7064,0.69,0.69,1.0,전치·패널3,[전치] 1997
지가,1998,517,12. 시도별 지가 변동률(평균),XIV. 물가 및 가계,1997,경북,col-ko,0,0.7752,0.38,0.38,1.0,전치·패널3,[전치] 1997
지가,1998,517,12. 시도별 지가 변동률(평균),XIV. 물가 및 가계,1997,경남,col-ko,0,0.8439,0.26,0.26,1.0,전치·패널3,[전치] 1997
지가,1998,517,12. 시도별 지가 변동률(평균),XIV. 물가 및 가계,1997,제주,col-ko,0,0.9127,0.38,0.38,1.0,전치·패널3,[전치] 1997
지가,1998,517,12. 시도별 지가 변동률(평균),XIV. 물가 및 가계,주거지역 Dwelling,울산,col-ko,0,0.2947,0.10,0.1,1.0,전치·패널3,[전치] 주거지역 Dwelling
지가,1998,517,12. 시도별 지가 변동률(평균),XIV. 물가 및 가계,주거지역 Dwelling,경기,col-ko,0,0.3614,0.7,0.7,0.5,전치·패널3,[전치] 주거지역 Dwelling
지가,1998,517,12. 시도별 지가 변동률(평균),XIV. 물가 및 가계,주거지역 Dwelling,강원,col-ko,0,0.4312,0.76,0.76,1.0,전치·패널3,[전치] 주거지역 Dwelling
지가,1998,517,12. 시도별 지가 변동률(평균),XIV. 물가 및 가계,주거지역 Dwelling,충북,col-ko,0,0.501,0.74,0.74,0.5,전치·패널3,[전치] 주거지역 Dwelling
지가,1998,517,12. 시도별 지가 변동률(평균),XIV. 물가 및 가계,주거지역 Dwelling,충남,col-ko,0,0.5708,0.60,0.6,1.0,전치·패널3,[전치] 주거지역 Dwelling
지가,1998,517,12. 시도별 지가 변동률(평균),XIV. 물가 및 가계,주거지역 Dwelling,전북,col-ko,0,0.6386,0.84,0.84,1.0,전치·패널3,[전치] 주거지역 Dwelling
지가,1998,517,12. 시도별 지가 변동률(평균),XIV. 물가 및 가계,주거지역 Dwelling,전남,col-ko,0,0.7064,0.37,0.37,1.0,전치·패널3,[전치] 주거지역 Dwelling
지가,1998,517,12. 시도별 지가 변동률(평균),XIV. 물가 및 가계,주거지역 Dwelling,경북,col-ko,0,0.7752,0.26,0.26,1.0,전치·패널3,[전치] 주거지역 Dwelling
지가,1998,517,12. 시도별 지가 변동률(평균),XIV. 물가 및 가계,주거지역 Dwelling,경남,col-ko,0,0.8439,0.30,0.3,1.0,전치·패널3,[전치] 주거지역 Dwelling
지가,1998,517,12. 시도별 지가 변동률(평균),XIV. 물가 및 가계,주거지역 Dwelling,제주,col-ko,0,0.9127,-0.01,-0.01,1.0,전치·패널3,[전치] 주거지역 Dwelling
지가,1998,517,12. 시도별 지가 변동률(평균),XIV. 물가 및 가계,상업지역 Commercia,울산,col-ko,0,0.2947,-0.39,-0.39,1.0,전치·패널3,[전치] 상업지역 Commercia
지가,1998,517,12. 시도별 지가 변동률(평균),XIV. 물가 및 가계,상업지역 Commercia,경기,col-ko,0,0.3614,0.18,0.18,1.0,전치·패널3,[전치] 상업지역 Commercia
지가,1998,517,12. 시도별 지가 변동률(평균),XIV. 물가 및 가계,상업지역 Commercia,강원,col-ko,0,0.4312,0.46,0.46,1.0,전치·패널3,[전치] 상업지역 Commercia
지가,1998,517,12. 시도별 지가 변동률(평균),XIV. 물가 및 가계,상업지역 Commercia,충북,col-ko,0,0.501,0.27,0.27,1.0,전치·패널3,[전치] 상업지역 Commercia
지가,1998,517,12. 시도별 지가 변동률(평균),XIV. 물가 및 가계,상업지역 Commercia,충남,col-ko,0,0.5708,0.25,0.25,1.0,전치·패널3,[전치] 상업지역 Commercia
지가,1998,517,12. 시도별 지가 변동률(평균),XIV. 물가 및 가계,상업지역 Commercia,전북,col-ko,0,0.6386,-0.26,-0.26,1.0,전치·패널3,[전치] 상업지역 Commercia
지가,1998,517,12. 시도별 지가 변동률(평균),XIV. 물가 및 가계,상업지역 Commercia,전남,col-ko,0,0.7064,0.51,0.51,1.0,전치·패널3,[전치] 상업지역 Commercia
지가,1998,517,12. 시도별 지가 변동률(평균),XIV. 물가 및 가계,상업지역 Commercia,경북,col-ko,0,0.7752,-0.04,-0.04,1.0,전치·패널3,[전치] 상업지역 Commercia
지가,1998,517,12. 시도별 지가 변동률(평균),XIV. 물가 및 가계,상업지역 Commercia,경남,col-ko,0,0.8439,-0.39,-0.39,1.0,전치·패널3,[전치] 상업지역 Commercia
지가,1998,517,12. 시도별 지가 변동률(평균),XIV. 물가 및 가계,상업지역 Commercia,제주,col-ko,0,0.9127,-0.36,-0.36,1.0,전치·패널3,[전치] 상업지역 Commercia
지가,1998,517,12. 시도별 지가 변동률(평균),XIV. 물가 및 가계,굥업지역 Industrial,울산,col-ko,0,0.2947,-0.0,-0.0,0.3,전치·패널3|저신뢰,[전치] 굥업지역 Industrial
지가,1998,517,12. 시도별 지가 변동률(평균),XIV. 물가 및 가계,굥업지역 Industrial,경기,col-ko,0,0.3614,0.00,0.0,0.5,전치·패널3,[전치] 굥업지역 Industrial
지가,1998,517,12. 시도별 지가 변동률(평균),XIV. 물가 및 가계,굥업지역 Industrial,강원,col-ko,0,0.4312,0.25,0.25,1.0,전치·패널3,[전치] 굥업지역 Industrial
지가,1998,517,12. 시도별 지가 변동률(평균),XIV. 물가 및 가계,굥업지역 Industrial,충북,col-ko,0,0.501,0.67,0.67,1.0,전치·패널3,[전치] 굥업지역 Industrial
지가,1998,517,12. 시도별 지가 변동률(평균),XIV. 물가 및 가계,굥업지역 Industrial,충남,col-ko,0,0.5708,0.49,0.49,1.0,전치·패널3,[전치] 굥업지역 Industrial
지가,1998,517,12. 시도별 지가 변동률(평균),XIV. 물가 및 가계,굥업지역 Industrial,전북,col-ko,0,0.6386,-0.30,-0.3,0.5,전치·패널3,[전치] 굥업지역 Industrial
지가,1998,517,12. 시도별 지가 변동률(평균),XIV. 물가 및 가계,굥업지역 Industrial,전남,col-ko,0,0.7064,0.64,0.64,1.0,전치·패널3,[전치] 굥업지역 Industrial
지가,1998,517,12. 시도별 지가 변동률(평균),XIV. 물가 및 가계,굥업지역 Industrial,경북,col-ko,0,0.7752,0.03,0.03,1.0,전치·패널3,[전치] 굥업지역 Industrial
지가,1998,517,12. 시도별 지가 변동률(평균),XIV. 물가 및 가계,굥업지역 Industrial,경남,col-ko,0,0.8439,-0.10,-0.1,0.5,전치·패널3,[전치] 굥업지역 Industrial
지가,1998,517,12. 시도별 지가 변동률(평균),XIV. 물가 및 가계,굥업지역 Industrial,제주,col-ko,0,0.9127,-0.07,-0.07,1.0,전치·패널3,[전치] 굥업지역 Industrial
지가,1998,517,12. 시도별 지가 변동률(평균),XIV. 물가 및 가계,녹지지역 Green Beit,울산,col-ko,0,0.2947,0.05,0.05,1.0,전치·패널3,[전치] 녹지지역 Green Beit
지가,1998,517,12. 시도별 지가 변동률(평균),XIV. 물가 및 가계,녹지지역 Green Beit,경기,col-ko,0,0.3614,1.01,1.01,1.0,전치·패널3,[전치] 녹지지역 Green Beit
지가,1998,517,12. 시도별 지가 변동률(평균),XIV. 물가 및 가계,녹지지역 Green Beit,강원,col-ko,0,0.4312,1.48,1.48,1.0,전치·패널3,[전치] 녹지지역 Green Beit
지가,1998,517,12. 시도별 지가 변동률(평균),XIV. 물가 및 가계,녹지지역 Green Beit,충북,col-ko,0,0.501,1.54,1.54,1.0,전치·패널3,[전치] 녹지지역 Green Beit
지가,1998,517,12. 시도별 지가 변동률(평균),XIV. 물가 및 가계,녹지지역 Green Beit,충남,col-ko,0,0.5708,1.25,1.25,1.0,전치·패널3,[전치] 녹지지역 Green Beit
지가,1998,517,12. 시도별 지가 변동률(평균),XIV. 물가 및 가계,녹지지역 Green Beit,전북,col-ko,0,0.6386,1.11,1.11,0.3,전치·패널3|저신뢰,[전치] 녹지지역 Green Beit
지가,1998,517,12. 시도별 지가 변동률(평균),XIV. 물가 및 가계,녹지지역 Green Beit,전남,col-ko,0,0.7064,0.83,0.83,1.0,전치·패널3,[전치] 녹지지역 Green Beit
지가,1998,517,12. 시도별 지가 변동률(평균),XIV. 물가 및 가계,녹지지역 Green Beit,경북,col-ko,0,0.7752,0.83,0.83,1.0,전치·패널3,[전치] 녹지지역 Green Beit
지가,1998,517,12. 시도별 지가 변동률(평균),XIV. 물가 및 가계,녹지지역 Green Beit,경남,col-ko,0,0.8439,0.52,0.52,1.0,전치·패널3,[전치] 녹지지역 Green Beit
지가,1998,517,12. 시도별 지가 변동률(평균),XIV. 물가 및 가계,녹지지역 Green Beit,제주,col-ko,0,0.9127,1.01,1.01,0.5,전치·패널3,[전치] 녹지지역 Green Beit
지가,1998,517,12. 시도별 지가 변동률(평균),XIV. 물가 및 가계,비도시지역 Non-City,울산,col-ko,0,0.2947,0.53,0.53,1.0,전치·패널3,[전치] 비도시지역 Non-City
지가,1998,517,12. 시도별 지가 변동률(평균),XIV. 물가 및 가계,비도시지역 Non-City,경기,col-ko,0,0.3614,1.03,1.03,1.0,전치·패널3,[전치] 비도시지역 Non-City
지가,1998,517,12. 시도별 지가 변동률(평균),XIV. 물가 및 가계,비도시지역 Non-City,강원,col-ko,0,0.4312,0.63,0.63,1.0,전치·패널3,[전치] 비도시지역 Non-City
지가,1998,517,12. 시도별 지가 변동률(평균),XIV. 물가 및 가계,비도시지역 Non-City,충북,col-ko,0,0.501,1.23,1.23,1.0,전치·패널3,[전치] 비도시지역 Non-City
지가,1998,517,12. 시도별 지가 변동률(평균),XIV. 물가 및 가계,비도시지역 Non-City,충남,col-ko,0,0.5708,1.43,1.43,1.0,전치·패널3,[전치] 비도시지역 Non-City
지가,1998,517,12. 시도별 지가 변동률(평균),XIV. 물가 및 가계,비도시지역 Non-City,전북,col-ko,0,0.6386,0.51,0.51,1.0,전치·패널3,[전치] 비도시지역 Non-City
지가,1998,517,12. 시도별 지가 변동률(평균),XIV. 물가 및 가계,비도시지역 Non-City,전남,col-ko,0,0.7064,0.88,0.88,1.0,전치·패널3,[전치] 비도시지역 Non-City
지가,1998,517,12. 시도별 지가 변동률(평균),XIV. 물가 및 가계,비도시지역 Non-City,경북,col-ko,0,0.7752,0.60,0.6,1.0,전치·패널3,[전치] 비도시지역 Non-City
지가,1998,517,12. 시도별 지가 변동률(평균),XIV. 물가 및 가계,비도시지역 Non-City,경남,col-ko,0,0.8439,0.76,0.76,0.5,전치·패널3,[전치] 비도시지역 Non-City
지가,1998,517,12. 시도별 지가 변동률(평균),XIV. 물가 및 가계,비도시지역 Non-City,제주,col-ko,0,0.9127,0.48,0.48,1.0,전치·패널3,[전치] 비도시지역 Non-City
지가,1998,517,12. 시도별 지가 변동률(평균),XIV. 물가 및 가계,전 Dry paddies,울산,col-ko,0,0.2947,-0.02,-0.02,1.0,전치·패널3,[전치] 전 Dry paddies
지가,1998,517,12. 시도별 지가 변동률(평균),XIV. 물가 및 가계,전 Dry paddies,경기,col-ko,0,0.3614,1.52,1.52,1.0,전치·패널3,[전치] 전 Dry paddies
지가,1998,517,12. 시도별 지가 변동률(평균),XIV. 물가 및 가계,전 Dry paddies,강원,col-ko,0,0.4312,1.28,1.28,1.0,전치·패널3,[전치] 전 Dry paddies
지가,1998,517,12. 시도별 지가 변동률(평균),XIV. 물가 및 가계,전 Dry paddies,충북,col-ko,0,0.501,2.20,2.2,1.0,전치·패널3,[전치] 전 Dry paddies
지가,1998,517,12. 시도별 지가 변동률(평균),XIV. 물가 및 가계,전 Dry paddies,충남,col-ko,0,0.5708,1.59,1.59,1.0,전치·패널3,[전치] 전 Dry paddies
지가,1998,517,12. 시도별 지가 변동률(평균),XIV. 물가 및 가계,전 Dry paddies,전북,col-ko,0,0.6386,1.10,1.1,1.0,전치·패널3,[전치] 전 Dry paddies
지가,1998,517,12. 시도별 지가 변동률(평균),XIV. 물가 및 가계,전 Dry paddies,전남,col-ko,0,0.7064,1.0,1.0,0.5,전치·패널3,[전치] 전 Dry paddies
지가,1998,517,12. 시도별 지가 변동률(평균),XIV. 물가 및 가계,전 Dry paddies,경북,col-ko,0,0.7752,0.50,0.5,1.0,전치·패널3,[전치] 전 Dry paddies
지가,1998,517,12. 시도별 지가 변동률(평균),XIV. 물가 및 가계,전 Dry paddies,경남,col-ko,0,0.8439,0.75,0.75,1.0,전치·패널3,[전치] 전 Dry paddies
지가,1998,517,12. 시도별 지가 변동률(평균),XIV. 물가 및 가계,전 Dry paddies,제주,col-ko,0,0.9127,1.14,1.14,1.0,전치·패널3,[전치] 전 Dry paddies
지가,1998,517,12. 시도별 지가 변동률(평균),XIV. 물가 및 가계,답 Rice Belds,울산,col-ko,0,0.2947,0.26,0.26,1.0,전치·패널3,[전치] 답 Rice Belds
지가,1998,517,12. 시도별 지가 변동률(평균),XIV. 물가 및 가계,답 Rice Belds,경기,col-ko,0,0.3614,1.43,1.43,1.0,전치·패널3,[전치] 답 Rice Belds
지가,1998,517,12. 시도별 지가 변동률(평균),XIV. 물가 및 가계,답 Rice Belds,강원,col-ko,0,0.4312,0.81,0.81,1.0,전치·패널3,[전치] 답 Rice Belds
지가,1998,517,12. 시도별 지가 변동률(평균),XIV. 물가 및 가계,답 Rice Belds,충북,col-ko,0,0.501,1.69,1.69,1.0,전치·패널3,[전치] 답 Rice Belds
지가,1998,517,12. 시도별 지가 변동률(평균),XIV. 물가 및 가계,답 Rice Belds,충남,col-ko,0,0.5708,1.45,1.45,1.0,전치·패널3,[전치] 답 Rice Belds
지가,1998,517,12. 시도별 지가 변동률(평균),XIV. 물가 및 가계,답 Rice Belds,전북,col-ko,0,0.6386,0.75,0.75,1.0,전치·패널3,[전치] 답 Rice Belds
지가,1998,517,12. 시도별 지가 변동률(평균),XIV. 물가 및 가계,답 Rice Belds,전남,col-ko,0,0.7064,0.85,0.85,1.0,전치·패널3,[전치] 답 Rice Belds
지가,1998,517,12. 시도별 지가 변동률(평균),XIV. 물가 및 가계,답 Rice Belds,경북,col-ko,0,0.7752,0.74,0.74,1.0,전치·패널3,[전치] 답 Rice Belds
지가,1998,517,12. 시도별 지가 변동률(평균),XIV. 물가 및 가계,답 Rice Belds,경남,col-ko,0,0.8439,0.91,0.91,1.0,전치·패널3,[전치] 답 Rice Belds
지가,1998,517,12. 시도별 지가 변동률(평균),XIV. 물가 및 가계,답 Rice Belds,제주,col-ko,0,0.9127,-0.89,-0.89,1.0,전치·패널3,[전치] 답 Rice Belds
지가,1998,517,12. 시도별 지가 변동률(평균),XIV. 물가 및 가계,주거용 For dweling,울산,col-ko,0,0.2947,0.35,0.35,1.0,전치·패널3,[전치] 주거용 For dweling
지가,1998,517,12. 시도별 지가 변동률(평균),XIV. 물가 및 가계,주거용 For dweling,경기,col-ko,0,0.3614,0.49,0.49,1.0,전치·패널3,[전치] 주거용 For dweling
지가,1998,517,12. 시도별 지가 변동률(평균),XIV. 물가 및 가계,주거용 For dweling,강원,col-ko,0,0.4312,0.88,0.88,1.0,전치·패널3,[전치] 주거용 For dweling
지가,1998,517,12. 시도별 지가 변동률(평균),XIV. 물가 및 가계,주거용 For dweling,충북,col-ko,0,0.501,0.98,0.98,1.0,전치·패널3,[전치] 주거용 For dweling
지가,1998,517,12. 시도별 지가 변동률(평균),XIV. 물가 및 가계,주거용 For dweling,충남,col-ko,0,0.5708,1.20,1.2,1.0,전치·패널3,[전치] 주거용 For dweling
지가,1998,517,12. 시도별 지가 변동률(평균),XIV. 물가 및 가계,주거용 For dweling,전북,col-ko,0,0.6386,0.69,0.69,1.0,전치·패널3,[전치] 주거용 For dweling
지가,1998,517,12. 시도별 지가 변동률(평균),XIV. 물가 및 가계,주거용 For dweling,전남,col-ko,0,0.7064,0.45,0.45,1.0,전치·패널3,[전치] 주거용 For dweling
지가,1998,517,12. 시도별 지가 변동률(평균),XIV. 물가 및 가계,주거용 For dweling,경북,col-ko,0,0.7752,0.54,0.54,1.0,전치·패널3,[전치] 주거용 For dweling
지가,1998,517,12. 시도별 지가 변동률(평균),XIV. 물가 및 가계,주거용 For dweling,경남,col-ko,0,0.8439,0.44,0.44,1.0,전치·패널3,[전치] 주거용 For dweling
지가,1998,517,12. 시도별 지가 변동률(평균),XIV. 물가 및 가계,주거용 For dweling,제주,col-ko,0,0.9127,0.14,0.14,1.0,전치·패널3,[전치] 주거용 For dweling
지가,1998,517,12. 시도별 지가 변동률(평균),XIV. 물가 및 가계,상업용 For commerce,울산,col-ko,0,0.2947,-0.50,-0.5,0.5,전치·패널3,[전치] 상업용 For commerce
지가,1998,517,12. 시도별 지가 변동률(평균),XIV. 물가 및 가계,상업용 For commerce,경기,col-ko,0,0.3614,0.18,0.18,1.0,전치·패널3,[전치] 상업용 For commerce
지가,1998,517,12. 시도별 지가 변동률(평균),XIV. 물가 및 가계,상업용 For commerce,강원,col-ko,0,0.4312,0.54,0.54,1.0,전치·패널3,[전치] 상업용 For commerce
지가,1998,517,12. 시도별 지가 변동률(평균),XIV. 물가 및 가계,상업용 For commerce,충북,col-ko,0,0.501,0.35,0.35,1.0,전치·패널3,[전치] 상업용 For commerce
지가,1998,517,12. 시도별 지가 변동률(평균),XIV. 물가 및 가계,상업용 For commerce,충남,col-ko,0,0.5708,0.41,0.41,1.0,전치·패널3,[전치] 상업용 For commerce
지가,1998,517,12. 시도별 지가 변동률(평균),XIV. 물가 및 가계,상업용 For commerce,전북,col-ko,0,0.6386,0.04,0.04,1.0,전치·패널3,[전치] 상업용 For commerce
지가,1998,517,12. 시도별 지가 변동률(평균),XIV. 물가 및 가계,상업용 For commerce,전남,col-ko,0,0.7064,0.53,0.53,1.0,전치·패널3,[전치] 상업용 For commerce
지가,1998,517,12. 시도별 지가 변동률(평균),XIV. 물가 및 가계,상업용 For commerce,경북,col-ko,0,0.7752,-0.04,-0.04,1.0,전치·패널3,[전치] 상업용 For commerce
지가,1998,517,12. 시도별 지가 변동률(평균),XIV. 물가 및 가계,상업용 For commerce,경남,col-ko,0,0.8439,-0.37,-0.37,1.0,전치·패널3,[전치] 상업용 For commerce
지가,1998,517,12. 시도별 지가 변동률(평균),XIV. 물가 및 가계,상업용 For commerce,제주,col-ko,0,0.9127,-0.38,-0.38,1.0,전치·패널3,[전치] 상업용 For commerce
지가,1998,517,12. 시도별 지가 변동률(평균),XIV. 물가 및 가계,임야 Forest,울산,col-ko,0,0.2947,0.27,0.27,1.0,전치·패널3,[전치] 임야 Forest
지가,1998,517,12. 시도별 지가 변동률(평균),XIV. 물가 및 가계,임야 Forest,경기,col-ko,0,0.3614,0.50,0.5,1.0,전치·패널3,[전치] 임야 Forest
지가,1998,517,12. 시도별 지가 변동률(평균),XIV. 물가 및 가계,임야 Forest,강원,col-ko,0,0.4312,0.52,0.52,1.0,전치·패널3,[전치] 임야 Forest
지가,1998,517,12. 시도별 지가 변동률(평균),XIV. 물가 및 가계,임야 Forest,충북,col-ko,0,0.501,0.05,0.05,1.0,전치·패널3,[전치] 임야 Forest
지가,1998,517,12. 시도별 지가 변동률(평균),XIV. 물가 및 가계,임야 Forest,충남,col-ko,0,0.5708,0.79,0.79,1.0,전치·패널3,[전치] 임야 Forest
지가,1998,517,12. 시도별 지가 변동률(평균),XIV. 물가 및 가계,임야 Forest,전북,col-ko,0,0.6386,0.07,0.07,1.0,전치·패널3,[전치] 임야 Forest
지가,1998,517,12. 시도별 지가 변동률(평균),XIV. 물가 및 가계,임야 Forest,전남,col-ko,0,0.7064,0.5,0.5,0.3,전치·패널3|저신뢰,[전치] 임야 Forest
지가,1998,517,12. 시도별 지가 변동률(평균),XIV. 물가 및 가계,임야 Forest,경북,col-ko,0,0.7752,0.45,0.45,1.0,전치·패널3,[전치] 임야 Forest
지가,1998,517,12. 시도별 지가 변동률(평균),XIV. 물가 및 가계,임야 Forest,경남,col-ko,0,0.8439,0.09,0.09,1.0,전치·패널3,[전치] 임야 Forest
지가,1998,517,12. 시도별 지가 변동률(평균),XIV. 물가 및 가계,임야 Forest,제주,col-ko,0,0.9127,0.65,0.65,1.0,전치·패널3,[전치] 임야 Forest
지가,1998,517,12. 시도별 지가 변동률(평균),XIV. 물가 및 가계,공장용지 Factory,울산,col-ko,0,0.2947,-0.23,-0.23,1.0,전치·패널3,[전치] 공장용지 Factory
지가,1998,517,12. 시도별 지가 변동률(평균),XIV. 물가 및 가계,공장용지 Factory,경기,col-ko,0,0.3614,0.03,0.03,1.0,전치·패널3,[전치] 공장용지 Factory
지가,1998,517,12. 시도별 지가 변동률(평균),XIV. 물가 및 가계,공장용지 Factory,강원,col-ko,0,0.4312,-0.02,-0.02,1.0,전치·패널3,[전치] 공장용지 Factory
지가,1998,517,12. 시도별 지가 변동률(평균),XIV. 물가 및 가계,공장용지 Factory,충북,col-ko,0,0.501,0.55,0.55,1.0,전치·패널3,[전치] 공장용지 Factory
지가,1998,517,12. 시도별 지가 변동률(평균),XIV. 물가 및 가계,공장용지 Factory,충남,col-ko,0,0.5708,0.78,0.78,1.0,전치·패널3,[전치] 공장용지 Factory
지가,1998,517,12. 시도별 지가 변동률(평균),XIV. 물가 및 가계,공장용지 Factory,전북,col-ko,0,0.6386,0.40,0.4,1.0,전치·패널3,[전치] 공장용지 Factory
지가,1998,517,12. 시도별 지가 변동률(평균),XIV. 물가 및 가계,공장용지 Factory,전남,col-ko,0,0.7064,-0.14,-0.14,1.0,전치·패널3,[전치] 공장용지 Factory
지가,1998,517,12. 시도별 지가 변동률(평균),XIV. 물가 및 가계,공장용지 Factory,경북,col-ko,0,0.7752,0.07,0.07,1.0,전치·패널3,[전치] 공장용지 Factory
지가,1998,517,12. 시도별 지가 변동률(평균),XIV. 물가 및 가계,공장용지 Factory,경남,col-ko,0,0.8439,0.04,0.04,1.0,전치·패널3,[전치] 공장용지 Factory
지가,1998,517,12. 시도별 지가 변동률(평균),XIV. 물가 및 가계,기타 Others,울산,col-ko,0,0.2947,0.33,0.33,1.0,전치·패널3,[전치] 기타 Others
지가,1998,517,12. 시도별 지가 변동률(평균),XIV. 물가 및 가계,기타 Others,경기,col-ko,0,0.3614,0.72,0.72,1.0,전치·패널3,[전치] 기타 Others
지가,1998,517,12. 시도별 지가 변동률(평균),XIV. 물가 및 가계,기타 Others,강원,col-ko,0,0.4312,0.04,0.04,1.0,전치·패널3,[전치] 기타 Others
지가,1998,517,12. 시도별 지가 변동률(평균),XIV. 물가 및 가계,기타 Others,충북,col-ko,0,0.501,1.17,1.17,1.0,전치·패널3,[전치] 기타 Others
지가,1998,517,12. 시도별 지가 변동률(평균),XIV. 물가 및 가계,기타 Others,충남,col-ko,0,0.5708,1.82,1.82,1.0,전치·패널3,[전치] 기타 Others
지가,1998,517,12. 시도별 지가 변동률(평균),XIV. 물가 및 가계,기타 Others,전북,col-ko,0,0.6386,0.91,0.91,0.5,전치·패널3,[전치] 기타 Others
지가,1998,517,12. 시도별 지가 변동률(평균),XIV. 물가 및 가계,기타 Others,전남,col-ko,0,0.7064,0.56,0.56,1.0,전치·패널3,[전치] 기타 Others
지가,1998,517,12. 시도별 지가 변동률(평균),XIV. 물가 및 가계,기타 Others,경북,col-ko,0,0.7752,0.42,0.42,1.0,전치·패널3,[전치] 기타 Others
지가,1998,517,12. 시도별 지가 변동률(평균),XIV. 물가 및 가계,기타 Others,경남,col-ko,0,0.8439,0.70,0.7,1.0,전치·패널3,[전치] 기타 Others
지가,1998,517,12. 시도별 지가 변동률(평균),XIV. 물가 및 가계,기타 Others,제주,col-ko,0,0.9127,0.38,0.38,1.0,전치·패널3,[전치] 기타 Others
지가,1999,517,14. 시도별 지가 변동률(평균)(1991-1998),XIV. 물가 및 가계,1991,전국,col-ko,0,0.302,12.78,12.78,0.5,전치·패널1,[전치] 14. 시도별 지가 변동률 (평균)(1991-1998) | 1991
지가,1999,517,14. 시도별 지가 변동률(평균)(1991-1998),XIV. 물가 및 가계,1991,서울,col-ko,0,0.572,11.15,11.15,1.0,전치·패널1,[전치] 14. 시도별 지가 변동률 (평균)(1991-1998) | 1991
지가,1999,517,14. 시도별 지가 변동률(평균)(1991-1998),XIV. 물가 및 가계,1991,부산,col-ko,0,0.639,14.69,14.69,0.5,전치·패널1,[전치] 14. 시도별 지가 변동률 (평균)(1991-1998) | 1991
지가,1999,517,14. 시도별 지가 변동률(평균)(1991-1998),XIV. 물가 및 가계,1991,대구,col-ko,0,0.705,13.74,13.74,1.0,전치·패널1,[전치] 14. 시도별 지가 변동률 (평균)(1991-1998) | 1991
지가,1999,517,14. 시도별 지가 변동률(평균)(1991-1998),XIV. 물가 및 가계,1991,인천,col-ko,0,0.772,22.81,22.81,1.0,전치·패널1,[전치] 14. 시도별 지가 변동률 (평균)(1991-1998) | 1991
지가,1999,517,14. 시도별 지가 변동률(평균)(1991-1998),XIV. 물가 및 가계,1991,광주,col-ko,0,0.84,16.50,16.5,1.0,전치·패널1,[전치] 14. 시도별 지가 변동률 (평균)(1991-1998) | 1991
지가,1999,517,14. 시도별 지가 변동률(평균)(1991-1998),XIV. 물가 및 가계,1991,대전,col-ko,0,0.91,23.25,23.25,0.5,전치·패널1,[전치] 14. 시도별 지가 변동률 (평균)(1991-1998) | 1991
지가,1999,517,14. 시도별 지가 변동률(평균)(1991-1998),XIV. 물가 및 가계,1992,전국,col-ko,0,0.302,-1.27,-1.27,0.5,전치·패널1,[전치] 14. 시도별 지가 변동률 (평균)(1991-1998) | 1992
지가,1999,517,14. 시도별 지가 변동률(평균)(1991-1998),XIV. 물가 및 가계,1992,서울,col-ko,0,0.572,-2.78,-2.78,0.5,전치·패널1,[전치] 14. 시도별 지가 변동률 (평균)(1991-1998) | 1992
지가,1999,517,14. 시도별 지가 변동률(평균)(1991-1998),XIV. 물가 및 가계,1992,부산,col-ko,0,0.639,-1.57,-1.57,1.0,전치·패널1,[전치] 14. 시도별 지가 변동률 (평균)(1991-1998) | 1992
지가,1999,517,14. 시도별 지가 변동률(평균)(1991-1998),XIV. 물가 및 가계,1992,대구,col-ko,0,0.705,-2.61,-2.61,0.5,전치·패널1,[전치] 14. 시도별 지가 변동률 (평균)(1991-1998) | 1992
지가,1999,517,14. 시도별 지가 변동률(평균)(1991-1998),XIV. 물가 및 가계,1992,인천,col-ko,0,0.772,0.11,0.11,1.0,전치·패널1,[전치] 14. 시도별 지가 변동률 (평균)(1991-1998) | 1992
지가,1999,517,14. 시도별 지가 변동률(평균)(1991-1998),XIV. 물가 및 가계,1992,광주,col-ko,0,0.84,-0.33,-0.33,1.0,전치·패널1,[전치] 14. 시도별 지가 변동률 (평균)(1991-1998) | 1992
지가,1999,517,14. 시도별 지가 변동률(평균)(1991-1998),XIV. 물가 및 가계,1992,대전,col-ko,0,0.91,-9.35,-9.35,1.0,전치·패널1,[전치] 14. 시도별 지가 변동률 (평균)(1991-1998) | 1992
지가,1999,517,14. 시도별 지가 변동률(평균)(1991-1998),XIV. 물가 및 가계,1993,전국,col-ko,0,0.302,-7.38,-7.38,1.0,전치·패널1,[전치] 14. 시도별 지가 변동률 (평균)(1991-1998) | 1993
지가,1999,517,14. 시도별 지가 변동률(평균)(1991-1998),XIV. 물가 및 가계,1993,서울,col-ko,0,0.572,-8.72,-8.72,1.0,전치·패널1,[전치] 14. 시도별 지가 변동률 (평균)(1991-1998) | 1993
지가,1999,517,14. 시도별 지가 변동률(평균)(1991-1998),XIV. 물가 및 가계,1993,부산,col-ko,0,0.639,-6.77,-6.77,1.0,전치·패널1,[전치] 14. 시도별 지가 변동률 (평균)(1991-1998) | 1993
지가,1999,517,14. 시도별 지가 변동률(평균)(1991-1998),XIV. 물가 및 가계,1993,대구,col-ko,0,0.705,-7.77,-7.77,1.0,전치·패널1,[전치] 14. 시도별 지가 변동률 (평균)(1991-1998) | 1993
지가,1999,517,14. 시도별 지가 변동률(평균)(1991-1998),XIV. 물가 및 가계,1993,인천,col-ko,0,0.772,-6.62,-6.62,1.0,전치·패널1,[전치] 14. 시도별 지가 변동률 (평균)(1991-1998) | 1993
지가,1999,517,14. 시도별 지가 변동률(평균)(1991-1998),XIV. 물가 및 가계,1993,광주,col-ko,0,0.84,-6.36,-6.36,1.0,전치·패널1,[전치] 14. 시도별 지가 변동률 (평균)(1991-1998) | 1993
지가,1999,517,14. 시도별 지가 변동률(평균)(1991-1998),XIV. 물가 및 가계,1994,전국,col-ko,0,0.302,-0.57,-0.57,1.0,전치·패널1,[전치] 14. 시도별 지가 변동률 (평균)(1991-1998) | 1994
지가,1999,517,14. 시도별 지가 변동률(평균)(1991-1998),XIV. 물가 및 가계,1994,서울,col-ko,0,0.572,-1.36,-1.36,0.5,전치·패널1,[전치] 14. 시도별 지가 변동률 (평균)(1991-1998) | 1994
지가,1999,517,14. 시도별 지가 변동률(평균)(1991-1998),XIV. 물가 및 가계,1994,부산,col-ko,0,0.639,-0.35,-0.35,1.0,전치·패널1,[전치] 14. 시도별 지가 변동률 (평균)(1991-1998) | 1994
지가,1999,517,14. 시도별 지가 변동률(평균)(1991-1998),XIV. 물가 및 가계,1994,대구,col-ko,0,0.705,0.87,0.87,1.0,전치·패널1,[전치] 14. 시도별 지가 변동률 (평균)(1991-1998) | 1994
지가,1999,517,14. 시도별 지가 변동률(평균)(1991-1998),XIV. 물가 및 가계,1994,인천,col-ko,0,0.772,0.07,0.07,1.0,전치·패널1,[전치] 14. 시도별 지가 변동률 (평균)(1991-1998) | 1994
지가,1999,517,14. 시도별 지가 변동률(평균)(1991-1998),XIV. 물가 및 가계,1994,광주,col-ko,0,0.84,-0.26,-0.26,1.0,전치·패널1,[전치] 14. 시도별 지가 변동률 (평균)(1991-1998) | 1994
지가,1999,517,14. 시도별 지가 변동률(평균)(1991-1998),XIV. 물가 및 가계,1994,대전,col-ko,0,0.91,-0.59,-0.59,1.0,전치·패널1,[전치] 14. 시도별 지가 변동률 (평균)(1991-1998) | 1994
지가,1999,517,14. 시도별 지가 변동률(평균)(1991-1998),XIV. 물가 및 가계,1995,전국,col-ko,0,0.302,0.55,0.55,1.0,전치·패널1,[전치] 14. 시도별 지가 변동률 (평균)(1991-1998) | 1995
지가,1999,517,14. 시도별 지가 변동률(평균)(1991-1998),XIV. 물가 및 가계,1995,서울,col-ko,0,0.572,0.18,0.18,1.0,전치·패널1,[전치] 14. 시도별 지가 변동률 (평균)(1991-1998) | 1995
지가,1999,517,14. 시도별 지가 변동률(평균)(1991-1998),XIV. 물가 및 가계,1995,부산,col-ko,0,0.639,0.14,0.14,1.0,전치·패널1,[전치] 14. 시도별 지가 변동률 (평균)(1991-1998) | 1995
지가,1999,517,14. 시도별 지가 변동률(평균)(1991-1998),XIV. 물가 및 가계,1995,인천,col-ko,0,0.772,0.58,0.58,1.0,전치·패널1,[전치] 14. 시도별 지가 변동률 (평균)(1991-1998) | 1995
지가,1999,517,14. 시도별 지가 변동률(평균)(1991-1998),XIV. 물가 및 가계,1995,광주,col-ko,0,0.84,1.44,1.44,0.5,전치·패널1,[전치] 14. 시도별 지가 변동률 (평균)(1991-1998) | 1995
지가,1999,517,14. 시도별 지가 변동률(평균)(1991-1998),XIV. 물가 및 가계,1995,대전,col-ko,0,0.91,-0.47,-0.47,0.5,전치·패널1,[전치] 14. 시도별 지가 변동률 (평균)(1991-1998) | 1995
지가,1999,517,14. 시도별 지가 변동률(평균)(1991-1998),XIV. 물가 및 가계,1996,전국,col-ko,0,0.302,0.95,0.95,1.0,전치·패널1,[전치] 14. 시도별 지가 변동률 (평균)(1991-1998) | 1996
지가,1999,517,14. 시도별 지가 변동률(평균)(1991-1998),XIV. 물가 및 가계,1996,서울,col-ko,0,0.572,0.94,0.94,1.0,전치·패널1,[전치] 14. 시도별 지가 변동률 (평균)(1991-1998) | 1996
지가,1999,517,14. 시도별 지가 변동률(평균)(1991-1998),XIV. 물가 및 가계,1996,부산,col-ko,0,0.639,0.40,0.4,1.0,전치·패널1,[전치] 14. 시도별 지가 변동률 (평균)(1991-1998) | 1996
지가,1999,517,14. 시도별 지가 변동률(평균)(1991-1998),XIV. 물가 및 가계,1996,대구,col-ko,0,0.705,1.09,1.09,1.0,전치·패널1,[전치] 14. 시도별 지가 변동률 (평균)(1991-1998) | 1996
지가,1999,517,14. 시도별 지가 변동률(평균)(1991-1998),XIV. 물가 및 가계,1996,인천,col-ko,0,0.772,0.78,0.78,1.0,전치·패널1,[전치] 14. 시도별 지가 변동률 (평균)(1991-1998) | 1996
지가,1999,517,14. 시도별 지가 변동률(평균)(1991-1998),XIV. 물가 및 가계,1996,광주,col-ko,0,0.84,1.16,1.16,1.0,전치·패널1,[전치] 14. 시도별 지가 변동률 (평균)(1991-1998) | 1996
지가,1999,517,14. 시도별 지가 변동률(평균)(1991-1998),XIV. 물가 및 가계,1996,대전,col-ko,0,0.91,0.16,0.16,1.0,전치·패널1,[전치] 14. 시도별 지가 변동률 (평균)(1991-1998) | 1996
지가,1999,517,14. 시도별 지가 변동률(평균)(1991-1998),XIV. 물가 및 가계,1997,전국,col-ko,0,0.302,0.31,0.31,1.0,전치·패널1,[전치] 14. 시도별 지가 변동률 (평균)(1991-1998) | 1997
지가,1999,517,14. 시도별 지가 변동률(평균)(1991-1998),XIV. 물가 및 가계,1997,서울,col-ko,0,0.572,0.29,0.29,1.0,전치·패널1,[전치] 14. 시도별 지가 변동률 (평균)(1991-1998) | 1997
지가,1999,517,14. 시도별 지가 변동률(평균)(1991-1998),XIV. 물가 및 가계,1997,부산,col-ko,0,0.639,-0.90,-0.9,1.0,전치·패널1,[전치] 14. 시도별 지가 변동률 (평균)(1991-1998) | 1997
지가,1999,517,14. 시도별 지가 변동률(평균)(1991-1998),XIV. 물가 및 가계,1997,인천,col-ko,0,0.772,0.28,0.28,1.0,전치·패널1,[전치] 14. 시도별 지가 변동률 (평균)(1991-1998) | 1997
지가,1999,517,14. 시도별 지가 변동률(평균)(1991-1998),XIV. 물가 및 가계,1997,광주,col-ko,0,0.84,0.67,0.67,0.5,전치·패널1,[전치] 14. 시도별 지가 변동률 (평균)(1991-1998) | 1997
지가,1999,517,14. 시도별 지가 변동률(평균)(1991-1998),XIV. 물가 및 가계,1997,대전,col-ko,0,0.91,0.12,0.12,1.0,전치·패널1,[전치] 14. 시도별 지가 변동률 (평균)(1991-1998) | 1997
지가,1999,517,14. 시도별 지가 변동률(평균)(1991-1998),XIV. 물가 및 가계,1998,전국,col-ko,0,0.302,-13.60,-13.6,1.0,전치·패널1,[전치] 14. 시도별 지가 변동률 (평균)(1991-1998) | 1998
지가,1999,517,14. 시도별 지가 변동률(평균)(1991-1998),XIV. 물가 및 가계,1998,서울,col-ko,0,0.572,-16.25,-16.25,0.5,전치·패널1,[전치] 14. 시도별 지가 변동률 (평균)(1991-1998) | 1998
지가,1999,517,14. 시도별 지가 변동률(평균)(1991-1998),XIV. 물가 및 가계,1998,부산,col-ko,0,0.639,-16.52,-16.52,1.0,전치·패널1,[전치] 14. 시도별 지가 변동률 (평균)(1991-1998) | 1998
지가,1999,517,14. 시도별 지가 변동률(평균)(1991-1998),XIV. 물가 및 가계,1998,대구,col-ko,0,0.705,-15.24,-15.24,1.0,전치·패널1,[전치] 14. 시도별 지가 변동률 (평균)(1991-1998) | 1998
지가,1999,517,14. 시도별 지가 변동률(평균)(1991-1998),XIV. 물가 및 가계,1998,인천,col-ko,0,0.772,-13.79,-13.79,1.0,전치·패널1,[전치] 14. 시도별 지가 변동률 (평균)(1991-1998) | 1998
지가,1999,517,14. 시도별 지가 변동률(평균)(1991-1998),XIV. 물가 및 가계,1998,광주,col-ko,0,0.84,-10.25,-10.25,1.0,전치·패널1,[전치] 14. 시도별 지가 변동률 (평균)(1991-1998) | 1998
지가,1999,517,14. 시도별 지가 변동률(평균)(1991-1998),XIV. 물가 및 가계,1998,대전,col-ko,0,0.91,-8.36,-8.36,1.0,전치·패널1,[전치] 14. 시도별 지가 변동률 (평균)(1991-1998) | 1998
지가,1999,517,14. 시도별 지가 변동률(평균)(1991-1998),XIV. 물가 및 가계,주거지역 Dwelling,전국,col-ko,0,0.302,-14.68,-14.68,1.0,전치·패널1,[전치] 14. 시도별 지가 변동률 (평균)(1991-1998) | 주거지역 Dwelling
지가,1999,517,14. 시도별 지가 변동률(평균)(1991-1998),XIV. 물가 및 가계,주거지역 Dwelling,서울,col-ko,0,0.572,-16.04,-16.04,1.0,전치·패널1,[전치] 14. 시도별 지가 변동률 (평균)(1991-1998) | 주거지역 Dwelling
지가,1999,517,14. 시도별 지가 변동률(평균)(1991-1998),XIV. 물가 및 가계,주거지역 Dwelling,부산,col-ko,0,0.639,-16.15,-16.15,1.0,전치·패널1,[전치] 14. 시도별 지가 변동률 (평균)(1991-1998) | 주거지역 Dwelling
지가,1999,517,14. 시도별 지가 변동률(평균)(1991-1998),XIV. 물가 및 가계,주거지역 Dwelling,대구,col-ko,0,0.705,-15.02,-15.02,1.0,전치·패널1,[전치] 14. 시도별 지가 변동률 (평균)(1991-1998) | 주거지역 Dwelling
지가,1999,517,14. 시도별 지가 변동률(평균)(1991-1998),XIV. 물가 및 가계,주거지역 Dwelling,인천,col-ko,0,0.772,-14.86,-14.86,1.0,전치·패널1,[전치] 14. 시도별 지가 변동률 (평균)(1991-1998) | 주거지역 Dwelling
지가,1999,517,14. 시도별 지가 변동률(평균)(1991-1998),XIV. 물가 및 가계,주거지역 Dwelling,광주,col-ko,0,0.84,-10.42,-10.42,0.5,전치·패널1,[전치] 14. 시도별 지가 변동률 (평균)(1991-1998) | 주거지역 Dwelling
지가,1999,517,14. 시도별 지가 변동률(평균)(1991-1998),XIV. 물가 및 가계,주거지역 Dwelling,대전,col-ko,0,0.91,-8.07,-8.07,1.0,전치·패널1,[전치] 14. 시도별 지가 변동률 (평균)(1991-1998) | 주거지역 Dwelling
지가,1999,517,14. 시도별 지가 변동률(평균)(1991-1998),XIV. 물가 및 가계,상업지역 Commercial,전국,col-ko,0,0.302,-17.07,-17.07,1.0,전치·패널1,[전치] 14. 시도별 지가 변동률 (평균)(1991-1998) | 상업지역 Commercial
지가,1999,517,14. 시도별 지가 변동률(평균)(1991-1998),XIV. 물가 및 가계,상업지역 Commercial,서울,col-ko,0,0.572,-17.90,-17.9,1.0,전치·패널1,[전치] 14. 시도별 지가 변동률 (평균)(1991-1998) | 상업지역 Commercial
지가,1999,517,14. 시도별 지가 변동률(평균)(1991-1998),XIV. 물가 및 가계,상업지역 Commercial,부산,col-ko,0,0.639,-18.75,-18.75,1.0,전치·패널1,[전치] 14. 시도별 지가 변동률 (평균)(1991-1998) | 상업지역 Commercial
지가,1999,517,14. 시도별 지가 변동률(평균)(1991-1998),XIV. 물가 및 가계,상업지역 Commercial,대구,col-ko,0,0.705,-16.65,-16.65,1.0,전치·패널1,[전치] 14. 시도별 지가 변동률 (평균)(1991-1998) | 상업지역 Commercial
지가,1999,517,14. 시도별 지가 변동률(평균)(1991-1998),XIV. 물가 및 가계,상업지역 Commercial,인천,col-ko,0,0.772,-17.03,-17.03,1.0,전치·패널1,[전치] 14. 시도별 지가 변동률 (평균)(1991-1998) | 상업지역 Commercial
지가,1999,517,14. 시도별 지가 변동률(평균)(1991-1998),XIV. 물가 및 가계,상업지역 Commercial,광주,col-ko,0,0.84,-15.46,-15.46,0.5,전치·패널1,[전치] 14. 시도별 지가 변동률 (평균)(1991-1998) | 상업지역 Commercial
지가,1999,517,14. 시도별 지가 변동률(평균)(1991-1998),XIV. 물가 및 가계,상업지역 Commercial,대전,col-ko,0,0.91,-10.48,-10.48,0.5,전치·패널1,[전치] 14. 시도별 지가 변동률 (평균)(1991-1998) | 상업지역 Commercial
지가,1999,517,14. 시도별 지가 변동률(평균)(1991-1998),XIV. 물가 및 가계,공업지역 Induistial,전국,col-ko,0,0.302,-14.03,-14.03,1.0,전치·패널1,[전치] 14. 시도별 지가 변동률 (평균)(1991-1998) | 공업지역 Induistial
지가,1999,517,14. 시도별 지가 변동률(평균)(1991-1998),XIV. 물가 및 가계,공업지역 Induistial,서울,col-ko,0,0.572,-15.69,-15.69,1.0,전치·패널1,[전치] 14. 시도별 지가 변동률 (평균)(1991-1998) | 공업지역 Induistial
지가,1999,517,14. 시도별 지가 변동률(평균)(1991-1998),XIV. 물가 및 가계,공업지역 Induistial,부산,col-ko,0,0.639,-16.65,-16.65,0.5,전치·패널1,[전치] 14. 시도별 지가 변동률 (평균)(1991-1998) | 공업지역 Induistial
지가,1999,517,14. 시도별 지가 변동률(평균)(1991-1998),XIV. 물가 및 가계,공업지역 Induistial,대구,col-ko,0,0.705,-16.47,-16.47,1.0,전치·패널1,[전치] 14. 시도별 지가 변동률 (평균)(1991-1998) | 공업지역 Induistial
지가,1999,517,14. 시도별 지가 변동률(평균)(1991-1998),XIV. 물가 및 가계,공업지역 Induistial,인천,col-ko,0,0.772,-14.07,-14.07,1.0,전치·패널1,[전치] 14. 시도별 지가 변동률 (평균)(1991-1998) | 공업지역 Induistial
지가,1999,517,14. 시도별 지가 변동률(평균)(1991-1998),XIV. 물가 및 가계,공업지역 Induistial,광주,col-ko,0,0.84,-4.98,-4.98,1.0,전치·패널1,[전치] 14. 시도별 지가 변동률 (평균)(1991-1998) | 공업지역 Induistial
지가,1999,517,14. 시도별 지가 변동률(평균)(1991-1998),XIV. 물가 및 가계,공업지역 Induistial,대전,col-ko,0,0.91,-7.95,-7.95,1.0,전치·패널1,[전치] 14. 시도별 지가 변동률 (평균)(1991-1998) | 공업지역 Induistial
지가,1999,517,14. 시도별 지가 변동률(평균)(1991-1998),XIV. 물가 및 가계,녹지지역 Green Belt,전국,col-ko,0,0.302,-9.99,-9.99,1.0,전치·패널1,[전치] 14. 시도별 지가 변동률 (평균)(1991-1998) | 녹지지역 Green Belt
지가,1999,517,14. 시도별 지가 변동률(평균)(1991-1998),XIV. 물가 및 가계,녹지지역 Green Belt,서울,col-ko,0,0.572,-13.16,-13.16,1.0,전치·패널1,[전치] 14. 시도별 지가 변동률 (평균)(1991-1998) | 녹지지역 Green Belt
지가,1999,517,14. 시도별 지가 변동률(평균)(1991-1998),XIV. 물가 및 가계,녹지지역 Green Belt,부산,col-ko,0,0.639,-13.40,-13.4,1.0,전치·패널1,[전치] 14. 시도별 지가 변동률 (평균)(1991-1998) | 녹지지역 Green Belt
지가,1999,517,14. 시도별 지가 변동률(평균)(1991-1998),XIV. 물가 및 가계,녹지지역 Green Belt,대구,col-ko,0,0.705,-12.58,-12.58,1.0,전치·패널1,[전치] 14. 시도별 지가 변동률 (평균)(1991-1998) | 녹지지역 Green Belt
지가,1999,517,14. 시도별 지가 변동률(평균)(1991-1998),XIV. 물가 및 가계,녹지지역 Green Belt,인천,col-ko,0,0.772,-9.00,-9.0,0.5,전치·패널1,[전치] 14. 시도별 지가 변동률 (평균)(1991-1998) | 녹지지역 Green Belt
지가,1999,517,14. 시도별 지가 변동률(평균)(1991-1998),XIV. 물가 및 가계,녹지지역 Green Belt,광주,col-ko,0,0.84,-4.56,-4.56,1.0,전치·패널1,[전치] 14. 시도별 지가 변동률 (평균)(1991-1998) | 녹지지역 Green Belt
지가,1999,517,14. 시도별 지가 변동률(평균)(1991-1998),XIV. 물가 및 가계,녹지지역 Green Belt,대전,col-ko,0,0.91,-7.05,-7.05,0.5,전치·패널1,[전치] 14. 시도별 지가 변동률 (평균)(1991-1998) | 녹지지역 Green Belt
지가,1999,517,14. 시도별 지가 변동률(평균)(1991-1998),XIV. 물가 및 가계,준도시지역 Quasi-City,전국,col-ko,0,0.302,-10.44,-10.44,0.5,전치·패널1,[전치] 14. 시도별 지가 변동률 (평균)(1991-1998) | 준도시지역 Quasi-City
지가,1999,517,14. 시도별 지가 변동률(평균)(1991-1998),XIV. 물가 및 가계,준도시지역 Quasi-City,대구,col-ko,0,0.705,-12.42,-12.42,0.5,전치·패널1,[전치] 14. 시도별 지가 변동률 (평균)(1991-1998) | 준도시지역 Quasi-City
지가,1999,517,14. 시도별 지가 변동률(평균)(1991-1998),XIV. 물가 및 가계,농림지역 Agicultural,전국,col-ko,0,0.302,"-5,90",-590,0.5,전치·패널1,[전치] 14. 시도별 지가 변동률 (평균)(1991-1998) | 농림지역 Agicultural
지가,1999,517,14. 시도별 지가 변동률(평균)(1991-1998),XIV. 물가 및 가계,농림지역 Agicultural,대구,col-ko,0,0.705,-10.91,-10.91,1.0,전치·패널1,[전치] 14. 시도별 지가 변동률 (평균)(1991-1998) | 농림지역 Agicultural
지가,1999,517,14. 시도별 지가 변동률(평균)(1991-1998),XIV. 물가 및 가계,농림지역 Agicultural,인천,col-ko,0,0.772,-3.79,-3.79,0.5,전치·패널1,[전치] 14. 시도별 지가 변동률 (평균)(1991-1998) | 농림지역 Agicultural
지가,1999,517,14. 시도별 지가 변동률(평균)(1991-1998),XIV. 물가 및 가계,준농림지역 Quasi-agricultural ~9.49,대구,col-ko,0,0.705,-11.88,-11.88,1.0,전치·패널1,[전치] 14. 시도별 지가 변동률 (평균)(1991-1998) | 준농림지역 Quasi-agricultural ~9.49
지가,1999,517,14. 시도별 지가 변동률(평균)(1991-1998),XIV. 물가 및 가계,준농림지역 Quasi-agricultural ~9.49,인천,col-ko,0,0.772,-10.66,-10.66,1.0,전치·패널1,[전치] 14. 시도별 지가 변동률 (평균)(1991-1998) | 준농림지역 Quasi-agricultural ~9.49
지가,1999,517,14. 시도별 지가 변동률(평균)(1991-1998),XIV. 물가 및 가계,자연환경보전지역 Natural cviroriax,전국,col-ko,0,0.302,-7.70,-7.7,0.5,전치·패널1,[전치] 14. 시도별 지가 변동률 (평균)(1991-1998) | 자연환경보전지역 Natural cviroriax
지가,1999,517,14. 시도별 지가 변동률(평균)(1991-1998),XIV. 물가 및 가계,전 Dry paddies,전국,col-ko,0,0.302,-8.59,-8.59,1.0,전치·패널1,[전치] 14. 시도별 지가 변동률 (평균)(1991-1998) | 전 Dry paddies
지가,1999,517,14. 시도별 지가 변동률(평균)(1991-1998),XIV. 물가 및 가계,전 Dry paddies,서울,col-ko,0,0.572,-11.79,-11.79,1.0,전치·패널1,[전치] 14. 시도별 지가 변동률 (평균)(1991-1998) | 전 Dry paddies
지가,1999,517,14. 시도별 지가 변동률(평균)(1991-1998),XIV. 물가 및 가계,전 Dry paddies,부산,col-ko,0,0.639,-12.27,-12.27,0.5,전치·패널1,[전치] 14. 시도별 지가 변동률 (평균)(1991-1998) | 전 Dry paddies
지가,1999,517,14. 시도별 지가 변동률(평균)(1991-1998),XIV. 물가 및 가계,전 Dry paddies,대구,col-ko,0,0.705,-10.80,-10.8,1.0,전치·패널1,[전치] 14. 시도별 지가 변동률 (평균)(1991-1998) | 전 Dry paddies
지가,1999,517,14. 시도별 지가 변동률(평균)(1991-1998),XIV. 물가 및 가계,전 Dry paddies,인천,col-ko,0,0.772,-9.20,-9.2,0.5,전치·패널1,[전치] 14. 시도별 지가 변동률 (평균)(1991-1998) | 전 Dry paddies
지가,1999,517,14. 시도별 지가 변동률(평균)(1991-1998),XIV. 물가 및 가계,전 Dry paddies,광주,col-ko,0,0.84,-4.92,-4.92,1.0,전치·패널1,[전치] 14. 시도별 지가 변동률 (평균)(1991-1998) | 전 Dry paddies
지가,1999,517,14. 시도별 지가 변동률(평균)(1991-1998),XIV. 물가 및 가계,전 Dry paddies,대전,col-ko,0,0.91,-6.63,-6.63,1.0,전치·패널1,[전치] 14. 시도별 지가 변동률 (평균)(1991-1998) | 전 Dry paddies
지가,1999,517,14. 시도별 지가 변동률(평균)(1991-1998),XIV. 물가 및 가계,답 Rice felds,전국,col-ko,0,0.302,-6.58,-6.58,1.0,전치·패널1,[전치] 14. 시도별 지가 변동률 (평균)(1991-1998) | 답 Rice felds
지가,1999,517,14. 시도별 지가 변동률(평균)(1991-1998),XIV. 물가 및 가계,답 Rice felds,서울,col-ko,0,0.572,-15.30,-15.3,0.5,전치·패널1,[전치] 14. 시도별 지가 변동률 (평균)(1991-1998) | 답 Rice felds
지가,1999,517,14. 시도별 지가 변동률(평균)(1991-1998),XIV. 물가 및 가계,답 Rice felds,부산,col-ko,0,0.639,-10.10,-10.1,1.0,전치·패널1,[전치] 14. 시도별 지가 변동률 (평균)(1991-1998) | 답 Rice felds
지가,1999,517,14. 시도별 지가 변동률(평균)(1991-1998),XIV. 물가 및 가계,답 Rice felds,대구,col-ko,0,0.705,-13.44,-13.44,1.0,전치·패널1,[전치] 14. 시도별 지가 변동률 (평균)(1991-1998) | 답 Rice felds
지가,1999,517,14. 시도별 지가 변동률(평균)(1991-1998),XIV. 물가 및 가계,답 Rice felds,인천,col-ko,0,0.772,-7.95,-7.95,0.5,전치·패널1,[전치] 14. 시도별 지가 변동률 (평균)(1991-1998) | 답 Rice felds
지가,1999,517,14. 시도별 지가 변동률(평균)(1991-1998),XIV. 물가 및 가계,답 Rice felds,광주,col-ko,0,0.84,-4.81,-4.81,1.0,전치·패널1,[전치] 14. 시도별 지가 변동률 (평균)(1991-1998) | 답 Rice felds
지가,1999,517,14. 시도별 지가 변동률(평균)(1991-1998),XIV. 물가 및 가계,답 Rice felds,대전,col-ko,0,0.91,-7.58,-7.58,0.5,전치·패널1,[전치] 14. 시도별 지가 변동률 (평균)(1991-1998) | 답 Rice felds
지가,1999,517,14. 시도별 지가 변동률(평균)(1991-1998),XIV. 물가 및 가계,주거용 For dwelling,전국,col-ko,0,0.302,-13.84,-13.84,0.5,전치·패널1,[전치] 14. 시도별 지가 변동률 (평균)(1991-1998) | 주거용 For dwelling
지가,1999,517,14. 시도별 지가 변동률(평균)(1991-1998),XIV. 물가 및 가계,주거용 For dwelling,서울,col-ko,0,0.572,-15.51,-15.51,0.5,전치·패널1,[전치] 14. 시도별 지가 변동률 (평균)(1991-1998) | 주거용 For dwelling
지가,1999,517,14. 시도별 지가 변동률(평균)(1991-1998),XIV. 물가 및 가계,주거용 For dwelling,부산,col-ko,0,0.639,-15.77,-15.77,1.0,전치·패널1,[전치] 14. 시도별 지가 변동률 (평균)(1991-1998) | 주거용 For dwelling
지가,1999,517,14. 시도별 지가 변동률(평균)(1991-1998),XIV. 물가 및 가계,주거용 For dwelling,대구,col-ko,0,0.705,-14.67,-14.67,1.0,전치·패널1,[전치] 14. 시도별 지가 변동률 (평균)(1991-1998) | 주거용 For dwelling
지가,1999,517,14. 시도별 지가 변동률(평균)(1991-1998),XIV. 물가 및 가계,주거용 For dwelling,광주,col-ko,0,0.84,-8.76,-8.76,1.0,전치·패널1,[전치] 14. 시도별 지가 변동률 (평균)(1991-1998) | 주거용 For dwelling
지가,1999,517,14. 시도별 지가 변동률(평균)(1991-1998),XIV. 물가 및 가계,주거용 For dwelling,대전,col-ko,0,0.91,-7.43,-7.43,0.5,전치·패널1,[전치] 14. 시도별 지가 변동률 (평균)(1991-1998) | 주거용 For dwelling
지가,1999,517,14. 시도별 지가 변동률(평균)(1991-1998),XIV. 물가 및 가계,상업용 For commerce,전국,col-ko,0,0.302,-16.41,-16.41,0.5,전치·패널1,[전치] 14. 시도별 지가 변동률 (평균)(1991-1998) | 상업용 For commerce
지가,1999,517,14. 시도별 지가 변동률(평균)(1991-1998),XIV. 물가 및 가계,상업용 For commerce,서울,col-ko,0,0.572,-17.32,-17.32,1.0,전치·패널1,[전치] 14. 시도별 지가 변동률 (평균)(1991-1998) | 상업용 For commerce
지가,1999,517,14. 시도별 지가 변동률(평균)(1991-1998),XIV. 물가 및 가계,상업용 For commerce,부산,col-ko,0,0.639,-18.12,-18.12,1.0,전치·패널1,[전치] 14. 시도별 지가 변동률 (평균)(1991-1998) | 상업용 For commerce
지가,1999,517,14. 시도별 지가 변동률(평균)(1991-1998),XIV. 물가 및 가계,상업용 For commerce,대구,col-ko,0,0.705,-16.43,-16.43,1.0,전치·패널1,[전치] 14. 시도별 지가 변동률 (평균)(1991-1998) | 상업용 For commerce
지가,1999,517,14. 시도별 지가 변동률(평균)(1991-1998),XIV. 물가 및 가계,상업용 For commerce,인천,col-ko,0,0.772,-16.67,-16.67,1.0,전치·패널1,[전치] 14. 시도별 지가 변동률 (평균)(1991-1998) | 상업용 For commerce
지가,1999,517,14. 시도별 지가 변동률(평균)(1991-1998),XIV. 물가 및 가계,상업용 For commerce,광주,col-ko,0,0.84,-14.28,-14.28,1.0,전치·패널1,[전치] 14. 시도별 지가 변동률 (평균)(1991-1998) | 상업용 For commerce
지가,1999,517,14. 시도별 지가 변동률(평균)(1991-1998),XIV. 물가 및 가계,상업용 For commerce,대전,col-ko,0,0.91,-9.77,-9.77,0.5,전치·패널1,[전치] 14. 시도별 지가 변동률 (평균)(1991-1998) | 상업용 For commerce
지가,1999,517,14. 시도별 지가 변동률(평균)(1991-1998),XIV. 물가 및 가계,공장용지 Factory 임야 Forest,전국,col-ko,0,0.302,-12.41,-12.41,1.0,전치·패널1,[전치] 14. 시도별 지가 변동률 (평균)(1991-1998) | 공장용지 Factory 임야 Forest
지가,1999,517,14. 시도별 지가 변동률(평균)(1991-1998),XIV. 물가 및 가계,공장용지 Factory 임야 Forest,서울,col-ko,0,0.572,-15.22,-15.22,1.0,전치·패널1,[전치] 14. 시도별 지가 변동률 (평균)(1991-1998) | 공장용지 Factory 임야 Forest
지가,1999,517,14. 시도별 지가 변동률(평균)(1991-1998),XIV. 물가 및 가계,공장용지 Factory 임야 Forest,부산,col-ko,0,0.639,-17.14,-17.14,1.0,전치·패널1,[전치] 14. 시도별 지가 변동률 (평균)(1991-1998) | 공장용지 Factory 임야 Forest
지가,1999,517,14. 시도별 지가 변동률(평균)(1991-1998),XIV. 물가 및 가계,공장용지 Factory 임야 Forest,대구,col-ko,0,0.705,-14.88,-14.88,0.5,전치·패널1,[전치] 14. 시도별 지가 변동률 (평균)(1991-1998) | 공장용지 Factory 임야 Forest
지가,1999,517,14. 시도별 지가 변동률(평균)(1991-1998),XIV. 물가 및 가계,공장용지 Factory 임야 Forest,인천,col-ko,0,0.772,-9.89,-9.89,0.3,전치·패널1|저신뢰,[전치] 14. 시도별 지가 변동률 (평균)(1991-1998) | 공장용지 Factory 임야 Forest
지가,1999,517,14. 시도별 지가 변동률(평균)(1991-1998),XIV. 물가 및 가계,공장용지 Factory 임야 Forest,광주,col-ko,0,0.84,-7.51,-7.51,1.0,전치·패널1,[전치] 14. 시도별 지가 변동률 (평균)(1991-1998) | 공장용지 Factory 임야 Forest
지가,1999,517,14. 시도별 지가 변동률(평균)(1991-1998),XIV. 물가 및 가계,공장용지 Factory 임야 Forest,대전,col-ko,0,0.91,-8.40,-8.4,1.0,전치·패널1,[전치] 14. 시도별 지가 변동률 (평균)(1991-1998) | 공장용지 Factory 임야 Forest
지가,1999,517,14. 시도별 지가 변동률(평균)(1991-1998),XIV. 물가 및 가계,기타,전국,col-ko,0,0.302,-14.04,-14.04,0.5,전치·패널1,[전치] 14. 시도별 지가 변동률 (평균)(1991-1998) | 기타
지가,1999,517,14. 시도별 지가 변동률(평균)(1991-1998),XIV. 물가 및 가계,기타,서울,col-ko,0,0.572,-15.58,-15.58,1.0,전치·패널1,[전치] 14. 시도별 지가 변동률 (평균)(1991-1998) | 기타
지가,1999,517,14. 시도별 지가 변동률(평균)(1991-1998),XIV. 물가 및 가계,기타,부산,col-ko,0,0.639,-16.92,-16.92,1.0,전치·패널1,[전치] 14. 시도별 지가 변동률 (평균)(1991-1998) | 기타
지가,1999,517,14. 시도별 지가 변동률(평균)(1991-1998),XIV. 물가 및 가계,기타,대구,col-ko,0,0.705,-16.93,-16.93,1.0,전치·패널1,[전치] 14. 시도별 지가 변동률 (평균)(1991-1998) | 기타
지가,1999,517,14. 시도별 지가 변동률(평균)(1991-1998),XIV. 물가 및 가계,기타,인천,col-ko,0,0.772,-14.11,-14.11,0.5,전치·패널1,[전치] 14. 시도별 지가 변동률 (평균)(1991-1998) | 기타
지가,1999,517,14. 시도별 지가 변동률(평균)(1991-1998),XIV. 물가 및 가계,기타,광주,col-ko,0,0.84,-5.67,-5.67,0.5,전치·패널1,[전치] 14. 시도별 지가 변동률 (평균)(1991-1998) | 기타
지가,1999,517,14. 시도별 지가 변동률(평균)(1991-1998),XIV. 물가 및 가계,기타,대전,col-ko,0,0.91,-7.54,-7.54,1.0,전치·패널1,[전치] 14. 시도별 지가 변동률 (평균)(1991-1998) | 기타
지가,1999,517,14. 시도별 지가 변동률(평균)(1991-1998),XIV. 물가 및 가계,Other:,전국,col-ko,0,0.302,-13.53,-13.53,1.0,전치·패널1,[전치] 14. 시도별 지가 변동률 (평균)(1991-1998) | Other:
지가,1999,517,14. 시도별 지가 변동률(평균)(1991-1998),XIV. 물가 및 가계,Other:,서울,col-ko,0,0.572,-16.31,-16.31,0.5,전치·패널1,[전치] 14. 시도별 지가 변동률 (평균)(1991-1998) | Other:
지가,1999,517,14. 시도별 지가 변동률(평균)(1991-1998),XIV. 물가 및 가계,Other:,부산,col-ko,0,0.639,-16.35,-16.35,0.3,전치·패널1|저신뢰,[전치] 14. 시도별 지가 변동률 (평균)(1991-1998) | Other:
지가,1999,517,14. 시도별 지가 변동률(평균)(1991-1998),XIV. 물가 및 가계,Other:,대구,col-ko,0,0.705,-13.49,-13.49,0.5,전치·패널1,[전치] 14. 시도별 지가 변동률 (평균)(1991-1998) | Other:
지가,1999,517,14. 시도별 지가 변동률(평균)(1991-1998),XIV. 물가 및 가계,Other:,인천,col-ko,0,0.772,-13.95,-13.95,1.0,전치·패널1,[전치] 14. 시도별 지가 변동률 (평균)(1991-1998) | Other:
지가,1999,517,14. 시도별 지가 변동률(평균)(1991-1998),XIV. 물가 및 가계,Other:,광주,col-ko,0,0.84,-12.83,-12.83,1.0,전치·패널1,[전치] 14. 시도별 지가 변동률 (평균)(1991-1998) | Other:
지가,1999,517,14. 시도별 지가 변동률(평균)(1991-1998),XIV. 물가 및 가계,Other:,대전,col-ko,0,0.91,-8.24,-8.24,1.0,전치·패널1,[전치] 14. 시도별 지가 변동률 (평균)(1991-1998) | Other:
지가,1999,517,14. 시도별 지가 변동률(평균)(1991-1998),XIV. 물가 및 가계,1991 1992,경기,col-ko,0,0.364,14.68,14.68,1.0,전치·패널2,[전치] 1991 1992
지가,1999,517,14. 시도별 지가 변동률(평균)(1991-1998),XIV. 물가 및 가계,1991 1992,강원,col-ko,0,0.433,7.18,7.18,1.0,전치·패널2,[전치] 1991 1992
지가,1999,517,14. 시도별 지가 변동률(평균)(1991-1998),XIV. 물가 및 가계,1991 1992,충북,col-ko,0,0.502,14.31,14.31,1.0,전치·패널2,[전치] 1991 1992
지가,1999,517,14. 시도별 지가 변동률(평균)(1991-1998),XIV. 물가 및 가계,1991 1992,충남,col-ko,0,0.569,9.56,9.56,1.0,전치·패널2,[전치] 1991 1992
지가,1999,517,14. 시도별 지가 변동률(평균)(1991-1998),XIV. 물가 및 가계,1991 1992,전북,col-ko,0,0.635,9.40,9.4,1.0,전치·패널2,[전치] 1991 1992
지가,1999,517,14. 시도별 지가 변동률(평균)(1991-1998),XIV. 물가 및 가계,1991 1992,전남,col-ko,0,0.701,4.50,4.5,0.5,전치·패널2,[전치] 1991 1992
지가,1999,517,14. 시도별 지가 변동률(평균)(1991-1998),XIV. 물가 및 가계,1991 1992,경북,col-ko,0,0.768,9.11,9.11,1.0,전치·패널2,[전치] 1991 1992
지가,1999,517,14. 시도별 지가 변동률(평균)(1991-1998),XIV. 물가 및 가계,1991 1992,경남,col-ko,0,0.836,14.47,14.47,1.0,전치·패널2,[전치] 1991 1992
지가,1999,517,14. 시도별 지가 변동률(평균)(1991-1998),XIV. 물가 및 가계,1991 1992,제주,col-ko,0,0.908,10.43,10.43,1.0,전치·패널2,[전치] 1991 1992
지가,1999,517,14. 시도별 지가 변동률(평균)(1991-1998),XIV. 물가 및 가계,?,경기,col-ko,0,0.364,0.08,0.08,1.0,전치·패널2,[전치] 
지가,1999,517,14. 시도별 지가 변동률(평균)(1991-1998),XIV. 물가 및 가계,?,강원,col-ko,0,0.433,1.96,1.96,1.0,전치·패널2,[전치] 
지가,1999,517,14. 시도별 지가 변동률(평균)(1991-1998),XIV. 물가 및 가계,?,충북,col-ko,0,0.502,1.62,1.62,1.0,전치·패널2,[전치] 
지가,1999,517,14. 시도별 지가 변동률(평균)(1991-1998),XIV. 물가 및 가계,?,충남,col-ko,0,0.569,1.12,1.12,1.0,전치·패널2,[전치] 
지가,1999,517,14. 시도별 지가 변동률(평균)(1991-1998),XIV. 물가 및 가계,?,전북,col-ko,0,0.635,1.64,1.64,1.0,전치·패널2,[전치] 
지가,1999,517,14. 시도별 지가 변동률(평균)(1991-1998),XIV. 물가 및 가계,?,전남,col-ko,0,0.701,-0.12,-0.12,1.0,전치·패널2,[전치] 
지가,1999,517,14. 시도별 지가 변동률(평균)(1991-1998),XIV. 물가 및 가계,?,경북,col-ko,0,0.768,-0.26,-0.26,0.5,전치·패널2,[전치] 
지가,1999,517,14. 시도별 지가 변동률(평균)(1991-1998),XIV. 물가 및 가계,?,경남,col-ko,0,0.836,0.18,0.18,0.5,전치·패널2,[전치] 
지가,1999,517,14. 시도별 지가 변동률(평균)(1991-1998),XIV. 물가 및 가계,?,제주,col-ko,0,0.908,0.26,0.26,1.0,전치·패널2,[전치] 
지가,1999,517,14. 시도별 지가 변동률(평균)(1991-1998),XIV. 물가 및 가계,1993 1994 •..,경기,col-ko,0,0.364,-7.06,-7.06,1.0,전치·패널2,[전치] 1993 1994 •..
지가,1999,517,14. 시도별 지가 변동률(평균)(1991-1998),XIV. 물가 및 가계,1993 1994 •..,강원,col-ko,0,0.433,-4.89,-4.89,1.0,전치·패널2,[전치] 1993 1994 •..
지가,1999,517,14. 시도별 지가 변동률(평균)(1991-1998),XIV. 물가 및 가계,1993 1994 •..,충북,col-ko,0,0.502,-6.07,-6.07,1.0,전치·패널2,[전치] 1993 1994 •..
지가,1999,517,14. 시도별 지가 변동률(평균)(1991-1998),XIV. 물가 및 가계,1993 1994 •..,충남,col-ko,0,0.569,-6.36,-6.36,0.5,전치·패널2,[전치] 1993 1994 •..
지가,1999,517,14. 시도별 지가 변동률(평균)(1991-1998),XIV. 물가 및 가계,1993 1994 •..,전북,col-ko,0,0.635,-5.94,-5.94,1.0,전치·패널2,[전치] 1993 1994 •..
지가,1999,517,14. 시도별 지가 변동률(평균)(1991-1998),XIV. 물가 및 가계,1993 1994 •..,전남,col-ko,0,0.701,-5.53,-5.53,1.0,전치·패널2,[전치] 1993 1994 •..
지가,1999,517,14. 시도별 지가 변동률(평균)(1991-1998),XIV. 물가 및 가계,1993 1994 •..,경북,col-ko,0,0.768,-6.57,-6.57,1.0,전치·패널2,[전치] 1993 1994 •..
지가,1999,517,14. 시도별 지가 변동률(평균)(1991-1998),XIV. 물가 및 가계,1993 1994 •..,경남,col-ko,0,0.836,-6.59,-6.59,1.0,전치·패널2,[전치] 1993 1994 •..
지가,1999,517,14. 시도별 지가 변동률(평균)(1991-1998),XIV. 물가 및 가계,1993 1994 •..,제주,col-ko,0,0.908,-8.70,-8.7,1.0,전치·패널2,[전치] 1993 1994 •..
지가,1999,517,14. 시도별 지가 변동률(평균)(1991-1998),XIV. 물가 및 가계,1995,경기,col-ko,0,0.364,-0.26 1.46,,0.5,전치·패널2|판독불가|과병합의심,[전치] 1995
지가,1999,517,14. 시도별 지가 변동률(평균)(1991-1998),XIV. 물가 및 가계,1995,강원,col-ko,0,0.433,-0.11,-0.11,1.0,전치·패널2,[전치] 1995
지가,1999,517,14. 시도별 지가 변동률(평균)(1991-1998),XIV. 물가 및 가계,1995,충북,col-ko,0,0.502,-0.40,-0.4,0.5,전치·패널2,[전치] 1995
지가,1999,517,14. 시도별 지가 변동률(평균)(1991-1998),XIV. 물가 및 가계,1995,충남,col-ko,0,0.569,-0.48,-0.48,1.0,전치·패널2,[전치] 1995
지가,1999,517,14. 시도별 지가 변동률(평균)(1991-1998),XIV. 물가 및 가계,1995,전북,col-ko,0,0.635,-0.60,-0.6,1.0,전치·패널2,[전치] 1995
지가,1999,517,14. 시도별 지가 변동률(평균)(1991-1998),XIV. 물가 및 가계,1995,전남,col-ko,0,0.701,-0.54,-0.54,0.5,전치·패널2,[전치] 1995
지가,1999,517,14. 시도별 지가 변동률(평균)(1991-1998),XIV. 물가 및 가계,1995,경북,col-ko,0,0.768,0.63,0.63,1.0,전치·패널2,[전치] 1995
지가,1999,517,14. 시도별 지가 변동률(평균)(1991-1998),XIV. 물가 및 가계,1995,경남,col-ko,0,0.836,-0.64,-0.64,1.0,전치·패널2,[전치] 1995
지가,1999,517,14. 시도별 지가 변동률(평균)(1991-1998),XIV. 물가 및 가계,?,강원,col-ko,0,0.433,1.13,1.13,1.0,전치·패널2,[전치] 
지가,1999,517,14. 시도별 지가 변동률(평균)(1991-1998),XIV. 물가 및 가계,?,충북,col-ko,0,0.502,0.39,0.39,1.0,전치·패널2,[전치] 
지가,1999,517,14. 시도별 지가 변동률(평균)(1991-1998),XIV. 물가 및 가계,?,충남,col-ko,0,0.569,-0.27,-0.27,1.0,전치·패널2,[전치] 
지가,1999,517,14. 시도별 지가 변동률(평균)(1991-1998),XIV. 물가 및 가계,?,전북,col-ko,0,0.635,0. 48,0.48,0.5,전치·패널2,[전치] 
지가,1999,517,14. 시도별 지가 변동률(평균)(1991-1998),XIV. 물가 및 가계,?,전남,col-ko,0,0.701,0.20,0.2,1.0,전치·패널2,[전치] 
지가,1999,517,14. 시도별 지가 변동률(평균)(1991-1998),XIV. 물가 및 가계,?,경북,col-ko,0,0.768,0.72,0.72,1.0,전치·패널2,[전치] 
지가,1999,517,14. 시도별 지가 변동률(평균)(1991-1998),XIV. 물가 및 가계,?,경남,col-ko,0,0.836,0.56,0.56,1.0,전치·패널2,[전치] 
지가,1999,517,14. 시도별 지가 변동률(평균)(1991-1998),XIV. 물가 및 가계,?,제주,col-ko,0,0.908,-0.15,-0.15,1.0,전치·패널2,[전치] 
지가,1999,517,14. 시도별 지가 변동률(평균)(1991-1998),XIV. 물가 및 가계,1996,경기,col-ko,0,0.364,1.20,1.2,1.0,전치·패널2,[전치] 1996
지가,1999,517,14. 시도별 지가 변동률(평균)(1991-1998),XIV. 물가 및 가계,1996,강원,col-ko,0,0.433,1.26,1.26,1.0,전치·패널2,[전치] 1996
지가,1999,517,14. 시도별 지가 변동률(평균)(1991-1998),XIV. 물가 및 가계,1996,충북,col-ko,0,0.502,0.77,0.77,1.0,전치·패널2,[전치] 1996
지가,1999,517,14. 시도별 지가 변동률(평균)(1991-1998),XIV. 물가 및 가계,1996,충남,col-ko,0,0.569,1 .08,1.08,0.3,전치·패널2|저신뢰,[전치] 1996
지가,1999,517,14. 시도별 지가 변동률(평균)(1991-1998),XIV. 물가 및 가계,1996,전북,col-ko,0,0.635,1.13,1.13,1.0,전치·패널2,[전치] 1996
지가,1999,517,14. 시도별 지가 변동률(평균)(1991-1998),XIV. 물가 및 가계,1996,전남,col-ko,0,0.701,0.83,0.83,1.0,전치·패널2,[전치] 1996
지가,1999,517,14. 시도별 지가 변동률(평균)(1991-1998),XIV. 물가 및 가계,1996,경북,col-ko,0,0.768,1.25,1.25,1.0,전치·패널2,[전치] 1996
지가,1999,517,14. 시도별 지가 변동률(평균)(1991-1998),XIV. 물가 및 가계,1996,경남,col-ko,0,0.836,0.98,0.98,0.3,전치·패널2|저신뢰,[전치] 1996
지가,1999,517,14. 시도별 지가 변동률(평균)(1991-1998),XIV. 물가 및 가계,1996,제주,col-ko,0,0.908,0.30,0.3,1.0,전치·패널2,[전치] 1996
지가,1999,517,14. 시도별 지가 변동률(평균)(1991-1998),XIV. 물가 및 가계,1997 1998,울산,col-ko,0,0.298,-13.54 0.03,,1.0,전치·패널2|판독불가|과병합의심,[전치] 1997 1998
지가,1999,517,14. 시도별 지가 변동률(평균)(1991-1998),XIV. 물가 및 가계,1997 1998,경기,col-ko,0,0.364,-14.65 0.65,,1.0,전치·패널2|판독불가|과병합의심,[전치] 1997 1998
지가,1999,517,14. 시도별 지가 변동률(평균)(1991-1998),XIV. 물가 및 가계,1997 1998,강원,col-ko,0,0.433,0.77,0.77,1.0,전치·패널2,[전치] 1997 1998
지가,1999,517,14. 시도별 지가 변동률(평균)(1991-1998),XIV. 물가 및 가계,1997 1998,충북,col-ko,0,0.502,1.02,1.02,0.5,전치·패널2,[전치] 1997 1998
지가,1999,517,14. 시도별 지가 변동률(평균)(1991-1998),XIV. 물가 및 가계,1997 1998,충남,col-ko,0,0.569,7.11 1.13,,0.3,전치·패널2|판독불가|저신뢰|과병합의심,[전치] 1997 1998
지가,1999,517,14. 시도별 지가 변동률(평균)(1991-1998),XIV. 물가 및 가계,1997 1998,전남,col-ko,0,0.701,0.69,0.69,1.0,전치·패널2,[전치] 1997 1998
지가,1999,517,14. 시도별 지가 변동률(평균)(1991-1998),XIV. 물가 및 가계,1997 1998,경북,col-ko,0,0.768,0.38,0.38,1.0,전치·패널2,[전치] 1997 1998
지가,1999,517,14. 시도별 지가 변동률(평균)(1991-1998),XIV. 물가 및 가계,1997 1998,경남,col-ko,0,0.836,0.26,0.26,1.0,전치·패널2,[전치] 1997 1998
지가,1999,517,14. 시도별 지가 변동률(평균)(1991-1998),XIV. 물가 및 가계,1997 1998,제주,col-ko,0,0.908,0.36,0.36,0.3,전치·패널2|저신뢰,[전치] 1997 1998
지가,1999,517,14. 시도별 지가 변동률(평균)(1991-1998),XIV. 물가 및 가계,?,강원,col-ko,0,0.433,-8.30,-8.3,1.0,전치·패널2,[전치] 
지가,1999,517,14. 시도별 지가 변동률(평균)(1991-1998),XIV. 물가 및 가계,?,충북,col-ko,0,0.502,-7.13,-7.13,1.0,전치·패널2,[전치] 
지가,1999,517,14. 시도별 지가 변동률(평균)(1991-1998),XIV. 물가 및 가계,?,전남,col-ko,0,0.701,-6.96,-6.96,1.0,전치·패널2,[전치] 
지가,1999,517,14. 시도별 지가 변동률(평균)(1991-1998),XIV. 물가 및 가계,?,경북,col-ko,0,0.768,-10.76,-10.76,1.0,전치·패널2,[전치] 
지가,1999,517,14. 시도별 지가 변동률(평균)(1991-1998),XIV. 물가 및 가계,?,경남,col-ko,0,0.836,-14.12,-14.12,0.5,전치·패널2,[전치] 
지가,1999,517,14. 시도별 지가 변동률(평균)(1991-1998),XIV. 물가 및 가계,?,제주,col-ko,0,0.908,-8.13,-8.13,1.0,전치·패널2,[전치] 
지가,1999,517,14. 시도별 지가 변동률(평균)(1991-1998),XIV. 물가 및 가계,주거지역 Dwelling,울산,col-ko,0,0.298,-14.43,-14.43,1.0,전치·패널2,[전치] 주거지역 Dwelling
지가,1999,517,14. 시도별 지가 변동률(평균)(1991-1998),XIV. 물가 및 가계,주거지역 Dwelling,경기,col-ko,0,0.364,-15.30,-15.3,0.5,전치·패널2,[전치] 주거지역 Dwelling
지가,1999,517,14. 시도별 지가 변동률(평균)(1991-1998),XIV. 물가 및 가계,주거지역 Dwelling,강원,col-ko,0,0.433,-8.22,-8.22,1.0,전치·패널2,[전치] 주거지역 Dwelling
지가,1999,517,14. 시도별 지가 변동률(평균)(1991-1998),XIV. 물가 및 가계,주거지역 Dwelling,충북,col-ko,0,0.502,-9.42,-9.42,1.0,전치·패널2,[전치] 주거지역 Dwelling
지가,1999,517,14. 시도별 지가 변동률(평균)(1991-1998),XIV. 물가 및 가계,주거지역 Dwelling,충남,col-ko,0,0.569,-10.20,-10.2,1.0,전치·패널2,[전치] 주거지역 Dwelling
지가,1999,517,14. 시도별 지가 변동률(평균)(1991-1998),XIV. 물가 및 가계,주거지역 Dwelling,전북,col-ko,0,0.635,-8.44,-8.44,1.0,전치·패널2,[전치] 주거지역 Dwelling
지가,1999,517,14. 시도별 지가 변동률(평균)(1991-1998),XIV. 물가 및 가계,주거지역 Dwelling,전남,col-ko,0,0.701,-10.29,-10.29,0.5,전치·패널2,[전치] 주거지역 Dwelling
지가,1999,517,14. 시도별 지가 변동률(평균)(1991-1998),XIV. 물가 및 가계,주거지역 Dwelling,경북,col-ko,0,0.768,-12.82,-12.82,1.0,전치·패널2,[전치] 주거지역 Dwelling
지가,1999,517,14. 시도별 지가 변동률(평균)(1991-1998),XIV. 물가 및 가계,주거지역 Dwelling,경남,col-ko,0,0.836,-14.56,-14.56,1.0,전치·패널2,[전치] 주거지역 Dwelling
지가,1999,517,14. 시도별 지가 변동률(평균)(1991-1998),XIV. 물가 및 가계,주거지역 Dwelling,제주,col-ko,0,0.908,-8.33,-8.33,1.0,전치·패널2,[전치] 주거지역 Dwelling
지가,1999,517,14. 시도별 지가 변동률(평균)(1991-1998),XIV. 물가 및 가계,상업지역 Commercial,울산,col-ko,0,0.298,-20.82,-20.82,0.5,전치·패널2,[전치] 상업지역 Commercial
지가,1999,517,14. 시도별 지가 변동률(평균)(1991-1998),XIV. 물가 및 가계,상업지역 Commercial,경기,col-ko,0,0.364,-19.66,-19.66,0.3,전치·패널2|저신뢰,[전치] 상업지역 Commercial
지가,1999,517,14. 시도별 지가 변동률(평균)(1991-1998),XIV. 물가 및 가계,상업지역 Commercial,강원,col-ko,0,0.433,-10.10,-10.1,1.0,전치·패널2,[전치] 상업지역 Commercial
지가,1999,517,14. 시도별 지가 변동률(평균)(1991-1998),XIV. 물가 및 가계,상업지역 Commercial,충북,col-ko,0,0.502,-11.17,-11.17,1.0,전치·패널2,[전치] 상업지역 Commercial
지가,1999,517,14. 시도별 지가 변동률(평균)(1991-1998),XIV. 물가 및 가계,상업지역 Commercial,충남,col-ko,0,0.569,-13.79,-13.79,0.5,전치·패널2,[전치] 상업지역 Commercial
지가,1999,517,14. 시도별 지가 변동률(평균)(1991-1998),XIV. 물가 및 가계,상업지역 Commercial,전북,col-ko,0,0.635,-13.40,-13.4,0.5,전치·패널2,[전치] 상업지역 Commercial
지가,1999,517,14. 시도별 지가 변동률(평균)(1991-1998),XIV. 물가 및 가계,상업지역 Commercial,전남,col-ko,0,0.701,-14.08,-14.08,0.3,전치·패널2|저신뢰,[전치] 상업지역 Commercial
지가,1999,517,14. 시도별 지가 변동률(평균)(1991-1998),XIV. 물가 및 가계,상업지역 Commercial,경북,col-ko,0,0.768,-15.64,-15.64,1.0,전치·패널2,[전치] 상업지역 Commercial
지가,1999,517,14. 시도별 지가 변동률(평균)(1991-1998),XIV. 물가 및 가계,상업지역 Commercial,제주,col-ko,0,0.908,-11.86,-11.86,0.5,전치·패널2,[전치] 상업지역 Commercial
지가,1999,517,14. 시도별 지가 변동률(평균)(1991-1998),XIV. 물가 및 가계,공업지역 Industrial,울산,col-ko,0,0.298,-11.73,-11.73,1.0,전치·패널2,[전치] 공업지역 Industrial
지가,1999,517,14. 시도별 지가 변동률(평균)(1991-1998),XIV. 물가 및 가계,공업지역 Industrial,경기,col-ko,0,0.364,-14.46,-14.46,1.0,전치·패널2,[전치] 공업지역 Industrial
지가,1999,517,14. 시도별 지가 변동률(평균)(1991-1998),XIV. 물가 및 가계,공업지역 Industrial,강원,col-ko,0,0.433,-7.82,-7.82,1.0,전치·패널2,[전치] 공업지역 Industrial
지가,1999,517,14. 시도별 지가 변동률(평균)(1991-1998),XIV. 물가 및 가계,공업지역 Industrial,충북,col-ko,0,0.502,-8.00,-8.0,0.5,전치·패널2,[전치] 공업지역 Industrial
지가,1999,517,14. 시도별 지가 변동률(평균)(1991-1998),XIV. 물가 및 가계,공업지역 Industrial,충남,col-ko,0,0.569,-9.20,-9.2,1.0,전치·패널2,[전치] 공업지역 Industrial
지가,1999,517,14. 시도별 지가 변동률(평균)(1991-1998),XIV. 물가 및 가계,공업지역 Industrial,전북,col-ko,0,0.635,-6.72,-6.72,1.0,전치·패널2,[전치] 공업지역 Industrial
지가,1999,517,14. 시도별 지가 변동률(평균)(1991-1998),XIV. 물가 및 가계,공업지역 Industrial,전남,col-ko,0,0.701,-10.73,-10.73,0.5,전치·패널2,[전치] 공업지역 Industrial
지가,1999,517,14. 시도별 지가 변동률(평균)(1991-1998),XIV. 물가 및 가계,공업지역 Industrial,경남,col-ko,0,0.836,-15.23,-15.23,0.5,전치·패널2,[전치] 공업지역 Industrial
지가,1999,517,14. 시도별 지가 변동률(평균)(1991-1998),XIV. 물가 및 가계,공업지역 Industrial,제주,col-ko,0,0.908,-8.88,-8.88,0.3,전치·패널2|저신뢰,[전치] 공업지역 Industrial
지가,1999,517,14. 시도별 지가 변동률(평균)(1991-1998),XIV. 물가 및 가계,녹지지역 Green Belt,울산,col-ko,0,0.298,-7.06,-7.06,0.5,전치·패널2,[전치] 녹지지역 Green Belt
지가,1999,517,14. 시도별 지가 변동률(평균)(1991-1998),XIV. 물가 및 가계,녹지지역 Green Belt,경기,col-ko,0,0.364,-12.10,-12.1,0.5,전치·패널2,[전치] 녹지지역 Green Belt
지가,1999,517,14. 시도별 지가 변동률(평균)(1991-1998),XIV. 물가 및 가계,녹지지역 Green Belt,강원,col-ko,0,0.433,-6.94,-6.94,1.0,전치·패널2,[전치] 녹지지역 Green Belt
지가,1999,517,14. 시도별 지가 변동률(평균)(1991-1998),XIV. 물가 및 가계,녹지지역 Green Belt,충북,col-ko,0,0.502,-3.34,-3.34,0.5,전치·패널2,[전치] 녹지지역 Green Belt
지가,1999,517,14. 시도별 지가 변동률(평균)(1991-1998),XIV. 물가 및 가계,녹지지역 Green Belt,전남,col-ko,0,0.701,-4.79,-4.79,1.0,전치·패널2,[전치] 녹지지역 Green Belt
지가,1999,517,14. 시도별 지가 변동률(평균)(1991-1998),XIV. 물가 및 가계,녹지지역 Green Belt,경북,col-ko,0,0.768,-861,-861,0.5,전치·패널2,[전치] 녹지지역 Green Belt
지가,1999,517,14. 시도별 지가 변동률(평균)(1991-1998),XIV. 물가 및 가계,녹지지역 Green Belt,경남,col-ko,0,0.836,-11.88,-11.88,1.0,전치·패널2,[전치] 녹지지역 Green Belt
지가,1999,517,14. 시도별 지가 변동률(평균)(1991-1998),XIV. 물가 및 가계,녹지지역 Green Belt,제주,col-ko,0,0.908,-5.70,-5.7,0.5,전치·패널2,[전치] 녹지지역 Green Belt
지가,1999,517,14. 시도별 지가 변동률(평균)(1991-1998),XIV. 물가 및 가계,준도시지역 Quasi-City,울산,col-ko,0,0.298,-14.65,-14.65,1.0,전치·패널2,[전치] 준도시지역 Quasi-City
지가,1999,517,14. 시도별 지가 변동률(평균)(1991-1998),XIV. 물가 및 가계,준도시지역 Quasi-City,경기,col-ko,0,0.364,-13.06,-13.06,0.5,전치·패널2,[전치] 준도시지역 Quasi-City
지가,1999,517,14. 시도별 지가 변동률(평균)(1991-1998),XIV. 물가 및 가계,준도시지역 Quasi-City,강원,col-ko,0,0.433,-8.37,-8.37,1.0,전치·패널2,[전치] 준도시지역 Quasi-City
지가,1999,517,14. 시도별 지가 변동률(평균)(1991-1998),XIV. 물가 및 가계,준도시지역 Quasi-City,충북,col-ko,0,0.502,-7.37,-7.37,0.5,전치·패널2,[전치] 준도시지역 Quasi-City
지가,1999,517,14. 시도별 지가 변동률(평균)(1991-1998),XIV. 물가 및 가계,준도시지역 Quasi-City,충남,col-ko,0,0.569,-8.06,-8.06,1.0,전치·패널2,[전치] 준도시지역 Quasi-City
지가,1999,517,14. 시도별 지가 변동률(평균)(1991-1998),XIV. 물가 및 가계,준도시지역 Quasi-City,전북,col-ko,0,0.635,-4.54,-4.54,1.0,전치·패널2,[전치] 준도시지역 Quasi-City
지가,1999,517,14. 시도별 지가 변동률(평균)(1991-1998),XIV. 물가 및 가계,준도시지역 Quasi-City,전남,col-ko,0,0.701,-5.49,-5.49,1.0,전치·패널2,[전치] 준도시지역 Quasi-City
지가,1999,517,14. 시도별 지가 변동률(평균)(1991-1998),XIV. 물가 및 가계,준도시지역 Quasi-City,경북,col-ko,0,0.768,-9.64,-9.64,1.0,전치·패널2,[전치] 준도시지역 Quasi-City
지가,1999,517,14. 시도별 지가 변동률(평균)(1991-1998),XIV. 물가 및 가계,준도시지역 Quasi-City,경남,col-ko,0,0.836,-11.92,-11.92,0.5,전치·패널2,[전치] 준도시지역 Quasi-City
지가,1999,517,14. 시도별 지가 변동률(평균)(1991-1998),XIV. 물가 및 가계,준도시지역 Quasi-City,제주,col-ko,0,0.908,-6.64,-6.64,1.0,전치·패널2,[전치] 준도시지역 Quasi-City
지가,1999,517,14. 시도별 지가 변동률(평균)(1991-1998),XIV. 물가 및 가계,농림지역 Agricultural,울산,col-ko,0,0.298,-8.32,-8.32,1.0,전치·패널2,[전치] 농림지역 Agricultural
지가,1999,517,14. 시도별 지가 변동률(평균)(1991-1998),XIV. 물가 및 가계,농림지역 Agricultural,경기,col-ko,0,0.364,-11.17,-11.17,0.5,전치·패널2,[전치] 농림지역 Agricultural
지가,1999,517,14. 시도별 지가 변동률(평균)(1991-1998),XIV. 물가 및 가계,농림지역 Agricultural,강원,col-ko,0,0.433,-7.51,-7.51,1.0,전치·패널2,[전치] 농림지역 Agricultural
지가,1999,517,14. 시도별 지가 변동률(평균)(1991-1998),XIV. 물가 및 가계,농림지역 Agricultural,충북,col-ko,0,0.502,-3.98,-3.98,1.0,전치·패널2,[전치] 농림지역 Agricultural
지가,1999,517,14. 시도별 지가 변동률(평균)(1991-1998),XIV. 물가 및 가계,농림지역 Agricultural,충남,col-ko,0,0.569,-2.91,-2.91,1.0,전치·패널2,[전치] 농림지역 Agricultural
지가,1999,517,14. 시도별 지가 변동률(평균)(1991-1998),XIV. 물가 및 가계,농림지역 Agricultural,전북,col-ko,0,0.635,1.11,1.11,0.3,전치·패널2|저신뢰,[전치] 농림지역 Agricultural
지가,1999,517,14. 시도별 지가 변동률(평균)(1991-1998),XIV. 물가 및 가계,농림지역 Agricultural,전남,col-ko,0,0.701,-0.98,-0.98,1.0,전치·패널2,[전치] 농림지역 Agricultural
지가,1999,517,14. 시도별 지가 변동률(평균)(1991-1998),XIV. 물가 및 가계,농림지역 Agricultural,경북,col-ko,0,0.768,-6.39,-6.39,1.0,전치·패널2,[전치] 농림지역 Agricultural
지가,1999,517,14. 시도별 지가 변동률(평균)(1991-1998),XIV. 물가 및 가계,농림지역 Agricultural,경남,col-ko,0,0.836,-10. 32,-10.32,0.5,전치·패널2,[전치] 농림지역 Agricultural
지가,1999,517,14. 시도별 지가 변동률(평균)(1991-1998),XIV. 물가 및 가계,농림지역 Agricultural,제주,col-ko,0,0.908,-6.96,-6.96,1.0,전치·패널2,[전치] 농림지역 Agricultural
지가,1999,517,14. 시도별 지가 변동률(평균)(1991-1998),XIV. 물가 및 가계,준농럼지역 Quasi-agricultiral얧,울산,col-ko,0,0.298,9.70,9.7,0.3,전치·패널2|저신뢰,[전치] 준농럼지역 Quasi-agricultiral얧
지가,1999,517,14. 시도별 지가 변동률(평균)(1991-1998),XIV. 물가 및 가계,준농럼지역 Quasi-agricultiral얧,경기,col-ko,0,0.364,-14.50,-14.5,0.5,전치·패널2,[전치] 준농럼지역 Quasi-agricultiral얧
지가,1999,517,14. 시도별 지가 변동률(평균)(1991-1998),XIV. 물가 및 가계,준농럼지역 Quasi-agricultiral얧,강원,col-ko,0,0.433,-8.30,-8.3,1.0,전치·패널2,[전치] 준농럼지역 Quasi-agricultiral얧
지가,1999,517,14. 시도별 지가 변동률(평균)(1991-1998),XIV. 물가 및 가계,준농럼지역 Quasi-agricultiral얧,충북,col-ko,0,0.502,-4.90,-4.9,0.5,전치·패널2,[전치] 준농럼지역 Quasi-agricultiral얧
지가,1999,517,14. 시도별 지가 변동률(평균)(1991-1998),XIV. 물가 및 가계,준농럼지역 Quasi-agricultiral얧,충남,col-ko,0,0.569,-4.97,-4.97,1.0,전치·패널2,[전치] 준농럼지역 Quasi-agricultiral얧
지가,1999,517,14. 시도별 지가 변동률(평균)(1991-1998),XIV. 물가 및 가계,준농럼지역 Quasi-agricultiral얧,전북,col-ko,0,0.635,0.72,0.72,1.0,전치·패널2,[전치] 준농럼지역 Quasi-agricultiral얧
지가,1999,517,14. 시도별 지가 변동률(평균)(1991-1998),XIV. 물가 및 가계,준농럼지역 Quasi-agricultiral얧,전남,col-ko,0,0.701,-2.04,-2.04,1.0,전치·패널2,[전치] 준농럼지역 Quasi-agricultiral얧
지가,1999,517,14. 시도별 지가 변동률(평균)(1991-1998),XIV. 물가 및 가계,준농럼지역 Quasi-agricultiral얧,경북,col-ko,0,0.768,-7.77,-7.77,0.3,전치·패널2|저신뢰,[전치] 준농럼지역 Quasi-agricultiral얧
지가,1999,517,14. 시도별 지가 변동률(평균)(1991-1998),XIV. 물가 및 가계,준농럼지역 Quasi-agricultiral얧,경남,col-ko,0,0.836,-11.25,-11.25,1.0,전치·패널2,[전치] 준농럼지역 Quasi-agricultiral얧
지가,1999,517,14. 시도별 지가 변동률(평균)(1991-1998),XIV. 물가 및 가계,준농럼지역 Quasi-agricultiral얧,제주,col-ko,0,0.908,-7.95,-7.95,1.0,전치·패널2,[전치] 준농럼지역 Quasi-agricultiral얧
지가,1999,517,14. 시도별 지가 변동률(평균)(1991-1998),XIV. 물가 및 가계,자연환경보전지역 Natuiral eriromnert,울산,col-ko,0,0.298,-13.10,-13.1,1.0,전치·패널2,[전치] 자연환경보전지역 Natuiral eriromnert
지가,1999,517,14. 시도별 지가 변동률(평균)(1991-1998),XIV. 물가 및 가계,자연환경보전지역 Natuiral eriromnert,경기,col-ko,0,0.364,-14.41,-14.41,1.0,전치·패널2,[전치] 자연환경보전지역 Natuiral eriromnert
지가,1999,517,14. 시도별 지가 변동률(평균)(1991-1998),XIV. 물가 및 가계,자연환경보전지역 Natuiral eriromnert,강원,col-ko,0,0.433,-8.76,-8.76,1.0,전치·패널2,[전치] 자연환경보전지역 Natuiral eriromnert
지가,1999,517,14. 시도별 지가 변동률(평균)(1991-1998),XIV. 물가 및 가계,자연환경보전지역 Natuiral eriromnert,충북,col-ko,0,0.502,-6.14,-6.14,0.3,전치·패널2|저신뢰,[전치] 자연환경보전지역 Natuiral eriromnert
지가,1999,517,14. 시도별 지가 변동률(평균)(1991-1998),XIV. 물가 및 가계,자연환경보전지역 Natuiral eriromnert,충남,col-ko,0,0.569,-6.53,-6.53,1.0,전치·패널2,[전치] 자연환경보전지역 Natuiral eriromnert
지가,1999,517,14. 시도별 지가 변동률(평균)(1991-1998),XIV. 물가 및 가계,자연환경보전지역 Natuiral eriromnert,전북,col-ko,0,0.635,-4.83,-4.83,1.0,전치·패널2,[전치] 자연환경보전지역 Natuiral eriromnert
지가,1999,517,14. 시도별 지가 변동률(평균)(1991-1998),XIV. 물가 및 가계,자연환경보전지역 Natuiral eriromnert,전남,col-ko,0,0.701,-1.73,-1.73,1.0,전치·패널2,[전치] 자연환경보전지역 Natuiral eriromnert
지가,1999,517,14. 시도별 지가 변동률(평균)(1991-1998),XIV. 물가 및 가계,자연환경보전지역 Natuiral eriromnert,경북,col-ko,0,0.768,-883,-883,0.5,전치·패널2,[전치] 자연환경보전지역 Natuiral eriromnert
지가,1999,517,14. 시도별 지가 변동률(평균)(1991-1998),XIV. 물가 및 가계,자연환경보전지역 Natuiral eriromnert,경남,col-ko,0,0.836,-10.12,-10.12,0.5,전치·패널2,[전치] 자연환경보전지역 Natuiral eriromnert
지가,1999,517,14. 시도별 지가 변동률(평균)(1991-1998),XIV. 물가 및 가계,전 Dry paddies,울산,col-ko,0,0.298,-6.90,-6.9,1.0,전치·패널2,[전치] 전 Dry paddies
지가,1999,517,14. 시도별 지가 변동률(평균)(1991-1998),XIV. 물가 및 가계,전 Dry paddies,경기,col-ko,0,0.364,-12.61,-12.61,1.0,전치·패널2,[전치] 전 Dry paddies
지가,1999,517,14. 시도별 지가 변동률(평균)(1991-1998),XIV. 물가 및 가계,전 Dry paddies,강원,col-ko,0,0.433,-7.57,-7.57,0.5,전치·패널2,[전치] 전 Dry paddies
지가,1999,517,14. 시도별 지가 변동률(평균)(1991-1998),XIV. 물가 및 가계,전 Dry paddies,충북,col-ko,0,0.502,-4.12,-4.12,1.0,전치·패널2,[전치] 전 Dry paddies
지가,1999,517,14. 시도별 지가 변동률(평균)(1991-1998),XIV. 물가 및 가계,전 Dry paddies,충남,col-ko,0,0.569,-5.22,-5.22,1.0,전치·패널2,[전치] 전 Dry paddies
지가,1999,517,14. 시도별 지가 변동률(평균)(1991-1998),XIV. 물가 및 가계,전 Dry paddies,경남,col-ko,0,0.836,-10.81,-10.81,0.5,전치·패널2,[전치] 전 Dry paddies
지가,1999,517,14. 시도별 지가 변동률(평균)(1991-1998),XIV. 물가 및 가계,전 Dry paddies,제주,col-ko,0,0.908,-5.08,-5.08,1.0,전치·패널2,[전치] 전 Dry paddies
지가,1999,517,14. 시도별 지가 변동률(평균)(1991-1998),XIV. 물가 및 가계,답 Rice Belds,울산,col-ko,0,0.298,-7.36,-7.36,1.0,전치·패널2,[전치] 답 Rice Belds
지가,1999,517,14. 시도별 지가 변동률(평균)(1991-1998),XIV. 물가 및 가계,답 Rice Belds,경기,col-ko,0,0.364,-11.38,-11.38,1.0,전치·패널2,[전치] 답 Rice Belds
지가,1999,517,14. 시도별 지가 변동률(평균)(1991-1998),XIV. 물가 및 가계,답 Rice Belds,충북,col-ko,0,0.502,-2.68,-2.68,0.5,전치·패널2,[전치] 답 Rice Belds
지가,1999,517,14. 시도별 지가 변동률(평균)(1991-1998),XIV. 물가 및 가계,답 Rice Belds,충남,col-ko,0,0.569,-3.51,-3.51,1.0,전치·패널2,[전치] 답 Rice Belds
지가,1999,517,14. 시도별 지가 변동률(평균)(1991-1998),XIV. 물가 및 가계,답 Rice Belds,전북,col-ko,0,0.635,1.83,1.83,1.0,전치·패널2,[전치] 답 Rice Belds
지가,1999,517,14. 시도별 지가 변동률(평균)(1991-1998),XIV. 물가 및 가계,답 Rice Belds,전남,col-ko,0,0.701,-1.41,-1.41,0.3,전치·패널2|저신뢰,[전치] 답 Rice Belds
지가,1999,517,14. 시도별 지가 변동률(평균)(1991-1998),XIV. 물가 및 가계,답 Rice Belds,경북,col-ko,0,0.768,-6.70,-6.7,1.0,전치·패널2,[전치] 답 Rice Belds
지가,1999,517,14. 시도별 지가 변동률(평균)(1991-1998),XIV. 물가 및 가계,답 Rice Belds,경남,col-ko,0,0.836,-10.78,-10.78,0.5,전치·패널2,[전치] 답 Rice Belds
지가,1999,517,14. 시도별 지가 변동률(평균)(1991-1998),XIV. 물가 및 가계,답 Rice Belds,제주,col-ko,0,0.908,-4.65,-4.65,1.0,전치·패널2,[전치] 답 Rice Belds
지가,1999,517,14. 시도별 지가 변동률(평균)(1991-1998),XIV. 물가 및 가계,주거용 For dweling,울산,col-ko,0,0.298,-13.56,-13.56,1.0,전치·패널2,[전치] 주거용 For dweling
지가,1999,517,14. 시도별 지가 변동률(평균)(1991-1998),XIV. 물가 및 가계,주거용 For dweling,경기,col-ko,0,0.364,-14.31,-14.31,0.5,전치·패널2,[전치] 주거용 For dweling
지가,1999,517,14. 시도별 지가 변동률(평균)(1991-1998),XIV. 물가 및 가계,주거용 For dweling,충북,col-ko,0,0.502,-8.23,-8.23,1.0,전치·패널2,[전치] 주거용 For dweling
지가,1999,517,14. 시도별 지가 변동률(평균)(1991-1998),XIV. 물가 및 가계,주거용 For dweling,충남,col-ko,0,0.569,-8.37,-8.37,1.0,전치·패널2,[전치] 주거용 For dweling
지가,1999,517,14. 시도별 지가 변동률(평균)(1991-1998),XIV. 물가 및 가계,주거용 For dweling,전북,col-ko,0,0.635,-6.84,-6.84,1.0,전치·패널2,[전치] 주거용 For dweling
지가,1999,517,14. 시도별 지가 변동률(평균)(1991-1998),XIV. 물가 및 가계,주거용 For dweling,전남,col-ko,0,0.701,-8.83,-8.83,1.0,전치·패널2,[전치] 주거용 For dweling
지가,1999,517,14. 시도별 지가 변동률(평균)(1991-1998),XIV. 물가 및 가계,주거용 For dweling,경북,col-ko,0,0.768,-11.85,-11.85,1.0,전치·패널2,[전치] 주거용 For dweling
지가,1999,517,14. 시도별 지가 변동률(평균)(1991-1998),XIV. 물가 및 가계,주거용 For dweling,경남,col-ko,0,0.836,-14.02,-14.02,1.0,전치·패널2,[전치] 주거용 For dweling
지가,1999,517,14. 시도별 지가 변동률(평균)(1991-1998),XIV. 물가 및 가계,주거용 For dweling,제주,col-ko,0,0.908,-8.12,-8.12,1.0,전치·패널2,[전치] 주거용 For dweling
지가,1999,517,14. 시도별 지가 변동률(평균)(1991-1998),XIV. 물가 및 가계,상업용 For commerce,울산,col-ko,0,0.298,-18.21,-18.21,1.0,전치·패널2,[전치] 상업용 For commerce
지가,1999,517,14. 시도별 지가 변동률(평균)(1991-1998),XIV. 물가 및 가계,상업용 For commerce,경기,col-ko,0,0.364,-18.11,-18.11,0.5,전치·패널2,[전치] 상업용 For commerce
지가,1999,517,14. 시도별 지가 변동률(평균)(1991-1998),XIV. 물가 및 가계,상업용 For commerce,강원,col-ko,0,0.433,-9.59,-9.59,1.0,전치·패널2,[전치] 상업용 For commerce
지가,1999,517,14. 시도별 지가 변동률(평균)(1991-1998),XIV. 물가 및 가계,상업용 For commerce,충북,col-ko,0,0.502,-10.95,-10.95,1.0,전치·패널2,[전치] 상업용 For commerce
지가,1999,517,14. 시도별 지가 변동률(평균)(1991-1998),XIV. 물가 및 가계,상업용 For commerce,충남,col-ko,0,0.569,-12.90,-12.9,0.5,전치·패널2,[전치] 상업용 For commerce
지가,1999,517,14. 시도별 지가 변동률(평균)(1991-1998),XIV. 물가 및 가계,상업용 For commerce,전북,col-ko,0,0.635,-12.68,-12.68,1.0,전치·패널2,[전치] 상업용 For commerce
지가,1999,517,14. 시도별 지가 변동률(평균)(1991-1998),XIV. 물가 및 가계,상업용 For commerce,전남,col-ko,0,0.701,-13.13,-13.13,1.0,전치·패널2,[전치] 상업용 For commerce
지가,1999,517,14. 시도별 지가 변동률(평균)(1991-1998),XIV. 물가 및 가계,상업용 For commerce,경북,col-ko,0,0.768,-15.20,-15.2,0.3,전치·패널2|저신뢰,[전치] 상업용 For commerce
지가,1999,517,14. 시도별 지가 변동률(평균)(1991-1998),XIV. 물가 및 가계,상업용 For commerce,경남,col-ko,0,0.836,-17.08,-17.08,0.5,전치·패널2,[전치] 상업용 For commerce
지가,1999,517,14. 시도별 지가 변동률(평균)(1991-1998),XIV. 물가 및 가계,상업용 For commerce,제주,col-ko,0,0.908,-10.93,-10.93,0.5,전치·패널2,[전치] 상업용 For commerce
지가,1999,517,14. 시도별 지가 변동률(평균)(1991-1998),XIV. 물가 및 가계,임야 Forest,울산,col-ko,0,0.298,-3.84,-3.84,1.0,전치·패널2,[전치] 임야 Forest
지가,1999,517,14. 시도별 지가 변동률(평균)(1991-1998),XIV. 물가 및 가계,임야 Forest,경기,col-ko,0,0.364,-15.91,-15.91,1.0,전치·패널2,[전치] 임야 Forest
지가,1999,517,14. 시도별 지가 변동률(평균)(1991-1998),XIV. 물가 및 가계,임야 Forest,강원,col-ko,0,0.433,-10.25,-10.25,1.0,전치·패널2,[전치] 임야 Forest
지가,1999,517,14. 시도별 지가 변동률(평균)(1991-1998),XIV. 물가 및 가계,임야 Forest,충북,col-ko,0,0.502,-7.44,-7.44,1.0,전치·패널2,[전치] 임야 Forest
지가,1999,517,14. 시도별 지가 변동률(평균)(1991-1998),XIV. 물가 및 가계,임야 Forest,충남,col-ko,0,0.569,-9.07,-9.07,0.5,전치·패널2,[전치] 임야 Forest
지가,1999,517,14. 시도별 지가 변동률(평균)(1991-1998),XIV. 물가 및 가계,임야 Forest,전북,col-ko,0,0.635,-8.89,-8.89,1.0,전치·패널2,[전치] 임야 Forest
지가,1999,517,14. 시도별 지가 변동률(평균)(1991-1998),XIV. 물가 및 가계,임야 Forest,전남,col-ko,0,0.701,-6.07,-6.07,1.0,전치·패널2,[전치] 임야 Forest
지가,1999,517,14. 시도별 지가 변동률(평균)(1991-1998),XIV. 물가 및 가계,임야 Forest,경북,col-ko,0,0.768,-8.88,-8.88,1.0,전치·패널2,[전치] 임야 Forest
지가,1999,517,14. 시도별 지가 변동률(평균)(1991-1998),XIV. 물가 및 가계,임야 Forest,경남,col-ko,0,0.836,-13.52,-13.52,0.5,전치·패널2,[전치] 임야 Forest
지가,1999,517,14. 시도별 지가 변동률(평균)(1991-1998),XIV. 물가 및 가계,임야 Forest,제주,col-ko,0,0.908,-8.00,-8.0,1.0,전치·패널2,[전치] 임야 Forest
지가,1999,517,14. 시도별 지가 변동률(평균)(1991-1998),XIV. 물가 및 가계,공장용지 Factory,울산,col-ko,0,0.298,-11.72,-11.72,1.0,전치·패널2,[전치] 공장용지 Factory
지가,1999,517,14. 시도별 지가 변동률(평균)(1991-1998),XIV. 물가 및 가계,공장용지 Factory,경기,col-ko,0,0.364,-15.96,-15.96,0.5,전치·패널2,[전치] 공장용지 Factory
지가,1999,517,14. 시도별 지가 변동률(평균)(1991-1998),XIV. 물가 및 가계,공장용지 Factory,강원,col-ko,0,0.433,-7.96,-7.96,1.0,전치·패널2,[전치] 공장용지 Factory
지가,1999,517,14. 시도별 지가 변동률(평균)(1991-1998),XIV. 물가 및 가계,공장용지 Factory,충북,col-ko,0,0.502,-8.87,-8.87,1.0,전치·패널2,[전치] 공장용지 Factory
지가,1999,517,14. 시도별 지가 변동률(평균)(1991-1998),XIV. 물가 및 가계,공장용지 Factory,충남,col-ko,0,0.569,-8.89,-8.89,1.0,전치·패널2,[전치] 공장용지 Factory
지가,1999,517,14. 시도별 지가 변동률(평균)(1991-1998),XIV. 물가 및 가계,공장용지 Factory,전북,col-ko,0,0.635,-6.68,-6.68,1.0,전치·패널2,[전치] 공장용지 Factory
지가,1999,517,14. 시도별 지가 변동률(평균)(1991-1998),XIV. 물가 및 가계,공장용지 Factory,전남,col-ko,0,0.701,-9.90,-9.9,0.3,전치·패널2|저신뢰,[전치] 공장용지 Factory
지가,1999,517,14. 시도별 지가 변동률(평균)(1991-1998),XIV. 물가 및 가계,공장용지 Factory,경북,col-ko,0,0.768,-10.92,-10.92,1.0,전치·패널2,[전치] 공장용지 Factory
지가,1999,517,14. 시도별 지가 변동률(평균)(1991-1998),XIV. 물가 및 가계,공장용지 Factory,경남,col-ko,0,0.836,-15.33,-15.33,1.0,전치·패널2,[전치] 공장용지 Factory
지가,1999,517,14. 시도별 지가 변동률(평균)(1991-1998),XIV. 물가 및 가계,공장용지 Factory,제주,col-ko,0,0.908,-8.78,-8.78,1.0,전치·패널2,[전치] 공장용지 Factory
지가,1999,517,14. 시도별 지가 변동률(평균)(1991-1998),XIV. 물가 및 가계,기타 Othei,울산,col-ko,0,0.298,-12.20,-12.2,0.5,전치·패널2,[전치] 기타 Othei
지가,1999,517,14. 시도별 지가 변동률(평균)(1991-1998),XIV. 물가 및 가계,기타 Othei,경기,col-ko,0,0.364,-13.99,-13.99,1.0,전치·패널2,[전치] 기타 Othei
지가,1999,517,14. 시도별 지가 변동률(평균)(1991-1998),XIV. 물가 및 가계,기타 Othei,강원,col-ko,0,0.433,-7.48,-7.48,1.0,전치·패널2,[전치] 기타 Othei
지가,1999,517,14. 시도별 지가 변동률(평균)(1991-1998),XIV. 물가 및 가계,기타 Othei,충북,col-ko,0,0.502,-8.33,-8.33,1.0,전치·패널2,[전치] 기타 Othei
지가,1999,517,14. 시도별 지가 변동률(평균)(1991-1998),XIV. 물가 및 가계,기타 Othei,충남,col-ko,0,0.569,-5.28,-5.28,1.0,전치·패널2,[전치] 기타 Othei
지가,1999,517,14. 시도별 지가 변동률(평균)(1991-1998),XIV. 물가 및 가계,기타 Othei,전북,col-ko,0,0.635,-6.83,-6.83,1.0,전치·패널2,[전치] 기타 Othei
지가,1999,517,14. 시도별 지가 변동률(평균)(1991-1998),XIV. 물가 및 가계,기타 Othei,전남,col-ko,0,0.701,-9.19,-9.19,1.0,전치·패널2,[전치] 기타 Othei
지가,1999,517,14. 시도별 지가 변동률(평균)(1991-1998),XIV. 물가 및 가계,기타 Othei,경북,col-ko,0,0.768,-8.99,-8.99,1.0,전치·패널2,[전치] 기타 Othei
지가,1999,517,14. 시도별 지가 변동률(평균)(1991-1998),XIV. 물가 및 가계,기타 Othei,경남,col-ko,0,0.836,-14.11,-14.11,1.0,전치·패널2,[전치] 기타 Othei
지가,1999,517,14. 시도별 지가 변동률(평균)(1991-1998),XIV. 물가 및 가계,기타 Othei,제주,col-ko,0,0.908,-7.30,-7.3,1.0,전치·패널2,[전치] 기타 Othei
지가,2000,525,14. 시도별 지가 변동률(평균)(1992-1999),XIV. 물가 및 가계,1992,전국,col-ko,0,0.291,-1.27,-1.27,0.5,전치·패널1,[전치] 14. 시도별 지가 변동률 (평균)(1992-1999) | 1992
지가,2000,525,14. 시도별 지가 변동률(평균)(1992-1999),XIV. 물가 및 가계,1992,서울,col-ko,0,0.5697,-2.78,-2.78,1.0,전치·패널1,[전치] 14. 시도별 지가 변동률 (평균)(1992-1999) | 1992
지가,2000,525,14. 시도별 지가 변동률(평균)(1992-1999),XIV. 물가 및 가계,1992,부산,col-ko,0,0.6373,-1.57,-1.57,1.0,전치·패널1,[전치] 14. 시도별 지가 변동률 (평균)(1992-1999) | 1992
지가,2000,525,14. 시도별 지가 변동률(평균)(1992-1999),XIV. 물가 및 가계,1992,인천,col-ko,0,0.7746,0.11,0.11,1.0,전치·패널1,[전치] 14. 시도별 지가 변동률 (평균)(1992-1999) | 1992
지가,2000,525,14. 시도별 지가 변동률(평균)(1992-1999),XIV. 물가 및 가계,1992,광주,col-ko,0,0.8443,-0.33,-0.33,0.5,전치·패널1,[전치] 14. 시도별 지가 변동률 (평균)(1992-1999) | 1992
지가,2000,525,14. 시도별 지가 변동률(평균)(1992-1999),XIV. 물가 및 가계,1992,대전,col-ko,0,0.9139,-9.35,-9.35,0.5,전치·패널1,[전치] 14. 시도별 지가 변동률 (평균)(1992-1999) | 1992
지가,2000,525,14. 시도별 지가 변동률(평균)(1992-1999),XIV. 물가 및 가계,1993,전국,col-ko,0,0.291,-738,-738,0.5,전치·패널1,[전치] 14. 시도별 지가 변동률 (평균)(1992-1999) | 1993
지가,2000,525,14. 시도별 지가 변동률(평균)(1992-1999),XIV. 물가 및 가계,1993,부산,col-ko,0,0.6373,6.77,6.77,1.0,전치·패널1,[전치] 14. 시도별 지가 변동률 (평균)(1992-1999) | 1993
지가,2000,525,14. 시도별 지가 변동률(평균)(1992-1999),XIV. 물가 및 가계,1993,인천,col-ko,0,0.7746,-6.62,-6.62,1.0,전치·패널1,[전치] 14. 시도별 지가 변동률 (평균)(1992-1999) | 1993
지가,2000,525,14. 시도별 지가 변동률(평균)(1992-1999),XIV. 물가 및 가계,1993,광주,col-ko,0,0.8443,-6.36,-6.36,0.5,전치·패널1,[전치] 14. 시도별 지가 변동률 (평균)(1992-1999) | 1993
지가,2000,525,14. 시도별 지가 변동률(평균)(1992-1999),XIV. 물가 및 가계,1993,대전,col-ko,0,0.9139,-7.81,-7.81,1.0,전치·패널1,[전치] 14. 시도별 지가 변동률 (평균)(1992-1999) | 1993
지가,2000,525,14. 시도별 지가 변동률(평균)(1992-1999),XIV. 물가 및 가계,1994,전국,col-ko,0,0.291,-0.57,-0.57,1.0,전치·패널1,[전치] 14. 시도별 지가 변동률 (평균)(1992-1999) | 1994
지가,2000,525,14. 시도별 지가 변동률(평균)(1992-1999),XIV. 물가 및 가계,1994,서울,col-ko,0,0.5697,-1.36,-1.36,1.0,전치·패널1,[전치] 14. 시도별 지가 변동률 (평균)(1992-1999) | 1994
지가,2000,525,14. 시도별 지가 변동률(평균)(1992-1999),XIV. 물가 및 가계,1994,부산,col-ko,0,0.6373,-0.35,-0.35,1.0,전치·패널1,[전치] 14. 시도별 지가 변동률 (평균)(1992-1999) | 1994
지가,2000,525,14. 시도별 지가 변동률(평균)(1992-1999),XIV. 물가 및 가계,1994,대구,col-ko,0,0.7059,0.87,0.87,1.0,전치·패널1,[전치] 14. 시도별 지가 변동률 (평균)(1992-1999) | 1994
지가,2000,525,14. 시도별 지가 변동률(평균)(1992-1999),XIV. 물가 및 가계,1994,인천,col-ko,0,0.7746,0.07,0.07,1.0,전치·패널1,[전치] 14. 시도별 지가 변동률 (평균)(1992-1999) | 1994
지가,2000,525,14. 시도별 지가 변동률(평균)(1992-1999),XIV. 물가 및 가계,1994,광주,col-ko,0,0.8443,-0.26,-0.26,1.0,전치·패널1,[전치] 14. 시도별 지가 변동률 (평균)(1992-1999) | 1994
지가,2000,525,14. 시도별 지가 변동률(평균)(1992-1999),XIV. 물가 및 가계,1994,대전,col-ko,0,0.9139,-0.59,-0.59,1.0,전치·패널1,[전치] 14. 시도별 지가 변동률 (평균)(1992-1999) | 1994
지가,2000,525,14. 시도별 지가 변동률(평균)(1992-1999),XIV. 물가 및 가계,1995,전국,col-ko,0,0.291,0.55,0.55,1.0,전치·패널1,[전치] 14. 시도별 지가 변동률 (평균)(1992-1999) | 1995
지가,2000,525,14. 시도별 지가 변동률(평균)(1992-1999),XIV. 물가 및 가계,1995,서울,col-ko,0,0.5697,0.18,0.18,1.0,전치·패널1,[전치] 14. 시도별 지가 변동률 (평균)(1992-1999) | 1995
지가,2000,525,14. 시도별 지가 변동률(평균)(1992-1999),XIV. 물가 및 가계,1995,대구,col-ko,0,0.7059,1.27,1.27,0.3,전치·패널1|저신뢰,[전치] 14. 시도별 지가 변동률 (평균)(1992-1999) | 1995
지가,2000,525,14. 시도별 지가 변동률(평균)(1992-1999),XIV. 물가 및 가계,1995,인천,col-ko,0,0.7746,0.58,0.58,1.0,전치·패널1,[전치] 14. 시도별 지가 변동률 (평균)(1992-1999) | 1995
지가,2000,525,14. 시도별 지가 변동률(평균)(1992-1999),XIV. 물가 및 가계,1995,광주,col-ko,0,0.8443,1.44,1.44,1.0,전치·패널1,[전치] 14. 시도별 지가 변동률 (평균)(1992-1999) | 1995
지가,2000,525,14. 시도별 지가 변동률(평균)(1992-1999),XIV. 물가 및 가계,1995,대전,col-ko,0,0.9139,-0.47,-0.47,1.0,전치·패널1,[전치] 14. 시도별 지가 변동률 (평균)(1992-1999) | 1995
지가,2000,525,14. 시도별 지가 변동률(평균)(1992-1999),XIV. 물가 및 가계,1996,전국,col-ko,0,0.291,0.95,0.95,1.0,전치·패널1,[전치] 14. 시도별 지가 변동률 (평균)(1992-1999) | 1996
지가,2000,525,14. 시도별 지가 변동률(평균)(1992-1999),XIV. 물가 및 가계,1996,서울,col-ko,0,0.5697,0.94,0.94,0.5,전치·패널1,[전치] 14. 시도별 지가 변동률 (평균)(1992-1999) | 1996
지가,2000,525,14. 시도별 지가 변동률(평균)(1992-1999),XIV. 물가 및 가계,1996,대구,col-ko,0,0.7059,1.09,1.09,1.0,전치·패널1,[전치] 14. 시도별 지가 변동률 (평균)(1992-1999) | 1996
지가,2000,525,14. 시도별 지가 변동률(평균)(1992-1999),XIV. 물가 및 가계,1996,인천,col-ko,0,0.7746,0.78,0.78,1.0,전치·패널1,[전치] 14. 시도별 지가 변동률 (평균)(1992-1999) | 1996
지가,2000,525,14. 시도별 지가 변동률(평균)(1992-1999),XIV. 물가 및 가계,1996,광주,col-ko,0,0.8443,1.16,1.16,1.0,전치·패널1,[전치] 14. 시도별 지가 변동률 (평균)(1992-1999) | 1996
지가,2000,525,14. 시도별 지가 변동률(평균)(1992-1999),XIV. 물가 및 가계,1996,대전,col-ko,0,0.9139,0.16,0.16,1.0,전치·패널1,[전치] 14. 시도별 지가 변동률 (평균)(1992-1999) | 1996
지가,2000,525,14. 시도별 지가 변동률(평균)(1992-1999),XIV. 물가 및 가계,1997,전국,col-ko,0,0.291,0.31,0.31,1.0,전치·패널1,[전치] 14. 시도별 지가 변동률 (평균)(1992-1999) | 1997
지가,2000,525,14. 시도별 지가 변동률(평균)(1992-1999),XIV. 물가 및 가계,1997,서울,col-ko,0,0.5697,0.29,0.29,1.0,전치·패널1,[전치] 14. 시도별 지가 변동률 (평균)(1992-1999) | 1997
지가,2000,525,14. 시도별 지가 변동률(평균)(1992-1999),XIV. 물가 및 가계,1997,부산,col-ko,0,0.6373,-0.90,-0.9,0.5,전치·패널1,[전치] 14. 시도별 지가 변동률 (평균)(1992-1999) | 1997
지가,2000,525,14. 시도별 지가 변동률(평균)(1992-1999),XIV. 물가 및 가계,1997,대구,col-ko,0,0.7059,-0.71,-0.71,0.5,전치·패널1,[전치] 14. 시도별 지가 변동률 (평균)(1992-1999) | 1997
지가,2000,525,14. 시도별 지가 변동률(평균)(1992-1999),XIV. 물가 및 가계,1997,인천,col-ko,0,0.7746,0.28,0.28,1.0,전치·패널1,[전치] 14. 시도별 지가 변동률 (평균)(1992-1999) | 1997
지가,2000,525,14. 시도별 지가 변동률(평균)(1992-1999),XIV. 물가 및 가계,1997,광주,col-ko,0,0.8443,0.67,0.67,1.0,전치·패널1,[전치] 14. 시도별 지가 변동률 (평균)(1992-1999) | 1997
지가,2000,525,14. 시도별 지가 변동률(평균)(1992-1999),XIV. 물가 및 가계,1997,대전,col-ko,0,0.9139,0.12,0.12,1.0,전치·패널1,[전치] 14. 시도별 지가 변동률 (평균)(1992-1999) | 1997
지가,2000,525,14. 시도별 지가 변동률(평균)(1992-1999),XIV. 물가 및 가계,1998,전국,col-ko,0,0.291,-13.60,-13.6,0.5,전치·패널1,[전치] 14. 시도별 지가 변동률 (평균)(1992-1999) | 1998
지가,2000,525,14. 시도별 지가 변동률(평균)(1992-1999),XIV. 물가 및 가계,1998,서울,col-ko,0,0.5697,-16.25,-16.25,1.0,전치·패널1,[전치] 14. 시도별 지가 변동률 (평균)(1992-1999) | 1998
지가,2000,525,14. 시도별 지가 변동률(평균)(1992-1999),XIV. 물가 및 가계,1998,부산,col-ko,0,0.6373,-16.52,-16.52,1.0,전치·패널1,[전치] 14. 시도별 지가 변동률 (평균)(1992-1999) | 1998
지가,2000,525,14. 시도별 지가 변동률(평균)(1992-1999),XIV. 물가 및 가계,1998,대구,col-ko,0,0.7059,-15.24,-15.24,1.0,전치·패널1,[전치] 14. 시도별 지가 변동률 (평균)(1992-1999) | 1998
지가,2000,525,14. 시도별 지가 변동률(평균)(1992-1999),XIV. 물가 및 가계,1998,인천,col-ko,0,0.7746,-13.79,-13.79,0.3,전치·패널1|저신뢰,[전치] 14. 시도별 지가 변동률 (평균)(1992-1999) | 1998
지가,2000,525,14. 시도별 지가 변동률(평균)(1992-1999),XIV. 물가 및 가계,1998,광주,col-ko,0,0.8443,-10.25,-10.25,1.0,전치·패널1,[전치] 14. 시도별 지가 변동률 (평균)(1992-1999) | 1998
지가,2000,525,14. 시도별 지가 변동률(평균)(1992-1999),XIV. 물가 및 가계,1998,대전,col-ko,0,0.9139,-8.36,-8.36,1.0,전치·패널1,[전치] 14. 시도별 지가 변동률 (평균)(1992-1999) | 1998
지가,2000,525,14. 시도별 지가 변동률(평균)(1992-1999),XIV. 물가 및 가계,1999,전국,col-ko,0,0.291,2.94,2.94,1.0,전치·패널1,[전치] 14. 시도별 지가 변동률 (평균)(1992-1999) | 1999
지가,2000,525,14. 시도별 지가 변동률(평균)(1992-1999),XIV. 물가 및 가계,1999,서울,col-ko,0,0.5697,2.66,2.66,1.0,전치·패널1,[전치] 14. 시도별 지가 변동률 (평균)(1992-1999) | 1999
지가,2000,525,14. 시도별 지가 변동률(평균)(1992-1999),XIV. 물가 및 가계,1999,부산,col-ko,0,0.6373,1.24,1.24,1.0,전치·패널1,[전치] 14. 시도별 지가 변동률 (평균)(1992-1999) | 1999
지가,2000,525,14. 시도별 지가 변동률(평균)(1992-1999),XIV. 물가 및 가계,1999,대구,col-ko,0,0.7059,1.93,1.93,1.0,전치·패널1,[전치] 14. 시도별 지가 변동률 (평균)(1992-1999) | 1999
지가,2000,525,14. 시도별 지가 변동률(평균)(1992-1999),XIV. 물가 및 가계,1999,인천,col-ko,0,0.7746,3.51,3.51,1.0,전치·패널1,[전치] 14. 시도별 지가 변동률 (평균)(1992-1999) | 1999
지가,2000,525,14. 시도별 지가 변동률(평균)(1992-1999),XIV. 물가 및 가계,1999,광주,col-ko,0,0.8443,1.30,1.3,0.5,전치·패널1,[전치] 14. 시도별 지가 변동률 (평균)(1992-1999) | 1999
지가,2000,525,14. 시도별 지가 변동률(평균)(1992-1999),XIV. 물가 및 가계,1999,대전,col-ko,0,0.9139,0.38,0.38,0.5,전치·패널1,[전치] 14. 시도별 지가 변동률 (평균)(1992-1999) | 1999
지가,2000,525,14. 시도별 지가 변동률(평균)(1992-1999),XIV. 물가 및 가계,주거지역 Dwelng 3.⅜,부산,col-ko,0,0.6373,0 81,81,1.0,전치·패널1,[전치] 14. 시도별 지가 변동률 (평균)(1992-1999) | 주거지역 Dwelng 3.⅜
지가,2000,525,14. 시도별 지가 변동률(평균)(1992-1999),XIV. 물가 및 가계,주거지역 Dwelng 3.⅜,광주,col-ko,0,0.8443,0.55,0.55,1.0,전치·패널1,[전치] 14. 시도별 지가 변동률 (평균)(1992-1999) | 주거지역 Dwelng 3.⅜
지가,2000,525,14. 시도별 지가 변동률(평균)(1992-1999),XIV. 물가 및 가계,주거지역 Dwelng 3.⅜,대전,col-ko,0,0.9139,0.18,0.18,1.0,전치·패널1,[전치] 14. 시도별 지가 변동률 (평균)(1992-1999) | 주거지역 Dwelng 3.⅜
지가,2000,525,14. 시도별 지가 변동률(평균)(1992-1999),XIV. 물가 및 가계,상업지역 Commercial,부산,col-ko,0,0.6373,0.94,0.94,1.0,전치·패널1,[전치] 14. 시도별 지가 변동률 (평균)(1992-1999) | 상업지역 Commercial
지가,2000,525,14. 시도별 지가 변동률(평균)(1992-1999),XIV. 물가 및 가계,상업지역 Commercial,광주,col-ko,0,0.8443,-0.69,-0.69,1.0,전치·패널1,[전치] 14. 시도별 지가 변동률 (평균)(1992-1999) | 상업지역 Commercial
지가,2000,525,14. 시도별 지가 변동률(평균)(1992-1999),XIV. 물가 및 가계,상업지역 Commercial,대전,col-ko,0,0.9139,-2.24,-2.24,1.0,전치·패널1,[전치] 14. 시도별 지가 변동률 (평균)(1992-1999) | 상업지역 Commercial
지가,2000,525,14. 시도별 지가 변동률(평균)(1992-1999),XIV. 물가 및 가계,공업지역 Industnal,전국,col-ko,0,0.291,2.53,2.53,1.0,전치·패널1,[전치] 14. 시도별 지가 변동률 (평균)(1992-1999) | 공업지역 Industnal
지가,2000,525,14. 시도별 지가 변동률(평균)(1992-1999),XIV. 물가 및 가계,공업지역 Industnal,서울,col-ko,0,0.5697,2.38,2.38,1.0,전치·패널1,[전치] 14. 시도별 지가 변동률 (평균)(1992-1999) | 공업지역 Industnal
지가,2000,525,14. 시도별 지가 변동률(평균)(1992-1999),XIV. 물가 및 가계,공업지역 Industnal,부산,col-ko,0,0.6373,1.23,1.23,1.0,전치·패널1,[전치] 14. 시도별 지가 변동률 (평균)(1992-1999) | 공업지역 Industnal
지가,2000,525,14. 시도별 지가 변동률(평균)(1992-1999),XIV. 물가 및 가계,공업지역 Industnal,대구,col-ko,0,0.7059,3.22,3.22,1.0,전치·패널1,[전치] 14. 시도별 지가 변동률 (평균)(1992-1999) | 공업지역 Industnal
지가,2000,525,14. 시도별 지가 변동률(평균)(1992-1999),XIV. 물가 및 가계,공업지역 Industnal,인천,col-ko,0,0.7746,3.95,3.95,1.0,전치·패널1,[전치] 14. 시도별 지가 변동률 (평균)(1992-1999) | 공업지역 Industnal
지가,2000,525,14. 시도별 지가 변동률(평균)(1992-1999),XIV. 물가 및 가계,공업지역 Industnal,광주,col-ko,0,0.8443,2.56,2.56,1.0,전치·패널1,[전치] 14. 시도별 지가 변동률 (평균)(1992-1999) | 공업지역 Industnal
지가,2000,525,14. 시도별 지가 변동률(평균)(1992-1999),XIV. 물가 및 가계,공업지역 Industnal,대전,col-ko,0,0.9139,0.21,0.21,1.0,전치·패널1,[전치] 14. 시도별 지가 변동률 (평균)(1992-1999) | 공업지역 Industnal
지가,2000,525,14. 시도별 지가 변동률(평균)(1992-1999),XIV. 물가 및 가계,녹지지역 Green Belt,전국,col-ko,0,0.291,5 65,565,0.5,전치·패널1,[전치] 14. 시도별 지가 변동률 (평균)(1992-1999) | 녹지지역 Green Belt
지가,2000,525,14. 시도별 지가 변동률(평균)(1992-1999),XIV. 물가 및 가계,녹지지역 Green Belt,서울,col-ko,0,0.5697,5.26,5.26,1.0,전치·패널1,[전치] 14. 시도별 지가 변동률 (평균)(1992-1999) | 녹지지역 Green Belt
지가,2000,525,14. 시도별 지가 변동률(평균)(1992-1999),XIV. 물가 및 가계,녹지지역 Green Belt,부산,col-ko,0,0.6373,3.84,3.84,1.0,전치·패널1,[전치] 14. 시도별 지가 변동률 (평균)(1992-1999) | 녹지지역 Green Belt
지가,2000,525,14. 시도별 지가 변동률(평균)(1992-1999),XIV. 물가 및 가계,녹지지역 Green Belt,대구,col-ko,0,0.7059,4.36,4.36,1.0,전치·패널1,[전치] 14. 시도별 지가 변동률 (평균)(1992-1999) | 녹지지역 Green Belt
지가,2000,525,14. 시도별 지가 변동률(평균)(1992-1999),XIV. 물가 및 가계,녹지지역 Green Belt,인천,col-ko,0,0.7746,6.25,6.25,1.0,전치·패널1,[전치] 14. 시도별 지가 변동률 (평균)(1992-1999) | 녹지지역 Green Belt
지가,2000,525,14. 시도별 지가 변동률(평균)(1992-1999),XIV. 물가 및 가계,녹지지역 Green Belt,광주,col-ko,0,0.8443,5.86,5.86,1.0,전치·패널1,[전치] 14. 시도별 지가 변동률 (평균)(1992-1999) | 녹지지역 Green Belt
지가,2000,525,14. 시도별 지가 변동률(평균)(1992-1999),XIV. 물가 및 가계,녹지지역 Green Belt,대전,col-ko,0,0.9139,3.61,3.61,1.0,전치·패널1,[전치] 14. 시도별 지가 변동률 (평균)(1992-1999) | 녹지지역 Green Belt
지가,2000,525,14. 시도별 지가 변동률(평균)(1992-1999),XIV. 물가 및 가계,준도시지역 Quasi-Cuty,전국,col-ko,0,0.291,4.56,4.56,1.0,전치·패널1,[전치] 14. 시도별 지가 변동률 (평균)(1992-1999) | 준도시지역 Quasi-Cuty
지가,2000,525,14. 시도별 지가 변동률(평균)(1992-1999),XIV. 물가 및 가계,준도시지역 Quasi-Cuty,대구,col-ko,0,0.7059,0.00,0.0,0.5,전치·패널1,[전치] 14. 시도별 지가 변동률 (평균)(1992-1999) | 준도시지역 Quasi-Cuty
지가,2000,525,14. 시도별 지가 변동률(평균)(1992-1999),XIV. 물가 및 가계,놈림지역 Agricultural,전국,col-ko,0,0.291,5.03,5.03,1.0,전치·패널1,[전치] 14. 시도별 지가 변동률 (평균)(1992-1999) | 놈림지역 Agricultural
지가,2000,525,14. 시도별 지가 변동률(평균)(1992-1999),XIV. 물가 및 가계,놈림지역 Agricultural,대구,col-ko,0,0.7059,1.65,1.65,1.0,전치·패널1,[전치] 14. 시도별 지가 변동률 (평균)(1992-1999) | 놈림지역 Agricultural
지가,2000,525,14. 시도별 지가 변동률(평균)(1992-1999),XIV. 물가 및 가계,놈림지역 Agricultural,인천,col-ko,0,0.7746,5.02,5.02,1.0,전치·패널1,[전치] 14. 시도별 지가 변동률 (평균)(1992-1999) | 놈림지역 Agricultural
지가,2000,525,14. 시도별 지가 변동률(평균)(1992-1999),XIV. 물가 및 가계,준농림지역 Quasi-agncultural,전국,col-ko,0,0.291,5.92,5.92,1.0,전치·패널1,[전치] 14. 시도별 지가 변동률 (평균)(1992-1999) | 준농림지역 Quasi-agncultural
지가,2000,525,14. 시도별 지가 변동률(평균)(1992-1999),XIV. 물가 및 가계,준농림지역 Quasi-agncultural,대구,col-ko,0,0.7059,0.00,0.0,0.5,전치·패널1,[전치] 14. 시도별 지가 변동률 (평균)(1992-1999) | 준농림지역 Quasi-agncultural
지가,2000,525,14. 시도별 지가 변동률(평균)(1992-1999),XIV. 물가 및 가계,준농림지역 Quasi-agncultural,인천,col-ko,0,0.7746,4.53,4.53,1.0,전치·패널1,[전치] 14. 시도별 지가 변동률 (평균)(1992-1999) | 준농림지역 Quasi-agncultural
지가,2000,525,14. 시도별 지가 변동률(평균)(1992-1999),XIV. 물가 및 가계,자연환경보전지역 Natural evirorment,전국,col-ko,0,0.291,3.12,3.12,1.0,전치·패널1,[전치] 14. 시도별 지가 변동률 (평균)(1992-1999) | 자연환경보전지역 Natural evirorment
지가,2000,525,14. 시도별 지가 변동률(평균)(1992-1999),XIV. 물가 및 가계,전 Dry paddies,전국,col-ko,0,0.291,6.13,6.13,1.0,전치·패널1,[전치] 14. 시도별 지가 변동률 (평균)(1992-1999) | 전 Dry paddies
지가,2000,525,14. 시도별 지가 변동률(평균)(1992-1999),XIV. 물가 및 가계,전 Dry paddies,서울,col-ko,0,0.5697,6.03,6.03,1.0,전치·패널1,[전치] 14. 시도별 지가 변동률 (평균)(1992-1999) | 전 Dry paddies
지가,2000,525,14. 시도별 지가 변동률(평균)(1992-1999),XIV. 물가 및 가계,전 Dry paddies,부산,col-ko,0,0.6373,4.49,4.49,0.5,전치·패널1,[전치] 14. 시도별 지가 변동률 (평균)(1992-1999) | 전 Dry paddies
지가,2000,525,14. 시도별 지가 변동률(평균)(1992-1999),XIV. 물가 및 가계,전 Dry paddies,대구,col-ko,0,0.7059,2.96,2.96,0.5,전치·패널1,[전치] 14. 시도별 지가 변동률 (평균)(1992-1999) | 전 Dry paddies
지가,2000,525,14. 시도별 지가 변동률(평균)(1992-1999),XIV. 물가 및 가계,전 Dry paddies,인천,col-ko,0,0.7746,5.85,5.85,0.5,전치·패널1,[전치] 14. 시도별 지가 변동률 (평균)(1992-1999) | 전 Dry paddies
지가,2000,525,14. 시도별 지가 변동률(평균)(1992-1999),XIV. 물가 및 가계,전 Dry paddies,광주,col-ko,0,0.8443,6 60,660,1.0,전치·패널1,[전치] 14. 시도별 지가 변동률 (평균)(1992-1999) | 전 Dry paddies
지가,2000,525,14. 시도별 지가 변동률(평균)(1992-1999),XIV. 물가 및 가계,전 Dry paddies,대전,col-ko,0,0.9139,4.18,4.18,0.5,전치·패널1,[전치] 14. 시도별 지가 변동률 (평균)(1992-1999) | 전 Dry paddies
지가,2000,525,14. 시도별 지가 변동률(평균)(1992-1999),XIV. 물가 및 가계,답 Rice felds,전국,col-ko,0,0.291,5.59,5.59,1.0,전치·패널1,[전치] 14. 시도별 지가 변동률 (평균)(1992-1999) | 답 Rice felds
지가,2000,525,14. 시도별 지가 변동률(평균)(1992-1999),XIV. 물가 및 가계,답 Rice felds,서울,col-ko,0,0.5697,6.48,6.48,1.0,전치·패널1,[전치] 14. 시도별 지가 변동률 (평균)(1992-1999) | 답 Rice felds
지가,2000,525,14. 시도별 지가 변동률(평균)(1992-1999),XIV. 물가 및 가계,답 Rice felds,부산,col-ko,0,0.6373,4.46,4.46,1.0,전치·패널1,[전치] 14. 시도별 지가 변동률 (평균)(1992-1999) | 답 Rice felds
지가,2000,525,14. 시도별 지가 변동률(평균)(1992-1999),XIV. 물가 및 가계,답 Rice felds,대구,col-ko,0,0.7059,3.58,3.58,1.0,전치·패널1,[전치] 14. 시도별 지가 변동률 (평균)(1992-1999) | 답 Rice felds
지가,2000,525,14. 시도별 지가 변동률(평균)(1992-1999),XIV. 물가 및 가계,답 Rice felds,인천,col-ko,0,0.7746,6.59,6.59,1.0,전치·패널1,[전치] 14. 시도별 지가 변동률 (평균)(1992-1999) | 답 Rice felds
지가,2000,525,14. 시도별 지가 변동률(평균)(1992-1999),XIV. 물가 및 가계,답 Rice felds,광주,col-ko,0,0.8443,6.15,6.15,1.0,전치·패널1,[전치] 14. 시도별 지가 변동률 (평균)(1992-1999) | 답 Rice felds
지가,2000,525,14. 시도별 지가 변동률(평균)(1992-1999),XIV. 물가 및 가계,답 Rice felds,대전,col-ko,0,0.9139,3.95,3.95,1.0,전치·패널1,[전치] 14. 시도별 지가 변동률 (평균)(1992-1999) | 답 Rice felds
지가,2000,525,14. 시도별 지가 변동률(평균)(1992-1999),XIV. 물가 및 가계,주거용 For dwellng뎳,전국,col-ko,0,0.291,2.40,2.4,1.0,전치·패널1,[전치] 14. 시도별 지가 변동률 (평균)(1992-1999) | 주거용 For dwellng뎳
지가,2000,525,14. 시도별 지가 변동률(평균)(1992-1999),XIV. 물가 및 가계,주거용 For dwellng뎳,서울,col-ko,0,0.5697,2.50,2.5,1.0,전치·패널1,[전치] 14. 시도별 지가 변동률 (평균)(1992-1999) | 주거용 For dwellng뎳
지가,2000,525,14. 시도별 지가 변동률(평균)(1992-1999),XIV. 물가 및 가계,주거용 For dwellng뎳,부산,col-ko,0,0.6373,1.04,1.04,1.0,전치·패널1,[전치] 14. 시도별 지가 변동률 (평균)(1992-1999) | 주거용 For dwellng뎳
지가,2000,525,14. 시도별 지가 변동률(평균)(1992-1999),XIV. 물가 및 가계,주거용 For dwellng뎳,대구,col-ko,0,0.7059,1.66,1.66,1.0,전치·패널1,[전치] 14. 시도별 지가 변동률 (평균)(1992-1999) | 주거용 For dwellng뎳
지가,2000,525,14. 시도별 지가 변동률(평균)(1992-1999),XIV. 물가 및 가계,주거용 For dwellng뎳,인천,col-ko,0,0.7746,2.84,2.84,1.0,전치·패널1,[전치] 14. 시도별 지가 변동률 (평균)(1992-1999) | 주거용 For dwellng뎳
지가,2000,525,14. 시도별 지가 변동률(평균)(1992-1999),XIV. 물가 및 가계,주거용 For dwellng뎳,광주,col-ko,0,0.8443,1.05,1.05,1.0,전치·패널1,[전치] 14. 시도별 지가 변동률 (평균)(1992-1999) | 주거용 For dwellng뎳
지가,2000,525,14. 시도별 지가 변동률(평균)(1992-1999),XIV. 물가 및 가계,주거용 For dwellng뎳,대전,col-ko,0,0.9139,0.76,0.76,1.0,전치·패널1,[전치] 14. 시도별 지가 변동률 (평균)(1992-1999) | 주거용 For dwellng뎳
지가,2000,525,14. 시도별 지가 변동률(평균)(1992-1999),XIV. 물가 및 가계,상업용 For commerce,전국,col-ko,0,0.291,1.82,1.82,1.0,전치·패널1,[전치] 14. 시도별 지가 변동률 (평균)(1992-1999) | 상업용 For commerce
지가,2000,525,14. 시도별 지가 변동률(평균)(1992-1999),XIV. 물가 및 가계,상업용 For commerce,서울,col-ko,0,0.5697,2.77,2.77,1.0,전치·패널1,[전치] 14. 시도별 지가 변동률 (평균)(1992-1999) | 상업용 For commerce
지가,2000,525,14. 시도별 지가 변동률(평균)(1992-1999),XIV. 물가 및 가계,상업용 For commerce,부산,col-ko,0,0.6373,0.92,0.92,1.0,전치·패널1,[전치] 14. 시도별 지가 변동률 (평균)(1992-1999) | 상업용 For commerce
지가,2000,525,14. 시도별 지가 변동률(평균)(1992-1999),XIV. 물가 및 가계,상업용 For commerce,대구,col-ko,0,0.7059,1.25,1.25,1.0,전치·패널1,[전치] 14. 시도별 지가 변동률 (평균)(1992-1999) | 상업용 For commerce
지가,2000,525,14. 시도별 지가 변동률(평균)(1992-1999),XIV. 물가 및 가계,상업용 For commerce,인천,col-ko,0,0.7746,2.29,2.29,1.0,전치·패널1,[전치] 14. 시도별 지가 변동률 (평균)(1992-1999) | 상업용 For commerce
지가,2000,525,14. 시도별 지가 변동률(평균)(1992-1999),XIV. 물가 및 가계,상업용 For commerce,광주,col-ko,0,0.8443,-0.35,-0.35,1.0,전치·패널1,[전치] 14. 시도별 지가 변동률 (평균)(1992-1999) | 상업용 For commerce
지가,2000,525,14. 시도별 지가 변동률(평균)(1992-1999),XIV. 물가 및 가계,상업용 For commerce,대전,col-ko,0,0.9139,-1.37,-1.37,0.5,전치·패널1,[전치] 14. 시도별 지가 변동률 (평균)(1992-1999) | 상업용 For commerce
지가,2000,525,14. 시도별 지가 변동률(평균)(1992-1999),XIV. 물가 및 가계,임야 Forest,전국,col-ko,0,0.291,3.75,3.75,1.0,전치·패널1,[전치] 14. 시도별 지가 변동률 (평균)(1992-1999) | 임야 Forest
지가,2000,525,14. 시도별 지가 변동률(평균)(1992-1999),XIV. 물가 및 가계,임야 Forest,서울,col-ko,0,0.5697,2.18,2.18,1.0,전치·패널1,[전치] 14. 시도별 지가 변동률 (평균)(1992-1999) | 임야 Forest
지가,2000,525,14. 시도별 지가 변동률(평균)(1992-1999),XIV. 물가 및 가계,임야 Forest,부산,col-ko,0,0.6373,1.13,1.13,1.0,전치·패널1,[전치] 14. 시도별 지가 변동률 (평균)(1992-1999) | 임야 Forest
지가,2000,525,14. 시도별 지가 변동률(평균)(1992-1999),XIV. 물가 및 가계,임야 Forest,대구,col-ko,0,0.7059,2.85,2.85,0.5,전치·패널1,[전치] 14. 시도별 지가 변동률 (평균)(1992-1999) | 임야 Forest
지가,2000,525,14. 시도별 지가 변동률(평균)(1992-1999),XIV. 물가 및 가계,임야 Forest,인천,col-ko,0,0.7746,4.62,4.62,0.5,전치·패널1,[전치] 14. 시도별 지가 변동률 (평균)(1992-1999) | 임야 Forest
지가,2000,525,14. 시도별 지가 변동률(평균)(1992-1999),XIV. 물가 및 가계,임야 Forest,광주,col-ko,0,0.8443,3.20,3.2,1.0,전치·패널1,[전치] 14. 시도별 지가 변동률 (평균)(1992-1999) | 임야 Forest
지가,2000,525,14. 시도별 지가 변동률(평균)(1992-1999),XIV. 물가 및 가계,임야 Forest,대전,col-ko,0,0.9139,3.13,3.13,1.0,전치·패널1,[전치] 14. 시도별 지가 변동률 (평균)(1992-1999) | 임야 Forest
지가,2000,525,14. 시도별 지가 변동률(평균)(1992-1999),XIV. 물가 및 가계,공장용지 Factory,전국,col-ko,0,0.291,2.68,2.68,1.0,전치·패널1,[전치] 14. 시도별 지가 변동률 (평균)(1992-1999) | 공장용지 Factory
지가,2000,525,14. 시도별 지가 변동률(평균)(1992-1999),XIV. 물가 및 가계,공장용지 Factory,서울,col-ko,0,0.5697,2.68,2.68,1.0,전치·패널1,[전치] 14. 시도별 지가 변동률 (평균)(1992-1999) | 공장용지 Factory
지가,2000,525,14. 시도별 지가 변동률(평균)(1992-1999),XIV. 물가 및 가계,공장용지 Factory,부산,col-ko,0,0.6373,1.49,1.49,1.0,전치·패널1,[전치] 14. 시도별 지가 변동률 (평균)(1992-1999) | 공장용지 Factory
지가,2000,525,14. 시도별 지가 변동률(평균)(1992-1999),XIV. 물가 및 가계,공장용지 Factory,대구,col-ko,0,0.7059,3.24,3.24,1.0,전치·패널1,[전치] 14. 시도별 지가 변동률 (평균)(1992-1999) | 공장용지 Factory
지가,2000,525,14. 시도별 지가 변동률(평균)(1992-1999),XIV. 물가 및 가계,공장용지 Factory,인천,col-ko,0,0.7746,4.06,4.06,1.0,전치·패널1,[전치] 14. 시도별 지가 변동률 (평균)(1992-1999) | 공장용지 Factory
지가,2000,525,14. 시도별 지가 변동률(평균)(1992-1999),XIV. 물가 및 가계,공장용지 Factory,광주,col-ko,0,0.8443,2.16,2.16,1.0,전치·패널1,[전치] 14. 시도별 지가 변동률 (평균)(1992-1999) | 공장용지 Factory
지가,2000,525,14. 시도별 지가 변동률(평균)(1992-1999),XIV. 물가 및 가계,공장용지 Factory,대전,col-ko,0,0.9139,0.12,0.12,1.0,전치·패널1,[전치] 14. 시도별 지가 변동률 (평균)(1992-1999) | 공장용지 Factory
지가,2000,525,14. 시도별 지가 변동률(평균)(1992-1999),XIV. 물가 및 가계,기타 Others,전국,col-ko,0,0.291,2.75,2.75,1.0,전치·패널1,[전치] 14. 시도별 지가 변동률 (평균)(1992-1999) | 기타 Others
지가,2000,525,14. 시도별 지가 변동률(평균)(1992-1999),XIV. 물가 및 가계,기타 Others,서울,col-ko,0,0.5697,2.38,2.38,1.0,전치·패널1,[전치] 14. 시도별 지가 변동률 (평균)(1992-1999) | 기타 Others
지가,2000,525,14. 시도별 지가 변동률(평균)(1992-1999),XIV. 물가 및 가계,기타 Others,부산,col-ko,0,0.6373,1.04,1.04,1.0,전치·패널1,[전치] 14. 시도별 지가 변동률 (평균)(1992-1999) | 기타 Others
지가,2000,525,14. 시도별 지가 변동률(평균)(1992-1999),XIV. 물가 및 가계,기타 Others,대구,col-ko,0,0.7059,1.52,1.52,1.0,전치·패널1,[전치] 14. 시도별 지가 변동률 (평균)(1992-1999) | 기타 Others
지가,2000,525,14. 시도별 지가 변동률(평균)(1992-1999),XIV. 물가 및 가계,기타 Others,인천,col-ko,0,0.7746,3.49,3.49,1.0,전치·패널1,[전치] 14. 시도별 지가 변동률 (평균)(1992-1999) | 기타 Others
지가,2000,525,14. 시도별 지가 변동률(평균)(1992-1999),XIV. 물가 및 가계,기타 Others,광주,col-ko,0,0.8443,1.10,1.1,1.0,전치·패널1,[전치] 14. 시도별 지가 변동률 (평균)(1992-1999) | 기타 Others
지가,2000,525,14. 시도별 지가 변동률(평균)(1992-1999),XIV. 물가 및 가계,기타 Others,대전,col-ko,0,0.9139,-0.06,-0.06,1.0,전치·패널1,[전치] 14. 시도별 지가 변동률 (평균)(1992-1999) | 기타 Others
지가,2000,525,14. 시도별 지가 변동률(평균)(1992-1999),XIV. 물가 및 가계,1992,경기,col-ko,0,0.3627,0.08,0.08,1.0,전치·패널2,[전치] 1992
지가,2000,525,14. 시도별 지가 변동률(평균)(1992-1999),XIV. 물가 및 가계,1992,강원,col-ko,0,0.4324,1.06,1.06,1.0,전치·패널2,[전치] 1992
지가,2000,525,14. 시도별 지가 변동률(평균)(1992-1999),XIV. 물가 및 가계,1992,충북,col-ko,0,0.5021,1.62,1.62,1.0,전치·패널2,[전치] 1992
지가,2000,525,14. 시도별 지가 변동률(평균)(1992-1999),XIV. 물가 및 가계,1992,충남,col-ko,0,0.5717,1.12,1.12,1.0,전치·패널2,[전치] 1992
지가,2000,525,14. 시도별 지가 변동률(평균)(1992-1999),XIV. 물가 및 가계,1992,전북,col-ko,0,0.6393,1.64,1.64,1.0,전치·패널2,[전치] 1992
지가,2000,525,14. 시도별 지가 변동률(평균)(1992-1999),XIV. 물가 및 가계,1992,전남,col-ko,0,0.708,-0.12,-0.12,1.0,전치·패널2,[전치] 1992
지가,2000,525,14. 시도별 지가 변동률(평균)(1992-1999),XIV. 물가 및 가계,1992,경북,col-ko,0,0.7766,-0.26,-0.26,0.5,전치·패널2,[전치] 1992
지가,2000,525,14. 시도별 지가 변동률(평균)(1992-1999),XIV. 물가 및 가계,1992,경남,col-ko,0,0.8463,0.18,0.18,0.5,전치·패널2,[전치] 1992
지가,2000,525,14. 시도별 지가 변동률(평균)(1992-1999),XIV. 물가 및 가계,1992,제주,col-ko,0,0.9139,0.26,0.26,1.0,전치·패널2,[전치] 1992
지가,2000,525,14. 시도별 지가 변동률(평균)(1992-1999),XIV. 물가 및 가계,1993,경기,col-ko,0,0.3627,-7.06,-7.06,1.0,전치·패널2,[전치] 1993
지가,2000,525,14. 시도별 지가 변동률(평균)(1992-1999),XIV. 물가 및 가계,1993,강원,col-ko,0,0.4324,-4.89,-4.89,1.0,전치·패널2,[전치] 1993
지가,2000,525,14. 시도별 지가 변동률(평균)(1992-1999),XIV. 물가 및 가계,1993,충북,col-ko,0,0.5021,-6.07,-6.07,1.0,전치·패널2,[전치] 1993
지가,2000,525,14. 시도별 지가 변동률(평균)(1992-1999),XIV. 물가 및 가계,1993,충남,col-ko,0,0.5717,-6.36,-6.36,1.0,전치·패널2,[전치] 1993
지가,2000,525,14. 시도별 지가 변동률(평균)(1992-1999),XIV. 물가 및 가계,1993,전북,col-ko,0,0.6393,-5.94,-5.94,1.0,전치·패널2,[전치] 1993
지가,2000,525,14. 시도별 지가 변동률(평균)(1992-1999),XIV. 물가 및 가계,1993,전남,col-ko,0,0.708,-5.53,-5.53,0.5,전치·패널2,[전치] 1993
지가,2000,525,14. 시도별 지가 변동률(평균)(1992-1999),XIV. 물가 및 가계,1993,경북,col-ko,0,0.7766,-6.57,-6.57,1.0,전치·패널2,[전치] 1993
지가,2000,525,14. 시도별 지가 변동률(평균)(1992-1999),XIV. 물가 및 가계,1993,경남,col-ko,0,0.8463,-6.59,-6.59,0.5,전치·패널2,[전치] 1993
지가,2000,525,14. 시도별 지가 변동률(평균)(1992-1999),XIV. 물가 및 가계,1993,제주,col-ko,0,0.9139,-8.70,-8.7,1.0,전치·패널2,[전치] 1993
지가,2000,525,14. 시도별 지가 변동률(평균)(1992-1999),XIV. 물가 및 가계,1994,경기,col-ko,0,0.3627,-0.26,-0.26,1.0,전치·패널2,[전치] 1994
지가,2000,525,14. 시도별 지가 변동률(평균)(1992-1999),XIV. 물가 및 가계,1994,강원,col-ko,0,0.4324,-0.11,-0.11,1.0,전치·패널2,[전치] 1994
지가,2000,525,14. 시도별 지가 변동률(평균)(1992-1999),XIV. 물가 및 가계,1994,충북,col-ko,0,0.5021,-0.40,-0.4,0.5,전치·패널2,[전치] 1994
지가,2000,525,14. 시도별 지가 변동률(평균)(1992-1999),XIV. 물가 및 가계,1994,충남,col-ko,0,0.5717,-0.48,-0.48,1.0,전치·패널2,[전치] 1994
지가,2000,525,14. 시도별 지가 변동률(평균)(1992-1999),XIV. 물가 및 가계,1994,전북,col-ko,0,0.6393,-0 60,-60,0.5,전치·패널2,[전치] 1994
지가,2000,525,14. 시도별 지가 변동률(평균)(1992-1999),XIV. 물가 및 가계,1994,전남,col-ko,0,0.708,-0.54,-0.54,1.0,전치·패널2,[전치] 1994
지가,2000,525,14. 시도별 지가 변동률(평균)(1992-1999),XIV. 물가 및 가계,1994,경북,col-ko,0,0.7766,0.63,0.63,1.0,전치·패널2,[전치] 1994
지가,2000,525,14. 시도별 지가 변동률(평균)(1992-1999),XIV. 물가 및 가계,1994,경남,col-ko,0,0.8463,-0.64,-0.64,1.0,전치·패널2,[전치] 1994
지가,2000,525,14. 시도별 지가 변동률(평균)(1992-1999),XIV. 물가 및 가계,1994,제주,col-ko,0,0.9139,-0.39,-0.39,1.0,전치·패널2,[전치] 1994
지가,2000,525,14. 시도별 지가 변동률(평균)(1992-1999),XIV. 물가 및 가계,1995,경기,col-ko,0,0.3627,1.46,1.46,0.5,전치·패널2,[전치] 1995
지가,2000,525,14. 시도별 지가 변동률(평균)(1992-1999),XIV. 물가 및 가계,1995,강원,col-ko,0,0.4324,1.13,1.13,1.0,전치·패널2,[전치] 1995
지가,2000,525,14. 시도별 지가 변동률(평균)(1992-1999),XIV. 물가 및 가계,1995,충북,col-ko,0,0.5021,0.39,0.39,1.0,전치·패널2,[전치] 1995
지가,2000,525,14. 시도별 지가 변동률(평균)(1992-1999),XIV. 물가 및 가계,1995,충남,col-ko,0,0.5717,-0.27,-0.27,1.0,전치·패널2,[전치] 1995
지가,2000,525,14. 시도별 지가 변동률(평균)(1992-1999),XIV. 물가 및 가계,1995,전북,col-ko,0,0.6393,0.48,0.48,1.0,전치·패널2,[전치] 1995
지가,2000,525,14. 시도별 지가 변동률(평균)(1992-1999),XIV. 물가 및 가계,1995,전남,col-ko,0,0.708,0.20,0.2,0.5,전치·패널2,[전치] 1995
지가,2000,525,14. 시도별 지가 변동률(평균)(1992-1999),XIV. 물가 및 가계,1995,경북,col-ko,0,0.7766,0.72,0.72,0.5,전치·패널2,[전치] 1995
지가,2000,525,14. 시도별 지가 변동률(평균)(1992-1999),XIV. 물가 및 가계,1995,경남,col-ko,0,0.8463,0.56,0.56,0.5,전치·패널2,[전치] 1995
지가,2000,525,14. 시도별 지가 변동률(평균)(1992-1999),XIV. 물가 및 가계,1995,제주,col-ko,0,0.9139,-0 15,-15,0.5,전치·패널2,[전치] 1995
지가,2000,525,14. 시도별 지가 변동률(평균)(1992-1999),XIV. 물가 및 가계,1996,경기,col-ko,0,0.3627,1.20,1.2,0.5,전치·패널2,[전치] 1996
지가,2000,525,14. 시도별 지가 변동률(평균)(1992-1999),XIV. 물가 및 가계,1996,강원,col-ko,0,0.4324,1.26,1.26,1.0,전치·패널2,[전치] 1996
지가,2000,525,14. 시도별 지가 변동률(평균)(1992-1999),XIV. 물가 및 가계,1996,충북,col-ko,0,0.5021,0.77,0.77,1.0,전치·패널2,[전치] 1996
지가,2000,525,14. 시도별 지가 변동률(평균)(1992-1999),XIV. 물가 및 가계,1996,충남,col-ko,0,0.5717,1.08,1.08,0.5,전치·패널2,[전치] 1996
지가,2000,525,14. 시도별 지가 변동률(평균)(1992-1999),XIV. 물가 및 가계,1996,전북,col-ko,0,0.6393,1.13,1.13,1.0,전치·패널2,[전치] 1996
지가,2000,525,14. 시도별 지가 변동률(평균)(1992-1999),XIV. 물가 및 가계,1996,전남,col-ko,0,0.708,0.83,0.83,0.5,전치·패널2,[전치] 1996
지가,2000,525,14. 시도별 지가 변동률(평균)(1992-1999),XIV. 물가 및 가계,1996,경북,col-ko,0,0.7766,1.25,1.25,1.0,전치·패널2,[전치] 1996
지가,2000,525,14. 시도별 지가 변동률(평균)(1992-1999),XIV. 물가 및 가계,1996,경남,col-ko,0,0.8463,0.98,0.98,1.0,전치·패널2,[전치] 1996
지가,2000,525,14. 시도별 지가 변동률(평균)(1992-1999),XIV. 물가 및 가계,1996,제주,col-ko,0,0.9139,0.30,0.3,0.5,전치·패널2,[전치] 1996
지가,2000,525,14. 시도별 지가 변동률(평균)(1992-1999),XIV. 물가 및 가계,1997,울산,col-ko,0,0.2941,0.03,0.03,1.0,전치·패널2,[전치] 1997
지가,2000,525,14. 시도별 지가 변동률(평균)(1992-1999),XIV. 물가 및 가계,1997,경기,col-ko,0,0.3627,0 65,65,0.3,전치·패널2|저신뢰,[전치] 1997
지가,2000,525,14. 시도별 지가 변동률(평균)(1992-1999),XIV. 물가 및 가계,1997,강원,col-ko,0,0.4324,0.77,0.77,0.5,전치·패널2,[전치] 1997
지가,2000,525,14. 시도별 지가 변동률(평균)(1992-1999),XIV. 물가 및 가계,1997,충북,col-ko,0,0.5021,1.02,1.02,0.5,전치·패널2,[전치] 1997
지가,2000,525,14. 시도별 지가 변동률(평균)(1992-1999),XIV. 물가 및 가계,1997,충남,col-ko,0,0.5717,1.13,1.13,1.0,전치·패널2,[전치] 1997
지가,2000,525,14. 시도별 지가 변동률(평균)(1992-1999),XIV. 물가 및 가계,1997,전북,col-ko,0,0.6393,0.57,0.57,1.0,전치·패널2,[전치] 1997
지가,2000,525,14. 시도별 지가 변동률(평균)(1992-1999),XIV. 물가 및 가계,1997,전남,col-ko,0,0.708,0.69,0.69,1.0,전치·패널2,[전치] 1997
지가,2000,525,14. 시도별 지가 변동률(평균)(1992-1999),XIV. 물가 및 가계,1997,경북,col-ko,0,0.7766,0.38,0.38,0.5,전치·패널2,[전치] 1997
지가,2000,525,14. 시도별 지가 변동률(평균)(1992-1999),XIV. 물가 및 가계,1997,경남,col-ko,0,0.8463,0.26,0.26,1.0,전치·패널2,[전치] 1997
지가,2000,525,14. 시도별 지가 변동률(평균)(1992-1999),XIV. 물가 및 가계,1997,제주,col-ko,0,0.9139,0. 38,0.38,0.5,전치·패널2,[전치] 1997
지가,2000,525,14. 시도별 지가 변동률(평균)(1992-1999),XIV. 물가 및 가계,1998,울산,col-ko,0,0.2941,-13.54,-13.54,1.0,전치·패널2,[전치] 1998
지가,2000,525,14. 시도별 지가 변동률(평균)(1992-1999),XIV. 물가 및 가계,1998,경기,col-ko,0,0.3627,-14.65,-14.65,1.0,전치·패널2,[전치] 1998
지가,2000,525,14. 시도별 지가 변동률(평균)(1992-1999),XIV. 물가 및 가계,1998,강원,col-ko,0,0.4324,-8.30,-8.3,0.5,전치·패널2,[전치] 1998
지가,2000,525,14. 시도별 지가 변동률(평균)(1992-1999),XIV. 물가 및 가계,1998,충북,col-ko,0,0.5021,-7.13,-7.13,1.0,전치·패널2,[전치] 1998
지가,2000,525,14. 시도별 지가 변동률(평균)(1992-1999),XIV. 물가 및 가계,1998,충남,col-ko,0,0.5717,-7.11,-7.11,1.0,전치·패널2,[전치] 1998
지가,2000,525,14. 시도별 지가 변동률(평균)(1992-1999),XIV. 물가 및 가계,1998,전북,col-ko,0,0.6393,-5.60,-5.6,1.0,전치·패널2,[전치] 1998
지가,2000,525,14. 시도별 지가 변동률(평균)(1992-1999),XIV. 물가 및 가계,1998,전남,col-ko,0,0.708,-6.96,-6.96,1.0,전치·패널2,[전치] 1998
지가,2000,525,14. 시도별 지가 변동률(평균)(1992-1999),XIV. 물가 및 가계,1998,경북,col-ko,0,0.7766,-10.76,-10.76,0.3,전치·패널2|저신뢰,[전치] 1998
지가,2000,525,14. 시도별 지가 변동률(평균)(1992-1999),XIV. 물가 및 가계,1998,경남,col-ko,0,0.8463,-14.12,-14.12,1.0,전치·패널2,[전치] 1998
지가,2000,525,14. 시도별 지가 변동률(평균)(1992-1999),XIV. 물가 및 가계,1998,제주,col-ko,0,0.9139,-8.13,-8.13,1.0,전치·패널2,[전치] 1998
지가,2000,525,14. 시도별 지가 변동률(평균)(1992-1999),XIV. 물가 및 가계,1999,울산,col-ko,0,0.2941,1.50,1.5,1.0,전치·패널2,[전치] 1999
지가,2000,525,14. 시도별 지가 변동률(평균)(1992-1999),XIV. 물가 및 가계,1999,경기,col-ko,0,0.3627,4.52,4.52,1.0,전치·패널2,[전치] 1999
지가,2000,525,14. 시도별 지가 변동률(평균)(1992-1999),XIV. 물가 및 가계,1999,강원,col-ko,0,0.4324,2.50,2.5,1.0,전치·패널2,[전치] 1999
지가,2000,525,14. 시도별 지가 변동률(평균)(1992-1999),XIV. 물가 및 가계,1999,충북,col-ko,0,0.5021,4.10,4.1,1.0,전치·패널2,[전치] 1999
지가,2000,525,14. 시도별 지가 변동률(평균)(1992-1999),XIV. 물가 및 가계,1999,충남,col-ko,0,0.5717,3.18,3.18,1.0,전치·패널2,[전치] 1999
지가,2000,525,14. 시도별 지가 변동률(평균)(1992-1999),XIV. 물가 및 가계,1999,전북,col-ko,0,0.6393,2.17,2.17,1.0,전치·패널2,[전치] 1999
지가,2000,525,14. 시도별 지가 변동률(평균)(1992-1999),XIV. 물가 및 가계,1999,전남,col-ko,0,0.708,4.50,4.5,1.0,전치·패널2,[전치] 1999
지가,2000,525,14. 시도별 지가 변동률(평균)(1992-1999),XIV. 물가 및 가계,1999,경북,col-ko,0,0.7766,2.73,2.73,1.0,전치·패널2,[전치] 1999
지가,2000,525,14. 시도별 지가 변동률(평균)(1992-1999),XIV. 물가 및 가계,1999,경남,col-ko,0,0.8463,2.21,2.21,1.0,전치·패널2,[전치] 1999
지가,2000,525,14. 시도별 지가 변동률(평균)(1992-1999),XIV. 물가 및 가계,1999,제주,col-ko,0,0.9139,6.82,6.82,1.0,전치·패널2,[전치] 1999
지가,2000,525,14. 시도별 지가 변동률(평균)(1992-1999),XIV. 물가 및 가계,주거지역 Dwelling,울산,col-ko,0,0.2941,0.76,0.76,1.0,전치·패널2,[전치] 주거지역 Dwelling
지가,2000,525,14. 시도별 지가 변동률(평균)(1992-1999),XIV. 물가 및 가계,주거지역 Dwelling,경기,col-ko,0,0.3627,2.90,2.9,1.0,전치·패널2,[전치] 주거지역 Dwelling
지가,2000,525,14. 시도별 지가 변동률(평균)(1992-1999),XIV. 물가 및 가계,주거지역 Dwelling,강원,col-ko,0,0.4324,1.34,1.34,1.0,전치·패널2,[전치] 주거지역 Dwelling
지가,2000,525,14. 시도별 지가 변동률(평균)(1992-1999),XIV. 물가 및 가계,주거지역 Dwelling,충북,col-ko,0,0.5021,2.14,2.14,1.0,전치·패널2,[전치] 주거지역 Dwelling
지가,2000,525,14. 시도별 지가 변동률(평균)(1992-1999),XIV. 물가 및 가계,주거지역 Dwelling,충남,col-ko,0,0.5717,0 89,89,0.5,전치·패널2,[전치] 주거지역 Dwelling
지가,2000,525,14. 시도별 지가 변동률(평균)(1992-1999),XIV. 물가 및 가계,주거지역 Dwelling,전북,col-ko,0,0.6393,0.90,0.9,1.0,전치·패널2,[전치] 주거지역 Dwelling
지가,2000,525,14. 시도별 지가 변동률(평균)(1992-1999),XIV. 물가 및 가계,주거지역 Dwelling,전남,col-ko,0,0.708,2.76,2.76,1.0,전치·패널2,[전치] 주거지역 Dwelling
지가,2000,525,14. 시도별 지가 변동률(평균)(1992-1999),XIV. 물가 및 가계,주거지역 Dwelling,경북,col-ko,0,0.7766,2.04,2.04,1.0,전치·패널2,[전치] 주거지역 Dwelling
지가,2000,525,14. 시도별 지가 변동률(평균)(1992-1999),XIV. 물가 및 가계,주거지역 Dwelling,경남,col-ko,0,0.8463,2.08,2.08,1.0,전치·패널2,[전치] 주거지역 Dwelling
지가,2000,525,14. 시도별 지가 변동률(평균)(1992-1999),XIV. 물가 및 가계,주거지역 Dwelling,제주,col-ko,0,0.9139,0.38,0.38,1.0,전치·패널2,[전치] 주거지역 Dwelling
지가,2000,525,14. 시도별 지가 변동률(평균)(1992-1999),XIV. 물가 및 가계,상업지역 Commercal,울산,col-ko,0,0.2941,1.11,1.11,0.5,전치·패널2,[전치] 상업지역 Commercal
지가,2000,525,14. 시도별 지가 변동률(평균)(1992-1999),XIV. 물가 및 가계,상업지역 Commercal,경기,col-ko,0,0.3627,1.92,1.92,1.0,전치·패널2,[전치] 상업지역 Commercal
지가,2000,525,14. 시도별 지가 변동률(평균)(1992-1999),XIV. 물가 및 가계,상업지역 Commercal,강원,col-ko,0,0.4324,0.57,0.57,1.0,전치·패널2,[전치] 상업지역 Commercal
지가,2000,525,14. 시도별 지가 변동률(평균)(1992-1999),XIV. 물가 및 가계,상업지역 Commercal,충북,col-ko,0,0.5021,1.20,1.2,1.0,전치·패널2,[전치] 상업지역 Commercal
지가,2000,525,14. 시도별 지가 변동률(평균)(1992-1999),XIV. 물가 및 가계,상업지역 Commercal,충남,col-ko,0,0.5717,-0.28,-0.28,1.0,전치·패널2,[전치] 상업지역 Commercal
지가,2000,525,14. 시도별 지가 변동률(평균)(1992-1999),XIV. 물가 및 가계,상업지역 Commercal,전북,col-ko,0,0.6393,-0.69,-0.69,1.0,전치·패널2,[전치] 상업지역 Commercal
지가,2000,525,14. 시도별 지가 변동률(평균)(1992-1999),XIV. 물가 및 가계,상업지역 Commercal,전남,col-ko,0,0.708,1.62,1.62,1.0,전치·패널2,[전치] 상업지역 Commercal
지가,2000,525,14. 시도별 지가 변동률(평균)(1992-1999),XIV. 물가 및 가계,상업지역 Commercal,경북,col-ko,0,0.7766,0.67,0.67,1.0,전치·패널2,[전치] 상업지역 Commercal
지가,2000,525,14. 시도별 지가 변동률(평균)(1992-1999),XIV. 물가 및 가계,상업지역 Commercal,경남,col-ko,0,0.8463,1.12,1.12,1.0,전치·패널2,[전치] 상업지역 Commercal
지가,2000,525,14. 시도별 지가 변동률(평균)(1992-1999),XIV. 물가 및 가계,상업지역 Commercal,제주,col-ko,0,0.9139,-0.88,-0.88,1.0,전치·패널2,[전치] 상업지역 Commercal
지가,2000,525,14. 시도별 지가 변동률(평균)(1992-1999),XIV. 물가 및 가계,곰업지역 Industrial 0.?,경기,col-ko,0,0.3627,4.24,4.24,1.0,전치·패널2,[전치] 곰업지역 Industrial 0.?
지가,2000,525,14. 시도별 지가 변동률(평균)(1992-1999),XIV. 물가 및 가계,곰업지역 Industrial 0.?,강원,col-ko,0,0.4324,1.01,1.01,1.0,전치·패널2,[전치] 곰업지역 Industrial 0.?
지가,2000,525,14. 시도별 지가 변동률(평균)(1992-1999),XIV. 물가 및 가계,곰업지역 Industrial 0.?,충북,col-ko,0,0.5021,3.86,3.86,1.0,전치·패널2,[전치] 곰업지역 Industrial 0.?
지가,2000,525,14. 시도별 지가 변동률(평균)(1992-1999),XIV. 물가 및 가계,곰업지역 Industrial 0.?,충남,col-ko,0,0.5717,0.54,0.54,1.0,전치·패널2,[전치] 곰업지역 Industrial 0.?
지가,2000,525,14. 시도별 지가 변동률(평균)(1992-1999),XIV. 물가 및 가계,곰업지역 Industrial 0.?,전북,col-ko,0,0.6393,0.78,0.78,1.0,전치·패널2,[전치] 곰업지역 Industrial 0.?
지가,2000,525,14. 시도별 지가 변동률(평균)(1992-1999),XIV. 물가 및 가계,곰업지역 Industrial 0.?,전남,col-ko,0,0.708,3.41,3.41,1.0,전치·패널2,[전치] 곰업지역 Industrial 0.?
지가,2000,525,14. 시도별 지가 변동률(평균)(1992-1999),XIV. 물가 및 가계,곰업지역 Industrial 0.?,경북,col-ko,0,0.7766,2.80,2.8,1.0,전치·패널2,[전치] 곰업지역 Industrial 0.?
지가,2000,525,14. 시도별 지가 변동률(평균)(1992-1999),XIV. 물가 및 가계,곰업지역 Industrial 0.?,경남,col-ko,0,0.8463,1.69,1.69,1.0,전치·패널2,[전치] 곰업지역 Industrial 0.?
지가,2000,525,14. 시도별 지가 변동률(평균)(1992-1999),XIV. 물가 및 가계,곰업지역 Industrial 0.?,제주,col-ko,0,0.9139,-0.35,-0.35,1.0,전치·패널2,[전치] 곰업지역 Industrial 0.?
지가,2000,525,14. 시도별 지가 변동률(평균)(1992-1999),XIV. 물가 및 가계,녹지지역 Green Belt,울산,col-ko,0,0.2941,5.84,5.84,1.0,전치·패널2,[전치] 녹지지역 Green Belt
지가,2000,525,14. 시도별 지가 변동률(평균)(1992-1999),XIV. 물가 및 가계,녹지지역 Green Belt,경기,col-ko,0,0.3627,6.18,6.18,0.3,전치·패널2|저신뢰,[전치] 녹지지역 Green Belt
지가,2000,525,14. 시도별 지가 변동률(평균)(1992-1999),XIV. 물가 및 가계,녹지지역 Green Belt,강원,col-ko,0,0.4324,5.38,5.38,1.0,전치·패널2,[전치] 녹지지역 Green Belt
지가,2000,525,14. 시도별 지가 변동률(평균)(1992-1999),XIV. 물가 및 가계,녹지지역 Green Belt,충북,col-ko,0,0.5021,7.92,7.92,1.0,전치·패널2,[전치] 녹지지역 Green Belt
지가,2000,525,14. 시도별 지가 변동률(평균)(1992-1999),XIV. 물가 및 가계,녹지지역 Green Belt,충남,col-ko,0,0.5717,3.50,3.5,1.0,전치·패널2,[전치] 녹지지역 Green Belt
지가,2000,525,14. 시도별 지가 변동률(평균)(1992-1999),XIV. 물가 및 가계,녹지지역 Green Belt,전북,col-ko,0,0.6393,4.87,4.87,1.0,전치·패널2,[전치] 녹지지역 Green Belt
지가,2000,525,14. 시도별 지가 변동률(평균)(1992-1999),XIV. 물가 및 가계,녹지지역 Green Belt,전남,col-ko,0,0.708,5.68,5.68,1.0,전치·패널2,[전치] 녹지지역 Green Belt
지가,2000,525,14. 시도별 지가 변동률(평균)(1992-1999),XIV. 물가 및 가계,녹지지역 Green Belt,경북,col-ko,0,0.7766,3.80,3.8,1.0,전치·패널2,[전치] 녹지지역 Green Belt
지가,2000,525,14. 시도별 지가 변동률(평균)(1992-1999),XIV. 물가 및 가계,녹지지역 Green Belt,경남,col-ko,0,0.8463,3.38,3.38,1.0,전치·패널2,[전치] 녹지지역 Green Belt
지가,2000,525,14. 시도별 지가 변동률(평균)(1992-1999),XIV. 물가 및 가계,녹지지역 Green Belt,제주,col-ko,0,0.9139,17.03,17.03,0.5,전치·패널2,[전치] 녹지지역 Green Belt
지가,2000,525,14. 시도별 지가 변동률(평균)(1992-1999),XIV. 물가 및 가계,준도시지역 Quasi-Cty,울산,col-ko,0,0.2941,3.06,3.06,1.0,전치·패널2,[전치] 준도시지역 Quasi-Cty
지가,2000,525,14. 시도별 지가 변동률(평균)(1992-1999),XIV. 물가 및 가계,준도시지역 Quasi-Cty,경기,col-ko,0,0.3627,5.90,5.9,0.5,전치·패널2,[전치] 준도시지역 Quasi-Cty
지가,2000,525,14. 시도별 지가 변동률(평균)(1992-1999),XIV. 물가 및 가계,준도시지역 Quasi-Cty,강원,col-ko,0,0.4324,2.93,2.93,0.3,전치·패널2|저신뢰,[전치] 준도시지역 Quasi-Cty
지가,2000,525,14. 시도별 지가 변동률(평균)(1992-1999),XIV. 물가 및 가계,준도시지역 Quasi-Cty,충북,col-ko,0,0.5021,5.07,5.07,1.0,전치·패널2,[전치] 준도시지역 Quasi-Cty
지가,2000,525,14. 시도별 지가 변동률(평균)(1992-1999),XIV. 물가 및 가계,준도시지역 Quasi-Cty,충남,col-ko,0,0.5717,1 50,150,0.3,전치·패널2|저신뢰,[전치] 준도시지역 Quasi-Cty
지가,2000,525,14. 시도별 지가 변동률(평균)(1992-1999),XIV. 물가 및 가계,준도시지역 Quasi-Cty,전북,col-ko,0,0.6393,1.90,1.9,1.0,전치·패널2,[전치] 준도시지역 Quasi-Cty
지가,2000,525,14. 시도별 지가 변동률(평균)(1992-1999),XIV. 물가 및 가계,준도시지역 Quasi-Cty,전남,col-ko,0,0.708,5.83,5.83,1.0,전치·패널2,[전치] 준도시지역 Quasi-Cty
지가,2000,525,14. 시도별 지가 변동률(평균)(1992-1999),XIV. 물가 및 가계,준도시지역 Quasi-Cty,경북,col-ko,0,0.7766,3.42,3.42,1.0,전치·패널2,[전치] 준도시지역 Quasi-Cty
지가,2000,525,14. 시도별 지가 변동률(평균)(1992-1999),XIV. 물가 및 가계,준도시지역 Quasi-Cty,경남,col-ko,0,0.8463,2.79,2.79,0.5,전치·패널2,[전치] 준도시지역 Quasi-Cty
지가,2000,525,14. 시도별 지가 변동률(평균)(1992-1999),XIV. 물가 및 가계,준도시지역 Quasi-Cty,제주,col-ko,0,0.9139,8.08,8.08,1.0,전치·패널2,[전치] 준도시지역 Quasi-Cty
지가,2000,525,14. 시도별 지가 변동률(평균)(1992-1999),XIV. 물가 및 가계,농림지역 Agmcuriral,울산,col-ko,0,0.2941,0.72,0.72,1.0,전치·패널2,[전치] 농림지역 Agmcuriral
지가,2000,525,14. 시도별 지가 변동률(평균)(1992-1999),XIV. 물가 및 가계,농림지역 Agmcuriral,경기,col-ko,0,0.3627,6.10,6.1,1.0,전치·패널2,[전치] 농림지역 Agmcuriral
지가,2000,525,14. 시도별 지가 변동률(평균)(1992-1999),XIV. 물가 및 가계,농림지역 Agmcuriral,강원,col-ko,0,0.4324,27,27,0.3,전치·패널2|저신뢰,[전치] 농림지역 Agmcuriral
지가,2000,525,14. 시도별 지가 변동률(평균)(1992-1999),XIV. 물가 및 가계,농림지역 Agmcuriral,충북,col-ko,0,0.5021,5.26,5.26,1.0,전치·패널2,[전치] 농림지역 Agmcuriral
지가,2000,525,14. 시도별 지가 변동률(평균)(1992-1999),XIV. 물가 및 가계,농림지역 Agmcuriral,충남,col-ko,0,0.5717,5.91,5.91,1.0,전치·패널2,[전치] 농림지역 Agmcuriral
지가,2000,525,14. 시도별 지가 변동률(평균)(1992-1999),XIV. 물가 및 가계,농림지역 Agmcuriral,전북,col-ko,0,0.6393,4 7,47,0.5,전치·패널2,[전치] 농림지역 Agmcuriral
지가,2000,525,14. 시도별 지가 변동률(평균)(1992-1999),XIV. 물가 및 가계,농림지역 Agmcuriral,전남,col-ko,0,0.708,6.68,6.68,1.0,전치·패널2,[전치] 농림지역 Agmcuriral
지가,2000,525,14. 시도별 지가 변동률(평균)(1992-1999),XIV. 물가 및 가계,농림지역 Agmcuriral,경북,col-ko,0,0.7766,3.61,3.61,1.0,전치·패널2,[전치] 농림지역 Agmcuriral
지가,2000,525,14. 시도별 지가 변동률(평균)(1992-1999),XIV. 물가 및 가계,농림지역 Agmcuriral,경남,col-ko,0,0.8463,2.40,2.4,1.0,전치·패널2,[전치] 농림지역 Agmcuriral
지가,2000,525,14. 시도별 지가 변동률(평균)(1992-1999),XIV. 물가 및 가계,농림지역 Agmcuriral,제주,col-ko,0,0.9139,8.00,8.0,0.5,전치·패널2,[전치] 농림지역 Agmcuriral
지가,2000,525,14. 시도별 지가 변동률(평균)(1992-1999),XIV. 물가 및 가계,준농림지멱 Quasi-agricuural,울산,col-ko,0,0.2941,2.64,2.64,1.0,전치·패널2,[전치] 준농림지멱 Quasi-agricuural
지가,2000,525,14. 시도별 지가 변동률(평균)(1992-1999),XIV. 물가 및 가계,준농림지멱 Quasi-agricuural,경기,col-ko,0,0.3627,7.36,7.36,1.0,전치·패널2,[전치] 준농림지멱 Quasi-agricuural
지가,2000,525,14. 시도별 지가 변동률(평균)(1992-1999),XIV. 물가 및 가계,준농림지멱 Quasi-agricuural,강원,col-ko,0,0.4324,4 33,433,1.0,전치·패널2,[전치] 준농림지멱 Quasi-agricuural
지가,2000,525,14. 시도별 지가 변동률(평균)(1992-1999),XIV. 물가 및 가계,준농림지멱 Quasi-agricuural,충북,col-ko,0,0.5021,5 67,567,0.5,전치·패널2,[전치] 준농림지멱 Quasi-agricuural
지가,2000,525,14. 시도별 지가 변동률(평균)(1992-1999),XIV. 물가 및 가계,준농림지멱 Quasi-agricuural,충남,col-ko,0,0.5717,4.67,4.67,1.0,전치·패널2,[전치] 준농림지멱 Quasi-agricuural
지가,2000,525,14. 시도별 지가 변동률(평균)(1992-1999),XIV. 물가 및 가계,준농림지멱 Quasi-agricuural,전북,col-ko,0,0.6393,3.86,3.86,1.0,전치·패널2,[전치] 준농림지멱 Quasi-agricuural
지가,2000,525,14. 시도별 지가 변동률(평균)(1992-1999),XIV. 물가 및 가계,준농림지멱 Quasi-agricuural,전남,col-ko,0,0.708,6.82,6.82,1.0,전치·패널2,[전치] 준농림지멱 Quasi-agricuural
지가,2000,525,14. 시도별 지가 변동률(평균)(1992-1999),XIV. 물가 및 가계,준농림지멱 Quasi-agricuural,경북,col-ko,0,0.7766,4.15,4.15,1.0,전치·패널2,[전치] 준농림지멱 Quasi-agricuural
지가,2000,525,14. 시도별 지가 변동률(평균)(1992-1999),XIV. 물가 및 가계,준농림지멱 Quasi-agricuural,경남,col-ko,0,0.8463,3.45,3.45,1.0,전치·패널2,[전치] 준농림지멱 Quasi-agricuural
지가,2000,525,14. 시도별 지가 변동률(평균)(1992-1999),XIV. 물가 및 가계,준농림지멱 Quasi-agricuural,제주,col-ko,0,0.9139,10.38,10.38,0.3,전치·패널2|저신뢰,[전치] 준농림지멱 Quasi-agricuural
지가,2000,525,14. 시도별 지가 변동률(평균)(1992-1999),XIV. 물가 및 가계,자연환경보전지역 Natural Curonment,울산,col-ko,0,0.2941,0.00,0.0,1.0,전치·패널2,[전치] 자연환경보전지역 Natural Curonment
지가,2000,525,14. 시도별 지가 변동률(평균)(1992-1999),XIV. 물가 및 가계,자연환경보전지역 Natural Curonment,경기,col-ko,0,0.3627,3.64,3.64,1.0,전치·패널2,[전치] 자연환경보전지역 Natural Curonment
지가,2000,525,14. 시도별 지가 변동률(평균)(1992-1999),XIV. 물가 및 가계,자연환경보전지역 Natural Curonment,강원,col-ko,0,0.4324,2.27,2.27,0.5,전치·패널2,[전치] 자연환경보전지역 Natural Curonment
지가,2000,525,14. 시도별 지가 변동률(평균)(1992-1999),XIV. 물가 및 가계,자연환경보전지역 Natural Curonment,충북,col-ko,0,0.5021,4.88,4.88,0.5,전치·패널2,[전치] 자연환경보전지역 Natural Curonment
지가,2000,525,14. 시도별 지가 변동률(평균)(1992-1999),XIV. 물가 및 가계,자연환경보전지역 Natural Curonment,충남,col-ko,0,0.5717,4.15,4.15,1.0,전치·패널2,[전치] 자연환경보전지역 Natural Curonment
지가,2000,525,14. 시도별 지가 변동률(평균)(1992-1999),XIV. 물가 및 가계,자연환경보전지역 Natural Curonment,전북,col-ko,0,0.6393,1.02,1.02,1.0,전치·패널2,[전치] 자연환경보전지역 Natural Curonment
지가,2000,525,14. 시도별 지가 변동률(평균)(1992-1999),XIV. 물가 및 가계,자연환경보전지역 Natural Curonment,전남,col-ko,0,0.708,4.48,4.48,1.0,전치·패널2,[전치] 자연환경보전지역 Natural Curonment
지가,2000,525,14. 시도별 지가 변동률(평균)(1992-1999),XIV. 물가 및 가계,자연환경보전지역 Natural Curonment,경북,col-ko,0,0.7766,2.38,2.38,1.0,전치·패널2,[전치] 자연환경보전지역 Natural Curonment
지가,2000,525,14. 시도별 지가 변동률(평균)(1992-1999),XIV. 물가 및 가계,자연환경보전지역 Natural Curonment,경남,col-ko,0,0.8463,2.39,2.39,1.0,전치·패널2,[전치] 자연환경보전지역 Natural Curonment
지가,2000,525,14. 시도별 지가 변동률(평균)(1992-1999),XIV. 물가 및 가계,전 Dry pad des,울산,col-ko,0,0.2941,6.11,6.11,0.5,전치·패널2,[전치] 전 Dry pad des
지가,2000,525,14. 시도별 지가 변동률(평균)(1992-1999),XIV. 물가 및 가계,전 Dry pad des,경기,col-ko,0,0.3627,7.43,7.43,1.0,전치·패널2,[전치] 전 Dry pad des
지가,2000,525,14. 시도별 지가 변동률(평균)(1992-1999),XIV. 물가 및 가계,전 Dry pad des,강원,col-ko,0,0.4324,4.26,4.26,1.0,전치·패널2,[전치] 전 Dry pad des
지가,2000,525,14. 시도별 지가 변동률(평균)(1992-1999),XIV. 물가 및 가계,전 Dry pad des,충북,col-ko,0,0.5021,6.85,6.85,1.0,전치·패널2,[전치] 전 Dry pad des
지가,2000,525,14. 시도별 지가 변동률(평균)(1992-1999),XIV. 물가 및 가계,전 Dry pad des,충남,col-ko,0,0.5717,4.69,4.69,1.0,전치·패널2,[전치] 전 Dry pad des
지가,2000,525,14. 시도별 지가 변동률(평균)(1992-1999),XIV. 물가 및 가계,전 Dry pad des,전북,col-ko,0,0.6393,4.37,4.37,1.0,전치·패널2,[전치] 전 Dry pad des
지가,2000,525,14. 시도별 지가 변동률(평균)(1992-1999),XIV. 물가 및 가계,전 Dry pad des,전남,col-ko,0,0.708,752,752,0.3,전치·패널2|저신뢰,[전치] 전 Dry pad des
지가,2000,525,14. 시도별 지가 변동률(평균)(1992-1999),XIV. 물가 및 가계,전 Dry pad des,경북,col-ko,0,0.7766,4.33,4.33,1.0,전치·패널2,[전치] 전 Dry pad des
지가,2000,525,14. 시도별 지가 변동률(평균)(1992-1999),XIV. 물가 및 가계,전 Dry pad des,경남,col-ko,0,0.8463,3.25,3.25,1.0,전치·패널2,[전치] 전 Dry pad des
지가,2000,525,14. 시도별 지가 변동률(평균)(1992-1999),XIV. 물가 및 가계,전 Dry pad des,제주,col-ko,0,0.9139,12.44,12.44,0.5,전치·패널2,[전치] 전 Dry pad des
지가,2000,525,14. 시도별 지가 변동률(평균)(1992-1999),XIV. 물가 및 가계,답 Rice felds,울산,col-ko,0,0.2941,4.33,4.33,1.0,전치·패널2,[전치] 답 Rice felds
지가,2000,525,14. 시도별 지가 변동률(평균)(1992-1999),XIV. 물가 및 가계,답 Rice felds,경기,col-ko,0,0.3627,7.69,7.69,1.0,전치·패널2,[전치] 답 Rice felds
지가,2000,525,14. 시도별 지가 변동률(평균)(1992-1999),XIV. 물가 및 가계,답 Rice felds,강원,col-ko,0,0.4324,3.66,3.66,1.0,전치·패널2,[전치] 답 Rice felds
지가,2000,525,14. 시도별 지가 변동률(평균)(1992-1999),XIV. 물가 및 가계,답 Rice felds,충북,col-ko,0,0.5021,6.70,6.7,1.0,전치·패널2,[전치] 답 Rice felds
지가,2000,525,14. 시도별 지가 변동률(평균)(1992-1999),XIV. 물가 및 가계,답 Rice felds,충남,col-ko,0,0.5717,5.92,5.92,1.0,전치·패널2,[전치] 답 Rice felds
지가,2000,525,14. 시도별 지가 변동률(평균)(1992-1999),XIV. 물가 및 가계,답 Rice felds,전북,col-ko,0,0.6393,5.26,5.26,1.0,전치·패널2,[전치] 답 Rice felds
지가,2000,525,14. 시도별 지가 변동률(평균)(1992-1999),XIV. 물가 및 가계,답 Rice felds,전남,col-ko,0,0.708,6.45,6.45,1.0,전치·패널2,[전치] 답 Rice felds
지가,2000,525,14. 시도별 지가 변동률(평균)(1992-1999),XIV. 물가 및 가계,답 Rice felds,경북,col-ko,0,0.7766,3.86,3.86,1.0,전치·패널2,[전치] 답 Rice felds
지가,2000,525,14. 시도별 지가 변동률(평균)(1992-1999),XIV. 물가 및 가계,답 Rice felds,경남,col-ko,0,0.8463,3.20,3.2,1.0,전치·패널2,[전치] 답 Rice felds
지가,2000,525,14. 시도별 지가 변동률(평균)(1992-1999),XIV. 물가 및 가계,답 Rice felds,제주,col-ko,0,0.9139,3.32,3.32,1.0,전치·패널2,[전치] 답 Rice felds
지가,2000,525,14. 시도별 지가 변동률(평균)(1992-1999),XIV. 물가 및 가계,주거용 For dwellng,울산,col-ko,0,0.2941,1.17,1.17,0.5,전치·패널2,[전치] 주거용 For dwellng
지가,2000,525,14. 시도별 지가 변동률(평균)(1992-1999),XIV. 물가 및 가계,주거용 For dwellng,경기,col-ko,0,0.3627,3.64,3.64,1.0,전치·패널2,[전치] 주거용 For dwellng
지가,2000,525,14. 시도별 지가 변동률(평균)(1992-1999),XIV. 물가 및 가계,주거용 For dwellng,강원,col-ko,0,0.4324,2.28,2.28,1.0,전치·패널2,[전치] 주거용 For dwellng
지가,2000,525,14. 시도별 지가 변동률(평균)(1992-1999),XIV. 물가 및 가계,주거용 For dwellng,충북,col-ko,0,0.5021,2.85,2.85,1.0,전치·패널2,[전치] 주거용 For dwellng
지가,2000,525,14. 시도별 지가 변동률(평균)(1992-1999),XIV. 물가 및 가계,주거용 For dwellng,충남,col-ko,0,0.5717,1.66,1.66,1.0,전치·패널2,[전치] 주거용 For dwellng
지가,2000,525,14. 시도별 지가 변동률(평균)(1992-1999),XIV. 물가 및 가계,주거용 For dwellng,전북,col-ko,0,0.6393,1.2,1.2,0.3,전치·패널2|저신뢰,[전치] 주거용 For dwellng
지가,2000,525,14. 시도별 지가 변동률(평균)(1992-1999),XIV. 물가 및 가계,주거용 For dwellng,전남,col-ko,0,0.708,3.26,3.26,1.0,전치·패널2,[전치] 주거용 For dwellng
지가,2000,525,14. 시도별 지가 변동률(평균)(1992-1999),XIV. 물가 및 가계,주거용 For dwellng,경북,col-ko,0,0.7766,2.54,2.54,1.0,전치·패널2,[전치] 주거용 For dwellng
지가,2000,525,14. 시도별 지가 변동률(평균)(1992-1999),XIV. 물가 및 가계,주거용 For dwellng,경남,col-ko,0,0.8463,2.26,2.26,1.0,전치·패널2,[전치] 주거용 For dwellng
지가,2000,525,14. 시도별 지가 변동률(평균)(1992-1999),XIV. 물가 및 가계,주거용 For dwellng,제주,col-ko,0,0.9139,0.68,0.68,1.0,전치·패널2,[전치] 주거용 For dwellng
지가,2000,525,14. 시도별 지가 변동률(평균)(1992-1999),XIV. 물가 및 가계,상업용 For commerce,울산,col-ko,0,0.2941,1 29,129,0.5,전치·패널2,[전치] 상업용 For commerce
지가,2000,525,14. 시도별 지가 변동률(평균)(1992-1999),XIV. 물가 및 가계,상업용 For commerce,경기,col-ko,0,0.3627,2.34,2.34,1.0,전치·패널2,[전치] 상업용 For commerce
지가,2000,525,14. 시도별 지가 변동률(평균)(1992-1999),XIV. 물가 및 가계,상업용 For commerce,강원,col-ko,0,0.4324,0.73,0.73,1.0,전치·패널2,[전치] 상업용 For commerce
지가,2000,525,14. 시도별 지가 변동률(평균)(1992-1999),XIV. 물가 및 가계,상업용 For commerce,충북,col-ko,0,0.5021,1.47,1.47,1.0,전치·패널2,[전치] 상업용 For commerce
지가,2000,525,14. 시도별 지가 변동률(평균)(1992-1999),XIV. 물가 및 가계,상업용 For commerce,충남,col-ko,0,0.5717,-0.12,-0.12,1.0,전치·패널2,[전치] 상업용 For commerce
지가,2000,525,14. 시도별 지가 변동률(평균)(1992-1999),XIV. 물가 및 가계,상업용 For commerce,전북,col-ko,0,0.6393,-0.24,-0.24,1.0,전치·패널2,[전치] 상업용 For commerce
지가,2000,525,14. 시도별 지가 변동률(평균)(1992-1999),XIV. 물가 및 가계,상업용 For commerce,전남,col-ko,0,0.708,1.82,1.82,1.0,전치·패널2,[전치] 상업용 For commerce
지가,2000,525,14. 시도별 지가 변동률(평균)(1992-1999),XIV. 물가 및 가계,상업용 For commerce,경북,col-ko,0,0.7766,0.81,0.81,0.5,전치·패널2,[전치] 상업용 For commerce
지가,2000,525,14. 시도별 지가 변동률(평균)(1992-1999),XIV. 물가 및 가계,상업용 For commerce,경남,col-ko,0,0.8463,1.48,1.48,1.0,전치·패널2,[전치] 상업용 For commerce
지가,2000,525,14. 시도별 지가 변동률(평균)(1992-1999),XIV. 물가 및 가계,임야 Forest 3 %,경기,col-ko,0,0.3627,5.26,5.26,1.0,전치·패널2,[전치] 임야 Forest 3 %
지가,2000,525,14. 시도별 지가 변동률(평균)(1992-1999),XIV. 물가 및 가계,임야 Forest 3 %,강원,col-ko,0,0.4324,2.55,2.55,1.0,전치·패널2,[전치] 임야 Forest 3 %
지가,2000,525,14. 시도별 지가 변동률(평균)(1992-1999),XIV. 물가 및 가계,임야 Forest 3 %,충남,col-ko,0,0.5717,1.52,1.52,0.3,전치·패널2|저신뢰,[전치] 임야 Forest 3 %
지가,2000,525,14. 시도별 지가 변동률(평균)(1992-1999),XIV. 물가 및 가계,임야 Forest 3 %,전북,col-ko,0,0.6393,1.35,1.35,1.0,전치·패널2,[전치] 임야 Forest 3 %
지가,2000,525,14. 시도별 지가 변동률(평균)(1992-1999),XIV. 물가 및 가계,임야 Forest 3 %,전남,col-ko,0,0.708,4.06,4.06,0.5,전치·패널2,[전치] 임야 Forest 3 %
지가,2000,525,14. 시도별 지가 변동률(평균)(1992-1999),XIV. 물가 및 가계,임야 Forest 3 %,경북,col-ko,0,0.7766,2 51,251,0.5,전치·패널2,[전치] 임야 Forest 3 %
지가,2000,525,14. 시도별 지가 변동률(평균)(1992-1999),XIV. 물가 및 가계,임야 Forest 3 %,경남,col-ko,0,0.8463,1.87,1.87,1.0,전치·패널2,[전치] 임야 Forest 3 %
지가,2000,525,14. 시도별 지가 변동률(평균)(1992-1999),XIV. 물가 및 가계,임야 Forest 3 %,제주,col-ko,0,0.9139,11.86,11.86,0.5,전치·패널2,[전치] 임야 Forest 3 %
지가,2000,525,14. 시도별 지가 변동률(평균)(1992-1999),XIV. 물가 및 가계,공장용지 Facery,울산,col-ko,0,0.2941,0.85,0.85,0.5,전치·패널2,[전치] 공장용지 Facery
지가,2000,525,14. 시도별 지가 변동률(평균)(1992-1999),XIV. 물가 및 가계,공장용지 Facery,경기,col-ko,0,0.3627,3 99,399,0.5,전치·패널2,[전치] 공장용지 Facery
지가,2000,525,14. 시도별 지가 변동률(평균)(1992-1999),XIV. 물가 및 가계,공장용지 Facery,강원,col-ko,0,0.4324,0.97,0.97,1.0,전치·패널2,[전치] 공장용지 Facery
지가,2000,525,14. 시도별 지가 변동률(평균)(1992-1999),XIV. 물가 및 가계,공장용지 Facery,충북,col-ko,0,0.5021,3.56,3.56,1.0,전치·패널2,[전치] 공장용지 Facery
지가,2000,525,14. 시도별 지가 변동률(평균)(1992-1999),XIV. 물가 및 가계,공장용지 Facery,충남,col-ko,0,0.5717,0.64,0.64,1.0,전치·패널2,[전치] 공장용지 Facery
지가,2000,525,14. 시도별 지가 변동률(평균)(1992-1999),XIV. 물가 및 가계,공장용지 Facery,전북,col-ko,0,0.6393,1.10,1.1,1.0,전치·패널2,[전치] 공장용지 Facery
지가,2000,525,14. 시도별 지가 변동률(평균)(1992-1999),XIV. 물가 및 가계,공장용지 Facery,전남,col-ko,0,0.708,3.11,3.11,1.0,전치·패널2,[전치] 공장용지 Facery
지가,2000,525,14. 시도별 지가 변동률(평균)(1992-1999),XIV. 물가 및 가계,공장용지 Facery,경북,col-ko,0,0.7766,2.49,2.49,1.0,전치·패널2,[전치] 공장용지 Facery
지가,2000,525,14. 시도별 지가 변동률(평균)(1992-1999),XIV. 물가 및 가계,공장용지 Facery,경남,col-ko,0,0.8463,1.69,1.69,1.0,전치·패널2,[전치] 공장용지 Facery
지가,2000,525,14. 시도별 지가 변동률(평균)(1992-1999),XIV. 물가 및 가계,공장용지 Facery,제주,col-ko,0,0.9139,-0.04,-0.04,1.0,전치·패널2,[전치] 공장용지 Facery
지가,2000,525,14. 시도별 지가 변동률(평균)(1992-1999),XIV. 물가 및 가계,기타 Others,울산,col-ko,0,0.2941,1.75,1.75,1.0,전치·패널2,[전치] 기타 Others
지가,2000,525,14. 시도별 지가 변동률(평균)(1992-1999),XIV. 물가 및 가계,기타 Others,경기,col-ko,0,0.3627,3.67,3.67,1.0,전치·패널2,[전치] 기타 Others
지가,2000,525,14. 시도별 지가 변동률(평균)(1992-1999),XIV. 물가 및 가계,기타 Others,강원,col-ko,0,0.4324,1.69,1.69,1.0,전치·패널2,[전치] 기타 Others
지가,2000,525,14. 시도별 지가 변동률(평균)(1992-1999),XIV. 물가 및 가계,기타 Others,충북,col-ko,0,0.5021,2.80,2.8,1.0,전치·패널2,[전치] 기타 Others
지가,2000,525,14. 시도별 지가 변동률(평균)(1992-1999),XIV. 물가 및 가계,기타 Others,충남,col-ko,0,0.5717,2 60,260,1.0,전치·패널2,[전치] 기타 Others
지가,2000,525,14. 시도별 지가 변동률(평균)(1992-1999),XIV. 물가 및 가계,기타 Others,전북,col-ko,0,0.6393,0.64,0.64,1.0,전치·패널2,[전치] 기타 Others
지가,2000,525,14. 시도별 지가 변동률(평균)(1992-1999),XIV. 물가 및 가계,기타 Others,전남,col-ko,0,0.708,2.77,2.77,1.0,전치·패널2,[전치] 기타 Others
지가,2000,525,14. 시도별 지가 변동률(평균)(1992-1999),XIV. 물가 및 가계,기타 Others,경북,col-ko,0,0.7766,2.99,2.99,1.0,전치·패널2,[전치] 기타 Others
지가,2000,525,14. 시도별 지가 변동률(평균)(1992-1999),XIV. 물가 및 가계,기타 Others,경남,col-ko,0,0.8463,2.39,2.39,1.0,전치·패널2,[전치] 기타 Others
지가,2000,525,14. 시도별 지가 변동률(평균)(1992-1999),XIV. 물가 및 가계,기타 Others,제주,col-ko,0,0.9139,14.05,14.05,1.0,전치·패널2,[전치] 기타 Others
지가,2001,533,14. 시도별 지가 변동률(평균)(1993-2000),XIV. 물가 및 가계,1993,전국,col-ko,0,0.3143,-7.38,-7.38,0.5,전치·패널1,[전치] 14. 시도별 지가 변동률 (평균)(1993-2000) | 1993
지가,2001,533,14. 시도별 지가 변동률(평균)(1993-2000),XIV. 물가 및 가계,1993,서울,col-ko,0,0.5823,-8.72,-8.72,1.0,전치·패널1,[전치] 14. 시도별 지가 변동률 (평균)(1993-2000) | 1993
지가,2001,533,14. 시도별 지가 변동률(평균)(1993-2000),XIV. 물가 및 가계,1993,부산,col-ko,0,0.6466,-6.77,-6.77,0.3,전치·패널1|저신뢰,[전치] 14. 시도별 지가 변동률 (평균)(1993-2000) | 1993
지가,2001,533,14. 시도별 지가 변동률(평균)(1993-2000),XIV. 물가 및 가계,1993,인천,col-ko,0,0.7771,-6.62,-6.62,1.0,전치·패널1,[전치] 14. 시도별 지가 변동률 (평균)(1993-2000) | 1993
지가,2001,533,14. 시도별 지가 변동률(평균)(1993-2000),XIV. 물가 및 가계,1993,광주,col-ko,0,0.8434,-6.36,-6.36,0.5,전치·패널1,[전치] 14. 시도별 지가 변동률 (평균)(1993-2000) | 1993
지가,2001,533,14. 시도별 지가 변동률(평균)(1993-2000),XIV. 물가 및 가계,1993,대전,col-ko,0,0.9117,-7.81,-7.81,1.0,전치·패널1,[전치] 14. 시도별 지가 변동률 (평균)(1993-2000) | 1993
지가,2001,533,14. 시도별 지가 변동률(평균)(1993-2000),XIV. 물가 및 가계,1994,전국,col-ko,0,0.3143,-0.57,-0.57,1.0,전치·패널1,[전치] 14. 시도별 지가 변동률 (평균)(1993-2000) | 1994
지가,2001,533,14. 시도별 지가 변동률(평균)(1993-2000),XIV. 물가 및 가계,1994,서울,col-ko,0,0.5823,-1.36,-1.36,1.0,전치·패널1,[전치] 14. 시도별 지가 변동률 (평균)(1993-2000) | 1994
지가,2001,533,14. 시도별 지가 변동률(평균)(1993-2000),XIV. 물가 및 가계,1994,부산,col-ko,0,0.6466,-0.35,-0.35,1.0,전치·패널1,[전치] 14. 시도별 지가 변동률 (평균)(1993-2000) | 1994
지가,2001,533,14. 시도별 지가 변동률(평균)(1993-2000),XIV. 물가 및 가계,1994,대구,col-ko,0,0.7108,0.87,0.87,0.5,전치·패널1,[전치] 14. 시도별 지가 변동률 (평균)(1993-2000) | 1994
지가,2001,533,14. 시도별 지가 변동률(평균)(1993-2000),XIV. 물가 및 가계,1994,인천,col-ko,0,0.7771,0.07,0.07,1.0,전치·패널1,[전치] 14. 시도별 지가 변동률 (평균)(1993-2000) | 1994
지가,2001,533,14. 시도별 지가 변동률(평균)(1993-2000),XIV. 물가 및 가계,1994,대전,col-ko,0,0.9117,-0.59,-0.59,1.0,전치·패널1,[전치] 14. 시도별 지가 변동률 (평균)(1993-2000) | 1994
지가,2001,533,14. 시도별 지가 변동률(평균)(1993-2000),XIV. 물가 및 가계,1995,전국,col-ko,0,0.3143,0.55,0.55,1.0,전치·패널1,[전치] 14. 시도별 지가 변동률 (평균)(1993-2000) | 1995
지가,2001,533,14. 시도별 지가 변동률(평균)(1993-2000),XIV. 물가 및 가계,1995,서울,col-ko,0,0.5823,0.18,0.18,1.0,전치·패널1,[전치] 14. 시도별 지가 변동률 (평균)(1993-2000) | 1995
지가,2001,533,14. 시도별 지가 변동률(평균)(1993-2000),XIV. 물가 및 가계,1995,부산,col-ko,0,0.6466,0.14,0.14,1.0,전치·패널1,[전치] 14. 시도별 지가 변동률 (평균)(1993-2000) | 1995
지가,2001,533,14. 시도별 지가 변동률(평균)(1993-2000),XIV. 물가 및 가계,1995,인천,col-ko,0,0.7771,0.58,0.58,1.0,전치·패널1,[전치] 14. 시도별 지가 변동률 (평균)(1993-2000) | 1995
지가,2001,533,14. 시도별 지가 변동률(평균)(1993-2000),XIV. 물가 및 가계,1995,광주,col-ko,0,0.8434,1.44,1.44,0.5,전치·패널1,[전치] 14. 시도별 지가 변동률 (평균)(1993-2000) | 1995
지가,2001,533,14. 시도별 지가 변동률(평균)(1993-2000),XIV. 물가 및 가계,1995,대전,col-ko,0,0.9117,-0.47,-0.47,1.0,전치·패널1,[전치] 14. 시도별 지가 변동률 (평균)(1993-2000) | 1995
지가,2001,533,14. 시도별 지가 변동률(평균)(1993-2000),XIV. 물가 및 가계,1996,전국,col-ko,0,0.3143,0.95,0.95,1.0,전치·패널1|불일치:0.31/0.95,[전치] 14. 시도별 지가 변동률 (평균)(1993-2000) | 1996
지가,2001,533,14. 시도별 지가 변동률(평균)(1993-2000),XIV. 물가 및 가계,1996,서울,col-ko,0,0.5823,0.94,0.94,1.0,전치·패널1|불일치:0.29/0.94,[전치] 14. 시도별 지가 변동률 (평균)(1993-2000) | 1996
지가,2001,533,14. 시도별 지가 변동률(평균)(1993-2000),XIV. 물가 및 가계,1996,부산,col-ko,0,0.6466,0.40,0.4,1.0,전치·패널1|불일치:-0.90/0.40,[전치] 14. 시도별 지가 변동률 (평균)(1993-2000) | 1996
지가,2001,533,14. 시도별 지가 변동률(평균)(1993-2000),XIV. 물가 및 가계,1996,인천,col-ko,0,0.7771,0.78,0.78,1.0,전치·패널1|불일치:0.28/0.78,[전치] 14. 시도별 지가 변동률 (평균)(1993-2000) | 1996
지가,2001,533,14. 시도별 지가 변동률(평균)(1993-2000),XIV. 물가 및 가계,1996,대전,col-ko,0,0.9117,0.16,0.16,1.0,전치·패널1|불일치:0.12/0.16,[전치] 14. 시도별 지가 변동률 (평균)(1993-2000) | 1996
지가,2001,533,14. 시도별 지가 변동률(평균)(1993-2000),XIV. 물가 및 가계,1998,전국,col-ko,0,0.3143,-13.60,-13.6,0.5,전치·패널1,[전치] 14. 시도별 지가 변동률 (평균)(1993-2000) | 1998
지가,2001,533,14. 시도별 지가 변동률(평균)(1993-2000),XIV. 물가 및 가계,1998,서울,col-ko,0,0.5823,-16.25,-16.25,0.5,전치·패널1,[전치] 14. 시도별 지가 변동률 (평균)(1993-2000) | 1998
지가,2001,533,14. 시도별 지가 변동률(평균)(1993-2000),XIV. 물가 및 가계,1998,부산,col-ko,0,0.6466,-16.52,-16.52,0.5,전치·패널1,[전치] 14. 시도별 지가 변동률 (평균)(1993-2000) | 1998
지가,2001,533,14. 시도별 지가 변동률(평균)(1993-2000),XIV. 물가 및 가계,1998,대구,col-ko,0,0.7108,-15.24,-15.24,1.0,전치·패널1,[전치] 14. 시도별 지가 변동률 (평균)(1993-2000) | 1998
지가,2001,533,14. 시도별 지가 변동률(평균)(1993-2000),XIV. 물가 및 가계,1998,인천,col-ko,0,0.7771,-13.79,-13.79,0.5,전치·패널1,[전치] 14. 시도별 지가 변동률 (평균)(1993-2000) | 1998
지가,2001,533,14. 시도별 지가 변동률(평균)(1993-2000),XIV. 물가 및 가계,1998,광주,col-ko,0,0.8434,-10.25,-10.25,1.0,전치·패널1,[전치] 14. 시도별 지가 변동률 (평균)(1993-2000) | 1998
지가,2001,533,14. 시도별 지가 변동률(평균)(1993-2000),XIV. 물가 및 가계,1998,대전,col-ko,0,0.9117,-8.36,-8.36,1.0,전치·패널1,[전치] 14. 시도별 지가 변동률 (평균)(1993-2000) | 1998
지가,2001,533,14. 시도별 지가 변동률(평균)(1993-2000),XIV. 물가 및 가계,1999 3.목,서울,col-ko,0,0.5823,2.66,2.66,1.0,전치·패널1,[전치] 14. 시도별 지가 변동률 (평균)(1993-2000) | 1999 3.목
지가,2001,533,14. 시도별 지가 변동률(평균)(1993-2000),XIV. 물가 및 가계,1999 3.목,부산,col-ko,0,0.6466,1.24,1.24,1.0,전치·패널1,[전치] 14. 시도별 지가 변동률 (평균)(1993-2000) | 1999 3.목
지가,2001,533,14. 시도별 지가 변동률(평균)(1993-2000),XIV. 물가 및 가계,1999 3.목,대구,col-ko,0,0.7108,1.93,1.93,1.0,전치·패널1,[전치] 14. 시도별 지가 변동률 (평균)(1993-2000) | 1999 3.목
지가,2001,533,14. 시도별 지가 변동률(평균)(1993-2000),XIV. 물가 및 가계,1999 3.목,인천,col-ko,0,0.7771,3.51,3.51,1.0,전치·패널1,[전치] 14. 시도별 지가 변동률 (평균)(1993-2000) | 1999 3.목
지가,2001,533,14. 시도별 지가 변동률(평균)(1993-2000),XIV. 물가 및 가계,1999 3.목,광주,col-ko,0,0.8434,1.30,1.3,1.0,전치·패널1,[전치] 14. 시도별 지가 변동률 (평균)(1993-2000) | 1999 3.목
지가,2001,533,14. 시도별 지가 변동률(평균)(1993-2000),XIV. 물가 및 가계,1999 3.목,대전,col-ko,0,0.9117,0.38,0.38,1.0,전치·패널1,[전치] 14. 시도별 지가 변동률 (평균)(1993-2000) | 1999 3.목
지가,2001,533,14. 시도별 지가 변동률(평균)(1993-2000),XIV. 물가 및 가계,2000 ~0.09,서울,col-ko,0,0.5823,0.05,0.05,1.0,전치·패널1,[전치] 14. 시도별 지가 변동률 (평균)(1993-2000) | 2000 ~0.09
지가,2001,533,14. 시도별 지가 변동률(평균)(1993-2000),XIV. 물가 및 가계,2000 ~0.09,부산,col-ko,0,0.6466,-0.53,-0.53,1.0,전치·패널1,[전치] 14. 시도별 지가 변동률 (평균)(1993-2000) | 2000 ~0.09
지가,2001,533,14. 시도별 지가 변동률(평균)(1993-2000),XIV. 물가 및 가계,2000 ~0.09,대구,col-ko,0,0.7108,-1.05,-1.05,1.0,전치·패널1,[전치] 14. 시도별 지가 변동률 (평균)(1993-2000) | 2000 ~0.09
지가,2001,533,14. 시도별 지가 변동률(평균)(1993-2000),XIV. 물가 및 가계,2000 ~0.09,인천,col-ko,0,0.7771,1.07,1.07,1.0,전치·패널1,[전치] 14. 시도별 지가 변동률 (평균)(1993-2000) | 2000 ~0.09
지가,2001,533,14. 시도별 지가 변동률(평균)(1993-2000),XIV. 물가 및 가계,2000 ~0.09,광주,col-ko,0,0.8434,-0.31,-0.31,1.0,전치·패널1,[전치] 14. 시도별 지가 변동률 (평균)(1993-2000) | 2000 ~0.09
지가,2001,533,14. 시도별 지가 변동률(평균)(1993-2000),XIV. 물가 및 가계,2000 ~0.09,대전,col-ko,0,0.9117,-0.24,-0.24,1.0,전치·패널1,[전치] 14. 시도별 지가 변동률 (평균)(1993-2000) | 2000 ~0.09
지가,2001,533,14. 시도별 지가 변동률(평균)(1993-2000),XIV. 물가 및 가계,주거 지 역 Dweling,전국,col-ko,0,0.3143,0.03,0.03,1.0,전치·패널1,[전치] 14. 시도별 지가 변동률 (평균)(1993-2000) | 주거 지 역 Dweling
지가,2001,533,14. 시도별 지가 변동률(평균)(1993-2000),XIV. 물가 및 가계,주거 지 역 Dweling,대구,col-ko,0,0.7108,-1.32,-1.32,1.0,전치·패널1,[전치] 14. 시도별 지가 변동률 (평균)(1993-2000) | 주거 지 역 Dweling
지가,2001,533,14. 시도별 지가 변동률(평균)(1993-2000),XIV. 물가 및 가계,주거 지 역 Dweling,인천,col-ko,0,0.7771,0.32,0.32,1.0,전치·패널1,[전치] 14. 시도별 지가 변동률 (평균)(1993-2000) | 주거 지 역 Dweling
지가,2001,533,14. 시도별 지가 변동률(평균)(1993-2000),XIV. 물가 및 가계,주거 지 역 Dweling,광주,col-ko,0,0.8434,-0.85,-0.85,1.0,전치·패널1,[전치] 14. 시도별 지가 변동률 (평균)(1993-2000) | 주거 지 역 Dweling
지가,2001,533,14. 시도별 지가 변동률(평균)(1993-2000),XIV. 물가 및 가계,주거 지 역 Dweling,대전,col-ko,0,0.9117,-0.44,-0.44,1.0,전치·패널1,[전치] 14. 시도별 지가 변동률 (평균)(1993-2000) | 주거 지 역 Dweling
지가,2001,533,14. 시도별 지가 변동률(평균)(1993-2000),XIV. 물가 및 가계,상업지 역 Commercial,전국,col-ko,0,0.3143,-0.26,-0.26,1.0,전치·패널1,[전치] 14. 시도별 지가 변동률 (평균)(1993-2000) | 상업지 역 Commercial
지가,2001,533,14. 시도별 지가 변동률(평균)(1993-2000),XIV. 물가 및 가계,상업지 역 Commercial,부산,col-ko,0,0.6466,-0.76,-0.76,1.0,전치·패널1,[전치] 14. 시도별 지가 변동률 (평균)(1993-2000) | 상업지 역 Commercial
지가,2001,533,14. 시도별 지가 변동률(평균)(1993-2000),XIV. 물가 및 가계,상업지 역 Commercial,대구,col-ko,0,0.7108,-1.39,-1.39,1.0,전치·패널1,[전치] 14. 시도별 지가 변동률 (평균)(1993-2000) | 상업지 역 Commercial
지가,2001,533,14. 시도별 지가 변동률(평균)(1993-2000),XIV. 물가 및 가계,상업지 역 Commercial,인천,col-ko,0,0.7771,-0.26,-0.26,1.0,전치·패널1,[전치] 14. 시도별 지가 변동률 (평균)(1993-2000) | 상업지 역 Commercial
지가,2001,533,14. 시도별 지가 변동률(평균)(1993-2000),XIV. 물가 및 가계,상업지 역 Commercial,광주,col-ko,0,0.8434,-2.45,-2.45,1.0,전치·패널1,[전치] 14. 시도별 지가 변동률 (평균)(1993-2000) | 상업지 역 Commercial
지가,2001,533,14. 시도별 지가 변동률(평균)(1993-2000),XIV. 물가 및 가계,상업지 역 Commercial,대전,col-ko,0,0.9117,-2.39,-2.39,1.0,전치·패널1,[전치] 14. 시도별 지가 변동률 (평균)(1993-2000) | 상업지 역 Commercial
지가,2001,533,14. 시도별 지가 변동률(평균)(1993-2000),XIV. 물가 및 가계,공업 지 역 Industrial,전국,col-ko,0,0.3143,0.43,0.43,1.0,전치·패널1,[전치] 14. 시도별 지가 변동률 (평균)(1993-2000) | 공업 지 역 Industrial
지가,2001,533,14. 시도별 지가 변동률(평균)(1993-2000),XIV. 물가 및 가계,공업 지 역 Industrial,부산,col-ko,0,0.6466,-1.09,-1.09,1.0,전치·패널1,[전치] 14. 시도별 지가 변동률 (평균)(1993-2000) | 공업 지 역 Industrial
지가,2001,533,14. 시도별 지가 변동률(평균)(1993-2000),XIV. 물가 및 가계,공업 지 역 Industrial,대구,col-ko,0,0.7108,-0.76,-0.76,1.0,전치·패널1,[전치] 14. 시도별 지가 변동률 (평균)(1993-2000) | 공업 지 역 Industrial
지가,2001,533,14. 시도별 지가 변동률(평균)(1993-2000),XIV. 물가 및 가계,공업 지 역 Industrial,인천,col-ko,0,0.7771,0.74,0.74,1.0,전치·패널1,[전치] 14. 시도별 지가 변동률 (평균)(1993-2000) | 공업 지 역 Industrial
지가,2001,533,14. 시도별 지가 변동률(평균)(1993-2000),XIV. 물가 및 가계,공업 지 역 Industrial,광주,col-ko,0,0.8434,1.84,1.84,1.0,전치·패널1,[전치] 14. 시도별 지가 변동률 (평균)(1993-2000) | 공업 지 역 Industrial
지가,2001,533,14. 시도별 지가 변동률(평균)(1993-2000),XIV. 물가 및 가계,공업 지 역 Industrial,대전,col-ko,0,0.9117,0.24,0.24,1.0,전치·패널1,[전치] 14. 시도별 지가 변동률 (평균)(1993-2000) | 공업 지 역 Industrial
지가,2001,533,14. 시도별 지가 변동률(평균)(1993-2000),XIV. 물가 및 가계,녹 지지역 Green Belt,전국,col-ko,0,0.3143,2.64,2.64,1.0,전치·패널1,[전치] 14. 시도별 지가 변동률 (평균)(1993-2000) | 녹 지지역 Green Belt
지가,2001,533,14. 시도별 지가 변동률(평균)(1993-2000),XIV. 물가 및 가계,녹 지지역 Green Belt,부산,col-ko,0,0.6466,1.45,1.45,0.5,전치·패널1,[전치] 14. 시도별 지가 변동률 (평균)(1993-2000) | 녹 지지역 Green Belt
지가,2001,533,14. 시도별 지가 변동률(평균)(1993-2000),XIV. 물가 및 가계,녹 지지역 Green Belt,대구,col-ko,0,0.7108,0.51,0.51,0.5,전치·패널1,[전치] 14. 시도별 지가 변동률 (평균)(1993-2000) | 녹 지지역 Green Belt
지가,2001,533,14. 시도별 지가 변동률(평균)(1993-2000),XIV. 물가 및 가계,녹 지지역 Green Belt,인천,col-ko,0,0.7771,3.83,3.83,0.3,전치·패널1|저신뢰,[전치] 14. 시도별 지가 변동률 (평균)(1993-2000) | 녹 지지역 Green Belt
지가,2001,533,14. 시도별 지가 변동률(평균)(1993-2000),XIV. 물가 및 가계,녹 지지역 Green Belt,광주,col-ko,0,0.8434,3.27,3.27,1.0,전치·패널1,[전치] 14. 시도별 지가 변동률 (평균)(1993-2000) | 녹 지지역 Green Belt
지가,2001,533,14. 시도별 지가 변동률(평균)(1993-2000),XIV. 물가 및 가계,녹 지지역 Green Belt,대전,col-ko,0,0.9117,2.25,2.25,1.0,전치·패널1,[전치] 14. 시도별 지가 변동률 (평균)(1993-2000) | 녹 지지역 Green Belt
지가,2001,533,14. 시도별 지가 변동률(평균)(1993-2000),XIV. 물가 및 가계,준도시지역Quai-City,전국,col-ko,0,0.3143,2.34,2.34,1.0,전치·패널1,[전치] 14. 시도별 지가 변동률 (평균)(1993-2000) | 준도시지역Quai-City
지가,2001,533,14. 시도별 지가 변동률(평균)(1993-2000),XIV. 물가 및 가계,준도시지역Quai-City,대구,col-ko,0,0.7108,"-0, 08",-8,0.5,전치·패널1,[전치] 14. 시도별 지가 변동률 (평균)(1993-2000) | 준도시지역Quai-City
지가,2001,533,14. 시도별 지가 변동률(평균)(1993-2000),XIV. 물가 및 가계,림지역 Agricultural,전국,col-ko,0,0.3143,2.60,2.6,1.0,전치·패널1,[전치] 14. 시도별 지가 변동률 (평균)(1993-2000) | 림지역 Agricultural
지가,2001,533,14. 시도별 지가 변동률(평균)(1993-2000),XIV. 물가 및 가계,림지역 Agricultural,대구,col-ko,0,0.7108,0.00,0.0,0.5,전치·패널1,[전치] 14. 시도별 지가 변동률 (평균)(1993-2000) | 림지역 Agricultural
지가,2001,533,14. 시도별 지가 변동률(평균)(1993-2000),XIV. 물가 및 가계,림지역 Agricultural,인천,col-ko,0,0.7771,4.23,4.23,1.0,전치·패널1,[전치] 14. 시도별 지가 변동률 (평균)(1993-2000) | 림지역 Agricultural
지가,2001,533,14. 시도별 지가 변동률(평균)(1993-2000),XIV. 물가 및 가계,준농림자역Quasi-agriculhural,전국,col-ko,0,0.3143,1.88,1.88,1.0,전치·패널1,[전치] 14. 시도별 지가 변동률 (평균)(1993-2000) | 준농림자역Quasi-agriculhural
지가,2001,533,14. 시도별 지가 변동률(평균)(1993-2000),XIV. 물가 및 가계,준농림자역Quasi-agriculhural,대구,col-ko,0,0.7108,-0.51,-0.51,1.0,전치·패널1,[전치] 14. 시도별 지가 변동률 (평균)(1993-2000) | 준농림자역Quasi-agriculhural
지가,2001,533,14. 시도별 지가 변동률(평균)(1993-2000),XIV. 물가 및 가계,준농림자역Quasi-agriculhural,인천,col-ko,0,0.7771,2.22,2.22,1.0,전치·패널1,[전치] 14. 시도별 지가 변동률 (평균)(1993-2000) | 준농림자역Quasi-agriculhural
지가,2001,533,14. 시도별 지가 변동률(평균)(1993-2000),XIV. 물가 및 가계,자연환경보전지역 Natural evironment,전국,col-ko,0,0.3143,2.30,2.3,1.0,전치·패널1,[전치] 14. 시도별 지가 변동률 (평균)(1993-2000) | 자연환경보전지역 Natural evironment
지가,2001,533,14. 시도별 지가 변동률(평균)(1993-2000),XIV. 물가 및 가계,전 Diy paddies,전국,col-ko,0,0.3143,2.56,2.56,1.0,전치·패널1,[전치] 14. 시도별 지가 변동률 (평균)(1993-2000) | 전 Diy paddies
지가,2001,533,14. 시도별 지가 변동률(평균)(1993-2000),XIV. 물가 및 가계,전 Diy paddies,서울,col-ko,0,0.5823,0.70,0.7,1.0,전치·패널1,[전치] 14. 시도별 지가 변동률 (평균)(1993-2000) | 전 Diy paddies
지가,2001,533,14. 시도별 지가 변동률(평균)(1993-2000),XIV. 물가 및 가계,전 Diy paddies,부산,col-ko,0,0.6466,2.39,2.39,1.0,전치·패널1,[전치] 14. 시도별 지가 변동률 (평균)(1993-2000) | 전 Diy paddies
지가,2001,533,14. 시도별 지가 변동률(평균)(1993-2000),XIV. 물가 및 가계,전 Diy paddies,대구,col-ko,0,0.7108,0.16,0.16,1.0,전치·패널1,[전치] 14. 시도별 지가 변동률 (평균)(1993-2000) | 전 Diy paddies
지가,2001,533,14. 시도별 지가 변동률(평균)(1993-2000),XIV. 물가 및 가계,전 Diy paddies,인천,col-ko,0,0.7771,2.49,2.49,1.0,전치·패널1,[전치] 14. 시도별 지가 변동률 (평균)(1993-2000) | 전 Diy paddies
지가,2001,533,14. 시도별 지가 변동률(평균)(1993-2000),XIV. 물가 및 가계,전 Diy paddies,광주,col-ko,0,0.8434,2.40,2.4,0.5,전치·패널1,[전치] 14. 시도별 지가 변동률 (평균)(1993-2000) | 전 Diy paddies
지가,2001,533,14. 시도별 지가 변동률(평균)(1993-2000),XIV. 물가 및 가계,전 Diy paddies,대전,col-ko,0,0.9117,1.55,1.55,1.0,전치·패널1,[전치] 14. 시도별 지가 변동률 (평균)(1993-2000) | 전 Diy paddies
지가,2001,533,14. 시도별 지가 변동률(평균)(1993-2000),XIV. 물가 및 가계,답 Rice Belds,전국,col-ko,0,0.3143,2.65,2.65,1.0,전치·패널1,[전치] 14. 시도별 지가 변동률 (평균)(1993-2000) | 답 Rice Belds
지가,2001,533,14. 시도별 지가 변동률(평균)(1993-2000),XIV. 물가 및 가계,답 Rice Belds,서울,col-ko,0,0.5823,2.24,2.24,0.5,전치·패널1,[전치] 14. 시도별 지가 변동률 (평균)(1993-2000) | 답 Rice Belds
지가,2001,533,14. 시도별 지가 변동률(평균)(1993-2000),XIV. 물가 및 가계,답 Rice Belds,부산,col-ko,0,0.6466,1.90,1.9,0.3,전치·패널1|저신뢰,[전치] 14. 시도별 지가 변동률 (평균)(1993-2000) | 답 Rice Belds
지가,2001,533,14. 시도별 지가 변동률(평균)(1993-2000),XIV. 물가 및 가계,답 Rice Belds,대구,col-ko,0,0.7108,0.57,0.57,1.0,전치·패널1,[전치] 14. 시도별 지가 변동률 (평균)(1993-2000) | 답 Rice Belds
지가,2001,533,14. 시도별 지가 변동률(평균)(1993-2000),XIV. 물가 및 가계,답 Rice Belds,인천,col-ko,0,0.7771,2.78,2.78,1.0,전치·패널1,[전치] 14. 시도별 지가 변동률 (평균)(1993-2000) | 답 Rice Belds
지가,2001,533,14. 시도별 지가 변동률(평균)(1993-2000),XIV. 물가 및 가계,답 Rice Belds,광주,col-ko,0,0.8434,3.71,3.71,1.0,전치·패널1,[전치] 14. 시도별 지가 변동률 (평균)(1993-2000) | 답 Rice Belds
지가,2001,533,14. 시도별 지가 변동률(평균)(1993-2000),XIV. 물가 및 가계,답 Rice Belds,대전,col-ko,0,0.9117,2.49,2.49,1.0,전치·패널1,[전치] 14. 시도별 지가 변동률 (평균)(1993-2000) | 답 Rice Belds
지가,2001,533,14. 시도별 지가 변동률(평균)(1993-2000),XIV. 물가 및 가계,주 거용 For dweling,전국,col-ko,0,0.3143,0.22,0.22,1.0,전치·패널1,[전치] 14. 시도별 지가 변동률 (평균)(1993-2000) | 주 거용 For dweling
지가,2001,533,14. 시도별 지가 변동률(평균)(1993-2000),XIV. 물가 및 가계,주 거용 For dweling,서울,col-ko,0,0.5823,-0.18,-0.18,0.5,전치·패널1,[전치] 14. 시도별 지가 변동률 (평균)(1993-2000) | 주 거용 For dweling
지가,2001,533,14. 시도별 지가 변동률(평균)(1993-2000),XIV. 물가 및 가계,주 거용 For dweling,부산,col-ko,0,0.6466,-0.67,-0.67,1.0,전치·패널1,[전치] 14. 시도별 지가 변동률 (평균)(1993-2000) | 주 거용 For dweling
지가,2001,533,14. 시도별 지가 변동률(평균)(1993-2000),XIV. 물가 및 가계,주 거용 For dweling,대구,col-ko,0,0.7108,-1.28,-1.28,1.0,전치·패널1,[전치] 14. 시도별 지가 변동률 (평균)(1993-2000) | 주 거용 For dweling
지가,2001,533,14. 시도별 지가 변동률(평균)(1993-2000),XIV. 물가 및 가계,주 거용 For dweling,인천,col-ko,0,0.7771,0.53,0.53,1.0,전치·패널1,[전치] 14. 시도별 지가 변동률 (평균)(1993-2000) | 주 거용 For dweling
지가,2001,533,14. 시도별 지가 변동률(평균)(1993-2000),XIV. 물가 및 가계,주 거용 For dweling,광주,col-ko,0,0.8434,-0.32,-0.32,1.0,전치·패널1,[전치] 14. 시도별 지가 변동률 (평균)(1993-2000) | 주 거용 For dweling
지가,2001,533,14. 시도별 지가 변동률(평균)(1993-2000),XIV. 물가 및 가계,주 거용 For dweling,대전,col-ko,0,0.9117,0.45,0.45,1.0,전치·패널1,[전치] 14. 시도별 지가 변동률 (평균)(1993-2000) | 주 거용 For dweling
지가,2001,533,14. 시도별 지가 변동률(평균)(1993-2000),XIV. 물가 및 가계,상업 용 For commerce,전국,col-ko,0,0.3143,-0.10,-0.1,1.0,전치·패널1,[전치] 14. 시도별 지가 변동률 (평균)(1993-2000) | 상업 용 For commerce
지가,2001,533,14. 시도별 지가 변동률(평균)(1993-2000),XIV. 물가 및 가계,상업 용 For commerce,서울,col-ko,0,0.5823,0.19,0.19,1.0,전치·패널1,[전치] 14. 시도별 지가 변동률 (평균)(1993-2000) | 상업 용 For commerce
지가,2001,533,14. 시도별 지가 변동률(평균)(1993-2000),XIV. 물가 및 가계,상업 용 For commerce,부산,col-ko,0,0.6466,-0.65,-0.65,1.0,전치·패널1,[전치] 14. 시도별 지가 변동률 (평균)(1993-2000) | 상업 용 For commerce
지가,2001,533,14. 시도별 지가 변동률(평균)(1993-2000),XIV. 물가 및 가계,상업 용 For commerce,대구,col-ko,0,0.7108,-1.38,-1.38,0.5,전치·패널1,[전치] 14. 시도별 지가 변동률 (평균)(1993-2000) | 상업 용 For commerce
지가,2001,533,14. 시도별 지가 변동률(평균)(1993-2000),XIV. 물가 및 가계,상업 용 For commerce,인천,col-ko,0,0.7771,-0.04,-0.04,1.0,전치·패널1,[전치] 14. 시도별 지가 변동률 (평균)(1993-2000) | 상업 용 For commerce
지가,2001,533,14. 시도별 지가 변동률(평균)(1993-2000),XIV. 물가 및 가계,상업 용 For commerce,광주,col-ko,0,0.8434,-2.00,-2.0,0.3,전치·패널1|저신뢰,[전치] 14. 시도별 지가 변동률 (평균)(1993-2000) | 상업 용 For commerce
지가,2001,533,14. 시도별 지가 변동률(평균)(1993-2000),XIV. 물가 및 가계,상업 용 For commerce,대전,col-ko,0,0.9117,-2.09,-2.09,0.5,전치·패널1,[전치] 14. 시도별 지가 변동률 (평균)(1993-2000) | 상업 용 For commerce
지가,2001,533,14. 시도별 지가 변동률(평균)(1993-2000),XIV. 물가 및 가계,임 야 Forest,전국,col-ko,0,0.3143,1.53,1.53,1.0,전치·패널1,[전치] 14. 시도별 지가 변동률 (평균)(1993-2000) | 임 야 Forest
지가,2001,533,14. 시도별 지가 변동률(평균)(1993-2000),XIV. 물가 및 가계,임 야 Forest,서울,col-ko,0,0.5823,-0.29,-0.29,1.0,전치·패널1,[전치] 14. 시도별 지가 변동률 (평균)(1993-2000) | 임 야 Forest
지가,2001,533,14. 시도별 지가 변동률(평균)(1993-2000),XIV. 물가 및 가계,임 야 Forest,부산,col-ko,0,0.6466,-0.84,-0.84,1.0,전치·패널1,[전치] 14. 시도별 지가 변동률 (평균)(1993-2000) | 임 야 Forest
지가,2001,533,14. 시도별 지가 변동률(평균)(1993-2000),XIV. 물가 및 가계,임 야 Forest,대구,col-ko,0,0.7108,1.60,1.6,0.5,전치·패널1,[전치] 14. 시도별 지가 변동률 (평균)(1993-2000) | 임 야 Forest
지가,2001,533,14. 시도별 지가 변동률(평균)(1993-2000),XIV. 물가 및 가계,임 야 Forest,인천,col-ko,0,0.7771,8.93,8.93,1.0,전치·패널1,[전치] 14. 시도별 지가 변동률 (평균)(1993-2000) | 임 야 Forest
지가,2001,533,14. 시도별 지가 변동률(평균)(1993-2000),XIV. 물가 및 가계,임 야 Forest,광주,col-ko,0,0.8434,1.28,1.28,1.0,전치·패널1,[전치] 14. 시도별 지가 변동률 (평균)(1993-2000) | 임 야 Forest
지가,2001,533,14. 시도별 지가 변동률(평균)(1993-2000),XIV. 물가 및 가계,임 야 Forest,대전,col-ko,0,0.9117,0. 48,0.48,1.0,전치·패널1,[전치] 14. 시도별 지가 변동률 (평균)(1993-2000) | 임 야 Forest
지가,2001,533,14. 시도별 지가 변동률(평균)(1993-2000),XIV. 물가 및 가계,공장용지 Faciory,전국,col-ko,0,0.3143,0.87,0.87,0.5,전치·패널1,[전치] 14. 시도별 지가 변동률 (평균)(1993-2000) | 공장용지 Faciory
지가,2001,533,14. 시도별 지가 변동률(평균)(1993-2000),XIV. 물가 및 가계,공장용지 Faciory,서울,col-ko,0,0.5823,0.65,0.65,1.0,전치·패널1,[전치] 14. 시도별 지가 변동률 (평균)(1993-2000) | 공장용지 Faciory
지가,2001,533,14. 시도별 지가 변동률(평균)(1993-2000),XIV. 물가 및 가계,공장용지 Faciory,부산,col-ko,0,0.6466,-0.80,-0.8,1.0,전치·패널1,[전치] 14. 시도별 지가 변동률 (평균)(1993-2000) | 공장용지 Faciory
지가,2001,533,14. 시도별 지가 변동률(평균)(1993-2000),XIV. 물가 및 가계,공장용지 Faciory,대구,col-ko,0,0.7108,-0.81,-0.81,1.0,전치·패널1,[전치] 14. 시도별 지가 변동률 (평균)(1993-2000) | 공장용지 Faciory
지가,2001,533,14. 시도별 지가 변동률(평균)(1993-2000),XIV. 물가 및 가계,공장용지 Faciory,인천,col-ko,0,0.7771,0.77,0.77,1.0,전치·패널1,[전치] 14. 시도별 지가 변동률 (평균)(1993-2000) | 공장용지 Faciory
지가,2001,533,14. 시도별 지가 변동률(평균)(1993-2000),XIV. 물가 및 가계,공장용지 Faciory,광주,col-ko,0,0.8434,1.32,1.32,0.5,전치·패널1,[전치] 14. 시도별 지가 변동률 (평균)(1993-2000) | 공장용지 Faciory
지가,2001,533,14. 시도별 지가 변동률(평균)(1993-2000),XIV. 물가 및 가계,공장용지 Faciory,대전,col-ko,0,0.9117,0.19,0.19,1.0,전치·패널1,[전치] 14. 시도별 지가 변동률 (평균)(1993-2000) | 공장용지 Faciory
지가,2001,533,14. 시도별 지가 변동률(평균)(1993-2000),XIV. 물가 및 가계,타 Others,전국,col-ko,0,0.3143,0.66,0.66,1.0,전치·패널1,[전치] 14. 시도별 지가 변동률 (평균)(1993-2000) | 타 Others
지가,2001,533,14. 시도별 지가 변동률(평균)(1993-2000),XIV. 물가 및 가계,타 Others,서울,col-ko,0,0.5823,-0.02,-0.02,0.5,전치·패널1,[전치] 14. 시도별 지가 변동률 (평균)(1993-2000) | 타 Others
지가,2001,533,14. 시도별 지가 변동률(평균)(1993-2000),XIV. 물가 및 가계,타 Others,부산,col-ko,0,0.6466,-0.71,-0.71,1.0,전치·패널1,[전치] 14. 시도별 지가 변동률 (평균)(1993-2000) | 타 Others
지가,2001,533,14. 시도별 지가 변동률(평균)(1993-2000),XIV. 물가 및 가계,타 Others,대구,col-ko,0,0.7108,-1.40,-1.4,0.5,전치·패널1,[전치] 14. 시도별 지가 변동률 (평균)(1993-2000) | 타 Others
지가,2001,533,14. 시도별 지가 변동률(평균)(1993-2000),XIV. 물가 및 가계,타 Others,인천,col-ko,0,0.7771,1.08,1.08,1.0,전치·패널1,[전치] 14. 시도별 지가 변동률 (평균)(1993-2000) | 타 Others
지가,2001,533,14. 시도별 지가 변동률(평균)(1993-2000),XIV. 물가 및 가계,타 Others,광주,col-ko,0,0.8434,-0.01,-0.01,1.0,전치·패널1,[전치] 14. 시도별 지가 변동률 (평균)(1993-2000) | 타 Others
지가,2001,533,14. 시도별 지가 변동률(평균)(1993-2000),XIV. 물가 및 가계,타 Others,대전,col-ko,0,0.9117,-0.20,-0.2,1.0,전치·패널1,[전치] 14. 시도별 지가 변동률 (평균)(1993-2000) | 타 Others
지가,2001,533,14. 시도별 지가 변동률(평균)(1993-2000),XIV. 물가 및 가계,1993,경기,col-ko,0,0.3875,-7.06,-7.06,1.0,전치·패널2,[전치] 1993
지가,2001,533,14. 시도별 지가 변동률(평균)(1993-2000),XIV. 물가 및 가계,1993,강원,col-ko,0,0.4548,-4.89,-4.89,1.0,전치·패널2,[전치] 1993
지가,2001,533,14. 시도별 지가 변동률(평균)(1993-2000),XIV. 물가 및 가계,1993,충북,col-ko,0,0.5211,-6.07,-6.07,1.0,전치·패널2,[전치] 1993
지가,2001,533,14. 시도별 지가 변동률(평균)(1993-2000),XIV. 물가 및 가계,1993,충남,col-ko,0,0.5863,-6.36,-6.36,1.0,전치·패널2,[전치] 1993
지가,2001,533,14. 시도별 지가 변동률(평균)(1993-2000),XIV. 물가 및 가계,1993,전북,col-ko,0,0.6506,-5.94,-5.94,0.5,전치·패널2,[전치] 1993
지가,2001,533,14. 시도별 지가 변동률(평균)(1993-2000),XIV. 물가 및 가계,1993,경북,col-ko,0,0.7811,-6.57,-6.57,1.0,전치·패널2,[전치] 1993
지가,2001,533,14. 시도별 지가 변동률(평균)(1993-2000),XIV. 물가 및 가계,1993,경남,col-ko,0,0.8464,-6.59,-6.59,1.0,전치·패널2,[전치] 1993
지가,2001,533,14. 시도별 지가 변동률(평균)(1993-2000),XIV. 물가 및 가계,1994 -,경기,col-ko,0,0.3875,-0.26,-0.26,1.0,전치·패널2,[전치] 1994 -
지가,2001,533,14. 시도별 지가 변동률(평균)(1993-2000),XIV. 물가 및 가계,1994 -,강원,col-ko,0,0.4548,-0.11,-0.11,1.0,전치·패널2,[전치] 1994 -
지가,2001,533,14. 시도별 지가 변동률(평균)(1993-2000),XIV. 물가 및 가계,1994 -,충북,col-ko,0,0.5211,-0.40,-0.4,0.5,전치·패널2,[전치] 1994 -
지가,2001,533,14. 시도별 지가 변동률(평균)(1993-2000),XIV. 물가 및 가계,1994 -,충남,col-ko,0,0.5863,-0.48,-0.48,1.0,전치·패널2,[전치] 1994 -
지가,2001,533,14. 시도별 지가 변동률(평균)(1993-2000),XIV. 물가 및 가계,1994 -,전북,col-ko,0,0.6506,-0.60,-0.6,0.5,전치·패널2,[전치] 1994 -
지가,2001,533,14. 시도별 지가 변동률(평균)(1993-2000),XIV. 물가 및 가계,1994 -,전남,col-ko,0,0.7149,-0.54,-0.54,1.0,전치·패널2,[전치] 1994 -
지가,2001,533,14. 시도별 지가 변동률(평균)(1993-2000),XIV. 물가 및 가계,1994 -,경북,col-ko,0,0.7811,0.63,0.63,1.0,전치·패널2,[전치] 1994 -
지가,2001,533,14. 시도별 지가 변동률(평균)(1993-2000),XIV. 물가 및 가계,1994 -,경남,col-ko,0,0.8464,-0.64,-0.64,1.0,전치·패널2,[전치] 1994 -
지가,2001,533,14. 시도별 지가 변동률(평균)(1993-2000),XIV. 물가 및 가계,1994 -,제주,col-ko,0,0.9116,-0.39,-0.39,1.0,전치·패널2,[전치] 1994 -
지가,2001,533,14. 시도별 지가 변동률(평균)(1993-2000),XIV. 물가 및 가계,1995,경기,col-ko,0,0.3875,1.46,1.46,1.0,전치·패널2,[전치] 1995
지가,2001,533,14. 시도별 지가 변동률(평균)(1993-2000),XIV. 물가 및 가계,1995,강원,col-ko,0,0.4548,1.13,1.13,1.0,전치·패널2,[전치] 1995
지가,2001,533,14. 시도별 지가 변동률(평균)(1993-2000),XIV. 물가 및 가계,1995,충북,col-ko,0,0.5211,0.39,0.39,1.0,전치·패널2,[전치] 1995
지가,2001,533,14. 시도별 지가 변동률(평균)(1993-2000),XIV. 물가 및 가계,1995,충남,col-ko,0,0.5863,-0.27,-0.27,1.0,전치·패널2,[전치] 1995
지가,2001,533,14. 시도별 지가 변동률(평균)(1993-2000),XIV. 물가 및 가계,1995,전북,col-ko,0,0.6506,0. 48,0.48,0.5,전치·패널2,[전치] 1995
지가,2001,533,14. 시도별 지가 변동률(평균)(1993-2000),XIV. 물가 및 가계,1995,전남,col-ko,0,0.7149,0.20,0.2,0.5,전치·패널2,[전치] 1995
지가,2001,533,14. 시도별 지가 변동률(평균)(1993-2000),XIV. 물가 및 가계,1995,경북,col-ko,0,0.7811,0.72,0.72,1.0,전치·패널2,[전치] 1995
지가,2001,533,14. 시도별 지가 변동률(평균)(1993-2000),XIV. 물가 및 가계,1995,경남,col-ko,0,0.8464,0.56,0.56,1.0,전치·패널2,[전치] 1995
지가,2001,533,14. 시도별 지가 변동률(평균)(1993-2000),XIV. 물가 및 가계,1995,제주,col-ko,0,0.9116,-0.15,-0.15,1.0,전치·패널2,[전치] 1995
지가,2001,533,14. 시도별 지가 변동률(평균)(1993-2000),XIV. 물가 및 가계,1996,경기,col-ko,0,0.3875,1.20,1.2,0.5,전치·패널2,[전치] 1996
지가,2001,533,14. 시도별 지가 변동률(평균)(1993-2000),XIV. 물가 및 가계,1996,강원,col-ko,0,0.4548,1.26,1.26,1.0,전치·패널2,[전치] 1996
지가,2001,533,14. 시도별 지가 변동률(평균)(1993-2000),XIV. 물가 및 가계,1996,충북,col-ko,0,0.5211,0.77,0.77,1.0,전치·패널2,[전치] 1996
지가,2001,533,14. 시도별 지가 변동률(평균)(1993-2000),XIV. 물가 및 가계,1996,충남,col-ko,0,0.5863,1.08,1.08,1.0,전치·패널2,[전치] 1996
지가,2001,533,14. 시도별 지가 변동률(평균)(1993-2000),XIV. 물가 및 가계,1996,전북,col-ko,0,0.6506,1.13,1.13,0.5,전치·패널2,[전치] 1996
지가,2001,533,14. 시도별 지가 변동률(평균)(1993-2000),XIV. 물가 및 가계,1996,전남,col-ko,0,0.7149,0.83,0.83,1.0,전치·패널2,[전치] 1996
지가,2001,533,14. 시도별 지가 변동률(평균)(1993-2000),XIV. 물가 및 가계,1996,경북,col-ko,0,0.7811,1.25,1.25,1.0,전치·패널2,[전치] 1996
지가,2001,533,14. 시도별 지가 변동률(평균)(1993-2000),XIV. 물가 및 가계,1996,경남,col-ko,0,0.8464,0.98,0.98,1.0,전치·패널2,[전치] 1996
지가,2001,533,14. 시도별 지가 변동률(평균)(1993-2000),XIV. 물가 및 가계,1996,제주,col-ko,0,0.9116,0.30,0.3,1.0,전치·패널2,[전치] 1996
지가,2001,533,14. 시도별 지가 변동률(평균)(1993-2000),XIV. 물가 및 가계,1997,경기,col-ko,0,0.3875,0.65,0.65,1.0,전치·패널2,[전치] 1997
지가,2001,533,14. 시도별 지가 변동률(평균)(1993-2000),XIV. 물가 및 가계,1997,강원,col-ko,0,0.4548,0.77,0.77,1.0,전치·패널2,[전치] 1997
지가,2001,533,14. 시도별 지가 변동률(평균)(1993-2000),XIV. 물가 및 가계,1997,충북,col-ko,0,0.5211,1.02,1.02,0.3,전치·패널2|저신뢰,[전치] 1997
지가,2001,533,14. 시도별 지가 변동률(평균)(1993-2000),XIV. 물가 및 가계,1997,충남,col-ko,0,0.5863,1.13,1.13,1.0,전치·패널2,[전치] 1997
지가,2001,533,14. 시도별 지가 변동률(평균)(1993-2000),XIV. 물가 및 가계,1997,전북,col-ko,0,0.6506,0.57,0.57,1.0,전치·패널2,[전치] 1997
지가,2001,533,14. 시도별 지가 변동률(평균)(1993-2000),XIV. 물가 및 가계,1997,전남,col-ko,0,0.7149,0.69,0.69,1.0,전치·패널2,[전치] 1997
지가,2001,533,14. 시도별 지가 변동률(평균)(1993-2000),XIV. 물가 및 가계,1997,경북,col-ko,0,0.7811,0.38,0.38,1.0,전치·패널2,[전치] 1997
지가,2001,533,14. 시도별 지가 변동률(평균)(1993-2000),XIV. 물가 및 가계,1997,경남,col-ko,0,0.8464,0.26,0.26,1.0,전치·패널2,[전치] 1997
지가,2001,533,14. 시도별 지가 변동률(평균)(1993-2000),XIV. 물가 및 가계,1997,제주,col-ko,0,0.9116,0.38,0.38,1.0,전치·패널2,[전치] 1997
지가,2001,533,14. 시도별 지가 변동률(평균)(1993-2000),XIV. 물가 및 가계,1998,울산,col-ko,0,0.3203,-13.54,-13.54,1.0,전치·패널2,[전치] 1998
지가,2001,533,14. 시도별 지가 변동률(평균)(1993-2000),XIV. 물가 및 가계,1998,경기,col-ko,0,0.3875,-14.65,-14.65,0.5,전치·패널2,[전치] 1998
지가,2001,533,14. 시도별 지가 변동률(평균)(1993-2000),XIV. 물가 및 가계,1998,강원,col-ko,0,0.4548,-8.30,-8.3,0.5,전치·패널2,[전치] 1998
지가,2001,533,14. 시도별 지가 변동률(평균)(1993-2000),XIV. 물가 및 가계,1998,충북,col-ko,0,0.5211,-7.13,-7.13,1.0,전치·패널2,[전치] 1998
지가,2001,533,14. 시도별 지가 변동률(평균)(1993-2000),XIV. 물가 및 가계,1998,충남,col-ko,0,0.5863,-7.11,-7.11,1.0,전치·패널2,[전치] 1998
지가,2001,533,14. 시도별 지가 변동률(평균)(1993-2000),XIV. 물가 및 가계,1998,전북,col-ko,0,0.6506,-5.60,-5.6,1.0,전치·패널2,[전치] 1998
지가,2001,533,14. 시도별 지가 변동률(평균)(1993-2000),XIV. 물가 및 가계,1998,전남,col-ko,0,0.7149,-6.96,-6.96,1.0,전치·패널2,[전치] 1998
지가,2001,533,14. 시도별 지가 변동률(평균)(1993-2000),XIV. 물가 및 가계,1998,경북,col-ko,0,0.7811,-10.76,-10.76,1.0,전치·패널2,[전치] 1998
지가,2001,533,14. 시도별 지가 변동률(평균)(1993-2000),XIV. 물가 및 가계,1998,경남,col-ko,0,0.8464,-14.12,-14.12,1.0,전치·패널2,[전치] 1998
지가,2001,533,14. 시도별 지가 변동률(평균)(1993-2000),XIV. 물가 및 가계,1998,제주,col-ko,0,0.9116,-8.13,-8.13,1.0,전치·패널2,[전치] 1998
지가,2001,533,14. 시도별 지가 변동률(평균)(1993-2000),XIV. 물가 및 가계,1999,울산,col-ko,0,0.3203,1.50,1.5,1.0,전치·패널2,[전치] 1999
지가,2001,533,14. 시도별 지가 변동률(평균)(1993-2000),XIV. 물가 및 가계,1999,경기,col-ko,0,0.3875,4.52,4.52,1.0,전치·패널2,[전치] 1999
지가,2001,533,14. 시도별 지가 변동률(평균)(1993-2000),XIV. 물가 및 가계,1999,강원,col-ko,0,0.4548,2.50,2.5,1.0,전치·패널2,[전치] 1999
지가,2001,533,14. 시도별 지가 변동률(평균)(1993-2000),XIV. 물가 및 가계,1999,충북,col-ko,0,0.5211,4.10,4.1,1.0,전치·패널2,[전치] 1999
지가,2001,533,14. 시도별 지가 변동률(평균)(1993-2000),XIV. 물가 및 가계,1999,충남,col-ko,0,0.5863,3.18,3.18,1.0,전치·패널2,[전치] 1999
지가,2001,533,14. 시도별 지가 변동률(평균)(1993-2000),XIV. 물가 및 가계,1999,전북,col-ko,0,0.6506,2.17,2.17,1.0,전치·패널2,[전치] 1999
지가,2001,533,14. 시도별 지가 변동률(평균)(1993-2000),XIV. 물가 및 가계,1999,전남,col-ko,0,0.7149,4.50,4.5,1.0,전치·패널2,[전치] 1999
지가,2001,533,14. 시도별 지가 변동률(평균)(1993-2000),XIV. 물가 및 가계,1999,경북,col-ko,0,0.7811,2.73,2.73,1.0,전치·패널2,[전치] 1999
지가,2001,533,14. 시도별 지가 변동률(평균)(1993-2000),XIV. 물가 및 가계,1999,경남,col-ko,0,0.8464,2.21,2.21,0.5,전치·패널2,[전치] 1999
지가,2001,533,14. 시도별 지가 변동률(평균)(1993-2000),XIV. 물가 및 가계,1999,제주,col-ko,0,0.9116,6.82,6.82,1.0,전치·패널2,[전치] 1999
지가,2001,533,14. 시도별 지가 변동률(평균)(1993-2000),XIV. 물가 및 가계,2000,울산,col-ko,0,0.3203,-0.26,-0.26,1.0,전치·패널2,[전치] 2000
지가,2001,533,14. 시도별 지가 변동률(평균)(1993-2000),XIV. 물가 및 가계,2000,경기,col-ko,0,0.3875,1.92,1.92,1.0,전치·패널2,[전치] 2000
지가,2001,533,14. 시도별 지가 변동률(평균)(1993-2000),XIV. 물가 및 가계,2000,강원,col-ko,0,0.4548,1.39,1.39,1.0,전치·패널2,[전치] 2000
지가,2001,533,14. 시도별 지가 변동률(평균)(1993-2000),XIV. 물가 및 가계,2000,충북,col-ko,0,0.5211,1.12,1.12,1.0,전치·패널2,[전치] 2000
지가,2001,533,14. 시도별 지가 변동률(평균)(1993-2000),XIV. 물가 및 가계,2000,충남,col-ko,0,0.5863,1.18,1.18,1.0,전치·패널2,[전치] 2000
지가,2001,533,14. 시도별 지가 변동률(평균)(1993-2000),XIV. 물가 및 가계,2000,전북,col-ko,0,0.6506,1.13,1.13,1.0,전치·패널2,[전치] 2000
지가,2001,533,14. 시도별 지가 변동률(평균)(1993-2000),XIV. 물가 및 가계,2000,전남,col-ko,0,0.7149,1.94,1.94,1.0,전치·패널2,[전치] 2000
지가,2001,533,14. 시도별 지가 변동률(평균)(1993-2000),XIV. 물가 및 가계,2000,경북,col-ko,0,0.7811,0.72,0.72,0.5,전치·패널2,[전치] 2000
지가,2001,533,14. 시도별 지가 변동률(평균)(1993-2000),XIV. 물가 및 가계,2000,경남,col-ko,0,0.8464,1.15,1.15,1.0,전치·패널2,[전치] 2000
지가,2001,533,14. 시도별 지가 변동률(평균)(1993-2000),XIV. 물가 및 가계,2000,제주,col-ko,0,0.9116,2.18,2.18,1.0,전치·패널2,[전치] 2000
지가,2001,533,14. 시도별 지가 변동률(평균)(1993-2000),XIV. 물가 및 가계,주거 지 역 Dweling,울산,col-ko,0,0.3203,-0.49,-0.49,1.0,전치·패널2,[전치] 주거 지 역 Dweling
지가,2001,533,14. 시도별 지가 변동률(평균)(1993-2000),XIV. 물가 및 가계,주거 지 역 Dweling,경기,col-ko,0,0.3875,1.01,1.01,0.5,전치·패널2,[전치] 주거 지 역 Dweling
지가,2001,533,14. 시도별 지가 변동률(평균)(1993-2000),XIV. 물가 및 가계,주거 지 역 Dweling,강원,col-ko,0,0.4548,0.57,0.57,1.0,전치·패널2,[전치] 주거 지 역 Dweling
지가,2001,533,14. 시도별 지가 변동률(평균)(1993-2000),XIV. 물가 및 가계,주거 지 역 Dweling,충북,col-ko,0,0.5211,0.65,0.65,1.0,전치·패널2,[전치] 주거 지 역 Dweling
지가,2001,533,14. 시도별 지가 변동률(평균)(1993-2000),XIV. 물가 및 가계,주거 지 역 Dweling,충남,col-ko,0,0.5863,0.06,0.06,1.0,전치·패널2,[전치] 주거 지 역 Dweling
지가,2001,533,14. 시도별 지가 변동률(평균)(1993-2000),XIV. 물가 및 가계,주거 지 역 Dweling,전북,col-ko,0,0.6506,0.41,0.41,0.5,전치·패널2,[전치] 주거 지 역 Dweling
지가,2001,533,14. 시도별 지가 변동률(평균)(1993-2000),XIV. 물가 및 가계,주거 지 역 Dweling,전남,col-ko,0,0.7149,1.15,1.15,1.0,전치·패널2,[전치] 주거 지 역 Dweling
지가,2001,533,14. 시도별 지가 변동률(평균)(1993-2000),XIV. 물가 및 가계,주거 지 역 Dweling,경북,col-ko,0,0.7811,0.28,0.28,1.0,전치·패널2,[전치] 주거 지 역 Dweling
지가,2001,533,14. 시도별 지가 변동률(평균)(1993-2000),XIV. 물가 및 가계,주거 지 역 Dweling,경남,col-ko,0,0.8464,0.84,0.84,1.0,전치·패널2,[전치] 주거 지 역 Dweling
지가,2001,533,14. 시도별 지가 변동률(평균)(1993-2000),XIV. 물가 및 가계,주거 지 역 Dweling,제주,col-ko,0,0.9116,-0.52,-0.52,0.5,전치·패널2,[전치] 주거 지 역 Dweling
지가,2001,533,14. 시도별 지가 변동률(평균)(1993-2000),XIV. 물가 및 가계,상업지역 Commercial,울산,col-ko,0,0.3203,-3.25,-3.25,1.0,전치·패널2,[전치] 상업지역 Commercial
지가,2001,533,14. 시도별 지가 변동률(평균)(1993-2000),XIV. 물가 및 가계,상업지역 Commercial,경기,col-ko,0,0.3875,0.79,0.79,1.0,전치·패널2,[전치] 상업지역 Commercial
지가,2001,533,14. 시도별 지가 변동률(평균)(1993-2000),XIV. 물가 및 가계,상업지역 Commercial,강원,col-ko,0,0.4548,-0.14,-0.14,1.0,전치·패널2,[전치] 상업지역 Commercial
지가,2001,533,14. 시도별 지가 변동률(평균)(1993-2000),XIV. 물가 및 가계,상업지역 Commercial,충북,col-ko,0,0.5211,-1.21,-1.21,0.5,전치·패널2,[전치] 상업지역 Commercial
지가,2001,533,14. 시도별 지가 변동률(평균)(1993-2000),XIV. 물가 및 가계,상업지역 Commercial,충남,col-ko,0,0.5863,-0. 48,-0.48,1.0,전치·패널2,[전치] 상업지역 Commercial
지가,2001,533,14. 시도별 지가 변동률(평균)(1993-2000),XIV. 물가 및 가계,상업지역 Commercial,전남,col-ko,0,0.7149,-0.37,-0.37,1.0,전치·패널2,[전치] 상업지역 Commercial
지가,2001,533,14. 시도별 지가 변동률(평균)(1993-2000),XIV. 물가 및 가계,상업지역 Commercial,경북,col-ko,0,0.7811,-0.16,-0.16,1.0,전치·패널2,[전치] 상업지역 Commercial
지가,2001,533,14. 시도별 지가 변동률(평균)(1993-2000),XIV. 물가 및 가계,상업지역 Commercial,경남,col-ko,0,0.8464,0.24,0.24,1.0,전치·패널2,[전치] 상업지역 Commercial
지가,2001,533,14. 시도별 지가 변동률(평균)(1993-2000),XIV. 물가 및 가계,상업지역 Commercial,제주,col-ko,0,0.9116,-1.37,-1.37,1.0,전치·패널2,[전치] 상업지역 Commercial
지가,2001,533,14. 시도별 지가 변동률(평균)(1993-2000),XIV. 물가 및 가계,공업지 역 Industial 0.기,경기,col-ko,0,0.3875,2.16,2.16,0.5,전치·패널2,[전치] 공업지 역 Industial 0.기
지가,2001,533,14. 시도별 지가 변동률(평균)(1993-2000),XIV. 물가 및 가계,공업지 역 Industial 0.기,강원,col-ko,0,0.4548,0.58,0.58,1.0,전치·패널2,[전치] 공업지 역 Industial 0.기
지가,2001,533,14. 시도별 지가 변동률(평균)(1993-2000),XIV. 물가 및 가계,공업지 역 Industial 0.기,충북,col-ko,0,0.5211,0.33,0.33,1.0,전치·패널2,[전치] 공업지 역 Industial 0.기
지가,2001,533,14. 시도별 지가 변동률(평균)(1993-2000),XIV. 물가 및 가계,공업지 역 Industial 0.기,충남,col-ko,0,0.5863,0.05,0.05,1.0,전치·패널2,[전치] 공업지 역 Industial 0.기
지가,2001,533,14. 시도별 지가 변동률(평균)(1993-2000),XIV. 물가 및 가계,공업지 역 Industial 0.기,전북,col-ko,0,0.6506,0.91,0.91,1.0,전치·패널2,[전치] 공업지 역 Industial 0.기
지가,2001,533,14. 시도별 지가 변동률(평균)(1993-2000),XIV. 물가 및 가계,공업지 역 Industial 0.기,전남,col-ko,0,0.7149,1.44,1.44,1.0,전치·패널2,[전치] 공업지 역 Industial 0.기
지가,2001,533,14. 시도별 지가 변동률(평균)(1993-2000),XIV. 물가 및 가계,공업지 역 Industial 0.기,경북,col-ko,0,0.7811,0.22,0.22,1.0,전치·패널2,[전치] 공업지 역 Industial 0.기
지가,2001,533,14. 시도별 지가 변동률(평균)(1993-2000),XIV. 물가 및 가계,공업지 역 Industial 0.기,경남,col-ko,0,0.8464,0.54,0.54,1.0,전치·패널2,[전치] 공업지 역 Industial 0.기
지가,2001,533,14. 시도별 지가 변동률(평균)(1993-2000),XIV. 물가 및 가계,공업지 역 Industial 0.기,제주,col-ko,0,0.9116,-0.79,-0.79,1.0,전치·패널2,[전치] 공업지 역 Industial 0.기
지가,2001,533,14. 시도별 지가 변동률(평균)(1993-2000),XIV. 물가 및 가계,녹지지역Creen Belt,울산,col-ko,0,0.3203,1.81,1.81,1.0,전치·패널2,[전치] 녹지지역Creen Belt
지가,2001,533,14. 시도별 지가 변동률(평균)(1993-2000),XIV. 물가 및 가계,녹지지역Creen Belt,경기,col-ko,0,0.3875,2.92,2.92,1.0,전치·패널2,[전치] 녹지지역Creen Belt
지가,2001,533,14. 시도별 지가 변동률(평균)(1993-2000),XIV. 물가 및 가계,녹지지역Creen Belt,강원,col-ko,0,0.4548,3.73,3.73,0.5,전치·패널2,[전치] 녹지지역Creen Belt
지가,2001,533,14. 시도별 지가 변동률(평균)(1993-2000),XIV. 물가 및 가계,녹지지역Creen Belt,충북,col-ko,0,0.5211,4.16,4.16,1.0,전치·패널2,[전치] 녹지지역Creen Belt
지가,2001,533,14. 시도별 지가 변동률(평균)(1993-2000),XIV. 물가 및 가계,녹지지역Creen Belt,충남,col-ko,0,0.5863,1.81,1.81,0.5,전치·패널2,[전치] 녹지지역Creen Belt
지가,2001,533,14. 시도별 지가 변동률(평균)(1993-2000),XIV. 물가 및 가계,녹지지역Creen Belt,전북,col-ko,0,0.6506,2.77,2.77,1.0,전치·패널2,[전치] 녹지지역Creen Belt
지가,2001,533,14. 시도별 지가 변동률(평균)(1993-2000),XIV. 물가 및 가계,녹지지역Creen Belt,전남,col-ko,0,0.7149,2.46,2.46,1.0,전치·패널2,[전치] 녹지지역Creen Belt
지가,2001,533,14. 시도별 지가 변동률(평균)(1993-2000),XIV. 물가 및 가계,녹지지역Creen Belt,경북,col-ko,0,0.7811,1.38,1.38,0.5,전치·패널2,[전치] 녹지지역Creen Belt
지가,2001,533,14. 시도별 지가 변동률(평균)(1993-2000),XIV. 물가 및 가계,녹지지역Creen Belt,경남,col-ko,0,0.8464,2.29,2.29,0.5,전치·패널2,[전치] 녹지지역Creen Belt
지가,2001,533,14. 시도별 지가 변동률(평균)(1993-2000),XIV. 물가 및 가계,녹지지역Creen Belt,제주,col-ko,0,0.9116,9.78,9.78,1.0,전치·패널2,[전치] 녹지지역Creen Belt
지가,2001,533,14. 시도별 지가 변동률(평균)(1993-2000),XIV. 물가 및 가계,준도시지역Quasicity,울산,col-ko,0,0.3203,0.00,0.0,1.0,전치·패널2,[전치] 준도시지역Quasicity
지가,2001,533,14. 시도별 지가 변동률(평균)(1993-2000),XIV. 물가 및 가계,준도시지역Quasicity,경기,col-ko,0,0.3875,3.76,3.76,1.0,전치·패널2,[전치] 준도시지역Quasicity
지가,2001,533,14. 시도별 지가 변동률(평균)(1993-2000),XIV. 물가 및 가계,준도시지역Quasicity,강원,col-ko,0,0.4548,1.32,1.32,1.0,전치·패널2,[전치] 준도시지역Quasicity
지가,2001,533,14. 시도별 지가 변동률(평균)(1993-2000),XIV. 물가 및 가계,준도시지역Quasicity,충북,col-ko,0,0.5211,1.16,1.16,1.0,전치·패널2,[전치] 준도시지역Quasicity
지가,2001,533,14. 시도별 지가 변동률(평균)(1993-2000),XIV. 물가 및 가계,준도시지역Quasicity,충남,col-ko,0,0.5863,0.41,0.41,1.0,전치·패널2,[전치] 준도시지역Quasicity
지가,2001,533,14. 시도별 지가 변동률(평균)(1993-2000),XIV. 물가 및 가계,준도시지역Quasicity,전북,col-ko,0,0.6506,1.39,1.39,1.0,전치·패널2,[전치] 준도시지역Quasicity
지가,2001,533,14. 시도별 지가 변동률(평균)(1993-2000),XIV. 물가 및 가계,준도시지역Quasicity,전남,col-ko,0,0.7149,2.46,2.46,1.0,전치·패널2,[전치] 준도시지역Quasicity
지가,2001,533,14. 시도별 지가 변동률(평균)(1993-2000),XIV. 물가 및 가계,준도시지역Quasicity,경북,col-ko,0,0.7811,1.26,1.26,1.0,전치·패널2,[전치] 준도시지역Quasicity
지가,2001,533,14. 시도별 지가 변동률(평균)(1993-2000),XIV. 물가 및 가계,준도시지역Quasicity,경남,col-ko,0,0.8464,1.53,1.53,1.0,전치·패널2,[전치] 준도시지역Quasicity
지가,2001,533,14. 시도별 지가 변동률(평균)(1993-2000),XIV. 물가 및 가계,준도시지역Quasicity,제주,col-ko,0,0.9116,0.87,0.87,1.0,전치·패널2,[전치] 준도시지역Quasicity
지가,2001,533,14. 시도별 지가 변동률(평균)(1993-2000),XIV. 물가 및 가계,농림지역 Agriculnural,울산,col-ko,0,0.3203,1.29,1.29,1.0,전치·패널2,[전치] 농림지역 Agriculnural
지가,2001,533,14. 시도별 지가 변동률(평균)(1993-2000),XIV. 물가 및 가계,농림지역 Agriculnural,경기,col-ko,0,0.3875,3.52,3.52,1.0,전치·패널2,[전치] 농림지역 Agriculnural
지가,2001,533,14. 시도별 지가 변동률(평균)(1993-2000),XIV. 물가 및 가계,농림지역 Agriculnural,강원,col-ko,0,0.4548,2.11,2.11,1.0,전치·패널2,[전치] 농림지역 Agriculnural
지가,2001,533,14. 시도별 지가 변동률(평균)(1993-2000),XIV. 물가 및 가계,농림지역 Agriculnural,충북,col-ko,0,0.5211,1.08,1.08,1.0,전치·패널2,[전치] 농림지역 Agriculnural
지가,2001,533,14. 시도별 지가 변동률(평균)(1993-2000),XIV. 물가 및 가계,농림지역 Agriculnural,충남,col-ko,0,0.5863,2.47,2.47,1.0,전치·패널2,[전치] 농림지역 Agriculnural
지가,2001,533,14. 시도별 지가 변동률(평균)(1993-2000),XIV. 물가 및 가계,농림지역 Agriculnural,전북,col-ko,0,0.6506,2.99,2.99,1.0,전치·패널2,[전치] 농림지역 Agriculnural
지가,2001,533,14. 시도별 지가 변동률(평균)(1993-2000),XIV. 물가 및 가계,농림지역 Agriculnural,전남,col-ko,0,0.7149,3.21,3.21,0.5,전치·패널2,[전치] 농림지역 Agriculnural
지가,2001,533,14. 시도별 지가 변동률(평균)(1993-2000),XIV. 물가 및 가계,농림지역 Agriculnural,경북,col-ko,0,0.7811,1.52,1.52,0.5,전치·패널2,[전치] 농림지역 Agriculnural
지가,2001,533,14. 시도별 지가 변동률(평균)(1993-2000),XIV. 물가 및 가계,농림지역 Agriculnural,경남,col-ko,0,0.8464,2.52,2.52,1.0,전치·패널2,[전치] 농림지역 Agriculnural
지가,2001,533,14. 시도별 지가 변동률(평균)(1993-2000),XIV. 물가 및 가계,농림지역 Agriculnural,제주,col-ko,0,0.9116,-0.97,-0.97,1.0,전치·패널2,[전치] 농림지역 Agriculnural
지가,2001,533,14. 시도별 지가 변동률(평균)(1993-2000),XIV. 물가 및 가계,준농림지역Quasiagricuhtural,울산,col-ko,0,0.3203,-1.06,-1.06,1.0,전치·패널2,[전치] 준농림지역Quasiagricuhtural
지가,2001,533,14. 시도별 지가 변동률(평균)(1993-2000),XIV. 물가 및 가계,준농림지역Quasiagricuhtural,경기,col-ko,0,0.3875,2.38,2.38,1.0,전치·패널2,[전치] 준농림지역Quasiagricuhtural
지가,2001,533,14. 시도별 지가 변동률(평균)(1993-2000),XIV. 물가 및 가계,준농림지역Quasiagricuhtural,강원,col-ko,0,0.4548,2.10,2.1,1.0,전치·패널2,[전치] 준농림지역Quasiagricuhtural
지가,2001,533,14. 시도별 지가 변동률(평균)(1993-2000),XIV. 물가 및 가계,준농림지역Quasiagricuhtural,충북,col-ko,0,0.5211,1.12,1.12,1.0,전치·패널2,[전치] 준농림지역Quasiagricuhtural
지가,2001,533,14. 시도별 지가 변동률(평균)(1993-2000),XIV. 물가 및 가계,준농림지역Quasiagricuhtural,충남,col-ko,0,0.5863,1.56,1.56,0.5,전치·패널2,[전치] 준농림지역Quasiagricuhtural
지가,2001,533,14. 시도별 지가 변동률(평균)(1993-2000),XIV. 물가 및 가계,준농림지역Quasiagricuhtural,전북,col-ko,0,0.6506,2.20,2.2,0.5,전치·패널2,[전치] 준농림지역Quasiagricuhtural
지가,2001,533,14. 시도별 지가 변동률(평균)(1993-2000),XIV. 물가 및 가계,준농림지역Quasiagricuhtural,전남,col-ko,0,0.7149,3.35,3.35,0.5,전치·패널2,[전치] 준농림지역Quasiagricuhtural
지가,2001,533,14. 시도별 지가 변동률(평균)(1993-2000),XIV. 물가 및 가계,준농림지역Quasiagricuhtural,경북,col-ko,0,0.7811,1.27,1.27,1.0,전치·패널2,[전치] 준농림지역Quasiagricuhtural
지가,2001,533,14. 시도별 지가 변동률(평균)(1993-2000),XIV. 물가 및 가계,준농림지역Quasiagricuhtural,경남,col-ko,0,0.8464,1.98,1.98,0.5,전치·패널2,[전치] 준농림지역Quasiagricuhtural
지가,2001,533,14. 시도별 지가 변동률(평균)(1993-2000),XIV. 물가 및 가계,준농림지역Quasiagricuhtural,제주,col-ko,0,0.9116,-1.68,-1.68,0.5,전치·패널2,[전치] 준농림지역Quasiagricuhtural
지가,2001,533,14. 시도별 지가 변동률(평균)(1993-2000),XIV. 물가 및 가계,자연 환경보전지역 Narural evironment,울산,col-ko,0,0.3203,-0.42,-0.42,1.0,전치·패널2,[전치] 자연 환경보전지역 Narural evironment
지가,2001,533,14. 시도별 지가 변동률(평균)(1993-2000),XIV. 물가 및 가계,자연 환경보전지역 Narural evironment,경기,col-ko,0,0.3875,8.68,8.68,1.0,전치·패널2,[전치] 자연 환경보전지역 Narural evironment
지가,2001,533,14. 시도별 지가 변동률(평균)(1993-2000),XIV. 물가 및 가계,자연 환경보전지역 Narural evironment,강원,col-ko,0,0.4548,1.31,1.31,1.0,전치·패널2,[전치] 자연 환경보전지역 Narural evironment
지가,2001,533,14. 시도별 지가 변동률(평균)(1993-2000),XIV. 물가 및 가계,자연 환경보전지역 Narural evironment,충북,col-ko,0,0.5211,1.75,1.75,1.0,전치·패널2,[전치] 자연 환경보전지역 Narural evironment
지가,2001,533,14. 시도별 지가 변동률(평균)(1993-2000),XIV. 물가 및 가계,자연 환경보전지역 Narural evironment,충남,col-ko,0,0.5863,1.64,1.64,1.0,전치·패널2,[전치] 자연 환경보전지역 Narural evironment
지가,2001,533,14. 시도별 지가 변동률(평균)(1993-2000),XIV. 물가 및 가계,자연 환경보전지역 Narural evironment,전북,col-ko,0,0.6506,1.47,1.47,1.0,전치·패널2,[전치] 자연 환경보전지역 Narural evironment
지가,2001,533,14. 시도별 지가 변동률(평균)(1993-2000),XIV. 물가 및 가계,자연 환경보전지역 Narural evironment,전남,col-ko,0,0.7149,3.15,3.15,1.0,전치·패널2,[전치] 자연 환경보전지역 Narural evironment
지가,2001,533,14. 시도별 지가 변동률(평균)(1993-2000),XIV. 물가 및 가계,자연 환경보전지역 Narural evironment,경북,col-ko,0,0.7811,0.68,0.68,1.0,전치·패널2,[전치] 자연 환경보전지역 Narural evironment
지가,2001,533,14. 시도별 지가 변동률(평균)(1993-2000),XIV. 물가 및 가계,자연 환경보전지역 Narural evironment,경남,col-ko,0,0.8464,1.42,1.42,1.0,전치·패널2,[전치] 자연 환경보전지역 Narural evironment
지가,2001,533,14. 시도별 지가 변동률(평균)(1993-2000),XIV. 물가 및 가계,전 Dry paddies,울산,col-ko,0,0.3203,3.40,3.4,1.0,전치·패널2,[전치] 전 Dry paddies
지가,2001,533,14. 시도별 지가 변동률(평균)(1993-2000),XIV. 물가 및 가계,전 Dry paddies,경기,col-ko,0,0.3875,2.93,2.93,1.0,전치·패널2,[전치] 전 Dry paddies
지가,2001,533,14. 시도별 지가 변동률(평균)(1993-2000),XIV. 물가 및 가계,전 Dry paddies,강원,col-ko,0,0.4548,2.47,2.47,1.0,전치·패널2,[전치] 전 Dry paddies
지가,2001,533,14. 시도별 지가 변동률(평균)(1993-2000),XIV. 물가 및 가계,전 Dry paddies,충북,col-ko,0,0.5211,2.37,2.37,1.0,전치·패널2,[전치] 전 Dry paddies
지가,2001,533,14. 시도별 지가 변동률(평균)(1993-2000),XIV. 물가 및 가계,전 Dry paddies,충남,col-ko,0,0.5863,1.63,1.63,1.0,전치·패널2,[전치] 전 Dry paddies
지가,2001,533,14. 시도별 지가 변동률(평균)(1993-2000),XIV. 물가 및 가계,전 Dry paddies,전북,col-ko,0,0.6506,2.60,2.6,0.5,전치·패널2,[전치] 전 Dry paddies
지가,2001,533,14. 시도별 지가 변동률(평균)(1993-2000),XIV. 물가 및 가계,전 Dry paddies,전남,col-ko,0,0.7149,3.22,3.22,0.5,전치·패널2,[전치] 전 Dry paddies
지가,2001,533,14. 시도별 지가 변동률(평균)(1993-2000),XIV. 물가 및 가계,전 Dry paddies,경북,col-ko,0,0.7811,1.42,1.42,0.5,전치·패널2,[전치] 전 Dry paddies
지가,2001,533,14. 시도별 지가 변동률(평균)(1993-2000),XIV. 물가 및 가계,전 Dry paddies,경남,col-ko,0,0.8464,2.28,2.28,1.0,전치·패널2,[전치] 전 Dry paddies
지가,2001,533,14. 시도별 지가 변동률(평균)(1993-2000),XIV. 물가 및 가계,전 Dry paddies,제주,col-ko,0,0.9116,7.09,7.09,0.5,전치·패널2,[전치] 전 Dry paddies
지가,2001,533,14. 시도별 지가 변동률(평균)(1993-2000),XIV. 물가 및 가계,답 Rice ields,울산,col-ko,0,0.3203,0.88,0.88,1.0,전치·패널2,[전치] 답 Rice ields
지가,2001,533,14. 시도별 지가 변동률(평균)(1993-2000),XIV. 물가 및 가계,답 Rice ields,경기,col-ko,0,0.3875,3.28,3.28,1.0,전치·패널2,[전치] 답 Rice ields
지가,2001,533,14. 시도별 지가 변동률(평균)(1993-2000),XIV. 물가 및 가계,답 Rice ields,강원,col-ko,0,0.4548,2.56,2.56,1.0,전치·패널2,[전치] 답 Rice ields
지가,2001,533,14. 시도별 지가 변동률(평균)(1993-2000),XIV. 물가 및 가계,답 Rice ields,충북,col-ko,0,0.5211,2.32,2.32,0.5,전치·패널2,[전치] 답 Rice ields
지가,2001,533,14. 시도별 지가 변동률(평균)(1993-2000),XIV. 물가 및 가계,답 Rice ields,충남,col-ko,0,0.5863,2.52,2.52,1.0,전치·패널2,[전치] 답 Rice ields
지가,2001,533,14. 시도별 지가 변동률(평균)(1993-2000),XIV. 물가 및 가계,답 Rice ields,전북,col-ko,0,0.6506,3.26,3.26,0.5,전치·패널2,[전치] 답 Rice ields
지가,2001,533,14. 시도별 지가 변동률(평균)(1993-2000),XIV. 물가 및 가계,답 Rice ields,전남,col-ko,0,0.7149,3.30,3.3,0.5,전치·패널2,[전치] 답 Rice ields
지가,2001,533,14. 시도별 지가 변동률(평균)(1993-2000),XIV. 물가 및 가계,답 Rice ields,경북,col-ko,0,0.7811,1.65,1.65,1.0,전치·패널2,[전치] 답 Rice ields
지가,2001,533,14. 시도별 지가 변동률(평균)(1993-2000),XIV. 물가 및 가계,답 Rice ields,경남,col-ko,0,0.8464,2.40,2.4,0.5,전치·패널2,[전치] 답 Rice ields
지가,2001,533,14. 시도별 지가 변동률(평균)(1993-2000),XIV. 물가 및 가계,답 Rice ields,제주,col-ko,0,0.9116,-0.05,-0.05,0.5,전치·패널2,[전치] 답 Rice ields
지가,2001,533,14. 시도별 지가 변동률(평균)(1993-2000),XIV. 물가 및 가계,주거 용 For dweling,울산,col-ko,0,0.3203,-0.37,-0.37,0.5,전치·패널2,[전치] 주거 용 For dweling
지가,2001,533,14. 시도별 지가 변동률(평균)(1993-2000),XIV. 물가 및 가계,주거 용 For dweling,경기,col-ko,0,0.3875,1.36,1.36,1.0,전치·패널2,[전치] 주거 용 For dweling
지가,2001,533,14. 시도별 지가 변동률(평균)(1993-2000),XIV. 물가 및 가계,주거 용 For dweling,강원,col-ko,0,0.4548,1.09,1.09,1.0,전치·패널2,[전치] 주거 용 For dweling
지가,2001,533,14. 시도별 지가 변동률(평균)(1993-2000),XIV. 물가 및 가계,주거 용 For dweling,충북,col-ko,0,0.5211,0.95,0.95,0.5,전치·패널2,[전치] 주거 용 For dweling
지가,2001,533,14. 시도별 지가 변동률(평균)(1993-2000),XIV. 물가 및 가계,주거 용 For dweling,충남,col-ko,0,0.5863,0.60,0.6,1.0,전치·패널2,[전치] 주거 용 For dweling
지가,2001,533,14. 시도별 지가 변동률(평균)(1993-2000),XIV. 물가 및 가계,주거 용 For dweling,전북,col-ko,0,0.6506,0.60,0.6,1.0,전치·패널2,[전치] 주거 용 For dweling
지가,2001,533,14. 시도별 지가 변동률(평균)(1993-2000),XIV. 물가 및 가계,주거 용 For dweling,전남,col-ko,0,0.7149,1.38,1.38,1.0,전치·패널2,[전치] 주거 용 For dweling
지가,2001,533,14. 시도별 지가 변동률(평균)(1993-2000),XIV. 물가 및 가계,주거 용 For dweling,경북,col-ko,0,0.7811,0.40,0.4,0.5,전치·패널2,[전치] 주거 용 For dweling
지가,2001,533,14. 시도별 지가 변동률(평균)(1993-2000),XIV. 물가 및 가계,주거 용 For dweling,경남,col-ko,0,0.8464,0.95,0.95,1.0,전치·패널2,[전치] 주거 용 For dweling
지가,2001,533,14. 시도별 지가 변동률(평균)(1993-2000),XIV. 물가 및 가계,주거 용 For dweling,제주,col-ko,0,0.9116,-0.34,-0.34,1.0,전치·패널2,[전치] 주거 용 For dweling
지가,2001,533,14. 시도별 지가 변동률(평균)(1993-2000),XIV. 물가 및 가계,상 업 용 For commerce,울산,col-ko,0,0.3203,-2.08,-2.08,1.0,전치·패널2,[전치] 상 업 용 For commerce
지가,2001,533,14. 시도별 지가 변동률(평균)(1993-2000),XIV. 물가 및 가계,상 업 용 For commerce,경기,col-ko,0,0.3875,1.0,1.0,0.5,전치·패널2,[전치] 상 업 용 For commerce
지가,2001,533,14. 시도별 지가 변동률(평균)(1993-2000),XIV. 물가 및 가계,상 업 용 For commerce,강원,col-ko,0,0.4548,0.01,0.01,1.0,전치·패널2,[전치] 상 업 용 For commerce
지가,2001,533,14. 시도별 지가 변동률(평균)(1993-2000),XIV. 물가 및 가계,상 업 용 For commerce,충북,col-ko,0,0.5211,-0. 48,-0.48,0.5,전치·패널2,[전치] 상 업 용 For commerce
지가,2001,533,14. 시도별 지가 변동률(평균)(1993-2000),XIV. 물가 및 가계,상 업 용 For commerce,충남,col-ko,0,0.5863,-0.32,-0.32,1.0,전치·패널2,[전치] 상 업 용 For commerce
지가,2001,533,14. 시도별 지가 변동률(평균)(1993-2000),XIV. 물가 및 가계,상 업 용 For commerce,전북,col-ko,0,0.6506,-0.92,-0.92,1.0,전치·패널2,[전치] 상 업 용 For commerce
지가,2001,533,14. 시도별 지가 변동률(평균)(1993-2000),XIV. 물가 및 가계,상 업 용 For commerce,전남,col-ko,0,0.7149,-0.06,-0.06,1.0,전치·패널2,[전치] 상 업 용 For commerce
지가,2001,533,14. 시도별 지가 변동률(평균)(1993-2000),XIV. 물가 및 가계,상 업 용 For commerce,경북,col-ko,0,0.7811,-0.08,-0.08,1.0,전치·패널2,[전치] 상 업 용 For commerce
지가,2001,533,14. 시도별 지가 변동률(평균)(1993-2000),XIV. 물가 및 가계,상 업 용 For commerce,경남,col-ko,0,0.8464,0.40,0.4,0.5,전치·패널2,[전치] 상 업 용 For commerce
지가,2001,533,14. 시도별 지가 변동률(평균)(1993-2000),XIV. 물가 및 가계,상 업 용 For commerce,제주,col-ko,0,0.9116,-1.27,-1.27,1.0,전치·패널2,[전치] 상 업 용 For commerce
지가,2001,533,14. 시도별 지가 변동률(평균)(1993-2000),XIV. 물가 및 가계,임 야 Forest,울산,col-ko,0,0.3203,1.73,1.73,1.0,전치·패널2,[전치] 임 야 Forest
지가,2001,533,14. 시도별 지가 변동률(평균)(1993-2000),XIV. 물가 및 가계,임 야 Forest,경기,col-ko,0,0.3875,2.02,2.02,1.0,전치·패널2,[전치] 임 야 Forest
지가,2001,533,14. 시도별 지가 변동률(평균)(1993-2000),XIV. 물가 및 가계,임 야 Forest,충북,col-ko,0,0.5211,0.93,0.93,0.5,전치·패널2,[전치] 임 야 Forest
지가,2001,533,14. 시도별 지가 변동률(평균)(1993-2000),XIV. 물가 및 가계,임 야 Forest,충남,col-ko,0,0.5863,0.33,0.33,0.3,전치·패널2|저신뢰,[전치] 임 야 Forest
지가,2001,533,14. 시도별 지가 변동률(평균)(1993-2000),XIV. 물가 및 가계,임 야 Forest,전북,col-ko,0,0.6506,0.55,0.55,1.0,전치·패널2,[전치] 임 야 Forest
지가,2001,533,14. 시도별 지가 변동률(평균)(1993-2000),XIV. 물가 및 가계,임 야 Forest,전남,col-ko,0,0.7149,1.86,1.86,1.0,전치·패널2,[전치] 임 야 Forest
지가,2001,533,14. 시도별 지가 변동률(평균)(1993-2000),XIV. 물가 및 가계,임 야 Forest,경북,col-ko,0,0.7811,0.60,0.6,1.0,전치·패널2,[전치] 임 야 Forest
지가,2001,533,14. 시도별 지가 변동률(평균)(1993-2000),XIV. 물가 및 가계,임 야 Forest,경남,col-ko,0,0.8464,1.35,1.35,1.0,전치·패널2,[전치] 임 야 Forest
지가,2001,533,14. 시도별 지가 변동률(평균)(1993-2000),XIV. 물가 및 가계,임 야 Forest,제주,col-ko,0,0.9116,0.83,0.83,1.0,전치·패널2,[전치] 임 야 Forest
지가,2001,533,14. 시도별 지가 변동률(평균)(1993-2000),XIV. 물가 및 가계,공장용지 Factory,울산,col-ko,0,0.3203,0.59,0.59,1.0,전치·패널2,[전치] 공장용지 Factory
지가,2001,533,14. 시도별 지가 변동률(평균)(1993-2000),XIV. 물가 및 가계,공장용지 Factory,경기,col-ko,0,0.3875,2.63,2.63,1.0,전치·패널2,[전치] 공장용지 Factory
지가,2001,533,14. 시도별 지가 변동률(평균)(1993-2000),XIV. 물가 및 가계,공장용지 Factory,강원,col-ko,0,0.4548,0.50,0.5,1.0,전치·패널2,[전치] 공장용지 Factory
지가,2001,533,14. 시도별 지가 변동률(평균)(1993-2000),XIV. 물가 및 가계,공장용지 Factory,충북,col-ko,0,0.5211,0. 49,0.49,1.0,전치·패널2,[전치] 공장용지 Factory
지가,2001,533,14. 시도별 지가 변동률(평균)(1993-2000),XIV. 물가 및 가계,공장용지 Factory,충남,col-ko,0,0.5863,0.51,0.51,1.0,전치·패널2,[전치] 공장용지 Factory
지가,2001,533,14. 시도별 지가 변동률(평균)(1993-2000),XIV. 물가 및 가계,공장용지 Factory,전북,col-ko,0,0.6506,1.17,1.17,1.0,전치·패널2,[전치] 공장용지 Factory
지가,2001,533,14. 시도별 지가 변동률(평균)(1993-2000),XIV. 물가 및 가계,공장용지 Factory,전남,col-ko,0,0.7149,1.52,1.52,1.0,전치·패널2,[전치] 공장용지 Factory
지가,2001,533,14. 시도별 지가 변동률(평균)(1993-2000),XIV. 물가 및 가계,공장용지 Factory,경북,col-ko,0,0.7811,0.20,0.2,1.0,전치·패널2,[전치] 공장용지 Factory
지가,2001,533,14. 시도별 지가 변동률(평균)(1993-2000),XIV. 물가 및 가계,공장용지 Factory,경남,col-ko,0,0.8464,0.51,0.51,1.0,전치·패널2,[전치] 공장용지 Factory
지가,2001,533,14. 시도별 지가 변동률(평균)(1993-2000),XIV. 물가 및 가계,공장용지 Factory,제주,col-ko,0,0.9116,-0.57,-0.57,0.5,전치·패널2,[전치] 공장용지 Factory
지가,2001,533,14. 시도별 지가 변동률(평균)(1993-2000),XIV. 물가 및 가계,기 타 others,울산,col-ko,0,0.3203,0.25,0.25,1.0,전치·패널2,[전치] 기 타 others
지가,2001,533,14. 시도별 지가 변동률(평균)(1993-2000),XIV. 물가 및 가계,기 타 others,경기,col-ko,0,0.3875,2.04,2.04,1.0,전치·패널2,[전치] 기 타 others
지가,2001,533,14. 시도별 지가 변동률(평균)(1993-2000),XIV. 물가 및 가계,기 타 others,강원,col-ko,0,0.4548,1.11,1.11,1.0,전치·패널2,[전치] 기 타 others
지가,2001,533,14. 시도별 지가 변동률(평균)(1993-2000),XIV. 물가 및 가계,기 타 others,충북,col-ko,0,0.5211,0.,0.0,1.0,전치·패널2,[전치] 기 타 others
지가,2001,533,14. 시도별 지가 변동률(평균)(1993-2000),XIV. 물가 및 가계,기 타 others,충남,col-ko,0,0.5863,0.,0.0,1.0,전치·패널2,[전치] 기 타 others
지가,2001,533,14. 시도별 지가 변동률(평균)(1993-2000),XIV. 물가 및 가계,기 타 others,전북,col-ko,0,0.6506,0.31,0.31,0.5,전치·패널2,[전치] 기 타 others
지가,2001,533,14. 시도별 지가 변동률(평균)(1993-2000),XIV. 물가 및 가계,기 타 others,전남,col-ko,0,0.7149,1.96,1.96,0.5,전치·패널2,[전치] 기 타 others
지가,2001,533,14. 시도별 지가 변동률(평균)(1993-2000),XIV. 물가 및 가계,기 타 others,경북,col-ko,0,0.7811,0.78,0.78,1.0,전치·패널2,[전치] 기 타 others
지가,2001,533,14. 시도별 지가 변동률(평균)(1993-2000),XIV. 물가 및 가계,기 타 others,경남,col-ko,0,0.8464,1.32,1.32,1.0,전치·패널2,[전치] 기 타 others
지가,2001,533,14. 시도별 지가 변동률(평균)(1993-2000),XIV. 물가 및 가계,기 타 others,제주,col-ko,0,0.9116,5.09,5.09,1.0,전치·패널2,[전치] 기 타 others
지가,2002,543,22. 시도별 지가 변동률(평균)(1994~2001),XIV. 물가 및 가계,1994,전국,col-ko,0,0.3197,-0.57,-0.57,1.0,전치·패널1,[전치] 22. 시도별 지가 변동률 (평균)(1994~2001) | 1994
지가,2002,543,22. 시도별 지가 변동률(평균)(1994~2001),XIV. 물가 및 가계,1994,서울,col-ko,0,0.584,-1.36,-1.36,1.0,전치·패널1,[전치] 22. 시도별 지가 변동률 (평균)(1994~2001) | 1994
지가,2002,543,22. 시도별 지가 변동률(평균)(1994~2001),XIV. 물가 및 가계,1994,부산,col-ko,0,0.6506,-0.35,-0.35,1.0,전치·패널1,[전치] 22. 시도별 지가 변동률 (평균)(1994~2001) | 1994
지가,2002,543,22. 시도별 지가 변동률(평균)(1994~2001),XIV. 물가 및 가계,1994,대구,col-ko,0,0.7131,0.87,0.87,1.0,전치·패널1,[전치] 22. 시도별 지가 변동률 (평균)(1994~2001) | 1994
지가,2002,543,22. 시도별 지가 변동률(평균)(1994~2001),XIV. 물가 및 가계,1994,인천,col-ko,0,0.7777,0.07,0.07,1.0,전치·패널1,[전치] 22. 시도별 지가 변동률 (평균)(1994~2001) | 1994
지가,2002,543,22. 시도별 지가 변동률(평균)(1994~2001),XIV. 물가 및 가계,1994,광주,col-ko,0,0.8422,-0.26,-0.26,1.0,전치·패널1,[전치] 22. 시도별 지가 변동률 (평균)(1994~2001) | 1994
지가,2002,543,22. 시도별 지가 변동률(평균)(1994~2001),XIV. 물가 및 가계,1994,대전,col-ko,0,0.9047,-0.59,-0.59,1.0,전치·패널1,[전치] 22. 시도별 지가 변동률 (평균)(1994~2001) | 1994
지가,2002,543,22. 시도별 지가 변동률(평균)(1994~2001),XIV. 물가 및 가계,1995,전국,col-ko,0,0.3197,0.55,0.55,1.0,전치·패널1,[전치] 22. 시도별 지가 변동률 (평균)(1994~2001) | 1995
지가,2002,543,22. 시도별 지가 변동률(평균)(1994~2001),XIV. 물가 및 가계,1995,서울,col-ko,0,0.584,0.18,0.18,1.0,전치·패널1,[전치] 22. 시도별 지가 변동률 (평균)(1994~2001) | 1995
지가,2002,543,22. 시도별 지가 변동률(평균)(1994~2001),XIV. 물가 및 가계,1995,부산,col-ko,0,0.6506,0.14,0.14,1.0,전치·패널1,[전치] 22. 시도별 지가 변동률 (평균)(1994~2001) | 1995
지가,2002,543,22. 시도별 지가 변동률(평균)(1994~2001),XIV. 물가 및 가계,1995,대구,col-ko,0,0.7131,1.27,1.27,1.0,전치·패널1,[전치] 22. 시도별 지가 변동률 (평균)(1994~2001) | 1995
지가,2002,543,22. 시도별 지가 변동률(평균)(1994~2001),XIV. 물가 및 가계,1995,인천,col-ko,0,0.7777,0.58,0.58,1.0,전치·패널1,[전치] 22. 시도별 지가 변동률 (평균)(1994~2001) | 1995
지가,2002,543,22. 시도별 지가 변동률(평균)(1994~2001),XIV. 물가 및 가계,1995,광주,col-ko,0,0.8422,1.44,1.44,1.0,전치·패널1,[전치] 22. 시도별 지가 변동률 (평균)(1994~2001) | 1995
지가,2002,543,22. 시도별 지가 변동률(평균)(1994~2001),XIV. 물가 및 가계,1995,대전,col-ko,0,0.9047,-0.47,-0.47,1.0,전치·패널1,[전치] 22. 시도별 지가 변동률 (평균)(1994~2001) | 1995
지가,2002,543,22. 시도별 지가 변동률(평균)(1994~2001),XIV. 물가 및 가계,1996,전국,col-ko,0,0.3197,0.95,0.95,1.0,전치·패널1,[전치] 22. 시도별 지가 변동률 (평균)(1994~2001) | 1996
지가,2002,543,22. 시도별 지가 변동률(평균)(1994~2001),XIV. 물가 및 가계,1996,서울,col-ko,0,0.584,0.94,0.94,1.0,전치·패널1,[전치] 22. 시도별 지가 변동률 (평균)(1994~2001) | 1996
지가,2002,543,22. 시도별 지가 변동률(평균)(1994~2001),XIV. 물가 및 가계,1996,부산,col-ko,0,0.6506,0.40,0.4,0.5,전치·패널1,[전치] 22. 시도별 지가 변동률 (평균)(1994~2001) | 1996
지가,2002,543,22. 시도별 지가 변동률(평균)(1994~2001),XIV. 물가 및 가계,1996,대구,col-ko,0,0.7131,1.09,1.09,0.5,전치·패널1,[전치] 22. 시도별 지가 변동률 (평균)(1994~2001) | 1996
지가,2002,543,22. 시도별 지가 변동률(평균)(1994~2001),XIV. 물가 및 가계,1996,인천,col-ko,0,0.7777,0.78,0.78,1.0,전치·패널1,[전치] 22. 시도별 지가 변동률 (평균)(1994~2001) | 1996
지가,2002,543,22. 시도별 지가 변동률(평균)(1994~2001),XIV. 물가 및 가계,1996,광주,col-ko,0,0.8422,1.16,1.16,1.0,전치·패널1,[전치] 22. 시도별 지가 변동률 (평균)(1994~2001) | 1996
지가,2002,543,22. 시도별 지가 변동률(평균)(1994~2001),XIV. 물가 및 가계,1996,대전,col-ko,0,0.9047,0.16,0.16,1.0,전치·패널1,[전치] 22. 시도별 지가 변동률 (평균)(1994~2001) | 1996
지가,2002,543,22. 시도별 지가 변동률(평균)(1994~2001),XIV. 물가 및 가계,1997,전국,col-ko,0,0.3197,0.31,0.31,1.0,전치·패널1,[전치] 22. 시도별 지가 변동률 (평균)(1994~2001) | 1997
지가,2002,543,22. 시도별 지가 변동률(평균)(1994~2001),XIV. 물가 및 가계,1997,서울,col-ko,0,0.584,0.29,0.29,1.0,전치·패널1,[전치] 22. 시도별 지가 변동률 (평균)(1994~2001) | 1997
지가,2002,543,22. 시도별 지가 변동률(평균)(1994~2001),XIV. 물가 및 가계,1997,부산,col-ko,0,0.6506,-0.90,-0.9,1.0,전치·패널1,[전치] 22. 시도별 지가 변동률 (평균)(1994~2001) | 1997
지가,2002,543,22. 시도별 지가 변동률(평균)(1994~2001),XIV. 물가 및 가계,1997,대구,col-ko,0,0.7131,-0.71,-0.71,0.5,전치·패널1,[전치] 22. 시도별 지가 변동률 (평균)(1994~2001) | 1997
지가,2002,543,22. 시도별 지가 변동률(평균)(1994~2001),XIV. 물가 및 가계,1997,인천,col-ko,0,0.7777,0.28,0.28,1.0,전치·패널1,[전치] 22. 시도별 지가 변동률 (평균)(1994~2001) | 1997
지가,2002,543,22. 시도별 지가 변동률(평균)(1994~2001),XIV. 물가 및 가계,1997,광주,col-ko,0,0.8422,0.67,0.67,1.0,전치·패널1,[전치] 22. 시도별 지가 변동률 (평균)(1994~2001) | 1997
지가,2002,543,22. 시도별 지가 변동률(평균)(1994~2001),XIV. 물가 및 가계,1997,대전,col-ko,0,0.9047,0.12,0.12,1.0,전치·패널1,[전치] 22. 시도별 지가 변동률 (평균)(1994~2001) | 1997
지가,2002,543,22. 시도별 지가 변동률(평균)(1994~2001),XIV. 물가 및 가계,1998,전국,col-ko,0,0.3197,-13.60,-13.6,1.0,전치·패널1,[전치] 22. 시도별 지가 변동률 (평균)(1994~2001) | 1998
지가,2002,543,22. 시도별 지가 변동률(평균)(1994~2001),XIV. 물가 및 가계,1998,서울,col-ko,0,0.584,-16.25,-16.25,1.0,전치·패널1,[전치] 22. 시도별 지가 변동률 (평균)(1994~2001) | 1998
지가,2002,543,22. 시도별 지가 변동률(평균)(1994~2001),XIV. 물가 및 가계,1998,부산,col-ko,0,0.6506,-16.52,-16.52,1.0,전치·패널1,[전치] 22. 시도별 지가 변동률 (평균)(1994~2001) | 1998
지가,2002,543,22. 시도별 지가 변동률(평균)(1994~2001),XIV. 물가 및 가계,1998,인천,col-ko,0,0.7777,-13.79,-13.79,1.0,전치·패널1,[전치] 22. 시도별 지가 변동률 (평균)(1994~2001) | 1998
지가,2002,543,22. 시도별 지가 변동률(평균)(1994~2001),XIV. 물가 및 가계,1998,광주,col-ko,0,0.8422,-10.25,-10.25,1.0,전치·패널1,[전치] 22. 시도별 지가 변동률 (평균)(1994~2001) | 1998
지가,2002,543,22. 시도별 지가 변동률(평균)(1994~2001),XIV. 물가 및 가계,1998,대전,col-ko,0,0.9047,-8.36,-8.36,1.0,전치·패널1,[전치] 22. 시도별 지가 변동률 (평균)(1994~2001) | 1998
지가,2002,543,22. 시도별 지가 변동률(평균)(1994~2001),XIV. 물가 및 가계,1999,전국,col-ko,0,0.3197,2.94,2.94,1.0,전치·패널1,[전치] 22. 시도별 지가 변동률 (평균)(1994~2001) | 1999
지가,2002,543,22. 시도별 지가 변동률(평균)(1994~2001),XIV. 물가 및 가계,1999,서울,col-ko,0,0.584,2.66,2.66,1.0,전치·패널1,[전치] 22. 시도별 지가 변동률 (평균)(1994~2001) | 1999
지가,2002,543,22. 시도별 지가 변동률(평균)(1994~2001),XIV. 물가 및 가계,1999,부산,col-ko,0,0.6506,1.24,1.24,0.5,전치·패널1,[전치] 22. 시도별 지가 변동률 (평균)(1994~2001) | 1999
지가,2002,543,22. 시도별 지가 변동률(평균)(1994~2001),XIV. 물가 및 가계,1999,대구,col-ko,0,0.7131,1.93,1.93,1.0,전치·패널1,[전치] 22. 시도별 지가 변동률 (평균)(1994~2001) | 1999
지가,2002,543,22. 시도별 지가 변동률(평균)(1994~2001),XIV. 물가 및 가계,1999,인천,col-ko,0,0.7777,3.51,3.51,1.0,전치·패널1,[전치] 22. 시도별 지가 변동률 (평균)(1994~2001) | 1999
지가,2002,543,22. 시도별 지가 변동률(평균)(1994~2001),XIV. 물가 및 가계,1999,광주,col-ko,0,0.8422,1.30,1.3,1.0,전치·패널1,[전치] 22. 시도별 지가 변동률 (평균)(1994~2001) | 1999
지가,2002,543,22. 시도별 지가 변동률(평균)(1994~2001),XIV. 물가 및 가계,1999,대전,col-ko,0,0.9047,0.38,0.38,1.0,전치·패널1,[전치] 22. 시도별 지가 변동률 (평균)(1994~2001) | 1999
지가,2002,543,22. 시도별 지가 변동률(평균)(1994~2001),XIV. 물가 및 가계,2000,전국,col-ko,0,0.3197,0.67,0.67,1.0,전치·패널1,[전치] 22. 시도별 지가 변동률 (평균)(1994~2001) | 2000
지가,2002,543,22. 시도별 지가 변동률(평균)(1994~2001),XIV. 물가 및 가계,2000,서울,col-ko,0,0.584,0.05,0.05,1.0,전치·패널1,[전치] 22. 시도별 지가 변동률 (평균)(1994~2001) | 2000
지가,2002,543,22. 시도별 지가 변동률(평균)(1994~2001),XIV. 물가 및 가계,2000,부산,col-ko,0,0.6506,-0.53,-0.53,0.5,전치·패널1,[전치] 22. 시도별 지가 변동률 (평균)(1994~2001) | 2000
지가,2002,543,22. 시도별 지가 변동률(평균)(1994~2001),XIV. 물가 및 가계,2000,대구,col-ko,0,0.7131,-1.05,-1.05,0.5,전치·패널1,[전치] 22. 시도별 지가 변동률 (평균)(1994~2001) | 2000
지가,2002,543,22. 시도별 지가 변동률(평균)(1994~2001),XIV. 물가 및 가계,2000,인천,col-ko,0,0.7777,1.07,1.07,1.0,전치·패널1,[전치] 22. 시도별 지가 변동률 (평균)(1994~2001) | 2000
지가,2002,543,22. 시도별 지가 변동률(평균)(1994~2001),XIV. 물가 및 가계,2000,광주,col-ko,0,0.8422,-0.31,-0.31,1.0,전치·패널1,[전치] 22. 시도별 지가 변동률 (평균)(1994~2001) | 2000
지가,2002,543,22. 시도별 지가 변동률(평균)(1994~2001),XIV. 물가 및 가계,2000,대전,col-ko,0,0.9047,-0.24,-0.24,0.5,전치·패널1,[전치] 22. 시도별 지가 변동률 (평균)(1994~2001) | 2000
지가,2002,543,22. 시도별 지가 변동률(평균)(1994~2001),XIV. 물가 및 가계,2001,전국,col-ko,0,0.3197,1.32,1.32,1.0,전치·패널1,[전치] 22. 시도별 지가 변동률 (평균)(1994~2001) | 2001
지가,2002,543,22. 시도별 지가 변동률(평균)(1994~2001),XIV. 물가 및 가계,2001,서울,col-ko,0,0.584,1.89,1.89,1.0,전치·패널1,[전치] 22. 시도별 지가 변동률 (평균)(1994~2001) | 2001
지가,2002,543,22. 시도별 지가 변동률(평균)(1994~2001),XIV. 물가 및 가계,2001,부산,col-ko,0,0.6506,0.49,0.49,0.5,전치·패널1,[전치] 22. 시도별 지가 변동률 (평균)(1994~2001) | 2001
지가,2002,543,22. 시도별 지가 변동률(평균)(1994~2001),XIV. 물가 및 가계,2001,대구,col-ko,0,0.7131,0.42,0.42,1.0,전치·패널1,[전치] 22. 시도별 지가 변동률 (평균)(1994~2001) | 2001
지가,2002,543,22. 시도별 지가 변동률(평균)(1994~2001),XIV. 물가 및 가계,2001,광주,col-ko,0,0.8422,-0.37,-0.37,1.0,전치·패널1,[전치] 22. 시도별 지가 변동률 (평균)(1994~2001) | 2001
지가,2002,543,22. 시도별 지가 변동률(평균)(1994~2001),XIV. 물가 및 가계,2001,대전,col-ko,0,0.9047,1.00,1.0,1.0,전치·패널1,[전치] 22. 시도별 지가 변동률 (평균)(1994~2001) | 2001
지가,2002,543,22. 시도별 지가 변동률(평균)(1994~2001),XIV. 물가 및 가계,주거 지역 Dweling,전국,col-ko,0,0.3197,1.27,1.27,1.0,전치·패널1,[전치] 22. 시도별 지가 변동률 (평균)(1994~2001) | 주거 지역 Dweling
지가,2002,543,22. 시도별 지가 변동률(평균)(1994~2001),XIV. 물가 및 가계,주거 지역 Dweling,부산,col-ko,0,0.6506,0.47,0.47,1.0,전치·패널1,[전치] 22. 시도별 지가 변동률 (평균)(1994~2001) | 주거 지역 Dweling
지가,2002,543,22. 시도별 지가 변동률(평균)(1994~2001),XIV. 물가 및 가계,주거 지역 Dweling,대구,col-ko,0,0.7131,0.38,0.38,1.0,전치·패널1,[전치] 22. 시도별 지가 변동률 (평균)(1994~2001) | 주거 지역 Dweling
지가,2002,543,22. 시도별 지가 변동률(평균)(1994~2001),XIV. 물가 및 가계,주거 지역 Dweling,광주,col-ko,0,0.8422,-0.57,-0.57,1.0,전치·패널1,[전치] 22. 시도별 지가 변동률 (평균)(1994~2001) | 주거 지역 Dweling
지가,2002,543,22. 시도별 지가 변동률(평균)(1994~2001),XIV. 물가 및 가계,주거 지역 Dweling,대전,col-ko,0,0.9047,0.89,0.89,1.0,전치·패널1,[전치] 22. 시도별 지가 변동률 (평균)(1994~2001) | 주거 지역 Dweling
지가,2002,543,22. 시도별 지가 변동률(평균)(1994~2001),XIV. 물가 및 가계,상업지역 Commercial,전국,col-ko,0,0.3197,0.58,0.58,1.0,전치·패널1,[전치] 22. 시도별 지가 변동률 (평균)(1994~2001) | 상업지역 Commercial
지가,2002,543,22. 시도별 지가 변동률(평균)(1994~2001),XIV. 물가 및 가계,상업지역 Commercial,부산,col-ko,0,0.6506,0.74,0.74,1.0,전치·패널1,[전치] 22. 시도별 지가 변동률 (평균)(1994~2001) | 상업지역 Commercial
지가,2002,543,22. 시도별 지가 변동률(평균)(1994~2001),XIV. 물가 및 가계,상업지역 Commercial,대구,col-ko,0,0.7131,-0.16,-0.16,1.0,전치·패널1,[전치] 22. 시도별 지가 변동률 (평균)(1994~2001) | 상업지역 Commercial
지가,2002,543,22. 시도별 지가 변동률(평균)(1994~2001),XIV. 물가 및 가계,상업지역 Commercial,광주,col-ko,0,0.8422,-2.45,-2.45,1.0,전치·패널1,[전치] 22. 시도별 지가 변동률 (평균)(1994~2001) | 상업지역 Commercial
지가,2002,543,22. 시도별 지가 변동률(평균)(1994~2001),XIV. 물가 및 가계,상업지역 Commercial,대전,col-ko,0,0.9047,0.36,0.36,1.0,전치·패널1,[전치] 22. 시도별 지가 변동률 (평균)(1994~2001) | 상업지역 Commercial
지가,2002,543,22. 시도별 지가 변동률(평균)(1994~2001),XIV. 물가 및 가계,공업지역 Industial,전국,col-ko,0,0.3197,0.79,0.79,1.0,전치·패널1,[전치] 22. 시도별 지가 변동률 (평균)(1994~2001) | 공업지역 Industial
지가,2002,543,22. 시도별 지가 변동률(평균)(1994~2001),XIV. 물가 및 가계,공업지역 Industial,서울,col-ko,0,0.584,1.07,1.07,1.0,전치·패널1,[전치] 22. 시도별 지가 변동률 (평균)(1994~2001) | 공업지역 Industial
지가,2002,543,22. 시도별 지가 변동률(평균)(1994~2001),XIV. 물가 및 가계,공업지역 Industial,부산,col-ko,0,0.6506,0. 09,0.09,1.0,전치·패널1,[전치] 22. 시도별 지가 변동률 (평균)(1994~2001) | 공업지역 Industial
지가,2002,543,22. 시도별 지가 변동률(평균)(1994~2001),XIV. 물가 및 가계,공업지역 Industial,대구,col-ko,0,0.7131,1.41,1.41,0.3,전치·패널1|저신뢰,[전치] 22. 시도별 지가 변동률 (평균)(1994~2001) | 공업지역 Industial
지가,2002,543,22. 시도별 지가 변동률(평균)(1994~2001),XIV. 물가 및 가계,공업지역 Industial,인천,col-ko,0,0.7777,1.52,1.52,1.0,전치·패널1,[전치] 22. 시도별 지가 변동률 (평균)(1994~2001) | 공업지역 Industial
지가,2002,543,22. 시도별 지가 변동률(평균)(1994~2001),XIV. 물가 및 가계,공업지역 Industial,광주,col-ko,0,0.8422,-0.08,-0.08,0.5,전치·패널1,[전치] 22. 시도별 지가 변동률 (평균)(1994~2001) | 공업지역 Industial
지가,2002,543,22. 시도별 지가 변동률(평균)(1994~2001),XIV. 물가 및 가계,공업지역 Industial,대전,col-ko,0,0.9047,1.80,1.8,1.0,전치·패널1,[전치] 22. 시도별 지가 변동률 (평균)(1994~2001) | 공업지역 Industial
지가,2002,543,22. 시도별 지가 변동률(평균)(1994~2001),XIV. 물가 및 가계,녹지지역 Green Belt,전국,col-ko,0,0.3197,2.55,2.55,1.0,전치·패널1,[전치] 22. 시도별 지가 변동률 (평균)(1994~2001) | 녹지지역 Green Belt
지가,2002,543,22. 시도별 지가 변동률(평균)(1994~2001),XIV. 물가 및 가계,녹지지역 Green Belt,서울,col-ko,0,0.584,1.52,1.52,0.5,전치·패널1,[전치] 22. 시도별 지가 변동률 (평균)(1994~2001) | 녹지지역 Green Belt
지가,2002,543,22. 시도별 지가 변동률(평균)(1994~2001),XIV. 물가 및 가계,녹지지역 Green Belt,부산,col-ko,0,0.6506,0.55,0.55,0.3,전치·패널1|저신뢰,[전치] 22. 시도별 지가 변동률 (평균)(1994~2001) | 녹지지역 Green Belt
지가,2002,543,22. 시도별 지가 변동률(평균)(1994~2001),XIV. 물가 및 가계,녹지지역 Green Belt,대구,col-ko,0,0.7131,1.01,1.01,0.5,전치·패널1,[전치] 22. 시도별 지가 변동률 (평균)(1994~2001) | 녹지지역 Green Belt
지가,2002,543,22. 시도별 지가 변동률(평균)(1994~2001),XIV. 물가 및 가계,녹지지역 Green Belt,인천,col-ko,0,0.7777,2.78,2.78,0.5,전치·패널1,[전치] 22. 시도별 지가 변동률 (평균)(1994~2001) | 녹지지역 Green Belt
지가,2002,543,22. 시도별 지가 변동률(평균)(1994~2001),XIV. 물가 및 가계,녹지지역 Green Belt,광주,col-ko,0,0.8422,2.55,2.55,1.0,전치·패널1,[전치] 22. 시도별 지가 변동률 (평균)(1994~2001) | 녹지지역 Green Belt
지가,2002,543,22. 시도별 지가 변동률(평균)(1994~2001),XIV. 물가 및 가계,녹지지역 Green Belt,대전,col-ko,0,0.9047,1.71,1.71,1.0,전치·패널1,[전치] 22. 시도별 지가 변동률 (평균)(1994~2001) | 녹지지역 Green Belt
지가,2002,543,22. 시도별 지가 변동률(평균)(1994~2001),XIV. 물가 및 가계,준도시지역QuaiCiy,전국,col-ko,0,0.3197,182,182,0.5,전치·패널1,[전치] 22. 시도별 지가 변동률 (평균)(1994~2001) | 준도시지역QuaiCiy
지가,2002,543,22. 시도별 지가 변동률(평균)(1994~2001),XIV. 물가 및 가계,준도시지역QuaiCiy,대구,col-ko,0,0.7131,0.00,0.0,1.0,전치·패널1,[전치] 22. 시도별 지가 변동률 (평균)(1994~2001) | 준도시지역QuaiCiy
지가,2002,543,22. 시도별 지가 변동률(평균)(1994~2001),XIV. 물가 및 가계,림지역 Agricultral,전국,col-ko,0,0.3197,0.66,0.66,1.0,전치·패널1,[전치] 22. 시도별 지가 변동률 (평균)(1994~2001) | 림지역 Agricultral
지가,2002,543,22. 시도별 지가 변동률(평균)(1994~2001),XIV. 물가 및 가계,림지역 Agricultral,대구,col-ko,0,0.7131,0.00,0.0,1.0,전치·패널1,[전치] 22. 시도별 지가 변동률 (평균)(1994~2001) | 림지역 Agricultral
지가,2002,543,22. 시도별 지가 변동률(평균)(1994~2001),XIV. 물가 및 가계,림지역 Agricultral,인천,col-ko,0,0.7777,0.11,0.11,0.5,전치·패널1,[전치] 22. 시도별 지가 변동률 (평균)(1994~2001) | 림지역 Agricultral
지가,2002,543,22. 시도별 지가 변동률(평균)(1994~2001),XIV. 물가 및 가계,준농림지역Cuasi-agrienhurail,전국,col-ko,0,0.3197,1.97,1.97,1.0,전치·패널1,[전치] 22. 시도별 지가 변동률 (평균)(1994~2001) | 준농림지역Cuasi-agrienhurail
지가,2002,543,22. 시도별 지가 변동률(평균)(1994~2001),XIV. 물가 및 가계,준농림지역Cuasi-agrienhurail,대구,col-ko,0,0.7131,0.00,0.0,0.5,전치·패널1,[전치] 22. 시도별 지가 변동률 (평균)(1994~2001) | 준농림지역Cuasi-agrienhurail
지가,2002,543,22. 시도별 지가 변동률(평균)(1994~2001),XIV. 물가 및 가계,준농림지역Cuasi-agrienhurail,인천,col-ko,0,0.7777,1.80,1.8,0.5,전치·패널1,[전치] 22. 시도별 지가 변동률 (평균)(1994~2001) | 준농림지역Cuasi-agrienhurail
지가,2002,543,22. 시도별 지가 변동률(평균)(1994~2001),XIV. 물가 및 가계,자연 환경 보전지역 Nafural ewirorment,전국,col-ko,0,0.3197,1.15,1.15,1.0,전치·패널1,[전치] 22. 시도별 지가 변동률 (평균)(1994~2001) | 자연 환경 보전지역 Nafural ewirorment
지가,2002,543,22. 시도별 지가 변동률(평균)(1994~2001),XIV. 물가 및 가계,전 Dry paddives,전국,col-ko,0,0.3197,2.29,2.29,1.0,전치·패널1,[전치] 22. 시도별 지가 변동률 (평균)(1994~2001) | 전 Dry paddives
지가,2002,543,22. 시도별 지가 변동률(평균)(1994~2001),XIV. 물가 및 가계,전 Dry paddives,서울,col-ko,0,0.584,1.04,1.04,1.0,전치·패널1,[전치] 22. 시도별 지가 변동률 (평균)(1994~2001) | 전 Dry paddives
지가,2002,543,22. 시도별 지가 변동률(평균)(1994~2001),XIV. 물가 및 가계,전 Dry paddives,부산,col-ko,0,0.6506,0.36,0.36,1.0,전치·패널1,[전치] 22. 시도별 지가 변동률 (평균)(1994~2001) | 전 Dry paddives
지가,2002,543,22. 시도별 지가 변동률(평균)(1994~2001),XIV. 물가 및 가계,전 Dry paddives,대구,col-ko,0,0.7131,1.14,1.14,1.0,전치·패널1,[전치] 22. 시도별 지가 변동률 (평균)(1994~2001) | 전 Dry paddives
지가,2002,543,22. 시도별 지가 변동률(평균)(1994~2001),XIV. 물가 및 가계,전 Dry paddives,인천,col-ko,0,0.7777,2.32,2.32,1.0,전치·패널1,[전치] 22. 시도별 지가 변동률 (평균)(1994~2001) | 전 Dry paddives
지가,2002,543,22. 시도별 지가 변동률(평균)(1994~2001),XIV. 물가 및 가계,전 Dry paddives,광주,col-ko,0,0.8422,1.86,1.86,0.5,전치·패널1,[전치] 22. 시도별 지가 변동률 (평균)(1994~2001) | 전 Dry paddives
지가,2002,543,22. 시도별 지가 변동률(평균)(1994~2001),XIV. 물가 및 가계,전 Dry paddives,대전,col-ko,0,0.9047,1.91,1.91,1.0,전치·패널1,[전치] 22. 시도별 지가 변동률 (평균)(1994~2001) | 전 Dry paddives
지가,2002,543,22. 시도별 지가 변동률(평균)(1994~2001),XIV. 물가 및 가계,답 Rice felds,전국,col-ko,0,0.3197,1.29,1.29,1.0,전치·패널1,[전치] 22. 시도별 지가 변동률 (평균)(1994~2001) | 답 Rice felds
지가,2002,543,22. 시도별 지가 변동률(평균)(1994~2001),XIV. 물가 및 가계,답 Rice felds,서울,col-ko,0,0.584,1.16,1.16,0.5,전치·패널1,[전치] 22. 시도별 지가 변동률 (평균)(1994~2001) | 답 Rice felds
지가,2002,543,22. 시도별 지가 변동률(평균)(1994~2001),XIV. 물가 및 가계,답 Rice felds,부산,col-ko,0,0.6506,0.70,0.7,1.0,전치·패널1,[전치] 22. 시도별 지가 변동률 (평균)(1994~2001) | 답 Rice felds
지가,2002,543,22. 시도별 지가 변동률(평균)(1994~2001),XIV. 물가 및 가계,답 Rice felds,대구,col-ko,0,0.7131,0.81,0.81,0.5,전치·패널1,[전치] 22. 시도별 지가 변동률 (평균)(1994~2001) | 답 Rice felds
지가,2002,543,22. 시도별 지가 변동률(평균)(1994~2001),XIV. 물가 및 가계,답 Rice felds,인천,col-ko,0,0.7777,2.36,2.36,1.0,전치·패널1,[전치] 22. 시도별 지가 변동률 (평균)(1994~2001) | 답 Rice felds
지가,2002,543,22. 시도별 지가 변동률(평균)(1994~2001),XIV. 물가 및 가계,답 Rice felds,광주,col-ko,0,0.8422,2.32,2.32,0.5,전치·패널1,[전치] 22. 시도별 지가 변동률 (평균)(1994~2001) | 답 Rice felds
지가,2002,543,22. 시도별 지가 변동률(평균)(1994~2001),XIV. 물가 및 가계,답 Rice felds,대전,col-ko,0,0.9047,1.18,1.18,1.0,전치·패널1,[전치] 22. 시도별 지가 변동률 (평균)(1994~2001) | 답 Rice felds
지가,2002,543,22. 시도별 지가 변동률(평균)(1994~2001),XIV. 물가 및 가계,주웟거 용 For dweling,전국,col-ko,0,0.3197,1.47,1.47,1.0,전치·패널1,[전치] 22. 시도별 지가 변동률 (평균)(1994~2001) | 주웟거 용 For dweling
지가,2002,543,22. 시도별 지가 변동률(평균)(1994~2001),XIV. 물가 및 가계,주웟거 용 For dweling,서울,col-ko,0,0.584,2.34,2.34,1.0,전치·패널1,[전치] 22. 시도별 지가 변동률 (평균)(1994~2001) | 주웟거 용 For dweling
지가,2002,543,22. 시도별 지가 변동률(평균)(1994~2001),XIV. 물가 및 가계,주웟거 용 For dweling,부산,col-ko,0,0.6506,0.44,0.44,1.0,전치·패널1,[전치] 22. 시도별 지가 변동률 (평균)(1994~2001) | 주웟거 용 For dweling
지가,2002,543,22. 시도별 지가 변동률(평균)(1994~2001),XIV. 물가 및 가계,주웟거 용 For dweling,대구,col-ko,0,0.7131,0.32,0.32,0.5,전치·패널1,[전치] 22. 시도별 지가 변동률 (평균)(1994~2001) | 주웟거 용 For dweling
지가,2002,543,22. 시도별 지가 변동률(평균)(1994~2001),XIV. 물가 및 가계,주웟거 용 For dweling,인천,col-ko,0,0.7777,2.59,2.59,0.5,전치·패널1,[전치] 22. 시도별 지가 변동률 (평균)(1994~2001) | 주웟거 용 For dweling
지가,2002,543,22. 시도별 지가 변동률(평균)(1994~2001),XIV. 물가 및 가계,주웟거 용 For dweling,광주,col-ko,0,0.8422,0.19,0.19,0.5,전치·패널1,[전치] 22. 시도별 지가 변동률 (평균)(1994~2001) | 주웟거 용 For dweling
지가,2002,543,22. 시도별 지가 변동률(평균)(1994~2001),XIV. 물가 및 가계,주웟거 용 For dweling,대전,col-ko,0,0.9047,1.11,1.11,0.5,전치·패널1,[전치] 22. 시도별 지가 변동률 (평균)(1994~2001) | 주웟거 용 For dweling
지가,2002,543,22. 시도별 지가 변동률(평균)(1994~2001),XIV. 물가 및 가계,상 업 용· For contmerce,전국,col-ko,0,0.3197,0.80,0.8,1.0,전치·패널1,[전치] 22. 시도별 지가 변동률 (평균)(1994~2001) | 상 업 용· For contmerce
지가,2002,543,22. 시도별 지가 변동률(평균)(1994~2001),XIV. 물가 및 가계,상 업 용· For contmerce,서울,col-ko,0,0.584,1.60,1.6,0.5,전치·패널1,[전치] 22. 시도별 지가 변동률 (평균)(1994~2001) | 상 업 용· For contmerce
지가,2002,543,22. 시도별 지가 변동률(평균)(1994~2001),XIV. 물가 및 가계,상 업 용· For contmerce,부산,col-ko,0,0.6506,0.72,0.72,0.5,전치·패널1,[전치] 22. 시도별 지가 변동률 (평균)(1994~2001) | 상 업 용· For contmerce
지가,2002,543,22. 시도별 지가 변동률(평균)(1994~2001),XIV. 물가 및 가계,상 업 용· For contmerce,대구,col-ko,0,0.7131,-0.07,-0.07,1.0,전치·패널1,[전치] 22. 시도별 지가 변동률 (평균)(1994~2001) | 상 업 용· For contmerce
지가,2002,543,22. 시도별 지가 변동률(평균)(1994~2001),XIV. 물가 및 가계,상 업 용· For contmerce,인천,col-ko,0,0.7777,0.60,0.6,1.0,전치·패널1,[전치] 22. 시도별 지가 변동률 (평균)(1994~2001) | 상 업 용· For contmerce
지가,2002,543,22. 시도별 지가 변동률(평균)(1994~2001),XIV. 물가 및 가계,상 업 용· For contmerce,대전,col-ko,0,0.9047,0.12,0.12,0.5,전치·패널1,[전치] 22. 시도별 지가 변동률 (평균)(1994~2001) | 상 업 용· For contmerce
지가,2002,543,22. 시도별 지가 변동률(평균)(1994~2001),XIV. 물가 및 가계,임 야 Forest,전국,col-ko,0,0.3197,1.48,1.48,1.0,전치·패널1,[전치] 22. 시도별 지가 변동률 (평균)(1994~2001) | 임 야 Forest
지가,2002,543,22. 시도별 지가 변동률(평균)(1994~2001),XIV. 물가 및 가계,임 야 Forest,서울,col-ko,0,0.584,0.61,0.61,0.5,전치·패널1,[전치] 22. 시도별 지가 변동률 (평균)(1994~2001) | 임 야 Forest
지가,2002,543,22. 시도별 지가 변동률(평균)(1994~2001),XIV. 물가 및 가계,임 야 Forest,부산,col-ko,0,0.6506,-0.09,-0.09,0.5,전치·패널1,[전치] 22. 시도별 지가 변동률 (평균)(1994~2001) | 임 야 Forest
지가,2002,543,22. 시도별 지가 변동률(평균)(1994~2001),XIV. 물가 및 가계,임 야 Forest,대구,col-ko,0,0.7131,0.74,0.74,0.5,전치·패널1,[전치] 22. 시도별 지가 변동률 (평균)(1994~2001) | 임 야 Forest
지가,2002,543,22. 시도별 지가 변동률(평균)(1994~2001),XIV. 물가 및 가계,임 야 Forest,인천,col-ko,0,0.7777,1.66,1.66,1.0,전치·패널1,[전치] 22. 시도별 지가 변동률 (평균)(1994~2001) | 임 야 Forest
지가,2002,543,22. 시도별 지가 변동률(평균)(1994~2001),XIV. 물가 및 가계,임 야 Forest,광주,col-ko,0,0.8422,0.83,0.83,1.0,전치·패널1,[전치] 22. 시도별 지가 변동률 (평균)(1994~2001) | 임 야 Forest
지가,2002,543,22. 시도별 지가 변동률(평균)(1994~2001),XIV. 물가 및 가계,임 야 Forest,대전,col-ko,0,0.9047,1.45,1.45,1.0,전치·패널1,[전치] 22. 시도별 지가 변동률 (평균)(1994~2001) | 임 야 Forest
지가,2002,543,22. 시도별 지가 변동률(평균)(1994~2001),XIV. 물가 및 가계,공장용지 Factory,전국,col-ko,0,0.3197,0.94,0.94,1.0,전치·패널1,[전치] 22. 시도별 지가 변동률 (평균)(1994~2001) | 공장용지 Factory
지가,2002,543,22. 시도별 지가 변동률(평균)(1994~2001),XIV. 물가 및 가계,공장용지 Factory,서울,col-ko,0,0.584,0.87,0.87,1.0,전치·패널1,[전치] 22. 시도별 지가 변동률 (평균)(1994~2001) | 공장용지 Factory
지가,2002,543,22. 시도별 지가 변동률(평균)(1994~2001),XIV. 물가 및 가계,공장용지 Factory,부산,col-ko,0,0.6506,0.19,0.19,0.5,전치·패널1,[전치] 22. 시도별 지가 변동률 (평균)(1994~2001) | 공장용지 Factory
지가,2002,543,22. 시도별 지가 변동률(평균)(1994~2001),XIV. 물가 및 가계,공장용지 Factory,대구,col-ko,0,0.7131,1.20,1.2,1.0,전치·패널1,[전치] 22. 시도별 지가 변동률 (평균)(1994~2001) | 공장용지 Factory
지가,2002,543,22. 시도별 지가 변동률(평균)(1994~2001),XIV. 물가 및 가계,공장용지 Factory,인천,col-ko,0,0.7777,1.56,1.56,1.0,전치·패널1,[전치] 22. 시도별 지가 변동률 (평균)(1994~2001) | 공장용지 Factory
지가,2002,543,22. 시도별 지가 변동률(평균)(1994~2001),XIV. 물가 및 가계,공장용지 Factory,광주,col-ko,0,0.8422,0.07,0.07,1.0,전치·패널1,[전치] 22. 시도별 지가 변동률 (평균)(1994~2001) | 공장용지 Factory
지가,2002,543,22. 시도별 지가 변동률(평균)(1994~2001),XIV. 물가 및 가계,공장용지 Factory,대전,col-ko,0,0.9047,1.40,1.4,1.0,전치·패널1,[전치] 22. 시도별 지가 변동률 (평균)(1994~2001) | 공장용지 Factory
지가,2002,543,22. 시도별 지가 변동률(평균)(1994~2001),XIV. 물가 및 가계,타 Others,전국,col-ko,0,0.3197,1.60,1.6,1.0,전치·패널1,[전치] 22. 시도별 지가 변동률 (평균)(1994~2001) | 타 Others
지가,2002,543,22. 시도별 지가 변동률(평균)(1994~2001),XIV. 물가 및 가계,타 Others,서울,col-ko,0,0.584,1.81,1.81,1.0,전치·패널1,[전치] 22. 시도별 지가 변동률 (평균)(1994~2001) | 타 Others
지가,2002,543,22. 시도별 지가 변동률(평균)(1994~2001),XIV. 물가 및 가계,타 Others,부산,col-ko,0,0.6506,0.21,0.21,1.0,전치·패널1,[전치] 22. 시도별 지가 변동률 (평균)(1994~2001) | 타 Others
지가,2002,543,22. 시도별 지가 변동률(평균)(1994~2001),XIV. 물가 및 가계,타 Others,대구,col-ko,0,0.7131,0.48,0.48,1.0,전치·패널1,[전치] 22. 시도별 지가 변동률 (평균)(1994~2001) | 타 Others
지가,2002,543,22. 시도별 지가 변동률(평균)(1994~2001),XIV. 물가 및 가계,타 Others,인천,col-ko,0,0.7777,1.54,1.54,1.0,전치·패널1,[전치] 22. 시도별 지가 변동률 (평균)(1994~2001) | 타 Others
지가,2002,543,22. 시도별 지가 변동률(평균)(1994~2001),XIV. 물가 및 가계,타 Others,광주,col-ko,0,0.8422,-0.11,-0.11,1.0,전치·패널1,[전치] 22. 시도별 지가 변동률 (평균)(1994~2001) | 타 Others
지가,2002,543,22. 시도별 지가 변동률(평균)(1994~2001),XIV. 물가 및 가계,타 Others,대전,col-ko,0,0.9047,1.42,1.42,1.0,전치·패널1,[전치] 22. 시도별 지가 변동률 (평균)(1994~2001) | 타 Others
지가,2002,543,22. 시도별 지가 변동률(평균)(1994~2001),XIV. 물가 및 가계,1994 -0.26,충북,col-en,0,0.5228,-0.40,-0.4,1.0,전치·패널3,[전치] 1994 -0.26
지가,2002,543,22. 시도별 지가 변동률(평균)(1994~2001),XIV. 물가 및 가계,1994 -0.26,충남,col-en,0,0.5879,-0.48,-0.48,1.0,전치·패널3,[전치] 1994 -0.26
지가,2002,543,22. 시도별 지가 변동률(평균)(1994~2001),XIV. 물가 및 가계,1994 -0.26,전북,col-en,0,0.6516,-0.60,-0.6,1.0,전치·패널3,[전치] 1994 -0.26
지가,2002,543,22. 시도별 지가 변동률(평균)(1994~2001),XIV. 물가 및 가계,1994 -0.26,제주,col-en,0,0.9109,-0.39,-0.39,0.5,전치·패널3,[전치] 1994 -0.26
지가,2002,543,22. 시도별 지가 변동률(평균)(1994~2001),XIV. 물가 및 가계,1995 1.46,충북,col-en,0,0.5228,0.39,0.39,0.5,전치·패널3,[전치] 1995 1.46
지가,2002,543,22. 시도별 지가 변동률(평균)(1994~2001),XIV. 물가 및 가계,1995 1.46,충남,col-en,0,0.5879,-0.27,-0.27,0.5,전치·패널3,[전치] 1995 1.46
지가,2002,543,22. 시도별 지가 변동률(평균)(1994~2001),XIV. 물가 및 가계,1995 1.46,전북,col-en,0,0.6516,0. 48,0.48,0.5,전치·패널3,[전치] 1995 1.46
지가,2002,543,22. 시도별 지가 변동률(평균)(1994~2001),XIV. 물가 및 가계,1995 1.46,제주,col-en,0,0.9109,-0.15,-0.15,1.0,전치·패널3,[전치] 1995 1.46
지가,2002,543,22. 시도별 지가 변동률(평균)(1994~2001),XIV. 물가 및 가계,1996 1.20,강원,col-en,0,0.4563,1.26,1.26,1.0,전치·패널3,[전치] 1996 1.20
지가,2002,543,22. 시도별 지가 변동률(평균)(1994~2001),XIV. 물가 및 가계,1996 1.20,충북,col-en,0,0.5228,0.77,0.77,1.0,전치·패널3,[전치] 1996 1.20
지가,2002,543,22. 시도별 지가 변동률(평균)(1994~2001),XIV. 물가 및 가계,1996 1.20,충남,col-en,0,0.5879,1.08,1.08,1.0,전치·패널3,[전치] 1996 1.20
지가,2002,543,22. 시도별 지가 변동률(평균)(1994~2001),XIV. 물가 및 가계,1996 1.20,전북,col-en,0,0.6516,1.13,1.13,1.0,전치·패널3,[전치] 1996 1.20
지가,2002,543,22. 시도별 지가 변동률(평균)(1994~2001),XIV. 물가 및 가계,1996 1.20,제주,col-en,0,0.9109,0.30,0.3,1.0,전치·패널3,[전치] 1996 1.20
지가,2002,543,22. 시도별 지가 변동률(평균)(1994~2001),XIV. 물가 및 가계,1997 0.0 0.65 0.?7,충북,col-en,0,0.5228,1.02,1.02,0.5,전치·패널3,[전치] 1997 0.0 0.65 0.?7
지가,2002,543,22. 시도별 지가 변동률(평균)(1994~2001),XIV. 물가 및 가계,1997 0.0 0.65 0.?7,충남,col-en,0,0.5879,1.13,1.13,0.5,전치·패널3,[전치] 1997 0.0 0.65 0.?7
지가,2002,543,22. 시도별 지가 변동률(평균)(1994~2001),XIV. 물가 및 가계,1997 0.0 0.65 0.?7,전북,col-en,0,0.6516,0.57,0.57,1.0,전치·패널3,[전치] 1997 0.0 0.65 0.?7
지가,2002,543,22. 시도별 지가 변동률(평균)(1994~2001),XIV. 물가 및 가계,1997 0.0 0.65 0.?7,제주,col-en,0,0.9109,0.38,0.38,1.0,전치·패널3,[전치] 1997 0.0 0.65 0.?7
지가,2002,543,22. 시도별 지가 변동률(평균)(1994~2001),XIV. 물가 및 가계,1998 -13.54 -14.65,강원,col-en,0,0.4563,-8.30,-8.3,0.5,전치·패널3,[전치] 1998 -13.54 -14.65
지가,2002,543,22. 시도별 지가 변동률(평균)(1994~2001),XIV. 물가 및 가계,1998 -13.54 -14.65,충북,col-en,0,0.5228,-7.13,-7.13,0.5,전치·패널3,[전치] 1998 -13.54 -14.65
지가,2002,543,22. 시도별 지가 변동률(평균)(1994~2001),XIV. 물가 및 가계,1998 -13.54 -14.65,충남,col-en,0,0.5879,-7.11,-7.11,1.0,전치·패널3,[전치] 1998 -13.54 -14.65
지가,2002,543,22. 시도별 지가 변동률(평균)(1994~2001),XIV. 물가 및 가계,1998 -13.54 -14.65,전북,col-en,0,0.6516,-5.60,-5.6,0.5,전치·패널3,[전치] 1998 -13.54 -14.65
지가,2002,543,22. 시도별 지가 변동률(평균)(1994~2001),XIV. 물가 및 가계,1998 -13.54 -14.65,제주,col-en,0,0.9109,-8.13,-8.13,1.0,전치·패널3,[전치] 1998 -13.54 -14.65
지가,2002,543,22. 시도별 지가 변동률(평균)(1994~2001),XIV. 물가 및 가계,1999 1.50 4.52,강원,col-en,0,0.4563,2.50,2.5,1.0,전치·패널3,[전치] 1999 1.50 4.52
지가,2002,543,22. 시도별 지가 변동률(평균)(1994~2001),XIV. 물가 및 가계,1999 1.50 4.52,충북,col-en,0,0.5228,4.10,4.1,1.0,전치·패널3,[전치] 1999 1.50 4.52
지가,2002,543,22. 시도별 지가 변동률(평균)(1994~2001),XIV. 물가 및 가계,1999 1.50 4.52,충남,col-en,0,0.5879,3.18,3.18,1.0,전치·패널3,[전치] 1999 1.50 4.52
지가,2002,543,22. 시도별 지가 변동률(평균)(1994~2001),XIV. 물가 및 가계,1999 1.50 4.52,전북,col-en,0,0.6516,2.17,2.17,1.0,전치·패널3,[전치] 1999 1.50 4.52
지가,2002,543,22. 시도별 지가 변동률(평균)(1994~2001),XIV. 물가 및 가계,1999 1.50 4.52,제주,col-en,0,0.9109,6.82,6.82,0.5,전치·패널3,[전치] 1999 1.50 4.52
지가,2002,543,22. 시도별 지가 변동률(평균)(1994~2001),XIV. 물가 및 가계,2000 -0.26 1.요,강원,col-en,0,0.4563,1.39,1.39,1.0,전치·패널3,[전치] 2000 -0.26 1.요
지가,2002,543,22. 시도별 지가 변동률(평균)(1994~2001),XIV. 물가 및 가계,2000 -0.26 1.요,충북,col-en,0,0.5228,1.12,1.12,1.0,전치·패널3,[전치] 2000 -0.26 1.요
지가,2002,543,22. 시도별 지가 변동률(평균)(1994~2001),XIV. 물가 및 가계,2000 -0.26 1.요,충남,col-en,0,0.5879,1.18,1.18,1.0,전치·패널3,[전치] 2000 -0.26 1.요
지가,2002,543,22. 시도별 지가 변동률(평균)(1994~2001),XIV. 물가 및 가계,2000 -0.26 1.요,전북,col-en,0,0.6516,1.13,1.13,0.5,전치·패널3,[전치] 2000 -0.26 1.요
지가,2002,543,22. 시도별 지가 변동률(평균)(1994~2001),XIV. 물가 및 가계,2000 -0.26 1.요,제주,col-en,0,0.9109,2.18,2.18,1.0,전치·패널3,[전치] 2000 -0.26 1.요
지가,2002,543,22. 시도별 지가 변동률(평균)(1994~2001),XIV. 물가 및 가계,2001 0.38,강원,col-en,0,0.4563,2.29,2.29,1.0,전치·패널3,[전치] 2001 0.38
지가,2002,543,22. 시도별 지가 변동률(평균)(1994~2001),XIV. 물가 및 가계,2001 0.38,충북,col-en,0,0.5228,0.41,0.41,1.0,전치·패널3,[전치] 2001 0.38
지가,2002,543,22. 시도별 지가 변동률(평균)(1994~2001),XIV. 물가 및 가계,2001 0.38,충남,col-en,0,0.5879,0.36,0.36,1.0,전치·패널3,[전치] 2001 0.38
지가,2002,543,22. 시도별 지가 변동률(평균)(1994~2001),XIV. 물가 및 가계,2001 0.38,전북,col-en,0,0.6516,-0.13,-0.13,1.0,전치·패널3,[전치] 2001 0.38
지가,2002,543,22. 시도별 지가 변동률(평균)(1994~2001),XIV. 물가 및 가계,2001 0.38,제주,col-en,0,0.9109,3.13,3.13,0.5,전치·패널3,[전치] 2001 0.38
지가,2002,543,22. 시도별 지가 변동률(평균)(1994~2001),XIV. 물가 및 가계,주웟거 쟤 역 Dwelling 0.60 1.18,강원,col-en,0,0.4563,0.05,0.05,1.0,전치·패널3,[전치] 주웟거 쟤 역 Dwelling 0.60 1.18
지가,2002,543,22. 시도별 지가 변동률(평균)(1994~2001),XIV. 물가 및 가계,주웟거 쟤 역 Dwelling 0.60 1.18,충북,col-en,0,0.5228,0.19,0.19,0.5,전치·패널3,[전치] 주웟거 쟤 역 Dwelling 0.60 1.18
지가,2002,543,22. 시도별 지가 변동률(평균)(1994~2001),XIV. 물가 및 가계,주웟거 쟤 역 Dwelling 0.60 1.18,충남,col-en,0,0.5879,0.37,0.37,1.0,전치·패널3,[전치] 주웟거 쟤 역 Dwelling 0.60 1.18
지가,2002,543,22. 시도별 지가 변동률(평균)(1994~2001),XIV. 물가 및 가계,주웟거 쟤 역 Dwelling 0.60 1.18,전북,col-en,0,0.6516,0.15,0.15,1.0,전치·패널3,[전치] 주웟거 쟤 역 Dwelling 0.60 1.18
지가,2002,543,22. 시도별 지가 변동률(평균)(1994~2001),XIV. 물가 및 가계,주웟거 쟤 역 Dwelling 0.60 1.18,제주,col-en,0,0.9109,1.26,1.26,0.3,전치·패널3|저신뢰,[전치] 주웟거 쟤 역 Dwelling 0.60 1.18
지가,2002,543,22. 시도별 지가 변동률(평균)(1994~2001),XIV. 물가 및 가계,상업 역 Commercial -0.58 0.96,강원,col-en,0,0.4563,-0.62,-0.62,1.0,전치·패널3,[전치] 상업 역 Commercial -0.58 0.96
지가,2002,543,22. 시도별 지가 변동률(평균)(1994~2001),XIV. 물가 및 가계,상업 역 Commercial -0.58 0.96,충북,col-en,0,0.5228,-0.78,-0.78,0.5,전치·패널3,[전치] 상업 역 Commercial -0.58 0.96
지가,2002,543,22. 시도별 지가 변동률(평균)(1994~2001),XIV. 물가 및 가계,상업 역 Commercial -0.58 0.96,전북,col-en,0,0.6516,-1.42,-1.42,0.5,전치·패널3,[전치] 상업 역 Commercial -0.58 0.96
지가,2002,543,22. 시도별 지가 변동률(평균)(1994~2001),XIV. 물가 및 가계,상업 역 Commercial -0.58 0.96,제주,col-en,0,0.9109,-2.21,-2.21,1.0,전치·패널3,[전치] 상업 역 Commercial -0.58 0.96
지가,2002,543,22. 시도별 지가 변동률(평균)(1994~2001),XIV. 물가 및 가계,공 업 지 역 Industial 0.05 1.20,강원,col-en,0,0.4563,0.06,0.06,1.0,전치·패널3,[전치] 공 업 지 역 Industial 0.05 1.20
지가,2002,543,22. 시도별 지가 변동률(평균)(1994~2001),XIV. 물가 및 가계,공 업 지 역 Industial 0.05 1.20,충북,col-en,0,0.5228,0.30,0.3,0.5,전치·패널3,[전치] 공 업 지 역 Industial 0.05 1.20
지가,2002,543,22. 시도별 지가 변동률(평균)(1994~2001),XIV. 물가 및 가계,공 업 지 역 Industial 0.05 1.20,충남,col-en,0,0.5879,0.23,0.23,1.0,전치·패널3,[전치] 공 업 지 역 Industial 0.05 1.20
지가,2002,543,22. 시도별 지가 변동률(평균)(1994~2001),XIV. 물가 및 가계,공 업 지 역 Industial 0.05 1.20,전북,col-en,0,0.6516,0.41,0.41,1.0,전치·패널3,[전치] 공 업 지 역 Industial 0.05 1.20
지가,2002,543,22. 시도별 지가 변동률(평균)(1994~2001),XIV. 물가 및 가계,공 업 지 역 Industial 0.05 1.20,제주,col-en,0,0.9109,-1.40,-1.4,0.3,전치·패널3|저신뢰,[전치] 공 업 지 역 Industial 0.05 1.20
지가,2002,543,22. 시도별 지가 변동률(평균)(1994~2001),XIV. 물가 및 가계,녹 지지역 Green Belt 1.41 2.46,강원,col-en,0,0.4563,13.36,13.36,0.5,전치·패널3,[전치] 녹 지지역 Green Belt 1.41 2.46
지가,2002,543,22. 시도별 지가 변동률(평균)(1994~2001),XIV. 물가 및 가계,녹 지지역 Green Belt 1.41 2.46,충북,col-en,0,0.5228,1.76,1.76,1.0,전치·패널3,[전치] 녹 지지역 Green Belt 1.41 2.46
지가,2002,543,22. 시도별 지가 변동률(평균)(1994~2001),XIV. 물가 및 가계,녹 지지역 Green Belt 1.41 2.46,충남,col-en,0,0.5879,0.95,0.95,0.5,전치·패널3,[전치] 녹 지지역 Green Belt 1.41 2.46
지가,2002,543,22. 시도별 지가 변동률(평균)(1994~2001),XIV. 물가 및 가계,녹 지지역 Green Belt 1.41 2.46,전북,col-en,0,0.6516,0.73,0.73,1.0,전치·패널3,[전치] 녹 지지역 Green Belt 1.41 2.46
지가,2002,543,22. 시도별 지가 변동률(평균)(1994~2001),XIV. 물가 및 가계,녹 지지역 Green Belt 1.41 2.46,제주,col-en,0,0.9109,12.56,12.56,1.0,전치·패널3,[전치] 녹 지지역 Green Belt 1.41 2.46
지가,2002,543,22. 시도별 지가 변동률(평균)(1994~2001),XIV. 물가 및 가계,준도시지 역 CuasiCiy 0.20 3.05,강원,col-en,0,0.4563,1.16,1.16,1.0,전치·패널3,[전치] 준도시지 역 CuasiCiy 0.20 3.05
지가,2002,543,22. 시도별 지가 변동률(평균)(1994~2001),XIV. 물가 및 가계,준도시지 역 CuasiCiy 0.20 3.05,충북,col-en,0,0.5228,1.29,1.29,0.3,전치·패널3|저신뢰,[전치] 준도시지 역 CuasiCiy 0.20 3.05
지가,2002,543,22. 시도별 지가 변동률(평균)(1994~2001),XIV. 물가 및 가계,준도시지 역 CuasiCiy 0.20 3.05,충남,col-en,0,0.5879,0.81,0.81,1.0,전치·패널3,[전치] 준도시지 역 CuasiCiy 0.20 3.05
지가,2002,543,22. 시도별 지가 변동률(평균)(1994~2001),XIV. 물가 및 가계,준도시지 역 CuasiCiy 0.20 3.05,전북,col-en,0,0.6516,0.17,0.17,1.0,전치·패널3,[전치] 준도시지 역 CuasiCiy 0.20 3.05
지가,2002,543,22. 시도별 지가 변동률(평균)(1994~2001),XIV. 물가 및 가계,준도시지 역 CuasiCiy 0.20 3.05,제주,col-en,0,0.9109,-0.46,-0.46,0.5,전치·패널3,[전치] 준도시지 역 CuasiCiy 0.20 3.05
지가,2002,543,22. 시도별 지가 변동률(평균)(1994~2001),XIV. 물가 및 가계,농림 지역 Agricuttural -0.6 1.78,강원,col-en,0,0.4563,1.06,1.06,1.0,전치·패널3,[전치] 농림 지역 Agricuttural -0.6 1.78
지가,2002,543,22. 시도별 지가 변동률(평균)(1994~2001),XIV. 물가 및 가계,농림 지역 Agricuttural -0.6 1.78,충북,col-en,0,0.5228,-0.28,-0.28,1.0,전치·패널3,[전치] 농림 지역 Agricuttural -0.6 1.78
지가,2002,543,22. 시도별 지가 변동률(평균)(1994~2001),XIV. 물가 및 가계,농림 지역 Agricuttural -0.6 1.78,충남,col-en,0,0.5879,-0.13,-0.13,0.5,전치·패널3,[전치] 농림 지역 Agricuttural -0.6 1.78
지가,2002,543,22. 시도별 지가 변동률(평균)(1994~2001),XIV. 물가 및 가계,농림 지역 Agricuttural -0.6 1.78,전북,col-en,0,0.6516,-0.78,-0.78,1.0,전치·패널3,[전치] 농림 지역 Agricuttural -0.6 1.78
지가,2002,543,22. 시도별 지가 변동률(평균)(1994~2001),XIV. 물가 및 가계,농림 지역 Agricuttural -0.6 1.78,제주,col-en,0,0.9109,-1.26,-1.26,1.0,전치·패널3,[전치] 농림 지역 Agricuttural -0.6 1.78
지가,2002,543,22. 시도별 지가 변동률(평균)(1994~2001),XIV. 물가 및 가계,준농림지역Quasiagriculural -0.40 3.54,강원,col-en,0,0.4563,1.84,1.84,1.0,전치·패널3,[전치] 준농림지역Quasiagriculural -0.40 3.54
지가,2002,543,22. 시도별 지가 변동률(평균)(1994~2001),XIV. 물가 및 가계,준농림지역Quasiagriculural -0.40 3.54,충북,col-en,0,0.5228,0.67,0.67,1.0,전치·패널3,[전치] 준농림지역Quasiagriculural -0.40 3.54
지가,2002,543,22. 시도별 지가 변동률(평균)(1994~2001),XIV. 물가 및 가계,준농림지역Quasiagriculural -0.40 3.54,충남,col-en,0,0.5879,0.63,0.63,1.0,전치·패널3,[전치] 준농림지역Quasiagriculural -0.40 3.54
지가,2002,543,22. 시도별 지가 변동률(평균)(1994~2001),XIV. 물가 및 가계,준농림지역Quasiagriculural -0.40 3.54,전북,col-en,0,0.6516,-0.04,-0.04,1.0,전치·패널3,[전치] 준농림지역Quasiagriculural -0.40 3.54
지가,2002,543,22. 시도별 지가 변동률(평균)(1994~2001),XIV. 물가 및 가계,준농림지역Quasiagriculural -0.40 3.54,제주,col-en,0,0.9109,-0.40,-0.4,0.5,전치·패널3,[전치] 준농림지역Quasiagriculural -0.40 3.54
지가,2002,543,22. 시도별 지가 변동률(평균)(1994~2001),XIV. 물가 및 가계,자연 환경보전지역 Natural evirorment 2.29 4.31,강원,col-en,0,0.4563,1.06,1.06,1.0,전치·패널3,[전치] 자연 환경보전지역 Natural evirorment 2.29 4.31
지가,2002,543,22. 시도별 지가 변동률(평균)(1994~2001),XIV. 물가 및 가계,자연 환경보전지역 Natural evirorment 2.29 4.31,충북,col-en,0,0.5228,0.82,0.82,1.0,전치·패널3,[전치] 자연 환경보전지역 Natural evirorment 2.29 4.31
지가,2002,543,22. 시도별 지가 변동률(평균)(1994~2001),XIV. 물가 및 가계,자연 환경보전지역 Natural evirorment 2.29 4.31,충남,col-en,0,0.5879,0.14,0.14,1.0,전치·패널3,[전치] 자연 환경보전지역 Natural evirorment 2.29 4.31
지가,2002,543,22. 시도별 지가 변동률(평균)(1994~2001),XIV. 물가 및 가계,자연 환경보전지역 Natural evirorment 2.29 4.31,전북,col-en,0,0.6516,0.34,0.34,1.0,전치·패널3,[전치] 자연 환경보전지역 Natural evirorment 2.29 4.31
지가,2002,543,22. 시도별 지가 변동률(평균)(1994~2001),XIV. 물가 및 가계,Dry paddtes 1.49 3.05,강원,col-en,0,0.4563,4.48,4.48,1.0,전치·패널3,[전치] Dry paddtes 1.49 3.05
지가,2002,543,22. 시도별 지가 변동률(평균)(1994~2001),XIV. 물가 및 가계,Dry paddtes 1.49 3.05,충북,col-en,0,0.5228,1.09,1.09,1.0,전치·패널3,[전치] Dry paddtes 1.49 3.05
지가,2002,543,22. 시도별 지가 변동률(평균)(1994~2001),XIV. 물가 및 가계,Dry paddtes 1.49 3.05,충남,col-en,0,0.5879,0.60,0.6,1.0,전치·패널3,[전치] Dry paddtes 1.49 3.05
지가,2002,543,22. 시도별 지가 변동률(평균)(1994~2001),XIV. 물가 및 가계,Dry paddtes 1.49 3.05,전북,col-en,0,0.6516,0.37,0.37,1.0,전치·패널3,[전치] Dry paddtes 1.49 3.05
지가,2002,543,22. 시도별 지가 변동률(평균)(1994~2001),XIV. 물가 및 가계,Dry paddtes 1.49 3.05,제주,col-en,0,0.9109,8.14,8.14,1.0,전치·패널3,[전치] Dry paddtes 1.49 3.05
지가,2002,543,22. 시도별 지가 변동률(평균)(1994~2001),XIV. 물가 및 가계,답 Rice felds 0.29 2.65,강원,col-en,0,0.4563,3.37,3.37,1.0,전치·패널3,[전치] 답 Rice felds 0.29 2.65
지가,2002,543,22. 시도별 지가 변동률(평균)(1994~2001),XIV. 물가 및 가계,답 Rice felds 0.29 2.65,충북,col-en,0,0.5228,0.61,0.61,1.0,전치·패널3,[전치] 답 Rice felds 0.29 2.65
지가,2002,543,22. 시도별 지가 변동률(평균)(1994~2001),XIV. 물가 및 가계,답 Rice felds 0.29 2.65,충남,col-en,0,0.5879,0.28,0.28,1.0,전치·패널3,[전치] 답 Rice felds 0.29 2.65
지가,2002,543,22. 시도별 지가 변동률(평균)(1994~2001),XIV. 물가 및 가계,답 Rice felds 0.29 2.65,전북,col-en,0,0.6516,-0.20,-0.2,0.3,전치·패널3|저신뢰,[전치] 답 Rice felds 0.29 2.65
지가,2002,543,22. 시도별 지가 변동률(평균)(1994~2001),XIV. 물가 및 가계,답 Rice felds 0.29 2.65,제주,col-en,0,0.9109,-2.19,-2.19,1.0,전치·패널3,[전치] 답 Rice felds 0.29 2.65
지가,2002,543,22. 시도별 지가 변동률(평균)(1994~2001),XIV. 물가 및 가계,주거 용 For dweling 0.70 1.54,강원,col-en,0,0.4563,1.62,1.62,0.5,전치·패널3,[전치] 주거 용 For dweling 0.70 1.54
지가,2002,543,22. 시도별 지가 변동률(평균)(1994~2001),XIV. 물가 및 가계,주거 용 For dweling 0.70 1.54,충북,col-en,0,0.5228,0.39,0.39,0.3,전치·패널3|저신뢰,[전치] 주거 용 For dweling 0.70 1.54
지가,2002,543,22. 시도별 지가 변동률(평균)(1994~2001),XIV. 물가 및 가계,주거 용 For dweling 0.70 1.54,충남,col-en,0,0.5879,0.. 49,,0.3,전치·패널3|판독불가|저신뢰|과병합의심,[전치] 주거 용 For dweling 0.70 1.54
지가,2002,543,22. 시도별 지가 변동률(평균)(1994~2001),XIV. 물가 및 가계,주거 용 For dweling 0.70 1.54,전북,col-en,0,0.6516,0.29,0.29,1.0,전치·패널3,[전치] 주거 용 For dweling 0.70 1.54
지가,2002,543,22. 시도별 지가 변동률(평균)(1994~2001),XIV. 물가 및 가계,주거 용 For dweling 0.70 1.54,제주,col-en,0,0.9109,-0. 94,-0.94,0.5,전치·패널3,[전치] 주거 용 For dweling 0.70 1.54
지가,2002,543,22. 시도별 지가 변동률(평균)(1994~2001),XIV. 물가 및 가계,상 업 용 For commerce -0.12 1.15,강원,col-en,0,0.4563,-0.57,-0.57,1.0,전치·패널3,[전치] 상 업 용 For commerce -0.12 1.15
지가,2002,543,22. 시도별 지가 변동률(평균)(1994~2001),XIV. 물가 및 가계,상 업 용 For commerce -0.12 1.15,충북,col-en,0,0.5228,"-0,34",-34,0.5,전치·패널3,[전치] 상 업 용 For commerce -0.12 1.15
지가,2002,543,22. 시도별 지가 변동률(평균)(1994~2001),XIV. 물가 및 가계,상 업 용 For commerce -0.12 1.15,충남,col-en,0,0.5879,-0.10,-0.1,1.0,전치·패널3,[전치] 상 업 용 For commerce -0.12 1.15
지가,2002,543,22. 시도별 지가 변동률(평균)(1994~2001),XIV. 물가 및 가계,상 업 용 For commerce -0.12 1.15,전북,col-en,0,0.6516,-0.87,-0.87,0.5,전치·패널3,[전치] 상 업 용 For commerce -0.12 1.15
지가,2002,543,22. 시도별 지가 변동률(평균)(1994~2001),XIV. 물가 및 가계,상 업 용 For commerce -0.12 1.15,제주,col-en,0,0.9109,-1.88,-1.88,0.5,전치·패널3,[전치] 상 업 용 For commerce -0.12 1.15
지가,2002,543,22. 시도별 지가 변동률(평균)(1994~2001),XIV. 물가 및 가계,임 야 Forest 0.89 2.44,강원,col-en,0,0.4563,2.92,2.92,1.0,전치·패널3,[전치] 임 야 Forest 0.89 2.44
지가,2002,543,22. 시도별 지가 변동률(평균)(1994~2001),XIV. 물가 및 가계,임 야 Forest 0.89 2.44,충북,col-en,0,0.5228,0.40,0.4,0.5,전치·패널3,[전치] 임 야 Forest 0.89 2.44
지가,2002,543,22. 시도별 지가 변동률(평균)(1994~2001),XIV. 물가 및 가계,임 야 Forest 0.89 2.44,충남,col-en,0,0.5879,0.27,0.27,1.0,전치·패널3,[전치] 임 야 Forest 0.89 2.44
지가,2002,543,22. 시도별 지가 변동률(평균)(1994~2001),XIV. 물가 및 가계,임 야 Forest 0.89 2.44,전북,col-en,0,0.6516,-0.21,-0.21,0.5,전치·패널3,[전치] 임 야 Forest 0.89 2.44
지가,2002,543,22. 시도별 지가 변동률(평균)(1994~2001),XIV. 물가 및 가계,임 야 Forest 0.89 2.44,제주,col-en,0,0.9109,3.01,3.01,1.0,전치·패널3,[전치] 임 야 Forest 0.89 2.44
지가,2002,543,22. 시도별 지가 변동률(평균)(1994~2001),XIV. 물가 및 가계,공장 용지 Factory 0.07 1.76,강원,col-en,0,0.4563,-0.20,-0.2,1.0,전치·패널3,[전치] 공장 용지 Factory 0.07 1.76
지가,2002,543,22. 시도별 지가 변동률(평균)(1994~2001),XIV. 물가 및 가계,공장 용지 Factory 0.07 1.76,충북,col-en,0,0.5228,0.31,0.31,1.0,전치·패널3,[전치] 공장 용지 Factory 0.07 1.76
지가,2002,543,22. 시도별 지가 변동률(평균)(1994~2001),XIV. 물가 및 가계,공장 용지 Factory 0.07 1.76,충남,col-en,0,0.5879,1.12,1.12,0.5,전치·패널3,[전치] 공장 용지 Factory 0.07 1.76
지가,2002,543,22. 시도별 지가 변동률(평균)(1994~2001),XIV. 물가 및 가계,공장 용지 Factory 0.07 1.76,전북,col-en,0,0.6516,0.27,0.27,1.0,전치·패널3,[전치] 공장 용지 Factory 0.07 1.76
지가,2002,543,22. 시도별 지가 변동률(평균)(1994~2001),XIV. 물가 및 가계,공장 용지 Factory 0.07 1.76,제주,col-en,0,0.9109,-1.25,-1.25,0.3,전치·패널3|저신뢰,[전치] 공장 용지 Factory 0.07 1.76
지가,2002,543,22. 시도별 지가 변동률(평균)(1994~2001),XIV. 물가 및 가계,기 타 Others 1.29 1.91,강원,col-en,0,0.4563,3.01,3.01,0.5,전치·패널3,[전치] 기 타 Others 1.29 1.91
지가,2002,543,22. 시도별 지가 변동률(평균)(1994~2001),XIV. 물가 및 가계,기 타 Others 1.29 1.91,충북,col-en,0,0.5228,0.26,0.26,1.0,전치·패널3,[전치] 기 타 Others 1.29 1.91
지가,2002,543,22. 시도별 지가 변동률(평균)(1994~2001),XIV. 물가 및 가계,기 타 Others 1.29 1.91,충남,col-en,0,0.5879,0.39,0.39,0.5,전치·패널3,[전치] 기 타 Others 1.29 1.91
지가,2002,543,22. 시도별 지가 변동률(평균)(1994~2001),XIV. 물가 및 가계,기 타 Others 1.29 1.91,전북,col-en,0,0.6516,0.16,0.16,1.0,전치·패널3,[전치] 기 타 Others 1.29 1.91
지가,2002,543,22. 시도별 지가 변동률(평균)(1994~2001),XIV. 물가 및 가계,기 타 Others 1.29 1.91,제주,col-en,0,0.9109,7.72,7.72,1.0,전치·패널3,[전치] 기 타 Others 1.29 1.91
지가,2003,583,22. 시도별 지가변동률(평균),XIII. 물가 및 가계,1996,전국,col-ko,0,0.3269,0.95,0.95,1.0,전치·패널1,[전치] 22. 시도별 지가 변동률(평균) | 1996
지가,2003,583,22. 시도별 지가변동률(평균),XIII. 물가 및 가계,1996,서울,col-ko,0,0.5815,0.94,0.94,1.0,전치·패널1,[전치] 22. 시도별 지가 변동률(평균) | 1996
지가,2003,583,22. 시도별 지가변동률(평균),XIII. 물가 및 가계,1996,부산,col-ko,0,0.6456,0.40,0.4,1.0,전치·패널1,[전치] 22. 시도별 지가 변동률(평균) | 1996
지가,2003,583,22. 시도별 지가변동률(평균),XIII. 물가 및 가계,1996,대구,col-ko,0,0.7088,1.09,1.09,1.0,전치·패널1,[전치] 22. 시도별 지가 변동률(평균) | 1996
지가,2003,583,22. 시도별 지가변동률(평균),XIII. 물가 및 가계,1996,인천,col-ko,0,0.7719,0.78,0.78,1.0,전치·패널1,[전치] 22. 시도별 지가 변동률(평균) | 1996
지가,2003,583,22. 시도별 지가변동률(평균),XIII. 물가 및 가계,1996,광주,col-ko,0,0.835,1.16,1.16,0.5,전치·패널1,[전치] 22. 시도별 지가 변동률(평균) | 1996
지가,2003,583,22. 시도별 지가변동률(평균),XIII. 물가 및 가계,1996,대전,col-ko,0,0.8971,0.16,0.16,1.0,전치·패널1,[전치] 22. 시도별 지가 변동률(평균) | 1996
지가,2003,583,22. 시도별 지가변동률(평균),XIII. 물가 및 가계,1997,전국,col-ko,0,0.3269,0.31,0.31,1.0,전치·패널1,[전치] 22. 시도별 지가 변동률(평균) | 1997
지가,2003,583,22. 시도별 지가변동률(평균),XIII. 물가 및 가계,1997,서울,col-ko,0,0.5815,0.29,0.29,1.0,전치·패널1,[전치] 22. 시도별 지가 변동률(평균) | 1997
지가,2003,583,22. 시도별 지가변동률(평균),XIII. 물가 및 가계,1997,부산,col-ko,0,0.6456,-0.90,-0.9,1.0,전치·패널1,[전치] 22. 시도별 지가 변동률(평균) | 1997
지가,2003,583,22. 시도별 지가변동률(평균),XIII. 물가 및 가계,1997,인천,col-ko,0,0.7719,0.28,0.28,1.0,전치·패널1,[전치] 22. 시도별 지가 변동률(평균) | 1997
지가,2003,583,22. 시도별 지가변동률(평균),XIII. 물가 및 가계,1997,광주,col-ko,0,0.835,0.67,0.67,1.0,전치·패널1,[전치] 22. 시도별 지가 변동률(평균) | 1997
지가,2003,583,22. 시도별 지가변동률(평균),XIII. 물가 및 가계,1997,대전,col-ko,0,0.8971,0.12,0.12,1.0,전치·패널1,[전치] 22. 시도별 지가 변동률(평균) | 1997
지가,2003,583,22. 시도별 지가변동률(평균),XIII. 물가 및 가계,1998,전국,col-ko,0,0.3269,-13.60,-13.6,0.5,전치·패널1,[전치] 22. 시도별 지가 변동률(평균) | 1998
지가,2003,583,22. 시도별 지가변동률(평균),XIII. 물가 및 가계,1998,서울,col-ko,0,0.5815,-16.25,-16.25,0.5,전치·패널1,[전치] 22. 시도별 지가 변동률(평균) | 1998
지가,2003,583,22. 시도별 지가변동률(평균),XIII. 물가 및 가계,1998,부산,col-ko,0,0.6456,-16.52,-16.52,1.0,전치·패널1,[전치] 22. 시도별 지가 변동률(평균) | 1998
지가,2003,583,22. 시도별 지가변동률(평균),XIII. 물가 및 가계,1998,대구,col-ko,0,0.7088,-15.24,-15.24,1.0,전치·패널1,[전치] 22. 시도별 지가 변동률(평균) | 1998
지가,2003,583,22. 시도별 지가변동률(평균),XIII. 물가 및 가계,1998,대전,col-ko,0,0.8971,-8.36,-8.36,0.5,전치·패널1,[전치] 22. 시도별 지가 변동률(평균) | 1998
지가,2003,583,22. 시도별 지가변동률(평균),XIII. 물가 및 가계,1999,전국,col-ko,0,0.3269,2.94,2.94,1.0,전치·패널1,[전치] 22. 시도별 지가 변동률(평균) | 1999
지가,2003,583,22. 시도별 지가변동률(평균),XIII. 물가 및 가계,1999,서울,col-ko,0,0.5815,2.66,2.66,0.5,전치·패널1,[전치] 22. 시도별 지가 변동률(평균) | 1999
지가,2003,583,22. 시도별 지가변동률(평균),XIII. 물가 및 가계,1999,부산,col-ko,0,0.6456,1.24,1.24,0.5,전치·패널1,[전치] 22. 시도별 지가 변동률(평균) | 1999
지가,2003,583,22. 시도별 지가변동률(평균),XIII. 물가 및 가계,1999,대구,col-ko,0,0.7088,1.93,1.93,1.0,전치·패널1,[전치] 22. 시도별 지가 변동률(평균) | 1999
지가,2003,583,22. 시도별 지가변동률(평균),XIII. 물가 및 가계,1999,광주,col-ko,0,0.835,3.51 1.30,,1.0,전치·패널1|판독불가|과병합의심,[전치] 22. 시도별 지가 변동률(평균) | 1999
지가,2003,583,22. 시도별 지가변동률(평균),XIII. 물가 및 가계,1999,대전,col-ko,0,0.8971,0.38,0.38,1.0,전치·패널1,[전치] 22. 시도별 지가 변동률(평균) | 1999
지가,2003,583,22. 시도별 지가변동률(평균),XIII. 물가 및 가계,2000,전국,col-ko,0,0.3269,0.67,0.67,1.0,전치·패널1,[전치] 22. 시도별 지가 변동률(평균) | 2000
지가,2003,583,22. 시도별 지가변동률(평균),XIII. 물가 및 가계,2000,서울,col-ko,0,0.5815,0.05,0.05,1.0,전치·패널1,[전치] 22. 시도별 지가 변동률(평균) | 2000
지가,2003,583,22. 시도별 지가변동률(평균),XIII. 물가 및 가계,2000,대구,col-ko,0,0.7088,-1.05,-1.05,1.0,전치·패널1,[전치] 22. 시도별 지가 변동률(평균) | 2000
지가,2003,583,22. 시도별 지가변동률(평균),XIII. 물가 및 가계,2000,대전,col-ko,0,0.8971,-0.24,-0.24,1.0,전치·패널1,[전치] 22. 시도별 지가 변동률(평균) | 2000
지가,2003,583,22. 시도별 지가변동률(평균),XIII. 물가 및 가계,2001,전국,col-ko,0,0.3269,1.32,1.32,1.0,전치·패널1,[전치] 22. 시도별 지가 변동률(평균) | 2001
지가,2003,583,22. 시도별 지가변동률(평균),XIII. 물가 및 가계,2001,서울,col-ko,0,0.5815,1.89,1.89,1.0,전치·패널1,[전치] 22. 시도별 지가 변동률(평균) | 2001
지가,2003,583,22. 시도별 지가변동률(평균),XIII. 물가 및 가계,2001,부산,col-ko,0,0.6456,0.49,0.49,1.0,전치·패널1,[전치] 22. 시도별 지가 변동률(평균) | 2001
지가,2003,583,22. 시도별 지가변동률(평균),XIII. 물가 및 가계,2001,대구,col-ko,0,0.7088,0.42,0.42,1.0,전치·패널1,[전치] 22. 시도별 지가 변동률(평균) | 2001
지가,2003,583,22. 시도별 지가변동률(평균),XIII. 물가 및 가계,2001,인천,col-ko,0,0.7719,1.77,1.77,0.3,전치·패널1|저신뢰,[전치] 22. 시도별 지가 변동률(평균) | 2001
지가,2003,583,22. 시도별 지가변동률(평균),XIII. 물가 및 가계,2001,광주,col-ko,0,0.835,-0.37),-0.37,0.3,전치·패널1|저신뢰,[전치] 22. 시도별 지가 변동률(평균) | 2001
지가,2003,583,22. 시도별 지가변동률(평균),XIII. 물가 및 가계,2001,대전,col-ko,0,0.8971,1.00,1.0,1.0,전치·패널1,[전치] 22. 시도별 지가 변동률(평균) | 2001
지가,2003,583,22. 시도별 지가변동률(평균),XIII. 물가 및 가계,200?,전국,col-ko,0,0.3269,8.98,8.98,1.0,전치·패널1,[전치] 22. 시도별 지가 변동률(평균) | 200?
지가,2003,583,22. 시도별 지가변동률(평균),XIII. 물가 및 가계,200?,서울,col-ko,0,0.5815,15.81,15.81,0.3,전치·패널1|저신뢰,[전치] 22. 시도별 지가 변동률(평균) | 200?
지가,2003,583,22. 시도별 지가변동률(평균),XIII. 물가 및 가계,200?,부산,col-ko,0,0.6456,3.28,3.28,1.0,전치·패널1,[전치] 22. 시도별 지가 변동률(평균) | 200?
지가,2003,583,22. 시도별 지가변동률(평균),XIII. 물가 및 가계,200?,대구,col-ko,0,0.7088,2.09,2.09,1.0,전치·패널1,[전치] 22. 시도별 지가 변동률(평균) | 200?
지가,2003,583,22. 시도별 지가변동률(평균),XIII. 물가 및 가계,200?,광주,col-ko,0,0.835,11.51 1.03,,1.0,전치·패널1|판독불가|과병합의심,[전치] 22. 시도별 지가 변동률(평균) | 200?
지가,2003,583,22. 시도별 지가변동률(평균),XIII. 물가 및 가계,200?,대전,col-ko,0,0.8971,3.24,3.24,1.0,전치·패널1,[전치] 22. 시도별 지가 변동률(평균) | 200?
지가,2003,583,22. 시도별 지가변동률(평균),XIII. 물가 및 가계,2003,전국,col-ko,0,0.3269,3.43,3.43,1.0,전치·패널1,[전치] 22. 시도별 지가 변동률(평균) | 2003
지가,2003,583,22. 시도별 지가변동률(평균),XIII. 물가 및 가계,2003,서울,col-ko,0,0.5815,5.23,5.23,1.0,전치·패널1,[전치] 22. 시도별 지가 변동률(평균) | 2003
지가,2003,583,22. 시도별 지가변동률(평균),XIII. 물가 및 가계,2003,부산,col-ko,0,0.6456,1.09,1.09,1.0,전치·패널1,[전치] 22. 시도별 지가 변동률(평균) | 2003
지가,2003,583,22. 시도별 지가변동률(평균),XIII. 물가 및 가계,2003,대구,col-ko,0,0.7088,1.54,1.54,1.0,전치·패널1,[전치] 22. 시도별 지가 변동률(평균) | 2003
지가,2003,583,22. 시도별 지가변동률(평균),XIII. 물가 및 가계,2003,인천,col-ko,0,0.7719,2.50,2.5,1.0,전치·패널1,[전치] 22. 시도별 지가 변동률(평균) | 2003
지가,2003,583,22. 시도별 지가변동률(평균),XIII. 물가 및 가계,2003,광주,col-ko,0,0.835,0.91,0.91,1.0,전치·패널1,[전치] 22. 시도별 지가 변동률(평균) | 2003
지가,2003,583,22. 시도별 지가변동률(평균),XIII. 물가 및 가계,2003,대전,col-ko,0,0.8971,5.47,5.47,0.5,전치·패널1,[전치] 22. 시도별 지가 변동률(평균) | 2003
지가,2003,583,22. 시도별 지가변동률(평균),XIII. 물가 및 가계,주거지역 Dweling,전국,col-ko,0,0.3269,3.41,3.41,1.0,전치·패널1,[전치] 22. 시도별 지가 변동률(평균) | 주거지역 Dweling
지가,2003,583,22. 시도별 지가변동률(평균),XIII. 물가 및 가계,주거지역 Dweling,서울,col-ko,0,0.5815,5.00,5.0,0.5,전치·패널1,[전치] 22. 시도별 지가 변동률(평균) | 주거지역 Dweling
지가,2003,583,22. 시도별 지가변동률(평균),XIII. 물가 및 가계,주거지역 Dweling,부산,col-ko,0,0.6456,0.85,0.85,1.0,전치·패널1,[전치] 22. 시도별 지가 변동률(평균) | 주거지역 Dweling
지가,2003,583,22. 시도별 지가변동률(평균),XIII. 물가 및 가계,주거지역 Dweling,대구,col-ko,0,0.7088,1.37,1.37,1.0,전치·패널1,[전치] 22. 시도별 지가 변동률(평균) | 주거지역 Dweling
지가,2003,583,22. 시도별 지가변동률(평균),XIII. 물가 및 가계,주거지역 Dweling,인천,col-ko,0,0.7719,1.76,1.76,0.3,전치·패널1|저신뢰,[전치] 22. 시도별 지가 변동률(평균) | 주거지역 Dweling
지가,2003,583,22. 시도별 지가변동률(평균),XIII. 물가 및 가계,주거지역 Dweling,광주,col-ko,0,0.835,0.05,0.05,1.0,전치·패널1,[전치] 22. 시도별 지가 변동률(평균) | 주거지역 Dweling
지가,2003,583,22. 시도별 지가변동률(평균),XIII. 물가 및 가계,주거지역 Dweling,대전,col-ko,0,0.8971,4.20,4.2,1.0,전치·패널1,[전치] 22. 시도별 지가 변동률(평균) | 주거지역 Dweling
지가,2003,583,22. 시도별 지가변동률(평균),XIII. 물가 및 가계,상업지역 Commercial,전국,col-ko,0,0.3269,3.38,3.38,1.0,전치·패널1,[전치] 22. 시도별 지가 변동률(평균) | 상업지역 Commercial
지가,2003,583,22. 시도별 지가변동률(평균),XIII. 물가 및 가계,상업지역 Commercial,서울,col-ko,0,0.5815,5.56,5.56,1.0,전치·패널1,[전치] 22. 시도별 지가 변동률(평균) | 상업지역 Commercial
지가,2003,583,22. 시도별 지가변동률(평균),XIII. 물가 및 가계,상업지역 Commercial,부산,col-ko,0,0.6456,0.97,0.97,1.0,전치·패널1,[전치] 22. 시도별 지가 변동률(평균) | 상업지역 Commercial
지가,2003,583,22. 시도별 지가변동률(평균),XIII. 물가 및 가계,상업지역 Commercial,대구,col-ko,0,0.7088,0.97,0.97,1.0,전치·패널1,[전치] 22. 시도별 지가 변동률(평균) | 상업지역 Commercial
지가,2003,583,22. 시도별 지가변동률(평균),XIII. 물가 및 가계,상업지역 Commercial,인천,col-ko,0,0.7719,2.11,2.11,1.0,전치·패널1,[전치] 22. 시도별 지가 변동률(평균) | 상업지역 Commercial
지가,2003,583,22. 시도별 지가변동률(평균),XIII. 물가 및 가계,상업지역 Commercial,광주,col-ko,0,0.835,-0.30,-0.3,0.5,전치·패널1,[전치] 22. 시도별 지가 변동률(평균) | 상업지역 Commercial
지가,2003,583,22. 시도별 지가변동률(평균),XIII. 물가 및 가계,상업지역 Commercial,대전,col-ko,0,0.8971,6.76,6.76,1.0,전치·패널1,[전치] 22. 시도별 지가 변동률(평균) | 상업지역 Commercial
지가,2003,583,22. 시도별 지가변동률(평균),XIII. 물가 및 가계,공업지역 Industrial,전국,col-ko,0,0.3269,2.25,2.25,0.5,전치·패널1,[전치] 22. 시도별 지가 변동률(평균) | 공업지역 Industrial
지가,2003,583,22. 시도별 지가변동률(평균),XIII. 물가 및 가계,공업지역 Industrial,서울,col-ko,0,0.5815,4.66,4.66,1.0,전치·패널1,[전치] 22. 시도별 지가 변동률(평균) | 공업지역 Industrial
지가,2003,583,22. 시도별 지가변동률(평균),XIII. 물가 및 가계,공업지역 Industrial,부산,col-ko,0,0.6456,1.26,1.26,1.0,전치·패널1,[전치] 22. 시도별 지가 변동률(평균) | 공업지역 Industrial
지가,2003,583,22. 시도별 지가변동률(평균),XIII. 물가 및 가계,공업지역 Industrial,대구,col-ko,0,0.7088,2.15,2.15,1.0,전치·패널1,[전치] 22. 시도별 지가 변동률(평균) | 공업지역 Industrial
지가,2003,583,22. 시도별 지가변동률(평균),XIII. 물가 및 가계,공업지역 Industrial,인천,col-ko,0,0.7719,2.11,2.11,1.0,전치·패널1,[전치] 22. 시도별 지가 변동률(평균) | 공업지역 Industrial
지가,2003,583,22. 시도별 지가변동률(평균),XIII. 물가 및 가계,공업지역 Industrial,광주,col-ko,0,0.835,218,218,0.3,전치·패널1|저신뢰,[전치] 22. 시도별 지가 변동률(평균) | 공업지역 Industrial
지가,2003,583,22. 시도별 지가변동률(평균),XIII. 물가 및 가계,공업지역 Industrial,대전,col-ko,0,0.8971,3.74,3.74,1.0,전치·패널1,[전치] 22. 시도별 지가 변동률(평균) | 공업지역 Industrial
지가,2003,583,22. 시도별 지가변동률(평균),XIII. 물가 및 가계,녹지지 역 Green Belt,전국,col-ko,0,0.3269,5.00,5.0,1.0,전치·패널1,[전치] 22. 시도별 지가 변동률(평균) | 녹지지 역 Green Belt
지가,2003,583,22. 시도별 지가변동률(평균),XIII. 물가 및 가계,녹지지 역 Green Belt,서울,col-ko,0,0.5815,7.87,7.87,1.0,전치·패널1,[전치] 22. 시도별 지가 변동률(평균) | 녹지지 역 Green Belt
지가,2003,583,22. 시도별 지가변동률(평균),XIII. 물가 및 가계,녹지지 역 Green Belt,부산,col-ko,0,0.6456,2.11,2.11,1.0,전치·패널1,[전치] 22. 시도별 지가 변동률(평균) | 녹지지 역 Green Belt
지가,2003,583,22. 시도별 지가변동률(평균),XIII. 물가 및 가계,녹지지 역 Green Belt,대구,col-ko,0,0.7088,2.79,2.79,1.0,전치·패널1,[전치] 22. 시도별 지가 변동률(평균) | 녹지지 역 Green Belt
지가,2003,583,22. 시도별 지가변동률(평균),XIII. 물가 및 가계,녹지지 역 Green Belt,인천,col-ko,0,0.7719,4.28,4.28,1.0,전치·패널1,[전치] 22. 시도별 지가 변동률(평균) | 녹지지 역 Green Belt
지가,2003,583,22. 시도별 지가변동률(평균),XIII. 물가 및 가계,녹지지 역 Green Belt,광주,col-ko,0,0.835,4.49,4.49,1.0,전치·패널1,[전치] 22. 시도별 지가 변동률(평균) | 녹지지 역 Green Belt
지가,2003,583,22. 시도별 지가변동률(평균),XIII. 물가 및 가계,녹지지 역 Green Belt,대전,col-ko,0,0.8971,"8,19",819,0.5,전치·패널1,[전치] 22. 시도별 지가 변동률(평균) | 녹지지 역 Green Belt
지가,2003,583,22. 시도별 지가변동률(평균),XIII. 물가 및 가계,관리지 역 Quasi-City,전국,col-ko,0,0.3269,3.38,3.38,1.0,전치·패널1,[전치] 22. 시도별 지가 변동률(평균) | 관리지 역 Quasi-City
지가,2003,583,22. 시도별 지가변동률(평균),XIII. 물가 및 가계,관리지 역 Quasi-City,인천,col-ko,0,0.7719,3.27,3.27,1.0,전치·패널1,[전치] 22. 시도별 지가 변동률(평균) | 관리지 역 Quasi-City
지가,2003,583,22. 시도별 지가변동률(평균),XIII. 물가 및 가계,관리지 역 Quasi-City,광주,col-ko,0,0.835,2.16,2.16,1.0,전치·패널1,[전치] 22. 시도별 지가 변동률(평균) | 관리지 역 Quasi-City
지가,2003,583,22. 시도별 지가변동률(평균),XIII. 물가 및 가계,농림지역 Agriculural,전국,col-ko,0,0.3269,1.39,1.39,1.0,전치·패널1,[전치] 22. 시도별 지가 변동률(평균) | 농림지역 Agriculural
지가,2003,583,22. 시도별 지가변동률(평균),XIII. 물가 및 가계,농림지역 Agriculural,대구,col-ko,0,0.7088,0.86,0.86,1.0,전치·패널1,[전치] 22. 시도별 지가 변동률(평균) | 농림지역 Agriculural
지가,2003,583,22. 시도별 지가변동률(평균),XIII. 물가 및 가계,농림지역 Agriculural,인천,col-ko,0,0.7719,4.43,4.43,1.0,전치·패널1,[전치] 22. 시도별 지가 변동률(평균) | 농림지역 Agriculural
지가,2003,583,22. 시도별 지가변동률(평균),XIII. 물가 및 가계,자연환경보전지역 Natural environment,전국,col-ko,0,0.3269,1.25,1.25,1.0,전치·패널1,[전치] 22. 시도별 지가 변동률(평균) | 자연환경보전지역 Natural environment
지가,2003,583,22. 시도별 지가변동률(평균),XIII. 물가 및 가계,전 Dry paddies,전국,col-ko,0,0.3269,4.09,4.09,1.0,전치·패널1,[전치] 22. 시도별 지가 변동률(평균) | 전 Dry paddies
지가,2003,583,22. 시도별 지가변동률(평균),XIII. 물가 및 가계,전 Dry paddies,서울,col-ko,0,0.5815,10.27,10.27,0.5,전치·패널1,[전치] 22. 시도별 지가 변동률(평균) | 전 Dry paddies
지가,2003,583,22. 시도별 지가변동률(평균),XIII. 물가 및 가계,전 Dry paddies,부산,col-ko,0,0.6456,2.81,2.81,1.0,전치·패널1,[전치] 22. 시도별 지가 변동률(평균) | 전 Dry paddies
지가,2003,583,22. 시도별 지가변동률(평균),XIII. 물가 및 가계,전 Dry paddies,대구,col-ko,0,0.7088,3.24,3.24,1.0,전치·패널1,[전치] 22. 시도별 지가 변동률(평균) | 전 Dry paddies
지가,2003,583,22. 시도별 지가변동률(평균),XIII. 물가 및 가계,전 Dry paddies,인천,col-ko,0,0.7719,4.34,4.34,1.0,전치·패널1,[전치] 22. 시도별 지가 변동률(평균) | 전 Dry paddies
지가,2003,583,22. 시도별 지가변동률(평균),XIII. 물가 및 가계,전 Dry paddies,광주,col-ko,0,0.835,5.42,5.42,1.0,전치·패널1,[전치] 22. 시도별 지가 변동률(평균) | 전 Dry paddies
지가,2003,583,22. 시도별 지가변동률(평균),XIII. 물가 및 가계,전 Dry paddies,대전,col-ko,0,0.8971,6.79,6.79,1.0,전치·패널1,[전치] 22. 시도별 지가 변동률(평균) | 전 Dry paddies
지가,2003,583,22. 시도별 지가변동률(평균),XIII. 물가 및 가계,답 Rice fields,전국,col-ko,0,0.3269,2.67,2.67,1.0,전치·패널1,[전치] 22. 시도별 지가 변동률(평균) | 답 Rice fields
지가,2003,583,22. 시도별 지가변동률(평균),XIII. 물가 및 가계,답 Rice fields,서울,col-ko,0,0.5815,11.15,11.15,1.0,전치·패널1,[전치] 22. 시도별 지가 변동률(평균) | 답 Rice fields
지가,2003,583,22. 시도별 지가변동률(평균),XIII. 물가 및 가계,답 Rice fields,부산,col-ko,0,0.6456,3.88,3.88,1.0,전치·패널1,[전치] 22. 시도별 지가 변동률(평균) | 답 Rice fields
지가,2003,583,22. 시도별 지가변동률(평균),XIII. 물가 및 가계,답 Rice fields,대구,col-ko,0,0.7088,3.28,3.28,1.0,전치·패널1,[전치] 22. 시도별 지가 변동률(평균) | 답 Rice fields
지가,2003,583,22. 시도별 지가변동률(평균),XIII. 물가 및 가계,답 Rice fields,인천,col-ko,0,0.7719,3.68,3.68,1.0,전치·패널1,[전치] 22. 시도별 지가 변동률(평균) | 답 Rice fields
지가,2003,583,22. 시도별 지가변동률(평균),XIII. 물가 및 가계,답 Rice fields,광주,col-ko,0,0.835,4.20,4.2,1.0,전치·패널1,[전치] 22. 시도별 지가 변동률(평균) | 답 Rice fields
지가,2003,583,22. 시도별 지가변동률(평균),XIII. 물가 및 가계,답 Rice fields,대전,col-ko,0,0.8971,7.48,7.48,1.0,전치·패널1,[전치] 22. 시도별 지가 변동률(평균) | 답 Rice fields
지가,2003,583,22. 시도별 지가변동률(평균),XIII. 물가 및 가계,주 거용 • For dwelling,전국,col-ko,0,0.3269,3.37,3.37,1.0,전치·패널1,[전치] 22. 시도별 지가 변동률(평균) | 주 거용 • For dwelling
지가,2003,583,22. 시도별 지가변동률(평균),XIII. 물가 및 가계,주 거용 • For dwelling,서울,col-ko,0,0.5815,4.78,4.78,1.0,전치·패널1,[전치] 22. 시도별 지가 변동률(평균) | 주 거용 • For dwelling
지가,2003,583,22. 시도별 지가변동률(평균),XIII. 물가 및 가계,주 거용 • For dwelling,부산,col-ko,0,0.6456,0.83,0.83,1.0,전치·패널1,[전치] 22. 시도별 지가 변동률(평균) | 주 거용 • For dwelling
지가,2003,583,22. 시도별 지가변동률(평균),XIII. 물가 및 가계,주 거용 • For dwelling,대구,col-ko,0,0.7088,1.17,1.17,0.5,전치·패널1,[전치] 22. 시도별 지가 변동률(평균) | 주 거용 • For dwelling
지가,2003,583,22. 시도별 지가변동률(평균),XIII. 물가 및 가계,주 거용 • For dwelling,인천,col-ko,0,0.7719,2.15,2.15,1.0,전치·패널1,[전치] 22. 시도별 지가 변동률(평균) | 주 거용 • For dwelling
지가,2003,583,22. 시도별 지가변동률(평균),XIII. 물가 및 가계,주 거용 • For dwelling,광주,col-ko,0,0.835,0.41,0.41,1.0,전치·패널1,[전치] 22. 시도별 지가 변동률(평균) | 주 거용 • For dwelling
지가,2003,583,22. 시도별 지가변동률(평균),XIII. 물가 및 가계,주 거용 • For dwelling,대전,col-ko,0,0.8971,5.05,5.05,1.0,전치·패널1,[전치] 22. 시도별 지가 변동률(평균) | 주 거용 • For dwelling
지가,2003,583,22. 시도별 지가변동률(평균),XIII. 물가 및 가계,상업 용 For commerce,전국,col-ko,0,0.3269,3.80,3.8,1.0,전치·패널1,[전치] 22. 시도별 지가 변동률(평균) | 상업 용 For commerce
지가,2003,583,22. 시도별 지가변동률(평균),XIII. 물가 및 가계,상업 용 For commerce,서울,col-ko,0,0.5815,5.70,5.7,0.5,전치·패널1,[전치] 22. 시도별 지가 변동률(평균) | 상업 용 For commerce
지가,2003,583,22. 시도별 지가변동률(평균),XIII. 물가 및 가계,상업 용 For commerce,부산,col-ko,0,0.6456,0.99,0.99,1.0,전치·패널1,[전치] 22. 시도별 지가 변동률(평균) | 상업 용 For commerce
지가,2003,583,22. 시도별 지가변동률(평균),XIII. 물가 및 가계,상업 용 For commerce,대구,col-ko,0,0.7088,1.28,1.28,1.0,전치·패널1,[전치] 22. 시도별 지가 변동률(평균) | 상업 용 For commerce
지가,2003,583,22. 시도별 지가변동률(평균),XIII. 물가 및 가계,상업 용 For commerce,인천,col-ko,0,0.7719,1.95,1.95,1.0,전치·패널1,[전치] 22. 시도별 지가 변동률(평균) | 상업 용 For commerce
지가,2003,583,22. 시도별 지가변동률(평균),XIII. 물가 및 가계,상업 용 For commerce,대전,col-ko,0,0.8971,5.36,5.36,1.0,전치·패널1,[전치] 22. 시도별 지가 변동률(평균) | 상업 용 For commerce
지가,2003,583,22. 시도별 지가변동률(평균),XIII. 물가 및 가계,임 야 Forest,전국,col-ko,0,0.3269,2.90,2.9,0.5,전치·패널1,[전치] 22. 시도별 지가 변동률(평균) | 임 야 Forest
지가,2003,583,22. 시도별 지가변동률(평균),XIII. 물가 및 가계,임 야 Forest,서울,col-ko,0,0.5815,3.06,3.06,1.0,전치·패널1,[전치] 22. 시도별 지가 변동률(평균) | 임 야 Forest
지가,2003,583,22. 시도별 지가변동률(평균),XIII. 물가 및 가계,임 야 Forest,부산,col-ko,0,0.6456,1.62,1.62,1.0,전치·패널1,[전치] 22. 시도별 지가 변동률(평균) | 임 야 Forest
지가,2003,583,22. 시도별 지가변동률(평균),XIII. 물가 및 가계,임 야 Forest,대구,col-ko,0,0.7088,0.79,0.79,0.5,전치·패널1,[전치] 22. 시도별 지가 변동률(평균) | 임 야 Forest
지가,2003,583,22. 시도별 지가변동률(평균),XIII. 물가 및 가계,임 야 Forest,인천,col-ko,0,0.7719,1.73,1.73,1.0,전치·패널1,[전치] 22. 시도별 지가 변동률(평균) | 임 야 Forest
지가,2003,583,22. 시도별 지가변동률(평균),XIII. 물가 및 가계,임 야 Forest,광주,col-ko,0,0.835,3.35,3.35,1.0,전치·패널1,[전치] 22. 시도별 지가 변동률(평균) | 임 야 Forest
지가,2003,583,22. 시도별 지가변동률(평균),XIII. 물가 및 가계,임 야 Forest,대전,col-ko,0,0.8971,4.67,4.67,1.0,전치·패널1,[전치] 22. 시도별 지가 변동률(평균) | 임 야 Forest
지가,2003,583,22. 시도별 지가변동률(평균),XIII. 물가 및 가계,공장용지 Factory,전국,col-ko,0,0.3269,2.77,2.77,0.3,전치·패널1|저신뢰,[전치] 22. 시도별 지가 변동률(평균) | 공장용지 Factory
지가,2003,583,22. 시도별 지가변동률(평균),XIII. 물가 및 가계,공장용지 Factory,서울,col-ko,0,0.5815,4.79,4.79,1.0,전치·패널1,[전치] 22. 시도별 지가 변동률(평균) | 공장용지 Factory
지가,2003,583,22. 시도별 지가변동률(평균),XIII. 물가 및 가계,공장용지 Factory,부산,col-ko,0,0.6456,1.36,1.36,1.0,전치·패널1,[전치] 22. 시도별 지가 변동률(평균) | 공장용지 Factory
지가,2003,583,22. 시도별 지가변동률(평균),XIII. 물가 및 가계,공장용지 Factory,대구,col-ko,0,0.7088,2.84,2.84,1.0,전치·패널1,[전치] 22. 시도별 지가 변동률(평균) | 공장용지 Factory
지가,2003,583,22. 시도별 지가변동률(평균),XIII. 물가 및 가계,공장용지 Factory,인천,col-ko,0,0.7719,2.96,2.96,1.0,전치·패널1,[전치] 22. 시도별 지가 변동률(평균) | 공장용지 Factory
지가,2003,583,22. 시도별 지가변동률(평균),XIII. 물가 및 가계,공장용지 Factory,대전,col-ko,0,0.8971,3.51,3.51,1.0,전치·패널1,[전치] 22. 시도별 지가 변동률(평균) | 공장용지 Factory
지가,2003,583,22. 시도별 지가변동률(평균),XIII. 물가 및 가계,기 타 Others,전국,col-ko,0,0.3269,2.00,2.0,0.5,전치·패널1,[전치] 22. 시도별 지가 변동률(평균) | 기 타 Others
지가,2003,583,22. 시도별 지가변동률(평균),XIII. 물가 및 가계,기 타 Others,인천,col-ko,0,0.7719,0.26,0.26,1.0,전치·패널1,[전치] 22. 시도별 지가 변동률(평균) | 기 타 Others
지가,2003,583,22. 시도별 지가변동률(평균),XIII. 물가 및 가계,기 타 Others,대전,col-ko,0,0.8971,9.12,9.12,0.5,전치·패널1,[전치] 22. 시도별 지가 변동률(평균) | 기 타 Others
지가,2003,583,22. 시도별 지가변동률(평균),XIII. 물가 및 가계,1996 -,경기,col-ko,0,0.39,1.20,1.2,1.0,전치·패널2,[전치] 1996 -
지가,2003,583,22. 시도별 지가변동률(평균),XIII. 물가 및 가계,1996 -,강원,col-ko,0,0.4532,1.26,1.26,1.0,전치·패널2,[전치] 1996 -
지가,2003,583,22. 시도별 지가변동률(평균),XIII. 물가 및 가계,1996 -,충북,col-ko,0,0.5173,0.77,0.77,1.0,전치·패널2,[전치] 1996 -
지가,2003,583,22. 시도별 지가변동률(평균),XIII. 물가 및 가계,1996 -,충남,col-ko,0,0.5815,1.08,1.08,1.0,전치·패널2,[전치] 1996 -
지가,2003,583,22. 시도별 지가변동률(평균),XIII. 물가 및 가계,1996 -,전북,col-ko,0,0.6456,1.13,1.13,1.0,전치·패널2,[전치] 1996 -
지가,2003,583,22. 시도별 지가변동률(평균),XIII. 물가 및 가계,1996 -,전남,col-ko,0,0.7088,0.83,0.83,1.0,전치·패널2,[전치] 1996 -
지가,2003,583,22. 시도별 지가변동률(평균),XIII. 물가 및 가계,1996 -,경북,col-ko,0,0.7719,1.25,1.25,1.0,전치·패널2,[전치] 1996 -
지가,2003,583,22. 시도별 지가변동률(평균),XIII. 물가 및 가계,1996 -,경남,col-ko,0,0.835,0.98,0.98,1.0,전치·패널2,[전치] 1996 -
지가,2003,583,22. 시도별 지가변동률(평균),XIII. 물가 및 가계,1996 -,제주,col-ko,0,0.8972,0.30,0.3,1.0,전치·패널2,[전치] 1996 -
지가,2003,583,22. 시도별 지가변동률(평균),XIII. 물가 및 가계,1997,울산,col-ko,0,0.3279,0.03,0.03,1.0,전치·패널2,[전치] 1997
지가,2003,583,22. 시도별 지가변동률(평균),XIII. 물가 및 가계,1997,경기,col-ko,0,0.39,0.65,0.65,1.0,전치·패널2,[전치] 1997
지가,2003,583,22. 시도별 지가변동률(평균),XIII. 물가 및 가계,1997,강원,col-ko,0,0.4532,0.77,0.77,0.5,전치·패널2,[전치] 1997
지가,2003,583,22. 시도별 지가변동률(평균),XIII. 물가 및 가계,1997,충북,col-ko,0,0.5173,1.02,1.02,1.0,전치·패널2,[전치] 1997
지가,2003,583,22. 시도별 지가변동률(평균),XIII. 물가 및 가계,1997,충남,col-ko,0,0.5815,1.13,1.13,1.0,전치·패널2,[전치] 1997
지가,2003,583,22. 시도별 지가변동률(평균),XIII. 물가 및 가계,1997,전북,col-ko,0,0.6456,0.57,0.57,1.0,전치·패널2,[전치] 1997
지가,2003,583,22. 시도별 지가변동률(평균),XIII. 물가 및 가계,1997,전남,col-ko,0,0.7088,0.69,0.69,1.0,전치·패널2,[전치] 1997
지가,2003,583,22. 시도별 지가변동률(평균),XIII. 물가 및 가계,1997,경북,col-ko,0,0.7719,0.38,0.38,1.0,전치·패널2,[전치] 1997
지가,2003,583,22. 시도별 지가변동률(평균),XIII. 물가 및 가계,1997,경남,col-ko,0,0.835,0.26,0.26,1.0,전치·패널2,[전치] 1997
지가,2003,583,22. 시도별 지가변동률(평균),XIII. 물가 및 가계,1997,제주,col-ko,0,0.8972,0.38,0.38,1.0,전치·패널2,[전치] 1997
지가,2003,583,22. 시도별 지가변동률(평균),XIII. 물가 및 가계,1998,울산,col-ko,0,0.3279,-13.54,-13.54,1.0,전치·패널2,[전치] 1998
지가,2003,583,22. 시도별 지가변동률(평균),XIII. 물가 및 가계,1998,경기,col-ko,0,0.39,-14.65,-14.65,1.0,전치·패널2,[전치] 1998
지가,2003,583,22. 시도별 지가변동률(평균),XIII. 물가 및 가계,1998,강원,col-ko,0,0.4532,-8.30,-8.3,1.0,전치·패널2,[전치] 1998
지가,2003,583,22. 시도별 지가변동률(평균),XIII. 물가 및 가계,1998,충북,col-ko,0,0.5173,-7.13,-7.13,1.0,전치·패널2,[전치] 1998
지가,2003,583,22. 시도별 지가변동률(평균),XIII. 물가 및 가계,1998,충남,col-ko,0,0.5815,-7.11,-7.11,1.0,전치·패널2,[전치] 1998
지가,2003,583,22. 시도별 지가변동률(평균),XIII. 물가 및 가계,1998,전북,col-ko,0,0.6456,-5.60,-5.6,1.0,전치·패널2,[전치] 1998
지가,2003,583,22. 시도별 지가변동률(평균),XIII. 물가 및 가계,1998,전남,col-ko,0,0.7088,-6.96,-6.96,1.0,전치·패널2,[전치] 1998
지가,2003,583,22. 시도별 지가변동률(평균),XIII. 물가 및 가계,1998,경북,col-ko,0,0.7719,-10.76,-10.76,1.0,전치·패널2,[전치] 1998
지가,2003,583,22. 시도별 지가변동률(평균),XIII. 물가 및 가계,1998,경남,col-ko,0,0.835,-14.12,-14.12,1.0,전치·패널2,[전치] 1998
지가,2003,583,22. 시도별 지가변동률(평균),XIII. 물가 및 가계,1998,제주,col-ko,0,0.8972,-8.13,-8.13,1.0,전치·패널2,[전치] 1998
지가,2003,583,22. 시도별 지가변동률(평균),XIII. 물가 및 가계,1999,울산,col-ko,0,0.3279,1.50,1.5,1.0,전치·패널2,[전치] 1999
지가,2003,583,22. 시도별 지가변동률(평균),XIII. 물가 및 가계,1999,경기,col-ko,0,0.39,4.52,4.52,1.0,전치·패널2,[전치] 1999
지가,2003,583,22. 시도별 지가변동률(평균),XIII. 물가 및 가계,1999,강원,col-ko,0,0.4532,2.50,2.5,0.5,전치·패널2,[전치] 1999
지가,2003,583,22. 시도별 지가변동률(평균),XIII. 물가 및 가계,1999,충북,col-ko,0,0.5173,4.10,4.1,0.3,전치·패널2|저신뢰,[전치] 1999
지가,2003,583,22. 시도별 지가변동률(평균),XIII. 물가 및 가계,1999,충남,col-ko,0,0.5815,3.18,3.18,1.0,전치·패널2,[전치] 1999
지가,2003,583,22. 시도별 지가변동률(평균),XIII. 물가 및 가계,1999,전북,col-ko,0,0.6456,2.17,2.17,1.0,전치·패널2,[전치] 1999
지가,2003,583,22. 시도별 지가변동률(평균),XIII. 물가 및 가계,1999,전남,col-ko,0,0.7088,4.50,4.5,1.0,전치·패널2,[전치] 1999
지가,2003,583,22. 시도별 지가변동률(평균),XIII. 물가 및 가계,1999,경북,col-ko,0,0.7719,2.73,2.73,1.0,전치·패널2,[전치] 1999
지가,2003,583,22. 시도별 지가변동률(평균),XIII. 물가 및 가계,1999,경남,col-ko,0,0.835,2.21,2.21,1.0,전치·패널2,[전치] 1999
지가,2003,583,22. 시도별 지가변동률(평균),XIII. 물가 및 가계,1999,제주,col-ko,0,0.8972,6.82,6.82,1.0,전치·패널2,[전치] 1999
지가,2003,583,22. 시도별 지가변동률(평균),XIII. 물가 및 가계,2000,울산,col-ko,0,0.3279,-0.26,-0.26,0.5,전치·패널2,[전치] 2000
지가,2003,583,22. 시도별 지가변동률(평균),XIII. 물가 및 가계,2000,경기,col-ko,0,0.39,1.92,1.92,1.0,전치·패널2,[전치] 2000
지가,2003,583,22. 시도별 지가변동률(평균),XIII. 물가 및 가계,2000,강원,col-ko,0,0.4532,1.39,1.39,1.0,전치·패널2,[전치] 2000
지가,2003,583,22. 시도별 지가변동률(평균),XIII. 물가 및 가계,2000,충북,col-ko,0,0.5173,1.12,1.12,0.5,전치·패널2,[전치] 2000
지가,2003,583,22. 시도별 지가변동률(평균),XIII. 물가 및 가계,2000,충남,col-ko,0,0.5815,1.18,1.18,1.0,전치·패널2,[전치] 2000
지가,2003,583,22. 시도별 지가변동률(평균),XIII. 물가 및 가계,2000,전북,col-ko,0,0.6456,1.13,1.13,1.0,전치·패널2,[전치] 2000
지가,2003,583,22. 시도별 지가변동률(평균),XIII. 물가 및 가계,2000,전남,col-ko,0,0.7088,1.94,1.94,1.0,전치·패널2,[전치] 2000
지가,2003,583,22. 시도별 지가변동률(평균),XIII. 물가 및 가계,2000,경남,col-ko,0,0.835,1.15,1.15,1.0,전치·패널2,[전치] 2000
지가,2003,583,22. 시도별 지가변동률(평균),XIII. 물가 및 가계,2000,제주,col-ko,0,0.8972,2.18,2.18,1.0,전치·패널2,[전치] 2000
지가,2003,583,22. 시도별 지가변동률(평균),XIII. 물가 및 가계,2001,울산,col-ko,0,0.3279,0.38,0.38,1.0,전치·패널2,[전치] 2001
지가,2003,583,22. 시도별 지가변동률(평균),XIII. 물가 및 가계,2001,경기,col-ko,0,0.39,1.91,1.91,1.0,전치·패널2,[전치] 2001
지가,2003,583,22. 시도별 지가변동률(평균),XIII. 물가 및 가계,2001,강원,col-ko,0,0.4532,2.29,2.29,0.5,전치·패널2,[전치] 2001
지가,2003,583,22. 시도별 지가변동률(평균),XIII. 물가 및 가계,2001,충북,col-ko,0,0.5173,0.41,0.41,1.0,전치·패널2,[전치] 2001
지가,2003,583,22. 시도별 지가변동률(평균),XIII. 물가 및 가계,2001,충남,col-ko,0,0.5815,0.36,0.36,1.0,전치·패널2,[전치] 2001
지가,2003,583,22. 시도별 지가변동률(평균),XIII. 물가 및 가계,2001,전북,col-ko,0,0.6456,-0.13,-0.13,1.0,전치·패널2,[전치] 2001
지가,2003,583,22. 시도별 지가변동률(평균),XIII. 물가 및 가계,2001,전남,col-ko,0,0.7088,0.35,0.35,1.0,전치·패널2,[전치] 2001
지가,2003,583,22. 시도별 지가변동률(평균),XIII. 물가 및 가계,2001,경북,col-ko,0,0.7719,0.51,0.51,1.0,전치·패널2,[전치] 2001
지가,2003,583,22. 시도별 지가변동률(평균),XIII. 물가 및 가계,2001,경남,col-ko,0,0.835,0.94,0.94,1.0,전치·패널2,[전치] 2001
지가,2003,583,22. 시도별 지가변동률(평균),XIII. 물가 및 가계,2001,제주,col-ko,0,0.8972,3.13,3.13,0.5,전치·패널2,[전치] 2001
지가,2003,583,22. 시도별 지가변동률(평균),XIII. 물가 및 가계,2002,울산,col-ko,0,0.3279,1.75,1.75,1.0,전치·패널2,[전치] 2002
지가,2003,583,22. 시도별 지가변동률(평균),XIII. 물가 및 가계,2002,경기,col-ko,0,0.39,13.06,13.06,1.0,전치·패널2,[전치] 2002
지가,2003,583,22. 시도별 지가변동률(평균),XIII. 물가 및 가계,2002,강원,col-ko,0,0.4532,1.88,1.88,1.0,전치·패널2,[전치] 2002
지가,2003,583,22. 시도별 지가변동률(평균),XIII. 물가 및 가계,2002,충북,col-ko,0,0.5173,3.02,3.02,1.0,전치·패널2,[전치] 2002
지가,2003,583,22. 시도별 지가변동률(평균),XIII. 물가 및 가계,2002,충남,col-ko,0,0.5815,2.48,2.48,0.5,전치·패널2,[전치] 2002
지가,2003,583,22. 시도별 지가변동률(평균),XIII. 물가 및 가계,2002,전북,col-ko,0,0.6456,0.64,0.64,1.0,전치·패널2,[전치] 2002
지가,2003,583,22. 시도별 지가변동률(평균),XIII. 물가 및 가계,2002,전남,col-ko,0,0.7088,0.95,0.95,1.0,전치·패널2,[전치] 2002
지가,2003,583,22. 시도별 지가변동률(평균),XIII. 물가 및 가계,2002,경북,col-ko,0,0.7719,2.06,2.06,0.5,전치·패널2,[전치] 2002
지가,2003,583,22. 시도별 지가변동률(평균),XIII. 물가 및 가계,2002,경남,col-ko,0,0.835,2.22,2.22,0.5,전치·패널2,[전치] 2002
지가,2003,583,22. 시도별 지가변동률(평균),XIII. 물가 및 가계,2002,제주,col-ko,0,0.8972,6.01,6.01,1.0,전치·패널2,[전치] 2002
지가,2003,583,22. 시도별 지가변동률(평균),XIII. 물가 및 가계,2003,울산,col-ko,0,0.3279,0.66,0.66,1.0,전치·패널2,[전치] 2003
지가,2003,583,22. 시도별 지가변동률(평균),XIII. 물가 및 가계,2003,경기,col-ko,0,0.39,5.12,5.12,0.3,전치·패널2|저신뢰,[전치] 2003
지가,2003,583,22. 시도별 지가변동률(평균),XIII. 물가 및 가계,2003,강원,col-ko,0,0.4532,1.79,1.79,1.0,전치·패널2,[전치] 2003
지가,2003,583,22. 시도별 지가변동률(평균),XIII. 물가 및 가계,2003,충북,col-ko,0,0.5173,2.54,2.54,1.0,전치·패널2,[전치] 2003
지가,2003,583,22. 시도별 지가변동률(평균),XIII. 물가 및 가계,2003,충남,col-ko,0,0.5815,4.81,4.81,1.0,전치·패널2,[전치] 2003
지가,2003,583,22. 시도별 지가변동률(평균),XIII. 물가 및 가계,2003,전북,col-ko,0,0.6456,0.96,0.96,1.0,전치·패널2,[전치] 2003
지가,2003,583,22. 시도별 지가변동률(평균),XIII. 물가 및 가계,2003,전남,col-ko,0,0.7088,0.50,0.5,1.0,전치·패널2,[전치] 2003
지가,2003,583,22. 시도별 지가변동률(평균),XIII. 물가 및 가계,2003,경북,col-ko,0,0.7719,0.15,0.15,1.0,전치·패널2,[전치] 2003
지가,2003,583,22. 시도별 지가변동률(평균),XIII. 물가 및 가계,2003,경남,col-ko,0,0.835,1.38,1.38,1.0,전치·패널2,[전치] 2003
지가,2003,583,22. 시도별 지가변동률(평균),XIII. 물가 및 가계,2003,제주,col-ko,0,0.8972,1.25,1.25,1.0,전치·패널2,[전치] 2003
지가,2003,583,22. 시도별 지가변동률(평균),XIII. 물가 및 가계,주거지역 Dweling,울산,col-ko,0,0.3279,0.56,0.56,1.0,전치·패널2,[전치] 주거지역 Dweling
지가,2003,583,22. 시도별 지가변동률(평균),XIII. 물가 및 가계,주거지역 Dweling,경기,col-ko,0,0.39,4.21,4.21,1.0,전치·패널2,[전치] 주거지역 Dweling
지가,2003,583,22. 시도별 지가변동률(평균),XIII. 물가 및 가계,주거지역 Dweling,강원,col-ko,0,0.4532,1.58,1.58,1.0,전치·패널2,[전치] 주거지역 Dweling
지가,2003,583,22. 시도별 지가변동률(평균),XIII. 물가 및 가계,주거지역 Dweling,충북,col-ko,0,0.5173,2.17,2.17,1.0,전치·패널2,[전치] 주거지역 Dweling
지가,2003,583,22. 시도별 지가변동률(평균),XIII. 물가 및 가계,주거지역 Dweling,충남,col-ko,0,0.5815,5.64,5.64,1.0,전치·패널2,[전치] 주거지역 Dweling
지가,2003,583,22. 시도별 지가변동률(평균),XIII. 물가 및 가계,주거지역 Dweling,전북,col-ko,0,0.6456,1.05,1.05,1.0,전치·패널2,[전치] 주거지역 Dweling
지가,2003,583,22. 시도별 지가변동률(평균),XIII. 물가 및 가계,주거지역 Dweling,전남,col-ko,0,0.7088,0.64,0.64,1.0,전치·패널2,[전치] 주거지역 Dweling
지가,2003,583,22. 시도별 지가변동률(평균),XIII. 물가 및 가계,주거지역 Dweling,경북,col-ko,0,0.7719,0.55,0.55,1.0,전치·패널2,[전치] 주거지역 Dweling
지가,2003,583,22. 시도별 지가변동률(평균),XIII. 물가 및 가계,주거지역 Dweling,경남,col-ko,0,0.835,1.24,1.24,1.0,전치·패널2,[전치] 주거지역 Dweling
지가,2003,583,22. 시도별 지가변동률(평균),XIII. 물가 및 가계,주거지역 Dweling,제주,col-ko,0,0.8972,0.57,0.57,1.0,전치·패널2,[전치] 주거지역 Dweling
지가,2003,583,22. 시도별 지가변동률(평균),XIII. 물가 및 가계,상업 지 역 Commercia,울산,col-ko,0,0.3279,0.38,0.38,1.0,전치·패널2,[전치] 상업 지 역 Commercia
지가,2003,583,22. 시도별 지가변동률(평균),XIII. 물가 및 가계,상업 지 역 Commercia,경기,col-ko,0,0.39,6.21,6.21,1.0,전치·패널2,[전치] 상업 지 역 Commercia
지가,2003,583,22. 시도별 지가변동률(평균),XIII. 물가 및 가계,상업 지 역 Commercia,강원,col-ko,0,0.4532,0.78,0.78,1.0,전치·패널2,[전치] 상업 지 역 Commercia
지가,2003,583,22. 시도별 지가변동률(평균),XIII. 물가 및 가계,상업 지 역 Commercia,충북,col-ko,0,0.5173,0.78,0.78,1.0,전치·패널2,[전치] 상업 지 역 Commercia
지가,2003,583,22. 시도별 지가변동률(평균),XIII. 물가 및 가계,상업 지 역 Commercia,충남,col-ko,0,0.5815,3.40,3.4,1.0,전치·패널2,[전치] 상업 지 역 Commercia
지가,2003,583,22. 시도별 지가변동률(평균),XIII. 물가 및 가계,상업 지 역 Commercia,전북,col-ko,0,0.6456,-0.60,-0.6,0.5,전치·패널2,[전치] 상업 지 역 Commercia
지가,2003,583,22. 시도별 지가변동률(평균),XIII. 물가 및 가계,상업 지 역 Commercia,전남,col-ko,0,0.7088,0.23,0.23,1.0,전치·패널2,[전치] 상업 지 역 Commercia
지가,2003,583,22. 시도별 지가변동률(평균),XIII. 물가 및 가계,상업 지 역 Commercia,경북,col-ko,0,0.7719,-0.13,-0.13,1.0,전치·패널2,[전치] 상업 지 역 Commercia
지가,2003,583,22. 시도별 지가변동률(평균),XIII. 물가 및 가계,상업 지 역 Commercia,경남,col-ko,0,0.835,0.70,0.7,1.0,전치·패널2,[전치] 상업 지 역 Commercia
지가,2003,583,22. 시도별 지가변동률(평균),XIII. 물가 및 가계,상업 지 역 Commercia,제주,col-ko,0,0.8972,0.06,0.06,1.0,전치·패널2,[전치] 상업 지 역 Commercia
지가,2003,583,22. 시도별 지가변동률(평균),XIII. 물가 및 가계,공업 지 역 Industrial,울산,col-ko,0,0.3279,0.13,0.13,1.0,전치·패널2,[전치] 공업 지 역 Industrial
지가,2003,583,22. 시도별 지가변동률(평균),XIII. 물가 및 가계,공업 지 역 Industrial,경기,col-ko,0,0.39,3.16,3.16,1.0,전치·패널2,[전치] 공업 지 역 Industrial
지가,2003,583,22. 시도별 지가변동률(평균),XIII. 물가 및 가계,공업 지 역 Industrial,강원,col-ko,0,0.4532,-0.90,-0.9,0.5,전치·패널2,[전치] 공업 지 역 Industrial
지가,2003,583,22. 시도별 지가변동률(평균),XIII. 물가 및 가계,공업 지 역 Industrial,충북,col-ko,0,0.5173,3.97,3.97,1.0,전치·패널2,[전치] 공업 지 역 Industrial
지가,2003,583,22. 시도별 지가변동률(평균),XIII. 물가 및 가계,공업 지 역 Industrial,충남,col-ko,0,0.5815,3.93,3.93,1.0,전치·패널2,[전치] 공업 지 역 Industrial
지가,2003,583,22. 시도별 지가변동률(평균),XIII. 물가 및 가계,공업 지 역 Industrial,전북,col-ko,0,0.6456,0.55,0.55,1.0,전치·패널2,[전치] 공업 지 역 Industrial
지가,2003,583,22. 시도별 지가변동률(평균),XIII. 물가 및 가계,공업 지 역 Industrial,전남,col-ko,0,0.7088,0.58,0.58,1.0,전치·패널2,[전치] 공업 지 역 Industrial
지가,2003,583,22. 시도별 지가변동률(평균),XIII. 물가 및 가계,공업 지 역 Industrial,경북,col-ko,0,0.7719,0.35,0.35,1.0,전치·패널2,[전치] 공업 지 역 Industrial
지가,2003,583,22. 시도별 지가변동률(평균),XIII. 물가 및 가계,공업 지 역 Industrial,경남,col-ko,0,0.835,1.19,1.19,1.0,전치·패널2,[전치] 공업 지 역 Industrial
지가,2003,583,22. 시도별 지가변동률(평균),XIII. 물가 및 가계,공업 지 역 Industrial,제주,col-ko,0,0.8972,0.29,0.29,1.0,전치·패널2,[전치] 공업 지 역 Industrial
지가,2003,583,22. 시도별 지가변동률(평균),XIII. 물가 및 가계,녹 지지 역 Green Belt,울산,col-ko,0,0.3279,2.01,2.01,1.0,전치·패널2,[전치] 녹 지지 역 Green Belt
지가,2003,583,22. 시도별 지가변동률(평균),XIII. 물가 및 가계,녹 지지 역 Green Belt,경기,col-ko,0,0.39,7.07,7.07,0.5,전치·패널2,[전치] 녹 지지 역 Green Belt
지가,2003,583,22. 시도별 지가변동률(평균),XIII. 물가 및 가계,녹 지지 역 Green Belt,강원,col-ko,0,0.4532,3.87,3.87,1.0,전치·패널2,[전치] 녹 지지 역 Green Belt
지가,2003,583,22. 시도별 지가변동률(평균),XIII. 물가 및 가계,녹 지지 역 Green Belt,충북,col-ko,0,0.5173,6.47,6.47,1.0,전치·패널2,[전치] 녹 지지 역 Green Belt
지가,2003,583,22. 시도별 지가변동률(평균),XIII. 물가 및 가계,녹 지지 역 Green Belt,충남,col-ko,0,0.5815,7.05,7.05,1.0,전치·패널2,[전치] 녹 지지 역 Green Belt
지가,2003,583,22. 시도별 지가변동률(평균),XIII. 물가 및 가계,녹 지지 역 Green Belt,전북,col-ko,0,0.6456,3.74,3.74,1.0,전치·패널2,[전치] 녹 지지 역 Green Belt
지가,2003,583,22. 시도별 지가변동률(평균),XIII. 물가 및 가계,녹 지지 역 Green Belt,전남,col-ko,0,0.7088,0.85,0.85,1.0,전치·패널2,[전치] 녹 지지 역 Green Belt
지가,2003,583,22. 시도별 지가변동률(평균),XIII. 물가 및 가계,녹 지지 역 Green Belt,경북,col-ko,0,0.7719,0.66,0.66,1.0,전치·패널2,[전치] 녹 지지 역 Green Belt
지가,2003,583,22. 시도별 지가변동률(평균),XIII. 물가 및 가계,녹 지지 역 Green Belt,경남,col-ko,0,0.835,2.82,2.82,1.0,전치·패널2,[전치] 녹 지지 역 Green Belt
지가,2003,583,22. 시도별 지가변동률(평균),XIII. 물가 및 가계,녹 지지 역 Green Belt,제주,col-ko,0,0.8972,1.43,1.43,1.0,전치·패널2,[전치] 녹 지지 역 Green Belt
지가,2003,583,22. 시도별 지가변동률(평균),XIII. 물가 및 가계,관리지역 Quasi-City,울산,col-ko,0,0.3279,0.05,0.05,1.0,전치·패널2,[전치] 관리지역 Quasi-City
지가,2003,583,22. 시도별 지가변동률(평균),XIII. 물가 및 가계,관리지역 Quasi-City,경기,col-ko,0,0.39,5.23,5.23,1.0,전치·패널2,[전치] 관리지역 Quasi-City
지가,2003,583,22. 시도별 지가변동률(평균),XIII. 물가 및 가계,관리지역 Quasi-City,강원,col-ko,0,0.4532,2.37,2.37,0.3,전치·패널2|저신뢰,[전치] 관리지역 Quasi-City
지가,2003,583,22. 시도별 지가변동률(평균),XIII. 물가 및 가계,관리지역 Quasi-City,충북,col-ko,0,0.5173,2.00,2.0,0.3,전치·패널2|저신뢰,[전치] 관리지역 Quasi-City
지가,2003,583,22. 시도별 지가변동률(평균),XIII. 물가 및 가계,관리지역 Quasi-City,충남,col-ko,0,0.5815,5.15,5.15,1.0,전치·패널2,[전치] 관리지역 Quasi-City
지가,2003,583,22. 시도별 지가변동률(평균),XIII. 물가 및 가계,관리지역 Quasi-City,전북,col-ko,0,0.6456,0.69,0.69,1.0,전치·패널2,[전치] 관리지역 Quasi-City
지가,2003,583,22. 시도별 지가변동률(평균),XIII. 물가 및 가계,관리지역 Quasi-City,전남,col-ko,0,0.7088,0.61,0.61,1.0,전치·패널2,[전치] 관리지역 Quasi-City
지가,2003,583,22. 시도별 지가변동률(평균),XIII. 물가 및 가계,관리지역 Quasi-City,경북,col-ko,0,0.7719,0.37,0.37,0.3,전치·패널2|저신뢰,[전치] 관리지역 Quasi-City
지가,2003,583,22. 시도별 지가변동률(평균),XIII. 물가 및 가계,관리지역 Quasi-City,경남,col-ko,0,0.835,1.54,1.54,1.0,전치·패널2,[전치] 관리지역 Quasi-City
지가,2003,583,22. 시도별 지가변동률(평균),XIII. 물가 및 가계,관리지역 Quasi-City,제주,col-ko,0,0.8972,2.53,2.53,1.0,전치·패널2,[전치] 관리지역 Quasi-City
지가,2003,583,22. 시도별 지가변동률(평균),XIII. 물가 및 가계,농림지역 Agriculturat,울산,col-ko,0,0.3279,0.04,0.04,1.0,전치·패널2,[전치] 농림지역 Agriculturat
지가,2003,583,22. 시도별 지가변동률(평균),XIII. 물가 및 가계,농림지역 Agriculturat,경기,col-ko,0,0.39,3.53,3.53,1.0,전치·패널2,[전치] 농림지역 Agriculturat
지가,2003,583,22. 시도별 지가변동률(평균),XIII. 물가 및 가계,농림지역 Agriculturat,강원,col-ko,0,0.4532,0.87,0.87,1.0,전치·패널2,[전치] 농림지역 Agriculturat
지가,2003,583,22. 시도별 지가변동률(평균),XIII. 물가 및 가계,농림지역 Agriculturat,충북,col-ko,0,0.5173,0.99,0.99,1.0,전치·패널2,[전치] 농림지역 Agriculturat
지가,2003,583,22. 시도별 지가변동률(평균),XIII. 물가 및 가계,농림지역 Agriculturat,충남,col-ko,0,0.5815,2.63,2.63,1.0,전치·패널2,[전치] 농림지역 Agriculturat
지가,2003,583,22. 시도별 지가변동률(평균),XIII. 물가 및 가계,농림지역 Agriculturat,전남,col-ko,0,0.7088,0.04,0.04,1.0,전치·패널2,[전치] 농림지역 Agriculturat
지가,2003,583,22. 시도별 지가변동률(평균),XIII. 물가 및 가계,농림지역 Agriculturat,경북,col-ko,0,0.7719,1.53,1.53,0.3,전치·패널2|저신뢰,[전치] 농림지역 Agriculturat
지가,2003,583,22. 시도별 지가변동률(평균),XIII. 물가 및 가계,농림지역 Agriculturat,경남,col-ko,0,0.835,0.38,0.38,0.5,전치·패널2,[전치] 농림지역 Agriculturat
지가,2003,583,22. 시도별 지가변동률(평균),XIII. 물가 및 가계,자연환경보전지역 Natural environment +.37,경기,col-ko,0,0.39,1.26,1.26,1.0,전치·패널2,[전치] 자연환경보전지역 Natural environment +.37
지가,2003,583,22. 시도별 지가변동률(평균),XIII. 물가 및 가계,자연환경보전지역 Natural environment +.37,강원,col-ko,0,0.4532,1.44,1.44,1.0,전치·패널2,[전치] 자연환경보전지역 Natural environment +.37
지가,2003,583,22. 시도별 지가변동률(평균),XIII. 물가 및 가계,자연환경보전지역 Natural environment +.37,충북,col-ko,0,0.5173,0.53,0.53,1.0,전치·패널2,[전치] 자연환경보전지역 Natural environment +.37
지가,2003,583,22. 시도별 지가변동률(평균),XIII. 물가 및 가계,자연환경보전지역 Natural environment +.37,충남,col-ko,0,0.5815,3.26,3.26,1.0,전치·패널2,[전치] 자연환경보전지역 Natural environment +.37
지가,2003,583,22. 시도별 지가변동률(평균),XIII. 물가 및 가계,자연환경보전지역 Natural environment +.37,전북,col-ko,0,0.6456,1.49,1.49,1.0,전치·패널2,[전치] 자연환경보전지역 Natural environment +.37
지가,2003,583,22. 시도별 지가변동률(평균),XIII. 물가 및 가계,자연환경보전지역 Natural environment +.37,전남,col-ko,0,0.7088,0.46,0.46,1.0,전치·패널2,[전치] 자연환경보전지역 Natural environment +.37
지가,2003,583,22. 시도별 지가변동률(평균),XIII. 물가 및 가계,자연환경보전지역 Natural environment +.37,경북,col-ko,0,0.7719,-1.25,-1.25,1.0,전치·패널2,[전치] 자연환경보전지역 Natural environment +.37
지가,2003,583,22. 시도별 지가변동률(평균),XIII. 물가 및 가계,자연환경보전지역 Natural environment +.37,경남,col-ko,0,0.835,2.06,2.06,0.5,전치·패널2,[전치] 자연환경보전지역 Natural environment +.37
지가,2003,583,22. 시도별 지가변동률(평균),XIII. 물가 및 가계,전 Dry paddies,울산,col-ko,0,0.3279,133,133,0.5,전치·패널2,[전치] 전 Dry paddies
지가,2003,583,22. 시도별 지가변동률(평균),XIII. 물가 및 가계,전 Dry paddies,경기,col-ko,0,0.39,6.67,6.67,1.0,전치·패널2,[전치] 전 Dry paddies
지가,2003,583,22. 시도별 지가변동률(평균),XIII. 물가 및 가계,전 Dry paddies,강원,col-ko,0,0.4532,2.62,2.62,0.5,전치·패널2,[전치] 전 Dry paddies
지가,2003,583,22. 시도별 지가변동률(평균),XIII. 물가 및 가계,전 Dry paddies,충남,col-ko,0,0.5815,5.62,5.62,1.0,전치·패널2,[전치] 전 Dry paddies
지가,2003,583,22. 시도별 지가변동률(평균),XIII. 물가 및 가계,전 Dry paddies,전북,col-ko,0,0.6456,1.99,1.99,1.0,전치·패널2,[전치] 전 Dry paddies
지가,2003,583,22. 시도별 지가변동률(평균),XIII. 물가 및 가계,전 Dry paddies,전남,col-ko,0,0.7088,0.74,0.74,0.3,전치·패널2|저신뢰,[전치] 전 Dry paddies
지가,2003,583,22. 시도별 지가변동률(평균),XIII. 물가 및 가계,전 Dry paddies,경북,col-ko,0,0.7719,-0.04,-0.04,1.0,전치·패널2,[전치] 전 Dry paddies
지가,2003,583,22. 시도별 지가변동률(평균),XIII. 물가 및 가계,전 Dry paddies,경남,col-ko,0,0.835,2.00,2.0,0.5,전치·패널2,[전치] 전 Dry paddies
지가,2003,583,22. 시도별 지가변동률(평균),XIII. 물가 및 가계,전 Dry paddies,제주,col-ko,0,0.8972,1.40,1.4,1.0,전치·패널2,[전치] 전 Dry paddies
지가,2003,583,22. 시도별 지가변동률(평균),XIII. 물가 및 가계,답 Rice fields,울산,col-ko,0,0.3279,1.64,1.64,1.0,전치·패널2,[전치] 답 Rice fields
지가,2003,583,22. 시도별 지가변동률(평균),XIII. 물가 및 가계,답 Rice fields,경기,col-ko,0,0.39,5.19,5.19,1.0,전치·패널2,[전치] 답 Rice fields
지가,2003,583,22. 시도별 지가변동률(평균),XIII. 물가 및 가계,답 Rice fields,강원,col-ko,0,0.4532,2.28,2.28,0.5,전치·패널2,[전치] 답 Rice fields
지가,2003,583,22. 시도별 지가변동률(평균),XIII. 물가 및 가계,답 Rice fields,충남,col-ko,0,0.5815,3.99,3.99,1.0,전치·패널2,[전치] 답 Rice fields
지가,2003,583,22. 시도별 지가변동률(평균),XIII. 물가 및 가계,답 Rice fields,전남,col-ko,0,0.7088,0.25,0.25,1.0,전치·패널2,[전치] 답 Rice fields
지가,2003,583,22. 시도별 지가변동률(평균),XIII. 물가 및 가계,답 Rice fields,경북,col-ko,0,0.7719,-0.29,-0.29,0.5,전치·패널2,[전치] 답 Rice fields
지가,2003,583,22. 시도별 지가변동률(평균),XIII. 물가 및 가계,답 Rice fields,경남,col-ko,0,0.835,1.52,1.52,1.0,전치·패널2,[전치] 답 Rice fields
지가,2003,583,22. 시도별 지가변동률(평균),XIII. 물가 및 가계,답 Rice fields,제주,col-ko,0,0.8972,1.72,1.72,1.0,전치·패널2,[전치] 답 Rice fields
지가,2003,583,22. 시도별 지가변동률(평균),XIII. 물가 및 가계,주거용 For dweling,울산,col-ko,0,0.3279,0.84,0.84,1.0,전치·패널2,[전치] 주거용 For dweling
지가,2003,583,22. 시도별 지가변동률(평균),XIII. 물가 및 가계,주거용 For dweling,경기,col-ko,0,0.39,4.57,4.57,1.0,전치·패널2,[전치] 주거용 For dweling
지가,2003,583,22. 시도별 지가변동률(평균),XIII. 물가 및 가계,주거용 For dweling,충북,col-ko,0,0.5173,2.45,2.45,1.0,전치·패널2,[전치] 주거용 For dweling
지가,2003,583,22. 시도별 지가변동률(평균),XIII. 물가 및 가계,주거용 For dweling,충남,col-ko,0,0.5815,5.56,5.56,1.0,전치·패널2,[전치] 주거용 For dweling
지가,2003,583,22. 시도별 지가변동률(평균),XIII. 물가 및 가계,주거용 For dweling,전북,col-ko,0,0.6456,1.23,1.23,1.0,전치·패널2,[전치] 주거용 For dweling
지가,2003,583,22. 시도별 지가변동률(평균),XIII. 물가 및 가계,주거용 For dweling,경북,col-ko,0,0.7719,0.55,0.55,1.0,전치·패널2,[전치] 주거용 For dweling
지가,2003,583,22. 시도별 지가변동률(평균),XIII. 물가 및 가계,주거용 For dweling,경남,col-ko,0,0.835,1.68,1.68,1.0,전치·패널2,[전치] 주거용 For dweling
지가,2003,583,22. 시도별 지가변동률(평균),XIII. 물가 및 가계,상업용 For commerce,울산,col-ko,0,0.3279,0.65,0.65,1.0,전치·패널2,[전치] 상업용 For commerce
지가,2003,583,22. 시도별 지가변동률(평균),XIII. 물가 및 가계,상업용 For commerce,경기,col-ko,0,0.39,5.62,5.62,1.0,전치·패널2,[전치] 상업용 For commerce
지가,2003,583,22. 시도별 지가변동률(평균),XIII. 물가 및 가계,상업용 For commerce,충북,col-ko,0,0.5173,1.99,1.99,1.0,전치·패널2,[전치] 상업용 For commerce
지가,2003,583,22. 시도별 지가변동률(평균),XIII. 물가 및 가계,상업용 For commerce,충남,col-ko,0,0.5815,4.36,4.36,1.0,전치·패널2,[전치] 상업용 For commerce
지가,2003,583,22. 시도별 지가변동률(평균),XIII. 물가 및 가계,상업용 For commerce,전북,col-ko,0,0.6456,0.32,0.32,1.0,전치·패널2,[전치] 상업용 For commerce
지가,2003,583,22. 시도별 지가변동률(평균),XIII. 물가 및 가계,상업용 For commerce,전남,col-ko,0,0.7088,0.35,0.35,1.0,전치·패널2,[전치] 상업용 For commerce
지가,2003,583,22. 시도별 지가변동률(평균),XIII. 물가 및 가계,상업용 For commerce,경북,col-ko,0,0.7719,0.11,0.11,1.0,전치·패널2,[전치] 상업용 For commerce
지가,2003,583,22. 시도별 지가변동률(평균),XIII. 물가 및 가계,상업용 For commerce,경남,col-ko,0,0.835,0.90,0.9,1.0,전치·패널2,[전치] 상업용 For commerce
지가,2003,583,22. 시도별 지가변동률(평균),XIII. 물가 및 가계,상업용 For commerce,제주,col-ko,0,0.8972,0.15,0.15,1.0,전치·패널2,[전치] 상업용 For commerce
지가,2003,583,22. 시도별 지가변동률(평균),XIII. 물가 및 가계,야 Forest,울산,col-ko,0,0.3279,0.29,0.29,0.5,전치·패널2,[전치] 야 Forest
지가,2003,583,22. 시도별 지가변동률(평균),XIII. 물가 및 가계,야 Forest,경기,col-ko,0,0.39,4.38,4.38,1.0,전치·패널2,[전치] 야 Forest
지가,2003,583,22. 시도별 지가변동률(평균),XIII. 물가 및 가계,야 Forest,충북,col-ko,0,0.5173,1.50,1.5,1.0,전치·패널2,[전치] 야 Forest
지가,2003,583,22. 시도별 지가변동률(평균),XIII. 물가 및 가계,야 Forest,충남,col-ko,0,0.5815,4.30,4.3,1.0,전치·패널2,[전치] 야 Forest
지가,2003,583,22. 시도별 지가변동률(평균),XIII. 물가 및 가계,야 Forest,전북,col-ko,0,0.6456,1.24,1.24,1.0,전치·패널2,[전치] 야 Forest
지가,2003,583,22. 시도별 지가변동률(평균),XIII. 물가 및 가계,야 Forest,전남,col-ko,0,0.7088,0.51,0.51,1.0,전치·패널2,[전치] 야 Forest
지가,2003,583,22. 시도별 지가변동률(평균),XIII. 물가 및 가계,야 Forest,경북,col-ko,0,0.7719,-0.17,-0.17,1.0,전치·패널2,[전치] 야 Forest
지가,2003,583,22. 시도별 지가변동률(평균),XIII. 물가 및 가계,야 Forest,경남,col-ko,0,0.835,0.51,0.51,1.0,전치·패널2,[전치] 야 Forest
지가,2003,583,22. 시도별 지가변동률(평균),XIII. 물가 및 가계,야 Forest,제주,col-ko,0,0.8972,4.26,4.26,1.0,전치·패널2,[전치] 야 Forest
지가,2003,583,22. 시도별 지가변동률(평균),XIII. 물가 및 가계,공장용지 Factory,울산,col-ko,0,0.3279,0.15,0.15,1.0,전치·패널2,[전치] 공장용지 Factory
지가,2003,583,22. 시도별 지가변동률(평균),XIII. 물가 및 가계,공장용지 Factory,경기,col-ko,0,0.39,4.90,4.9,1.0,전치·패널2,[전치] 공장용지 Factory
지가,2003,583,22. 시도별 지가변동률(평균),XIII. 물가 및 가계,공장용지 Factory,충북,col-ko,0,0.5173,2.30,2.3,1.0,전치·패널2,[전치] 공장용지 Factory
지가,2003,583,22. 시도별 지가변동률(평균),XIII. 물가 및 가계,공장용지 Factory,충남,col-ko,0,0.5815,5.40,5.4,1.0,전치·패널2,[전치] 공장용지 Factory
지가,2003,583,22. 시도별 지가변동률(평균),XIII. 물가 및 가계,공장용지 Factory,전북,col-ko,0,0.6456,0.33,0.33,1.0,전치·패널2,[전치] 공장용지 Factory
지가,2003,583,22. 시도별 지가변동률(평균),XIII. 물가 및 가계,공장용지 Factory,전남,col-ko,0,0.7088,0.42,0.42,1.0,전치·패널2,[전치] 공장용지 Factory
지가,2003,583,22. 시도별 지가변동률(평균),XIII. 물가 및 가계,공장용지 Factory,경북,col-ko,0,0.7719,0.36,0.36,1.0,전치·패널2,[전치] 공장용지 Factory
지가,2003,583,22. 시도별 지가변동률(평균),XIII. 물가 및 가계,공장용지 Factory,경남,col-ko,0,0.835,1.35,1.35,1.0,전치·패널2,[전치] 공장용지 Factory
지가,2003,583,22. 시도별 지가변동률(평균),XIII. 물가 및 가계,공장용지 Factory,제주,col-ko,0,0.8972,0.34,0.34,1.0,전치·패널2,[전치] 공장용지 Factory
지가,2003,583,22. 시도별 지가변동률(평균),XIII. 물가 및 가계,기 타 Others,경기,col-ko,0,0.39,3.53,3.53,1.0,전치·패널2,[전치] 기 타 Others
지가,2003,583,22. 시도별 지가변동률(평균),XIII. 물가 및 가계,기 타 Others,강원,col-ko,0,0.4532,1.06,1.06,1.0,전치·패널2,[전치] 기 타 Others
지가,2003,583,22. 시도별 지가변동률(평균),XIII. 물가 및 가계,기 타 Others,충북,col-ko,0,0.5173,2.25,2.25,0.5,전치·패널2,[전치] 기 타 Others
지가,2003,583,22. 시도별 지가변동률(평균),XIII. 물가 및 가계,기 타 Others,충남,col-ko,0,0.5815,3.17,3.17,1.0,전치·패널2,[전치] 기 타 Others
지가,2003,583,22. 시도별 지가변동률(평균),XIII. 물가 및 가계,기 타 Others,전북,col-ko,0,0.6456,0.0,0.0,0.3,전치·패널2|저신뢰,[전치] 기 타 Others
지가,2003,583,22. 시도별 지가변동률(평균),XIII. 물가 및 가계,기 타 Others,전남,col-ko,0,0.7088,0.58,0.58,1.0,전치·패널2,[전치] 기 타 Others
지가,2003,583,22. 시도별 지가변동률(평균),XIII. 물가 및 가계,기 타 Others,경북,col-ko,0,0.7719,0.64,0.64,1.0,전치·패널2,[전치] 기 타 Others
지가,2003,583,22. 시도별 지가변동률(평균),XIII. 물가 및 가계,기 타 Others,경남,col-ko,0,0.835,0.33,0.33,1.0,전치·패널2,[전치] 기 타 Others
지가,2003,583,22. 시도별 지가변동률(평균),XIII. 물가 및 가계,기 타 Others,제주,col-ko,0,0.8972,4.32,4.32,0.5,전치·패널2,[전치] 기 타 Others
지가,2004,646,22. 시도별 지가 변동률(평균),Ⅷ. 물가 및 가계,1997,전국,col-ko,0,0.3193,0.31,0.31,1.0,전치·패널1,[전치] 22. 시도별 지가 변동률(평균) | 1997
지가,2004,646,22. 시도별 지가 변동률(평균),Ⅷ. 물가 및 가계,1997,서울,col-ko,0,0.5739,0.29,0.29,1.0,전치·패널1,[전치] 22. 시도별 지가 변동률(평균) | 1997
지가,2004,646,22. 시도별 지가 변동률(평균),Ⅷ. 물가 및 가계,1997,부산,col-ko,0,0.6376,-0. 90,-0.9,0.3,전치·패널1|저신뢰,[전치] 22. 시도별 지가 변동률(평균) | 1997
지가,2004,646,22. 시도별 지가 변동률(평균),Ⅷ. 물가 및 가계,1997,인천,col-ko,0,0.7669,0. 28,0.28,1.0,전치·패널1,[전치] 22. 시도별 지가 변동률(평균) | 1997
지가,2004,646,22. 시도별 지가 변동률(평균),Ⅷ. 물가 및 가계,1997,광주,col-ko,0,0.8368,0.67,0.67,1.0,전치·패널1,[전치] 22. 시도별 지가 변동률(평균) | 1997
지가,2004,646,22. 시도별 지가 변동률(평균),Ⅷ. 물가 및 가계,1997,대전,col-ko,0,0.8881,0. 12,0.12,0.5,전치·패널1,[전치] 22. 시도별 지가 변동률(평균) | 1997
지가,2004,646,22. 시도별 지가 변동률(평균),Ⅷ. 물가 및 가계,1998 - 13. 60 - 12. 15 - 8. 85 - 16. 25 - 16. 52 - 15. 24 - ,대전,col-ko,0,0.8881,-8.36,-8.36,1.0,전치·패널1,[전치] 22. 시도별 지가 변동률(평균) | 1998 - 13. 60 - 12. 15 - 8. 85 - 16. 25 - 16. 52 - 15. 24 - 
지가,2004,646,22. 시도별 지가 변동률(평균),Ⅷ. 물가 및 가계,1999,전국,col-ko,0,0.3193,2.94,2.94,1.0,전치·패널1,[전치] 22. 시도별 지가 변동률(평균) | 1999
지가,2004,646,22. 시도별 지가 변동률(평균),Ⅷ. 물가 및 가계,1999,서울,col-ko,0,0.5739,2.66,2.66,1.0,전치·패널1,[전치] 22. 시도별 지가 변동률(평균) | 1999
지가,2004,646,22. 시도별 지가 변동률(평균),Ⅷ. 물가 및 가계,1999,부산,col-ko,0,0.6376,1.24,1.24,1.0,전치·패널1,[전치] 22. 시도별 지가 변동률(평균) | 1999
지가,2004,646,22. 시도별 지가 변동률(평균),Ⅷ. 물가 및 가계,1999,대구,col-ko,0,0.7023,1.93,1.93,0.5,전치·패널1,[전치] 22. 시도별 지가 변동률(평균) | 1999
지가,2004,646,22. 시도별 지가 변동률(평균),Ⅷ. 물가 및 가계,1999,인천,col-ko,0,0.7669,3.51,3.51,1.0,전치·패널1,[전치] 22. 시도별 지가 변동률(평균) | 1999
지가,2004,646,22. 시도별 지가 변동률(평균),Ⅷ. 물가 및 가계,1999,광주,col-ko,0,0.8368,1.30,1.3,0.5,전치·패널1,[전치] 22. 시도별 지가 변동률(평균) | 1999
지가,2004,646,22. 시도별 지가 변동률(평균),Ⅷ. 물가 및 가계,1999,대전,col-ko,0,0.8881,0.38,0.38,1.0,전치·패널1,[전치] 22. 시도별 지가 변동률(평균) | 1999
지가,2004,646,22. 시도별 지가 변동률(평균),Ⅷ. 물가 및 가계,2000,전국,col-ko,0,0.3193,0.67,0.67,1.0,전치·패널1,[전치] 22. 시도별 지가 변동률(평균) | 2000
지가,2004,646,22. 시도별 지가 변동률(평균),Ⅷ. 물가 및 가계,2000,서울,col-ko,0,0.5739,0.05,0.05,1.0,전치·패널1,[전치] 22. 시도별 지가 변동률(평균) | 2000
지가,2004,646,22. 시도별 지가 변동률(평균),Ⅷ. 물가 및 가계,2000,부산,col-ko,0,0.6376,-0. 53,-0.53,0.3,전치·패널1|저신뢰,[전치] 22. 시도별 지가 변동률(평균) | 2000
지가,2004,646,22. 시도별 지가 변동률(평균),Ⅷ. 물가 및 가계,2000,대구,col-ko,0,0.7023,-1.05,-1.05,1.0,전치·패널1,[전치] 22. 시도별 지가 변동률(평균) | 2000
지가,2004,646,22. 시도별 지가 변동률(평균),Ⅷ. 물가 및 가계,2000,인천,col-ko,0,0.7669,1. 07,1.07,0.5,전치·패널1,[전치] 22. 시도별 지가 변동률(평균) | 2000
지가,2004,646,22. 시도별 지가 변동률(평균),Ⅷ. 물가 및 가계,2000,광주,col-ko,0,0.8368,-0. 31,-0.31,0.5,전치·패널1,[전치] 22. 시도별 지가 변동률(평균) | 2000
지가,2004,646,22. 시도별 지가 변동률(평균),Ⅷ. 물가 및 가계,2000,대전,col-ko,0,0.8881,-0.24,-0.24,1.0,전치·패널1,[전치] 22. 시도별 지가 변동률(평균) | 2000
지가,2004,646,22. 시도별 지가 변동률(평균),Ⅷ. 물가 및 가계,2001,전국,col-ko,0,0.3193,1.32,1.32,0.5,전치·패널1,[전치] 22. 시도별 지가 변동률(평균) | 2001
지가,2004,646,22. 시도별 지가 변동률(평균),Ⅷ. 물가 및 가계,2001,서울,col-ko,0,0.5739,1.89,1.89,1.0,전치·패널1,[전치] 22. 시도별 지가 변동률(평균) | 2001
지가,2004,646,22. 시도별 지가 변동률(평균),Ⅷ. 물가 및 가계,2001,부산,col-ko,0,0.6376,0. 49,0.49,1.0,전치·패널1,[전치] 22. 시도별 지가 변동률(평균) | 2001
지가,2004,646,22. 시도별 지가 변동률(평균),Ⅷ. 물가 및 가계,2001,대구,col-ko,0,0.7023,0.42,0.42,0.5,전치·패널1,[전치] 22. 시도별 지가 변동률(평균) | 2001
지가,2004,646,22. 시도별 지가 변동률(평균),Ⅷ. 물가 및 가계,2001,광주,col-ko,0,0.8368,-0. 37,-0.37,0.3,전치·패널1|저신뢰,[전치] 22. 시도별 지가 변동률(평균) | 2001
지가,2004,646,22. 시도별 지가 변동률(평균),Ⅷ. 물가 및 가계,2001,대전,col-ko,0,0.8881,1.00,1.0,0.3,전치·패널1|저신뢰,[전치] 22. 시도별 지가 변동률(평균) | 2001
지가,2004,646,22. 시도별 지가 변동률(평균),Ⅷ. 물가 및 가계,2002,전국,col-ko,0,0.3193,8. 98,8.98,1.0,전치·패널1,[전치] 22. 시도별 지가 변동률(평균) | 2002
지가,2004,646,22. 시도별 지가 변동률(평균),Ⅷ. 물가 및 가계,2002,서울,col-ko,0,0.5739,15.81,15.81,1.0,전치·패널1,[전치] 22. 시도별 지가 변동률(평균) | 2002
지가,2004,646,22. 시도별 지가 변동률(평균),Ⅷ. 물가 및 가계,2002,부산,col-ko,0,0.6376,3.28,3.28,0.5,전치·패널1,[전치] 22. 시도별 지가 변동률(평균) | 2002
지가,2004,646,22. 시도별 지가 변동률(평균),Ⅷ. 물가 및 가계,2002,대구,col-ko,0,0.7023,2.09,2.09,1.0,전치·패널1,[전치] 22. 시도별 지가 변동률(평균) | 2002
지가,2004,646,22. 시도별 지가 변동률(평균),Ⅷ. 물가 및 가계,2002,인천,col-ko,0,0.7669,11. 51,11.51,1.0,전치·패널1,[전치] 22. 시도별 지가 변동률(평균) | 2002
지가,2004,646,22. 시도별 지가 변동률(평균),Ⅷ. 물가 및 가계,2002,광주,col-ko,0,0.8368,1. 03,1.03,1.0,전치·패널1,[전치] 22. 시도별 지가 변동률(평균) | 2002
지가,2004,646,22. 시도별 지가 변동률(평균),Ⅷ. 물가 및 가계,2002,대전,col-ko,0,0.8881,3.24,3.24,0.5,전치·패널1,[전치] 22. 시도별 지가 변동률(평균) | 2002
지가,2004,646,22. 시도별 지가 변동률(평균),Ⅷ. 물가 및 가계,2003,전국,col-ko,0,0.3193,"3,43",343,0.5,전치·패널1,[전치] 22. 시도별 지가 변동률(평균) | 2003
지가,2004,646,22. 시도별 지가 변동률(평균),Ⅷ. 물가 및 가계,2003,서울,col-ko,0,0.5739,5.23,5.23,1.0,전치·패널1,[전치] 22. 시도별 지가 변동률(평균) | 2003
지가,2004,646,22. 시도별 지가 변동률(평균),Ⅷ. 물가 및 가계,2003,부산,col-ko,0,0.6376,1.09,1.09,1.0,전치·패널1,[전치] 22. 시도별 지가 변동률(평균) | 2003
지가,2004,646,22. 시도별 지가 변동률(평균),Ⅷ. 물가 및 가계,2003,대구,col-ko,0,0.7023,1.54,1.54,1.0,전치·패널1,[전치] 22. 시도별 지가 변동률(평균) | 2003
지가,2004,646,22. 시도별 지가 변동률(평균),Ⅷ. 물가 및 가계,2003,인천,col-ko,0,0.7669,2.50,2.5,1.0,전치·패널1,[전치] 22. 시도별 지가 변동률(평균) | 2003
지가,2004,646,22. 시도별 지가 변동률(평균),Ⅷ. 물가 및 가계,2003,광주,col-ko,0,0.8368,0. 91,0.91,1.0,전치·패널1,[전치] 22. 시도별 지가 변동률(평균) | 2003
지가,2004,646,22. 시도별 지가 변동률(평균),Ⅷ. 물가 및 가계,2003,대전,col-ko,0,0.8881,5. 47,5.47,1.0,전치·패널1,[전치] 22. 시도별 지가 변동률(평균) | 2003
지가,2004,646,22. 시도별 지가 변동률(평균),Ⅷ. 물가 및 가계,2004,전국,col-ko,0,0.3193,3.86,3.86,1.0,전치·패널1,[전치] 22. 시도별 지가 변동률(평균) | 2004
지가,2004,646,22. 시도별 지가 변동률(평균),Ⅷ. 물가 및 가계,2004,서울,col-ko,0,0.5739,4. 09,4.09,0.5,전치·패널1,[전치] 22. 시도별 지가 변동률(평균) | 2004
지가,2004,646,22. 시도별 지가 변동률(평균),Ⅷ. 물가 및 가계,2004,부산,col-ko,0,0.6376,0.89,0.89,1.0,전치·패널1,[전치] 22. 시도별 지가 변동률(평균) | 2004
지가,2004,646,22. 시도별 지가 변동률(평균),Ⅷ. 물가 및 가계,2004,대구,col-ko,0,0.7023,1. 58,1.58,1.0,전치·패널1,[전치] 22. 시도별 지가 변동률(평균) | 2004
지가,2004,646,22. 시도별 지가 변동률(평균),Ⅷ. 물가 및 가계,2004,인천,col-ko,0,0.7669,4. 32,4.32,1.0,전치·패널1,[전치] 22. 시도별 지가 변동률(평균) | 2004
지가,2004,646,22. 시도별 지가 변동률(평균),Ⅷ. 물가 및 가계,2004,광주,col-ko,0,0.8368,0. 68,0.68,1.0,전치·패널1,[전치] 22. 시도별 지가 변동률(평균) | 2004
지가,2004,646,22. 시도별 지가 변동률(평균),Ⅷ. 물가 및 가계,2004,대전,col-ko,0,0.8881,2.25,2.25,1.0,전치·패널1,[전치] 22. 시도별 지가 변동률(평균) | 2004
지가,2004,646,22. 시도별 지가 변동률(평균),Ⅷ. 물가 및 가계,주거지 역 Dwelling,전국,col-ko,0,0.3193,3.03,3.03,1.0,전치·패널1,[전치] 22. 시도별 지가 변동률(평균) | 주거지 역 Dwelling
지가,2004,646,22. 시도별 지가 변동률(평균),Ⅷ. 물가 및 가계,주거지 역 Dwelling,서울,col-ko,0,0.5739,3.86,3.86,1.0,전치·패널1,[전치] 22. 시도별 지가 변동률(평균) | 주거지 역 Dwelling
지가,2004,646,22. 시도별 지가 변동률(평균),Ⅷ. 물가 및 가계,주거지 역 Dwelling,부산,col-ko,0,0.6376,0.46,0.46,1.0,전치·패널1,[전치] 22. 시도별 지가 변동률(평균) | 주거지 역 Dwelling
지가,2004,646,22. 시도별 지가 변동률(평균),Ⅷ. 물가 및 가계,주거지 역 Dwelling,대구,col-ko,0,0.7023,0.99,0.99,1.0,전치·패널1,[전치] 22. 시도별 지가 변동률(평균) | 주거지 역 Dwelling
지가,2004,646,22. 시도별 지가 변동률(평균),Ⅷ. 물가 및 가계,주거지 역 Dwelling,인천,col-ko,0,0.7669,3.39,3.39,0.5,전치·패널1,[전치] 22. 시도별 지가 변동률(평균) | 주거지 역 Dwelling
지가,2004,646,22. 시도별 지가 변동률(평균),Ⅷ. 물가 및 가계,상업지 역 Commercial,전국,col-ko,0,0.3193,2.63,2.63,1.0,전치·패널1,[전치] 22. 시도별 지가 변동률(평균) | 상업지 역 Commercial
지가,2004,646,22. 시도별 지가 변동률(평균),Ⅷ. 물가 및 가계,상업지 역 Commercial,서울,col-ko,0,0.5739,4.31,4.31,0.5,전치·패널1,[전치] 22. 시도별 지가 변동률(평균) | 상업지 역 Commercial
지가,2004,646,22. 시도별 지가 변동률(평균),Ⅷ. 물가 및 가계,상업지 역 Commercial,부산,col-ko,0,0.6376,0.49,0.49,1.0,전치·패널1,[전치] 22. 시도별 지가 변동률(평균) | 상업지 역 Commercial
지가,2004,646,22. 시도별 지가 변동률(평균),Ⅷ. 물가 및 가계,상업지 역 Commercial,대구,col-ko,0,0.7023,0. 64,0.64,1.0,전치·패널1,[전치] 22. 시도별 지가 변동률(평균) | 상업지 역 Commercial
지가,2004,646,22. 시도별 지가 변동률(평균),Ⅷ. 물가 및 가계,상업지 역 Commercial,인천,col-ko,0,0.7669,2.70,2.7,1.0,전치·패널1,[전치] 22. 시도별 지가 변동률(평균) | 상업지 역 Commercial
지가,2004,646,22. 시도별 지가 변동률(평균),Ⅷ. 물가 및 가계,공업지역 Industrial,전국,col-ko,0,0.3193,2.80,2.8,1.0,전치·패널1,[전치] 22. 시도별 지가 변동률(평균) | 공업지역 Industrial
지가,2004,646,22. 시도별 지가 변동률(평균),Ⅷ. 물가 및 가계,공업지역 Industrial,서울,col-ko,0,0.5739,4. 91,4.91,0.5,전치·패널1,[전치] 22. 시도별 지가 변동률(평균) | 공업지역 Industrial
지가,2004,646,22. 시도별 지가 변동률(평균),Ⅷ. 물가 및 가계,공업지역 Industrial,부산,col-ko,0,0.6376,0.7,0.7,1.0,전치·패널1,[전치] 22. 시도별 지가 변동률(평균) | 공업지역 Industrial
지가,2004,646,22. 시도별 지가 변동률(평균),Ⅷ. 물가 및 가계,공업지역 Industrial,대구,col-ko,0,0.7023,3. 08,3.08,1.0,전치·패널1,[전치] 22. 시도별 지가 변동률(평균) | 공업지역 Industrial
지가,2004,646,22. 시도별 지가 변동률(평균),Ⅷ. 물가 및 가계,공업지역 Industrial,인천,col-ko,0,0.7669,2. 90,2.9,0.5,전치·패널1,[전치] 22. 시도별 지가 변동률(평균) | 공업지역 Industrial
지가,2004,646,22. 시도별 지가 변동률(평균),Ⅷ. 물가 및 가계,녹지 지 역 Green Belt,전국,col-ko,0,0.3193,6.73,6.73,1.0,전치·패널1,[전치] 22. 시도별 지가 변동률(평균) | 녹지 지 역 Green Belt
지가,2004,646,22. 시도별 지가 변동률(평균),Ⅷ. 물가 및 가계,녹지 지 역 Green Belt,서울,col-ko,0,0.5739,6. 11,6.11,0.3,전치·패널1|저신뢰,[전치] 22. 시도별 지가 변동률(평균) | 녹지 지 역 Green Belt
지가,2004,646,22. 시도별 지가 변동률(평균),Ⅷ. 물가 및 가계,녹지 지 역 Green Belt,부산,col-ko,0,0.6376,3. 49,3.49,0.5,전치·패널1,[전치] 22. 시도별 지가 변동률(평균) | 녹지 지 역 Green Belt
지가,2004,646,22. 시도별 지가 변동률(평균),Ⅷ. 물가 및 가계,녹지 지 역 Green Belt,대구,col-ko,0,0.7023,4. 65,4.65,0.5,전치·패널1,[전치] 22. 시도별 지가 변동률(평균) | 녹지 지 역 Green Belt
지가,2004,646,22. 시도별 지가 변동률(평균),Ⅷ. 물가 및 가계,녹지 지 역 Green Belt,인천,col-ko,0,0.7669,8. 08,8.08,0.5,전치·패널1,[전치] 22. 시도별 지가 변동률(평균) | 녹지 지 역 Green Belt
지가,2004,646,22. 시도별 지가 변동률(평균),Ⅷ. 물가 및 가계,관리지역 Control area,전국,col-ko,0,0.3193,6.78,6.78,1.0,전치·패널1,[전치] 22. 시도별 지가 변동률(평균) | 관리지역 Control area
지가,2004,646,22. 시도별 지가 변동률(평균),Ⅷ. 물가 및 가계,관리지역 Control area,인천,col-ko,0,0.7669,6. 18,6.18,0.5,전치·패널1,[전치] 22. 시도별 지가 변동률(평균) | 관리지역 Control area
지가,2004,646,22. 시도별 지가 변동률(평균),Ⅷ. 물가 및 가계,농림지역 Agricultural,전국,col-ko,0,0.3193,4. 71,4.71,0.3,전치·패널1|저신뢰,[전치] 22. 시도별 지가 변동률(평균) | 농림지역 Agricultural
지가,2004,646,22. 시도별 지가 변동률(평균),Ⅷ. 물가 및 가계,농림지역 Agricultural,대구,col-ko,0,0.7023,2. 53,2.53,0.5,전치·패널1,[전치] 22. 시도별 지가 변동률(평균) | 농림지역 Agricultural
지가,2004,646,22. 시도별 지가 변동률(평균),Ⅷ. 물가 및 가계,농림지역 Agricultural,인천,col-ko,0,0.7669,3. 79,3.79,1.0,전치·패널1,[전치] 22. 시도별 지가 변동률(평균) | 농림지역 Agricultural
지가,2004,646,22. 시도별 지가 변동률(평균),Ⅷ. 물가 및 가계,자연환경보전지역 Natural environment,전국,col-ko,0,0.3193,3. 14,3.14,1.0,전치·패널1,[전치] 22. 시도별 지가 변동률(평균) | 자연환경보전지역 Natural environment
지가,2004,646,22. 시도별 지가 변동률(평균),Ⅷ. 물가 및 가계,전 Dry paddies,전국,col-ko,0,0.3193,6. 92,6.92,1.0,전치·패널1,[전치] 22. 시도별 지가 변동률(평균) | 전 Dry paddies
지가,2004,646,22. 시도별 지가 변동률(평균),Ⅷ. 물가 및 가계,전 Dry paddies,서울,col-ko,0,0.5739,8. 13,8.13,0.3,전치·패널1|저신뢰,[전치] 22. 시도별 지가 변동률(평균) | 전 Dry paddies
지가,2004,646,22. 시도별 지가 변동률(평균),Ⅷ. 물가 및 가계,전 Dry paddies,부산,col-ko,0,0.6376,4. 78,4.78,1.0,전치·패널1,[전치] 22. 시도별 지가 변동률(평균) | 전 Dry paddies
지가,2004,646,22. 시도별 지가 변동률(평균),Ⅷ. 물가 및 가계,전 Dry paddies,대구,col-ko,0,0.7023,4. 30,4.3,1.0,전치·패널1,[전치] 22. 시도별 지가 변동률(평균) | 전 Dry paddies
지가,2004,646,22. 시도별 지가 변동률(평균),Ⅷ. 물가 및 가계,전 Dry paddies,인천,col-ko,0,0.7669,9. 82,9.82,1.0,전치·패널1,[전치] 22. 시도별 지가 변동률(평균) | 전 Dry paddies
지가,2004,646,22. 시도별 지가 변동률(평균),Ⅷ. 물가 및 가계,전 Dry paddies,광주,col-ko,0,0.8368,3. 37,3.37,1.0,전치·패널1,[전치] 22. 시도별 지가 변동률(평균) | 전 Dry paddies
지가,2004,646,22. 시도별 지가 변동률(평균),Ⅷ. 물가 및 가계,전 Dry paddies,대전,col-ko,0,0.8881,4. 12,4.12,0.5,전치·패널1,[전치] 22. 시도별 지가 변동률(평균) | 전 Dry paddies
지가,2004,646,22. 시도별 지가 변동률(평균),Ⅷ. 물가 및 가계,답 Rice fields,전국,col-ko,0,0.3193,6.17,6.17,1.0,전치·패널1,[전치] 22. 시도별 지가 변동률(평균) | 답 Rice fields
지가,2004,646,22. 시도별 지가 변동률(평균),Ⅷ. 물가 및 가계,답 Rice fields,서울,col-ko,0,0.5739,6. 04,6.04,1.0,전치·패널1,[전치] 22. 시도별 지가 변동률(평균) | 답 Rice fields
지가,2004,646,22. 시도별 지가 변동률(평균),Ⅷ. 물가 및 가계,답 Rice fields,부산,col-ko,0,0.6376,8. 24,8.24,0.5,전치·패널1,[전치] 22. 시도별 지가 변동률(평균) | 답 Rice fields
지가,2004,646,22. 시도별 지가 변동률(평균),Ⅷ. 물가 및 가계,답 Rice fields,대구,col-ko,0,0.7023,6. 25,6.25,0.3,전치·패널1|저신뢰,[전치] 22. 시도별 지가 변동률(평균) | 답 Rice fields
지가,2004,646,22. 시도별 지가 변동률(평균),Ⅷ. 물가 및 가계,답 Rice fields,인천,col-ko,0,0.7669,10. 93,10.93,1.0,전치·패널1,[전치] 22. 시도별 지가 변동률(평균) | 답 Rice fields
지가,2004,646,22. 시도별 지가 변동률(평균),Ⅷ. 물가 및 가계,답 Rice fields,광주,col-ko,0,0.8368,4. 33,4.33,1.0,전치·패널1,[전치] 22. 시도별 지가 변동률(평균) | 답 Rice fields
지가,2004,646,22. 시도별 지가 변동률(평균),Ⅷ. 물가 및 가계,답 Rice fields,대전,col-ko,0,0.8881,5. 98,5.98,0.5,전치·패널1,[전치] 22. 시도별 지가 변동률(평균) | 답 Rice fields
지가,2004,646,22. 시도별 지가 변동률(평균),Ⅷ. 물가 및 가계,주거용 For dwelling,전국,col-ko,0,0.3193,3. 32,3.32,0.5,전치·패널1,[전치] 22. 시도별 지가 변동률(평균) | 주거용 For dwelling
지가,2004,646,22. 시도별 지가 변동률(평균),Ⅷ. 물가 및 가계,주거용 For dwelling,서울,col-ko,0,0.5739,3. 82,3.82,1.0,전치·패널1,[전치] 22. 시도별 지가 변동률(평균) | 주거용 For dwelling
지가,2004,646,22. 시도별 지가 변동률(평균),Ⅷ. 물가 및 가계,주거용 For dwelling,부산,col-ko,0,0.6376,0. 56,0.56,0.3,전치·패널1|저신뢰,[전치] 22. 시도별 지가 변동률(평균) | 주거용 For dwelling
지가,2004,646,22. 시도별 지가 변동률(평균),Ⅷ. 물가 및 가계,주거용 For dwelling,대구,col-ko,0,0.7023,1. 06,1.06,0.5,전치·패널1,[전치] 22. 시도별 지가 변동률(평균) | 주거용 For dwelling
지가,2004,646,22. 시도별 지가 변동률(평균),Ⅷ. 물가 및 가계,주거용 For dwelling,인천,col-ko,0,0.7669,3. 68,3.68,1.0,전치·패널1,[전치] 22. 시도별 지가 변동률(평균) | 주거용 For dwelling
지가,2004,646,22. 시도별 지가 변동률(평균),Ⅷ. 물가 및 가계,주거용 For dwelling,광주,col-ko,0,0.8368,0. 25,0.25,1.0,전치·패널1,[전치] 22. 시도별 지가 변동률(평균) | 주거용 For dwelling
지가,2004,646,22. 시도별 지가 변동률(평균),Ⅷ. 물가 및 가계,주거용 For dwelling,대전,col-ko,0,0.8881,2.21,2.21,1.0,전치·패널1,[전치] 22. 시도별 지가 변동률(평균) | 주거용 For dwelling
지가,2004,646,22. 시도별 지가 변동률(평균),Ⅷ. 물가 및 가계,상업용 For commerce,전국,col-ko,0,0.3193,3.08,3.08,0.5,전치·패널1,[전치] 22. 시도별 지가 변동률(평균) | 상업용 For commerce
지가,2004,646,22. 시도별 지가 변동률(평균),Ⅷ. 물가 및 가계,상업용 For commerce,서울,col-ko,0,0.5739,4. 31,4.31,0.5,전치·패널1,[전치] 22. 시도별 지가 변동률(평균) | 상업용 For commerce
지가,2004,646,22. 시도별 지가 변동률(평균),Ⅷ. 물가 및 가계,상업용 For commerce,부산,col-ko,0,0.6376,0. 52,0.52,0.5,전치·패널1,[전치] 22. 시도별 지가 변동률(평균) | 상업용 For commerce
지가,2004,646,22. 시도별 지가 변동률(평균),Ⅷ. 물가 및 가계,상업용 For commerce,대구,col-ko,0,0.7023,0. 79,0.79,1.0,전치·패널1,[전치] 22. 시도별 지가 변동률(평균) | 상업용 For commerce
지가,2004,646,22. 시도별 지가 변동률(평균),Ⅷ. 물가 및 가계,상업용 For commerce,인천,col-ko,0,0.7669,3. 29,3.29,0.5,전치·패널1,[전치] 22. 시도별 지가 변동률(평균) | 상업용 For commerce
지가,2004,646,22. 시도별 지가 변동률(평균),Ⅷ. 물가 및 가계,상업용 For commerce,대전,col-ko,0,0.8881,1. 29,1.29,1.0,전치·패널1,[전치] 22. 시도별 지가 변동률(평균) | 상업용 For commerce
지가,2004,646,22. 시도별 지가 변동률(평균),Ⅷ. 물가 및 가계,임 야 Forest,전국,col-ko,0,0.3193,5. 73,5.73,0.5,전치·패널1,[전치] 22. 시도별 지가 변동률(평균) | 임 야 Forest
지가,2004,646,22. 시도별 지가 변동률(평균),Ⅷ. 물가 및 가계,임 야 Forest,서울,col-ko,0,0.5739,3. 08,3.08,0.5,전치·패널1,[전치] 22. 시도별 지가 변동률(평균) | 임 야 Forest
지가,2004,646,22. 시도별 지가 변동률(평균),Ⅷ. 물가 및 가계,임 야 Forest,부산,col-ko,0,0.6376,1.50,1.5,0.3,전치·패널1|저신뢰,[전치] 22. 시도별 지가 변동률(평균) | 임 야 Forest
지가,2004,646,22. 시도별 지가 변동률(평균),Ⅷ. 물가 및 가계,임 야 Forest,대구,col-ko,0,0.7023,2.73,2.73,0.5,전치·패널1,[전치] 22. 시도별 지가 변동률(평균) | 임 야 Forest
지가,2004,646,22. 시도별 지가 변동률(평균),Ⅷ. 물가 및 가계,임 야 Forest,인천,col-ko,0,0.7669,5. 60,5.6,1.0,전치·패널1,[전치] 22. 시도별 지가 변동률(평균) | 임 야 Forest
지가,2004,646,22. 시도별 지가 변동률(평균),Ⅷ. 물가 및 가계,임 야 Forest,광주,col-ko,0,0.8368,1. 36,1.36,0.5,전치·패널1,[전치] 22. 시도별 지가 변동률(평균) | 임 야 Forest
지가,2004,646,22. 시도별 지가 변동률(평균),Ⅷ. 물가 및 가계,임 야 Forest,대전,col-ko,0,0.8881,2.79,2.79,0.5,전치·패널1,[전치] 22. 시도별 지가 변동률(평균) | 임 야 Forest
지가,2004,646,22. 시도별 지가 변동률(평균),Ⅷ. 물가 및 가계,공장용지 Factory,전국,col-ko,0,0.3193,3.53,3.53,0.5,전치·패널1,[전치] 22. 시도별 지가 변동률(평균) | 공장용지 Factory
지가,2004,646,22. 시도별 지가 변동률(평균),Ⅷ. 물가 및 가계,공장용지 Factory,서울,col-ko,0,0.5739,5. 11,5.11,0.5,전치·패널1,[전치] 22. 시도별 지가 변동률(평균) | 공장용지 Factory
지가,2004,646,22. 시도별 지가 변동률(평균),Ⅷ. 물가 및 가계,공장용지 Factory,부산,col-ko,0,0.6376,1. 02,1.02,0.5,전치·패널1,[전치] 22. 시도별 지가 변동률(평균) | 공장용지 Factory
지가,2004,646,22. 시도별 지가 변동률(평균),Ⅷ. 물가 및 가계,공장용지 Factory,대구,col-ko,0,0.7023,3. 01,3.01,0.5,전치·패널1,[전치] 22. 시도별 지가 변동률(평균) | 공장용지 Factory
지가,2004,646,22. 시도별 지가 변동률(평균),Ⅷ. 물가 및 가계,공장용지 Factory,인천,col-ko,0,0.7669,3. 21,3.21,0.5,전치·패널1,[전치] 22. 시도별 지가 변동률(평균) | 공장용지 Factory
지가,2004,646,22. 시도별 지가 변동률(평균),Ⅷ. 물가 및 가계,공장용지 Factory,광주,col-ko,0,0.8368,2. 49,2.49,1.0,전치·패널1,[전치] 22. 시도별 지가 변동률(평균) | 공장용지 Factory
지가,2004,646,22. 시도별 지가 변동률(평균),Ⅷ. 물가 및 가계,공장용지 Factory,대전,col-ko,0,0.8881,3. 06,3.06,1.0,전치·패널1,[전치] 22. 시도별 지가 변동률(평균) | 공장용지 Factory
지가,2004,646,22. 시도별 지가 변동률(평균),Ⅷ. 물가 및 가계,기 타 others,전국,col-ko,0,0.3193,4. 75,4.75,1.0,전치·패널1,[전치] 22. 시도별 지가 변동률(평균) | 기 타 others
지가,2004,646,22. 시도별 지가 변동률(평균),Ⅷ. 물가 및 가계,기 타 others,인천,col-ko,0,0.7669,5. 43,5.43,1.0,전치·패널1,[전치] 22. 시도별 지가 변동률(평균) | 기 타 others
지가,2004,646,22. 시도별 지가 변동률(평균),Ⅷ. 물가 및 가계,기 타 others,대전,col-ko,0,0.8881,0. 49,0.49,1.0,전치·패널1,[전치] 22. 시도별 지가 변동률(평균) | 기 타 others
지가,2004,646,22. 시도별 지가 변동률(평균),Ⅷ. 물가 및 가계,1997,울산,col-ko,0,0.3193,0. 03,0.03,0.5,전치·패널2,[전치] 1997
지가,2004,646,22. 시도별 지가 변동률(평균),Ⅷ. 물가 및 가계,1997,경기,col-ko,0,0.384,0. 65,0.65,0.3,전치·패널2|저신뢰,[전치] 1997
지가,2004,646,22. 시도별 지가 변동률(평균),Ⅷ. 물가 및 가계,1997,강원,col-ko,0,0.4466,0. 77,0.77,1.0,전치·패널2,[전치] 1997
지가,2004,646,22. 시도별 지가 변동률(평균),Ⅷ. 물가 및 가계,1997,충북,col-en,0,0.5144,1. 02,1.02,0.5,전치·패널2,[전치] 1997
지가,2004,646,22. 시도별 지가 변동률(평균),Ⅷ. 물가 및 가계,1997,충남,col-ko,0,0.576,1. 13,1.13,0.3,전치·패널2|저신뢰,[전치] 1997
지가,2004,646,22. 시도별 지가 변동률(평균),Ⅷ. 물가 및 가계,1997,전북,col-ko,0,0.6376,0. 57,0.57,0.5,전치·패널2,[전치] 1997
지가,2004,646,22. 시도별 지가 변동률(평균),Ⅷ. 물가 및 가계,1997,전남,col-ko,0,0.7023,0. 69,0.69,0.5,전치·패널2,[전치] 1997
지가,2004,646,22. 시도별 지가 변동률(평균),Ⅷ. 물가 및 가계,1997,경북,col-ko,0,0.7669,0. 38,0.38,0.5,전치·패널2,[전치] 1997
지가,2004,646,22. 시도별 지가 변동률(평균),Ⅷ. 물가 및 가계,1997,경남,col-ko,0,0.8316,0. 26,0.26,0.5,전치·패널2,[전치] 1997
지가,2004,646,22. 시도별 지가 변동률(평균),Ⅷ. 물가 및 가계,1997,제주,col-ko,0,0.8932,0. 38,0.38,0.5,전치·패널2,[전치] 1997
지가,2004,646,22. 시도별 지가 변동률(평균),Ⅷ. 물가 및 가계,1998 - 13. 54 - 14. 65 - 8. 30 - 7.13,충남,col-ko,0,0.576,-7.11,-7.11,0.5,전치·패널2,[전치] 1998 - 13. 54 - 14. 65 - 8. 30 - 7.13
지가,2004,646,22. 시도별 지가 변동률(평균),Ⅷ. 물가 및 가계,1998 - 13. 54 - 14. 65 - 8. 30 - 7.13,전남,col-ko,0,0.7023,-6. 96,-6.96,0.5,전치·패널2,[전치] 1998 - 13. 54 - 14. 65 - 8. 30 - 7.13
지가,2004,646,22. 시도별 지가 변동률(평균),Ⅷ. 물가 및 가계,1999,울산,col-ko,0,0.3193,1. 50,1.5,1.0,전치·패널2,[전치] 1999
지가,2004,646,22. 시도별 지가 변동률(평균),Ⅷ. 물가 및 가계,1999,경기,col-ko,0,0.384,4.52,4.52,0.5,전치·패널2,[전치] 1999
지가,2004,646,22. 시도별 지가 변동률(평균),Ⅷ. 물가 및 가계,1999,강원,col-ko,0,0.4466,2.50,2.5,1.0,전치·패널2,[전치] 1999
지가,2004,646,22. 시도별 지가 변동률(평균),Ⅷ. 물가 및 가계,1999,충북,col-en,0,0.5144,4. 10,4.1,0.5,전치·패널2,[전치] 1999
지가,2004,646,22. 시도별 지가 변동률(평균),Ⅷ. 물가 및 가계,1999,충남,col-ko,0,0.576,3. 18,3.18,0.5,전치·패널2,[전치] 1999
지가,2004,646,22. 시도별 지가 변동률(평균),Ⅷ. 물가 및 가계,1999,전북,col-ko,0,0.6376,2.17,2.17,0.5,전치·패널2,[전치] 1999
지가,2004,646,22. 시도별 지가 변동률(평균),Ⅷ. 물가 및 가계,1999,전남,col-ko,0,0.7023,4.50,4.5,0.5,전치·패널2,[전치] 1999
지가,2004,646,22. 시도별 지가 변동률(평균),Ⅷ. 물가 및 가계,1999,경북,col-ko,0,0.7669,2. 73,2.73,1.0,전치·패널2,[전치] 1999
지가,2004,646,22. 시도별 지가 변동률(평균),Ⅷ. 물가 및 가계,1999,경남,col-ko,0,0.8316,2. 21,2.21,0.5,전치·패널2,[전치] 1999
지가,2004,646,22. 시도별 지가 변동률(평균),Ⅷ. 물가 및 가계,1999,제주,col-ko,0,0.8932,6.82,6.82,0.5,전치·패널2,[전치] 1999
지가,2004,646,22. 시도별 지가 변동률(평균),Ⅷ. 물가 및 가계,2000 - 0. 26,경기,col-ko,0,0.384,1.92,1.92,0.5,전치·패널2,[전치] 2000 - 0. 26
지가,2004,646,22. 시도별 지가 변동률(평균),Ⅷ. 물가 및 가계,2000 - 0. 26,강원,col-ko,0,0.4466,1.39,1.39,0.5,전치·패널2,[전치] 2000 - 0. 26
지가,2004,646,22. 시도별 지가 변동률(평균),Ⅷ. 물가 및 가계,2000 - 0. 26,충북,col-en,0,0.5144,1. 12,1.12,0.5,전치·패널2,[전치] 2000 - 0. 26
지가,2004,646,22. 시도별 지가 변동률(평균),Ⅷ. 물가 및 가계,2000 - 0. 26,충남,col-ko,0,0.576,1. 18,1.18,0.5,전치·패널2,[전치] 2000 - 0. 26
지가,2004,646,22. 시도별 지가 변동률(평균),Ⅷ. 물가 및 가계,2000 - 0. 26,전북,col-ko,0,0.6376,1. 13,1.13,1.0,전치·패널2,[전치] 2000 - 0. 26
지가,2004,646,22. 시도별 지가 변동률(평균),Ⅷ. 물가 및 가계,2000 - 0. 26,전남,col-ko,0,0.7023,1. 94,1.94,0.5,전치·패널2,[전치] 2000 - 0. 26
지가,2004,646,22. 시도별 지가 변동률(평균),Ⅷ. 물가 및 가계,2000 - 0. 26,경북,col-ko,0,0.7669,0. 72,0.72,1.0,전치·패널2,[전치] 2000 - 0. 26
지가,2004,646,22. 시도별 지가 변동률(평균),Ⅷ. 물가 및 가계,2000 - 0. 26,경남,col-ko,0,0.8316,1. 15,1.15,1.0,전치·패널2,[전치] 2000 - 0. 26
지가,2004,646,22. 시도별 지가 변동률(평균),Ⅷ. 물가 및 가계,2000 - 0. 26,제주,col-ko,0,0.8932,2. 18,2.18,1.0,전치·패널2,[전치] 2000 - 0. 26
지가,2004,646,22. 시도별 지가 변동률(평균),Ⅷ. 물가 및 가계,2001,울산,col-ko,0,0.3193,0. 38,0.38,1.0,전치·패널2,[전치] 2001
지가,2004,646,22. 시도별 지가 변동률(평균),Ⅷ. 물가 및 가계,2001,경기,col-ko,0,0.384,1.91,1.91,0.5,전치·패널2,[전치] 2001
지가,2004,646,22. 시도별 지가 변동률(평균),Ⅷ. 물가 및 가계,2001,강원,col-ko,0,0.4466,2.29,2.29,1.0,전치·패널2,[전치] 2001
지가,2004,646,22. 시도별 지가 변동률(평균),Ⅷ. 물가 및 가계,2001,충북,col-en,0,0.5144,0.41,0.41,0.3,전치·패널2|저신뢰,[전치] 2001
지가,2004,646,22. 시도별 지가 변동률(평균),Ⅷ. 물가 및 가계,2001,충남,col-ko,0,0.576,0. 36,0.36,1.0,전치·패널2,[전치] 2001
지가,2004,646,22. 시도별 지가 변동률(평균),Ⅷ. 물가 및 가계,2001,전남,col-ko,0,0.7023,0. 35,0.35,0.5,전치·패널2,[전치] 2001
지가,2004,646,22. 시도별 지가 변동률(평균),Ⅷ. 물가 및 가계,2001,경북,col-ko,0,0.7669,0. 51,0.51,0.5,전치·패널2,[전치] 2001
지가,2004,646,22. 시도별 지가 변동률(평균),Ⅷ. 물가 및 가계,2001,경남,col-ko,0,0.8316,0. 94,0.94,1.0,전치·패널2,[전치] 2001
지가,2004,646,22. 시도별 지가 변동률(평균),Ⅷ. 물가 및 가계,2001,제주,col-ko,0,0.8932,3. 13,3.13,1.0,전치·패널2,[전치] 2001
지가,2004,646,22. 시도별 지가 변동률(평균),Ⅷ. 물가 및 가계,2002,울산,col-ko,0,0.3193,1.75,1.75,1.0,전치·패널2,[전치] 2002
지가,2004,646,22. 시도별 지가 변동률(평균),Ⅷ. 물가 및 가계,2002,경기,col-ko,0,0.384,13. 06,13.06,0.5,전치·패널2,[전치] 2002
지가,2004,646,22. 시도별 지가 변동률(평균),Ⅷ. 물가 및 가계,2002,강원,col-ko,0,0.4466,1.88,1.88,1.0,전치·패널2,[전치] 2002
지가,2004,646,22. 시도별 지가 변동률(평균),Ⅷ. 물가 및 가계,2002,충북,col-en,0,0.5144,3. 02,3.02,1.0,전치·패널2,[전치] 2002
지가,2004,646,22. 시도별 지가 변동률(평균),Ⅷ. 물가 및 가계,2002,충남,col-ko,0,0.576,2. 48,2.48,0.5,전치·패널2,[전치] 2002
지가,2004,646,22. 시도별 지가 변동률(평균),Ⅷ. 물가 및 가계,2002,전북,col-ko,0,0.6376,0. 64,0.64,1.0,전치·패널2,[전치] 2002
지가,2004,646,22. 시도별 지가 변동률(평균),Ⅷ. 물가 및 가계,2002,전남,col-ko,0,0.7023,0. 95,0.95,0.5,전치·패널2,[전치] 2002
지가,2004,646,22. 시도별 지가 변동률(평균),Ⅷ. 물가 및 가계,2002,경북,col-ko,0,0.7669,2. 06,2.06,0.5,전치·패널2,[전치] 2002
지가,2004,646,22. 시도별 지가 변동률(평균),Ⅷ. 물가 및 가계,2002,경남,col-ko,0,0.8316,2. 22,2.22,1.0,전치·패널2,[전치] 2002
지가,2004,646,22. 시도별 지가 변동률(평균),Ⅷ. 물가 및 가계,2002,제주,col-ko,0,0.8932,6. 01,6.01,1.0,전치·패널2,[전치] 2002
지가,2004,646,22. 시도별 지가 변동률(평균),Ⅷ. 물가 및 가계,2003,울산,col-ko,0,0.3193,0.66,0.66,1.0,전치·패널2,[전치] 2003
지가,2004,646,22. 시도별 지가 변동률(평균),Ⅷ. 물가 및 가계,2003,경기,col-ko,0,0.384,5. 12,5.12,1.0,전치·패널2,[전치] 2003
지가,2004,646,22. 시도별 지가 변동률(평균),Ⅷ. 물가 및 가계,2003,강원,col-ko,0,0.4466,1.79,1.79,1.0,전치·패널2,[전치] 2003
지가,2004,646,22. 시도별 지가 변동률(평균),Ⅷ. 물가 및 가계,2003,충북,col-en,0,0.5144,2.54,2.54,1.0,전치·패널2,[전치] 2003
지가,2004,646,22. 시도별 지가 변동률(평균),Ⅷ. 물가 및 가계,2003,충남,col-ko,0,0.576,4.81,4.81,1.0,전치·패널2,[전치] 2003
지가,2004,646,22. 시도별 지가 변동률(평균),Ⅷ. 물가 및 가계,2003,전북,col-ko,0,0.6376,0.96,0.96,1.0,전치·패널2,[전치] 2003
지가,2004,646,22. 시도별 지가 변동률(평균),Ⅷ. 물가 및 가계,2003,전남,col-ko,0,0.7023,0.50,0.5,1.0,전치·패널2,[전치] 2003
지가,2004,646,22. 시도별 지가 변동률(평균),Ⅷ. 물가 및 가계,2003,경북,col-ko,0,0.7669,0. 15,0.15,1.0,전치·패널2,[전치] 2003
지가,2004,646,22. 시도별 지가 변동률(평균),Ⅷ. 물가 및 가계,2003,경남,col-ko,0,0.8316,1. 38,1.38,0.5,전치·패널2,[전치] 2003
지가,2004,646,22. 시도별 지가 변동률(평균),Ⅷ. 물가 및 가계,2003,제주,col-ko,0,0.8932,1.25,1.25,1.0,전치·패널2,[전치] 2003
지가,2004,646,22. 시도별 지가 변동률(평균),Ⅷ. 물가 및 가계,2004,울산,col-ko,0,0.3193,1.79,1.79,1.0,전치·패널2,[전치] 2004
지가,2004,646,22. 시도별 지가 변동률(평균),Ⅷ. 물가 및 가계,2004,경기,col-ko,0,0.384,6.12,6.12,1.0,전치·패널2,[전치] 2004
지가,2004,646,22. 시도별 지가 변동률(평균),Ⅷ. 물가 및 가계,2004,강원,col-ko,0,0.4466,2.27,2.27,1.0,전치·패널2,[전치] 2004
지가,2004,646,22. 시도별 지가 변동률(평균),Ⅷ. 물가 및 가계,2004,충북,col-en,0,0.5144,3.83,3.83,1.0,전치·패널2,[전치] 2004
지가,2004,646,22. 시도별 지가 변동률(평균),Ⅷ. 물가 및 가계,2004,충남,col-ko,0,0.576,11.65,11.65,1.0,전치·패널2,[전치] 2004
지가,2004,646,22. 시도별 지가 변동률(평균),Ⅷ. 물가 및 가계,2004,전북,col-ko,0,0.6376,0.70,0.7,1.0,전치·패널2,[전치] 2004
지가,2004,646,22. 시도별 지가 변동률(평균),Ⅷ. 물가 및 가계,2004,전남,col-ko,0,0.7023,0. 93,0.93,1.0,전치·패널2,[전치] 2004
지가,2004,646,22. 시도별 지가 변동률(평균),Ⅷ. 물가 및 가계,2004,경북,col-ko,0,0.7669,2.11,2.11,1.0,전치·패널2,[전치] 2004
지가,2004,646,22. 시도별 지가 변동률(평균),Ⅷ. 물가 및 가계,2004,경남,col-ko,0,0.8316,3.09,3.09,1.0,전치·패널2,[전치] 2004
지가,2004,646,22. 시도별 지가 변동률(평균),Ⅷ. 물가 및 가계,2004,제주,col-ko,0,0.8932,1.96,1.96,1.0,전치·패널2,[전치] 2004
지가,2004,646,22. 시도별 지가 변동률(평균),Ⅷ. 물가 및 가계,주 거지 역 Dwelling,울산,col-ko,0,0.3193,1.23,1.23,1.0,전치·패널2,[전치] 주 거지 역 Dwelling
지가,2004,646,22. 시도별 지가 변동률(평균),Ⅷ. 물가 및 가계,주 거지 역 Dwelling,경기,col-ko,0,0.384,4.18,4.18,0.5,전치·패널2,[전치] 주 거지 역 Dwelling
지가,2004,646,22. 시도별 지가 변동률(평균),Ⅷ. 물가 및 가계,주 거지 역 Dwelling,강원,col-ko,0,0.4466,1.54,1.54,1.0,전치·패널2,[전치] 주 거지 역 Dwelling
지가,2004,646,22. 시도별 지가 변동률(평균),Ⅷ. 물가 및 가계,주 거지 역 Dwelling,충북,col-en,0,0.5144,1.95,1.95,1.0,전치·패널2,[전치] 주 거지 역 Dwelling
지가,2004,646,22. 시도별 지가 변동률(평균),Ⅷ. 물가 및 가계,주 거지 역 Dwelling,충남,col-ko,0,0.576,8.48,8.48,1.0,전치·패널2,[전치] 주 거지 역 Dwelling
지가,2004,646,22. 시도별 지가 변동률(평균),Ⅷ. 물가 및 가계,주 거지 역 Dwelling,전북,col-ko,0,0.6376,0.67,0.67,1.0,전치·패널2,[전치] 주 거지 역 Dwelling
지가,2004,646,22. 시도별 지가 변동률(평균),Ⅷ. 물가 및 가계,주 거지 역 Dwelling,전남,col-ko,0,0.7023,0. 69,0.69,1.0,전치·패널2,[전치] 주 거지 역 Dwelling
지가,2004,646,22. 시도별 지가 변동률(평균),Ⅷ. 물가 및 가계,주 거지 역 Dwelling,경북,col-ko,0,0.7669,2.22,2.22,0.3,전치·패널2|저신뢰,[전치] 주 거지 역 Dwelling
지가,2004,646,22. 시도별 지가 변동률(평균),Ⅷ. 물가 및 가계,주 거지 역 Dwelling,경남,col-ko,0,0.8316,2. 18,2.18,1.0,전치·패널2,[전치] 주 거지 역 Dwelling
지가,2004,646,22. 시도별 지가 변동률(평균),Ⅷ. 물가 및 가계,주 거지 역 Dwelling,제주,col-ko,0,0.8932,0.59,0.59,0.5,전치·패널2,[전치] 주 거지 역 Dwelling
지가,2004,646,22. 시도별 지가 변동률(평균),Ⅷ. 물가 및 가계,상업지 역 Commercial,울산,col-ko,0,0.3193,0.59,0.59,1.0,전치·패널2,[전치] 상업지 역 Commercial
지가,2004,646,22. 시도별 지가 변동률(평균),Ⅷ. 물가 및 가계,상업지 역 Commercial,경기,col-ko,0,0.384,4. 46,4.46,1.0,전치·패널2,[전치] 상업지 역 Commercial
지가,2004,646,22. 시도별 지가 변동률(평균),Ⅷ. 물가 및 가계,상업지 역 Commercial,강원,col-ko,0,0.4466,0. 68,0.68,0.5,전치·패널2,[전치] 상업지 역 Commercial
지가,2004,646,22. 시도별 지가 변동률(평균),Ⅷ. 물가 및 가계,상업지 역 Commercial,충북,col-en,0,0.5144,1. 15,1.15,1.0,전치·패널2,[전치] 상업지 역 Commercial
지가,2004,646,22. 시도별 지가 변동률(평균),Ⅷ. 물가 및 가계,상업지 역 Commercial,충남,col-ko,0,0.576,5.63,5.63,1.0,전치·패널2,[전치] 상업지 역 Commercial
지가,2004,646,22. 시도별 지가 변동률(평균),Ⅷ. 물가 및 가계,상업지 역 Commercial,전북,col-ko,0,0.6376,-0.84,-0.84,1.0,전치·패널2,[전치] 상업지 역 Commercial
지가,2004,646,22. 시도별 지가 변동률(평균),Ⅷ. 물가 및 가계,상업지 역 Commercial,전남,col-ko,0,0.7023,0. 45,0.45,1.0,전치·패널2,[전치] 상업지 역 Commercial
지가,2004,646,22. 시도별 지가 변동률(평균),Ⅷ. 물가 및 가계,상업지 역 Commercial,경북,col-ko,0,0.7669,0. 62,0.62,0.5,전치·패널2,[전치] 상업지 역 Commercial
지가,2004,646,22. 시도별 지가 변동률(평균),Ⅷ. 물가 및 가계,상업지 역 Commercial,경남,col-ko,0,0.8316,0. 95,0.95,1.0,전치·패널2,[전치] 상업지 역 Commercial
지가,2004,646,22. 시도별 지가 변동률(평균),Ⅷ. 물가 및 가계,상업지 역 Commercial,제주,col-ko,0,0.8932,-0.03,-0.03,0.5,전치·패널2,[전치] 상업지 역 Commercial
지가,2004,646,22. 시도별 지가 변동률(평균),Ⅷ. 물가 및 가계,공업지역 Industrial,울산,col-ko,0,0.3193,0.83,0.83,1.0,전치·패널2,[전치] 공업지역 Industrial
지가,2004,646,22. 시도별 지가 변동률(평균),Ⅷ. 물가 및 가계,공업지역 Industrial,경기,col-ko,0,0.384,3.16,3.16,1.0,전치·패널2,[전치] 공업지역 Industrial
지가,2004,646,22. 시도별 지가 변동률(평균),Ⅷ. 물가 및 가계,공업지역 Industrial,강원,col-ko,0,0.4466,0.05,0.05,1.0,전치·패널2,[전치] 공업지역 Industrial
지가,2004,646,22. 시도별 지가 변동률(평균),Ⅷ. 물가 및 가계,공업지역 Industrial,충북,col-en,0,0.5144,3. 88,3.88,1.0,전치·패널2,[전치] 공업지역 Industrial
지가,2004,646,22. 시도별 지가 변동률(평균),Ⅷ. 물가 및 가계,공업지역 Industrial,충남,col-ko,0,0.576,10. 43,10.43,0.5,전치·패널2,[전치] 공업지역 Industrial
지가,2004,646,22. 시도별 지가 변동률(평균),Ⅷ. 물가 및 가계,공업지역 Industrial,전북,col-ko,0,0.6376,0.20,0.2,1.0,전치·패널2,[전치] 공업지역 Industrial
지가,2004,646,22. 시도별 지가 변동률(평균),Ⅷ. 물가 및 가계,공업지역 Industrial,전남,col-ko,0,0.7023,0.67,0.67,0.5,전치·패널2,[전치] 공업지역 Industrial
지가,2004,646,22. 시도별 지가 변동률(평균),Ⅷ. 물가 및 가계,공업지역 Industrial,경북,col-ko,0,0.7669,1. 59,1.59,0.5,전치·패널2,[전치] 공업지역 Industrial
지가,2004,646,22. 시도별 지가 변동률(평균),Ⅷ. 물가 및 가계,공업지역 Industrial,경남,col-ko,0,0.8316,2. 99,2.99,1.0,전치·패널2,[전치] 공업지역 Industrial
지가,2004,646,22. 시도별 지가 변동률(평균),Ⅷ. 물가 및 가계,공업지역 Industrial,제주,col-ko,0,0.8932,-0. 86,-0.86,0.3,전치·패널2|저신뢰,[전치] 공업지역 Industrial
지가,2004,646,22. 시도별 지가 변동률(평균),Ⅷ. 물가 및 가계,녹지지역 Green Belt,울산,col-ko,0,0.3193,5.62,5.62,1.0,전치·패널2,[전치] 녹지지역 Green Belt
지가,2004,646,22. 시도별 지가 변동률(평균),Ⅷ. 물가 및 가계,녹지지역 Green Belt,경기,col-ko,0,0.384,8.56,8.56,1.0,전치·패널2,[전치] 녹지지역 Green Belt
지가,2004,646,22. 시도별 지가 변동률(평균),Ⅷ. 물가 및 가계,녹지지역 Green Belt,강원,col-ko,0,0.4466,3.34,3.34,0.5,전치·패널2,[전치] 녹지지역 Green Belt
지가,2004,646,22. 시도별 지가 변동률(평균),Ⅷ. 물가 및 가계,녹지지역 Green Belt,충북,col-en,0,0.5144,10. 80,10.8,0.3,전치·패널2|저신뢰,[전치] 녹지지역 Green Belt
지가,2004,646,22. 시도별 지가 변동률(평균),Ⅷ. 물가 및 가계,녹지지역 Green Belt,충남,col-ko,0,0.576,17.24,17.24,0.5,전치·패널2,[전치] 녹지지역 Green Belt
지가,2004,646,22. 시도별 지가 변동률(평균),Ⅷ. 물가 및 가계,녹지지역 Green Belt,전북,col-ko,0,0.6376,2.45,2.45,1.0,전치·패널2,[전치] 녹지지역 Green Belt
지가,2004,646,22. 시도별 지가 변동률(평균),Ⅷ. 물가 및 가계,녹지지역 Green Belt,전남,col-ko,0,0.7023,1.52,1.52,0.5,전치·패널2,[전치] 녹지지역 Green Belt
지가,2004,646,22. 시도별 지가 변동률(평균),Ⅷ. 물가 및 가계,녹지지역 Green Belt,경북,col-ko,0,0.7669,4. 16,4.16,0.5,전치·패널2,[전치] 녹지지역 Green Belt
지가,2004,646,22. 시도별 지가 변동률(평균),Ⅷ. 물가 및 가계,녹지지역 Green Belt,경남,col-ko,0,0.8316,6. 92,6.92,0.5,전치·패널2,[전치] 녹지지역 Green Belt
지가,2004,646,22. 시도별 지가 변동률(평균),Ⅷ. 물가 및 가계,녹지지역 Green Belt,제주,col-ko,0,0.8932,2.29,2.29,1.0,전치·패널2,[전치] 녹지지역 Green Belt
지가,2004,646,22. 시도별 지가 변동률(평균),Ⅷ. 물가 및 가계,관리지 역 Contol area,울산,col-ko,0,0.3193,335,335,0.5,전치·패널2,[전치] 관리지 역 Contol area
지가,2004,646,22. 시도별 지가 변동률(평균),Ⅷ. 물가 및 가계,관리지 역 Contol area,경기,col-ko,0,0.384,861,861,0.5,전치·패널2,[전치] 관리지 역 Contol area
지가,2004,646,22. 시도별 지가 변동률(평균),Ⅷ. 물가 및 가계,관리지 역 Contol area,강원,col-ko,0,0.4466,3. 94,3.94,0.3,전치·패널2|저신뢰,[전치] 관리지 역 Contol area
지가,2004,646,22. 시도별 지가 변동률(평균),Ⅷ. 물가 및 가계,관리지 역 Contol area,충북,col-en,0,0.5144,4. 13,4.13,0.5,전치·패널2,[전치] 관리지 역 Contol area
지가,2004,646,22. 시도별 지가 변동률(평균),Ⅷ. 물가 및 가계,관리지 역 Contol area,충남,col-ko,0,0.576,13.61,13.61,1.0,전치·패널2,[전치] 관리지 역 Contol area
지가,2004,646,22. 시도별 지가 변동률(평균),Ⅷ. 물가 및 가계,관리지 역 Contol area,전북,col-ko,0,0.6376,1.02,1.02,0.3,전치·패널2|저신뢰,[전치] 관리지 역 Contol area
지가,2004,646,22. 시도별 지가 변동률(평균),Ⅷ. 물가 및 가계,관리지 역 Contol area,전남,col-ko,0,0.7023,1.68,1.68,1.0,전치·패널2,[전치] 관리지 역 Contol area
지가,2004,646,22. 시도별 지가 변동률(평균),Ⅷ. 물가 및 가계,관리지 역 Contol area,경북,col-ko,0,0.7669,2.19,2.19,0.5,전치·패널2,[전치] 관리지 역 Contol area
지가,2004,646,22. 시도별 지가 변동률(평균),Ⅷ. 물가 및 가계,관리지 역 Contol area,경남,col-ko,0,0.8316,4. 10,4.1,1.0,전치·패널2,[전치] 관리지 역 Contol area
지가,2004,646,22. 시도별 지가 변동률(평균),Ⅷ. 물가 및 가계,관리지 역 Contol area,제주,col-ko,0,0.8932,4.42,4.42,0.5,전치·패널2,[전치] 관리지 역 Contol area
지가,2004,646,22. 시도별 지가 변동률(평균),Ⅷ. 물가 및 가계,농림 지 역 Agricultural,울산,col-ko,0,0.3193,2.07,2.07,1.0,전치·패널2,[전치] 농림 지 역 Agricultural
지가,2004,646,22. 시도별 지가 변동률(평균),Ⅷ. 물가 및 가계,농림 지 역 Agricultural,경기,col-ko,0,0.384,8.48,8.48,1.0,전치·패널2,[전치] 농림 지 역 Agricultural
지가,2004,646,22. 시도별 지가 변동률(평균),Ⅷ. 물가 및 가계,농림 지 역 Agricultural,강원,col-ko,0,0.4466,2.13,2.13,0.3,전치·패널2|저신뢰,[전치] 농림 지 역 Agricultural
지가,2004,646,22. 시도별 지가 변동률(평균),Ⅷ. 물가 및 가계,농림 지 역 Agricultural,충북,col-en,0,0.5144,2.01,2.01,1.0,전치·패널2,[전치] 농림 지 역 Agricultural
지가,2004,646,22. 시도별 지가 변동률(평균),Ⅷ. 물가 및 가계,농림 지 역 Agricultural,충남,col-ko,0,0.576,11. 00,11.0,0.3,전치·패널2|저신뢰,[전치] 농림 지 역 Agricultural
지가,2004,646,22. 시도별 지가 변동률(평균),Ⅷ. 물가 및 가계,농림 지 역 Agricultural,전북,col-ko,0,0.6376,0. 08,0.08,0.5,전치·패널2,[전치] 농림 지 역 Agricultural
지가,2004,646,22. 시도별 지가 변동률(평균),Ⅷ. 물가 및 가계,농림 지 역 Agricultural,전남,col-ko,0,0.7023,0. 54,0.54,1.0,전치·패널2,[전치] 농림 지 역 Agricultural
지가,2004,646,22. 시도별 지가 변동률(평균),Ⅷ. 물가 및 가계,농림 지 역 Agricultural,경북,col-ko,0,0.7669,1.49,1.49,1.0,전치·패널2,[전치] 농림 지 역 Agricultural
지가,2004,646,22. 시도별 지가 변동률(평균),Ⅷ. 물가 및 가계,농림 지 역 Agricultural,경남,col-ko,0,0.8316,2.46,2.46,1.0,전치·패널2,[전치] 농림 지 역 Agricultural
지가,2004,646,22. 시도별 지가 변동률(평균),Ⅷ. 물가 및 가계,농림 지 역 Agricultural,제주,col-ko,0,0.8932,-0.01,-0.01,1.0,전치·패널2,[전치] 농림 지 역 Agricultural
지가,2004,646,22. 시도별 지가 변동률(평균),Ⅷ. 물가 및 가계,자연환경보전지역 Natural environment,울산,col-ko,0,0.3193,1.36,1.36,0.5,전치·패널2,[전치] 자연환경보전지역 Natural environment
지가,2004,646,22. 시도별 지가 변동률(평균),Ⅷ. 물가 및 가계,자연환경보전지역 Natural environment,경기,col-ko,0,0.384,4.79,4.79,1.0,전치·패널2,[전치] 자연환경보전지역 Natural environment
지가,2004,646,22. 시도별 지가 변동률(평균),Ⅷ. 물가 및 가계,자연환경보전지역 Natural environment,강원,col-ko,0,0.4466,2.91,2.91,1.0,전치·패널2,[전치] 자연환경보전지역 Natural environment
지가,2004,646,22. 시도별 지가 변동률(평균),Ⅷ. 물가 및 가계,자연환경보전지역 Natural environment,충북,col-en,0,0.5144,1.07,1.07,1.0,전치·패널2,[전치] 자연환경보전지역 Natural environment
지가,2004,646,22. 시도별 지가 변동률(평균),Ⅷ. 물가 및 가계,자연환경보전지역 Natural environment,충남,col-ko,0,0.576,10.37,10.37,1.0,전치·패널2,[전치] 자연환경보전지역 Natural environment
지가,2004,646,22. 시도별 지가 변동률(평균),Ⅷ. 물가 및 가계,자연환경보전지역 Natural environment,전남,col-ko,0,0.7023,1.09,1.09,1.0,전치·패널2,[전치] 자연환경보전지역 Natural environment
지가,2004,646,22. 시도별 지가 변동률(평균),Ⅷ. 물가 및 가계,자연환경보전지역 Natural environment,경북,col-ko,0,0.7669,0.81,0.81,1.0,전치·패널2,[전치] 자연환경보전지역 Natural environment
지가,2004,646,22. 시도별 지가 변동률(평균),Ⅷ. 물가 및 가계,자연환경보전지역 Natural environment,경남,col-ko,0,0.8316,3.91,3.91,1.0,전치·패널2,[전치] 자연환경보전지역 Natural environment
지가,2004,646,22. 시도별 지가 변동률(평균),Ⅷ. 물가 및 가계,전 Dry paddies,울산,col-ko,0,0.3193,"5,23",523,0.5,전치·패널2,[전치] 전 Dry paddies
지가,2004,646,22. 시도별 지가 변동률(평균),Ⅷ. 물가 및 가계,전 Dry paddies,경기,col-ko,0,0.384,9.37,9.37,1.0,전치·패널2,[전치] 전 Dry paddies
지가,2004,646,22. 시도별 지가 변동률(평균),Ⅷ. 물가 및 가계,전 Dry paddies,강원,col-ko,0,0.4466,3.54,3.54,1.0,전치·패널2,[전치] 전 Dry paddies
지가,2004,646,22. 시도별 지가 변동률(평균),Ⅷ. 물가 및 가계,전 Dry paddies,충북,col-en,0,0.5144,5.05,5.05,0.5,전치·패널2,[전치] 전 Dry paddies
지가,2004,646,22. 시도별 지가 변동률(평균),Ⅷ. 물가 및 가계,전 Dry paddies,충남,col-ko,0,0.576,16.75,16.75,1.0,전치·패널2,[전치] 전 Dry paddies
지가,2004,646,22. 시도별 지가 변동률(평균),Ⅷ. 물가 및 가계,전 Dry paddies,전북,col-ko,0,0.6376,1.86,1.86,1.0,전치·패널2,[전치] 전 Dry paddies
지가,2004,646,22. 시도별 지가 변동률(평균),Ⅷ. 물가 및 가계,전 Dry paddies,전남,col-ko,0,0.7023,1.69,1.69,1.0,전치·패널2,[전치] 전 Dry paddies
지가,2004,646,22. 시도별 지가 변동률(평균),Ⅷ. 물가 및 가계,전 Dry paddies,경북,col-ko,0,0.7669,2.70,2.7,1.0,전치·패널2,[전치] 전 Dry paddies
지가,2004,646,22. 시도별 지가 변동률(평균),Ⅷ. 물가 및 가계,전 Dry paddies,경남,col-ko,0,0.8316,6.40,6.4,1.0,전치·패널2,[전치] 전 Dry paddies
지가,2004,646,22. 시도별 지가 변동률(평균),Ⅷ. 물가 및 가계,전 Dry paddies,제주,col-ko,0,0.8932,2.14,2.14,0.5,전치·패널2,[전치] 전 Dry paddies
지가,2004,646,22. 시도별 지가 변동률(평균),Ⅷ. 물가 및 가계,답 Rice fields,울산,col-ko,0,0.3193,6.79,6.79,1.0,전치·패널2,[전치] 답 Rice fields
지가,2004,646,22. 시도별 지가 변동률(평균),Ⅷ. 물가 및 가계,답 Rice fields,경기,col-ko,0,0.384,9.65,9.65,1.0,전치·패널2,[전치] 답 Rice fields
지가,2004,646,22. 시도별 지가 변동률(평균),Ⅷ. 물가 및 가계,답 Rice fields,강원,col-ko,0,0.4466,3.21,3.21,1.0,전치·패널2,[전치] 답 Rice fields
지가,2004,646,22. 시도별 지가 변동률(평균),Ⅷ. 물가 및 가계,답 Rice fields,충북,col-en,0,0.5144,5.49,5.49,1.0,전치·패널2,[전치] 답 Rice fields
지가,2004,646,22. 시도별 지가 변동률(평균),Ⅷ. 물가 및 가계,답 Rice fields,충남,col-ko,0,0.576,13.09,13.09,0.5,전치·패널2,[전치] 답 Rice fields
지가,2004,646,22. 시도별 지가 변동률(평균),Ⅷ. 물가 및 가계,답 Rice fields,전북,col-ko,0,0.6376,1.03,1.03,0.5,전치·패널2,[전치] 답 Rice fields
지가,2004,646,22. 시도별 지가 변동률(평균),Ⅷ. 물가 및 가계,답 Rice fields,전남,col-ko,0,0.7023,0.79,0.79,1.0,전치·패널2,[전치] 답 Rice fields
지가,2004,646,22. 시도별 지가 변동률(평균),Ⅷ. 물가 및 가계,답 Rice fields,경북,col-ko,0,0.7669,2.43,2.43,1.0,전치·패널2,[전치] 답 Rice fields
지가,2004,646,22. 시도별 지가 변동률(평균),Ⅷ. 물가 및 가계,답 Rice fields,경남,col-ko,0,0.8316,5.80,5.8,1.0,전치·패널2,[전치] 답 Rice fields
지가,2004,646,22. 시도별 지가 변동률(평균),Ⅷ. 물가 및 가계,답 Rice fields,제주,col-ko,0,0.8932,3. 09,3.09,1.0,전치·패널2,[전치] 답 Rice fields
지가,2004,646,22. 시도별 지가 변동률(평균),Ⅷ. 물가 및 가계,주 거용 For dwelling,경기,col-ko,0,0.384,5. 12,5.12,0.5,전치·패널2,[전치] 주 거용 For dwelling
지가,2004,646,22. 시도별 지가 변동률(평균),Ⅷ. 물가 및 가계,주 거용 For dwelling,강원,col-ko,0,0.4466,1.80,1.8,0.5,전치·패널2,[전치] 주 거용 For dwelling
지가,2004,646,22. 시도별 지가 변동률(평균),Ⅷ. 물가 및 가계,주 거용 For dwelling,충북,col-en,0,0.5144,3. 05,3.05,1.0,전치·패널2,[전치] 주 거용 For dwelling
지가,2004,646,22. 시도별 지가 변동률(평균),Ⅷ. 물가 및 가계,주 거용 For dwelling,충남,col-ko,0,0.576,9. 80,9.8,0.3,전치·패널2|저신뢰,[전치] 주 거용 For dwelling
지가,2004,646,22. 시도별 지가 변동률(평균),Ⅷ. 물가 및 가계,주 거용 For dwelling,전북,col-ko,0,0.6376,0.88,0.88,1.0,전치·패널2,[전치] 주 거용 For dwelling
지가,2004,646,22. 시도별 지가 변동률(평균),Ⅷ. 물가 및 가계,주 거용 For dwelling,전남,col-ko,0,0.7023,0.82,0.82,1.0,전치·패널2,[전치] 주 거용 For dwelling
지가,2004,646,22. 시도별 지가 변동률(평균),Ⅷ. 물가 및 가계,주 거용 For dwelling,경북,col-ko,0,0.7669,2.20,2.2,0.5,전치·패널2,[전치] 주 거용 For dwelling
지가,2004,646,22. 시도별 지가 변동률(평균),Ⅷ. 물가 및 가계,주 거용 For dwelling,경남,col-ko,0,0.8316,2. 65,2.65,0.5,전치·패널2,[전치] 주 거용 For dwelling
지가,2004,646,22. 시도별 지가 변동률(평균),Ⅷ. 물가 및 가계,주 거용 For dwelling,제주,col-ko,0,0.8932,0. 66,0.66,1.0,전치·패널2,[전치] 주 거용 For dwelling
지가,2004,646,22. 시도별 지가 변동률(평균),Ⅷ. 물가 및 가계,상업용 For commerce,경기,col-ko,0,0.384,4.73,4.73,0.3,전치·패널2|저신뢰,[전치] 상업용 For commerce
지가,2004,646,22. 시도별 지가 변동률(평균),Ⅷ. 물가 및 가계,상업용 For commerce,강원,col-ko,0,0.4466,1.27,1.27,1.0,전치·패널2,[전치] 상업용 For commerce
지가,2004,646,22. 시도별 지가 변동률(평균),Ⅷ. 물가 및 가계,상업용 For commerce,충북,col-en,0,0.5144,2.42,2.42,1.0,전치·패널2,[전치] 상업용 For commerce
지가,2004,646,22. 시도별 지가 변동률(평균),Ⅷ. 물가 및 가계,상업용 For commerce,충남,col-ko,0,0.576,6.54,6.54,0.5,전치·패널2,[전치] 상업용 For commerce
지가,2004,646,22. 시도별 지가 변동률(평균),Ⅷ. 물가 및 가계,상업용 For commerce,전북,col-ko,0,0.6376,-0.05,-0.05,1.0,전치·패널2,[전치] 상업용 For commerce
지가,2004,646,22. 시도별 지가 변동률(평균),Ⅷ. 물가 및 가계,상업용 For commerce,전남,col-ko,0,0.7023,0.65,0.65,0.5,전치·패널2,[전치] 상업용 For commerce
지가,2004,646,22. 시도별 지가 변동률(평균),Ⅷ. 물가 및 가계,상업용 For commerce,경북,col-ko,0,0.7669,1.26,1.26,1.0,전치·패널2,[전치] 상업용 For commerce
지가,2004,646,22. 시도별 지가 변동률(평균),Ⅷ. 물가 및 가계,상업용 For commerce,경남,col-ko,0,0.8316,1. 20,1.2,0.5,전치·패널2,[전치] 상업용 For commerce
지가,2004,646,22. 시도별 지가 변동률(평균),Ⅷ. 물가 및 가계,상업용 For commerce,제주,col-ko,0,0.8932,0.24,0.24,1.0,전치·패널2,[전치] 상업용 For commerce
지가,2004,646,22. 시도별 지가 변동률(평균),Ⅷ. 물가 및 가계,임 야 Forest 3.거,경기,col-ko,0,0.384,7.51,7.51,1.0,전치·패널2,[전치] 임 야 Forest 3.거
지가,2004,646,22. 시도별 지가 변동률(평균),Ⅷ. 물가 및 가계,임 야 Forest 3.거,강원,col-ko,0,0.4466,3. 14,3.14,0.5,전치·패널2,[전치] 임 야 Forest 3.거
지가,2004,646,22. 시도별 지가 변동률(평균),Ⅷ. 물가 및 가계,임 야 Forest 3.거,충북,col-en,0,0.5144,3.57,3.57,1.0,전치·패널2,[전치] 임 야 Forest 3.거
지가,2004,646,22. 시도별 지가 변동률(평균),Ⅷ. 물가 및 가계,임 야 Forest 3.거,충남,col-ko,0,0.576,11.45,11.45,1.0,전치·패널2,[전치] 임 야 Forest 3.거
지가,2004,646,22. 시도별 지가 변동률(평균),Ⅷ. 물가 및 가계,임 야 Forest 3.거,전북,col-ko,0,0.6376,0.67,0.67,0.5,전치·패널2,[전치] 임 야 Forest 3.거
지가,2004,646,22. 시도별 지가 변동률(평균),Ⅷ. 물가 및 가계,임 야 Forest 3.거,전남,col-ko,0,0.7023,1. 65,1.65,1.0,전치·패널2,[전치] 임 야 Forest 3.거
지가,2004,646,22. 시도별 지가 변동률(평균),Ⅷ. 물가 및 가계,임 야 Forest 3.거,경북,col-ko,0,0.7669,3. 07,3.07,1.0,전치·패널2,[전치] 임 야 Forest 3.거
지가,2004,646,22. 시도별 지가 변동률(평균),Ⅷ. 물가 및 가계,임 야 Forest 3.거,경남,col-ko,0,0.8316,3. 34,3.34,1.0,전치·패널2,[전치] 임 야 Forest 3.거
지가,2004,646,22. 시도별 지가 변동률(평균),Ⅷ. 물가 및 가계,임 야 Forest 3.거,제주,col-ko,0,0.8932,9. 51,9.51,0.5,전치·패널2,[전치] 임 야 Forest 3.거
지가,2004,646,22. 시도별 지가 변동률(평균),Ⅷ. 물가 및 가계,공장용지 Factory,울산,col-ko,0,0.3193,1.0,1.0,0.3,전치·패널2|저신뢰,[전치] 공장용지 Factory
지가,2004,646,22. 시도별 지가 변동률(평균),Ⅷ. 물가 및 가계,공장용지 Factory,경기,col-ko,0,0.384,5.55,5.55,1.0,전치·패널2,[전치] 공장용지 Factory
지가,2004,646,22. 시도별 지가 변동률(평균),Ⅷ. 물가 및 가계,공장용지 Factory,강원,col-ko,0,0.4466,0.58,0.58,1.0,전치·패널2,[전치] 공장용지 Factory
지가,2004,646,22. 시도별 지가 변동률(평균),Ⅷ. 물가 및 가계,공장용지 Factory,충북,col-en,0,0.5144,2.92,2.92,1.0,전치·패널2,[전치] 공장용지 Factory
지가,2004,646,22. 시도별 지가 변동률(평균),Ⅷ. 물가 및 가계,공장용지 Factory,충남,col-ko,0,0.576,10. 89,10.89,1.0,전치·패널2,[전치] 공장용지 Factory
지가,2004,646,22. 시도별 지가 변동률(평균),Ⅷ. 물가 및 가계,공장용지 Factory,전북,col-ko,0,0.6376,0. 15,0.15,1.0,전치·패널2,[전치] 공장용지 Factory
지가,2004,646,22. 시도별 지가 변동률(평균),Ⅷ. 물가 및 가계,공장용지 Factory,전남,col-ko,0,0.7023,0.38,0.38,0.3,전치·패널2|저신뢰,[전치] 공장용지 Factory
지가,2004,646,22. 시도별 지가 변동률(평균),Ⅷ. 물가 및 가계,공장용지 Factory,경북,col-ko,0,0.7669,2.05,2.05,1.0,전치·패널2,[전치] 공장용지 Factory
지가,2004,646,22. 시도별 지가 변동률(평균),Ⅷ. 물가 및 가계,공장용지 Factory,경남,col-ko,0,0.8316,2.81,2.81,1.0,전치·패널2,[전치] 공장용지 Factory
지가,2004,646,22. 시도별 지가 변동률(평균),Ⅷ. 물가 및 가계,기 타 Others,경기,col-ko,0,0.384,5.21,5.21,1.0,전치·패널2,[전치] 기 타 Others
지가,2004,646,22. 시도별 지가 변동률(평균),Ⅷ. 물가 및 가계,기 타 Others,강원,col-ko,0,0.4466,1.63,1.63,1.0,전치·패널2,[전치] 기 타 Others
지가,2004,646,22. 시도별 지가 변동률(평균),Ⅷ. 물가 및 가계,기 타 Others,충북,col-en,0,0.5144,3. 23,3.23,1.0,전치·패널2,[전치] 기 타 Others
지가,2004,646,22. 시도별 지가 변동률(평균),Ⅷ. 물가 및 가계,기 타 Others,충남,col-ko,0,0.576,6. 09,6.09,0.5,전치·패널2,[전치] 기 타 Others
지가,2004,646,22. 시도별 지가 변동률(평균),Ⅷ. 물가 및 가계,기 타 Others,전북,col-ko,0,0.6376,3.01,3.01,1.0,전치·패널2,[전치] 기 타 Others
지가,2004,646,22. 시도별 지가 변동률(평균),Ⅷ. 물가 및 가계,기 타 Others,전남,col-ko,0,0.7023,1.89,1.89,0.5,전치·패널2,[전치] 기 타 Others
지가,2004,646,22. 시도별 지가 변동률(평균),Ⅷ. 물가 및 가계,기 타 Others,경북,col-ko,0,0.7669,2. 83,2.83,0.5,전치·패널2,[전치] 기 타 Others
지가,2004,646,22. 시도별 지가 변동률(평균),Ⅷ. 물가 및 가계,기 타 Others,경남,col-ko,0,0.8316,0. 00,0.0,0.5,전치·패널2,[전치] 기 타 Others
지가,2004,646,22. 시도별 지가 변동률(평균),Ⅷ. 물가 및 가계,기 타 Others,제주,col-ko,0,0.8932,7.26,7.26,1.0,전치·패널2,[전치] 기 타 Others
지가,2005,664,22. 시도별 지가 변동률(평균),XIII. 물가 및 가계,1998 - 13. 60 - 15.33 - 12. 15 - 8. 85 - 16.25,부산,col-ko,0,0.6396,-16. 52,-16.52,0.3,전치·패널1|저신뢰,[전치] 22. 시도별 지가 변동률(평균) | 1998 - 13. 60 - 15.33 - 12. 15 - 8. 85 - 16.25
지가,2005,664,22. 시도별 지가 변동률(평균),XIII. 물가 및 가계,1999,전국,col-ko,0,0.3214,2.94,2.94,1.0,전치·패널1,[전치] 22. 시도별 지가 변동률(평균) | 1999
지가,2005,664,22. 시도별 지가 변동률(평균),XIII. 물가 및 가계,1999,서울,col-ko,0,0.576,2.66,2.66,1.0,전치·패널1,[전치] 22. 시도별 지가 변동률(평균) | 1999
지가,2005,664,22. 시도별 지가 변동률(평균),XIII. 물가 및 가계,1999,부산,col-ko,0,0.6396,1.24,1.24,1.0,전치·패널1,[전치] 22. 시도별 지가 변동률(평균) | 1999
지가,2005,664,22. 시도별 지가 변동률(평균),XIII. 물가 및 가계,1999,대구,col-ko,0,0.7033,1. 93,1.93,0.5,전치·패널1,[전치] 22. 시도별 지가 변동률(평균) | 1999
지가,2005,664,22. 시도별 지가 변동률(평균),XIII. 물가 및 가계,1999,인천,col-ko,0,0.7669,3.51,3.51,1.0,전치·패널1,[전치] 22. 시도별 지가 변동률(평균) | 1999
지가,2005,664,22. 시도별 지가 변동률(평균),XIII. 물가 및 가계,1999,광주,col-ko,0,0.8367,1. 30,1.3,1.0,전치·패널1,[전치] 22. 시도별 지가 변동률(평균) | 1999
지가,2005,664,22. 시도별 지가 변동률(평균),XIII. 물가 및 가계,1999,대전,col-ko,0,0.8881,0. 38,0.38,0.5,전치·패널1,[전치] 22. 시도별 지가 변동률(평균) | 1999
지가,2005,664,22. 시도별 지가 변동률(평균),XIII. 물가 및 가계,2000,전국,col-ko,0,0.3214,0.67,0.67,1.0,전치·패널1,[전치] 22. 시도별 지가 변동률(평균) | 2000
지가,2005,664,22. 시도별 지가 변동률(평균),XIII. 물가 및 가계,2000,서울,col-ko,0,0.576,0.05,0.05,1.0,전치·패널1,[전치] 22. 시도별 지가 변동률(평균) | 2000
지가,2005,664,22. 시도별 지가 변동률(평균),XIII. 물가 및 가계,2000,인천,col-ko,0,0.7669,1. 07,1.07,0.5,전치·패널1,[전치] 22. 시도별 지가 변동률(평균) | 2000
지가,2005,664,22. 시도별 지가 변동률(평균),XIII. 물가 및 가계,2000,대전,col-ko,0,0.8881,-0.24,-0.24,1.0,전치·패널1,[전치] 22. 시도별 지가 변동률(평균) | 2000
지가,2005,664,22. 시도별 지가 변동률(평균),XIII. 물가 및 가계,2001,전국,col-ko,0,0.3214,1. 32,1.32,0.5,전치·패널1,[전치] 22. 시도별 지가 변동률(평균) | 2001
지가,2005,664,22. 시도별 지가 변동률(평균),XIII. 물가 및 가계,2001,서울,col-ko,0,0.576,1.89,1.89,1.0,전치·패널1,[전치] 22. 시도별 지가 변동률(평균) | 2001
지가,2005,664,22. 시도별 지가 변동률(평균),XIII. 물가 및 가계,2001,부산,col-ko,0,0.6396,0. 49,0.49,0.3,전치·패널1|저신뢰,[전치] 22. 시도별 지가 변동률(평균) | 2001
지가,2005,664,22. 시도별 지가 변동률(평균),XIII. 물가 및 가계,2001,대구,col-ko,0,0.7033,0. 42,0.42,0.5,전치·패널1,[전치] 22. 시도별 지가 변동률(평균) | 2001
지가,2005,664,22. 시도별 지가 변동률(평균),XIII. 물가 및 가계,2001,인천,col-ko,0,0.7669,1.77,1.77,1.0,전치·패널1,[전치] 22. 시도별 지가 변동률(평균) | 2001
지가,2005,664,22. 시도별 지가 변동률(평균),XIII. 물가 및 가계,2001,광주,col-ko,0,0.8367,-0. 37,-0.37,0.3,전치·패널1|저신뢰,[전치] 22. 시도별 지가 변동률(평균) | 2001
지가,2005,664,22. 시도별 지가 변동률(평균),XIII. 물가 및 가계,2001,대전,col-ko,0,0.8881,1.00,1.0,1.0,전치·패널1,[전치] 22. 시도별 지가 변동률(평균) | 2001
지가,2005,664,22. 시도별 지가 변동률(평균),XIII. 물가 및 가계,2002,전국,col-ko,0,0.3214,8. 98,8.98,0.5,전치·패널1,[전치] 22. 시도별 지가 변동률(평균) | 2002
지가,2005,664,22. 시도별 지가 변동률(평균),XIII. 물가 및 가계,2002,서울,col-ko,0,0.576,15.81,15.81,0.5,전치·패널1,[전치] 22. 시도별 지가 변동률(평균) | 2002
지가,2005,664,22. 시도별 지가 변동률(평균),XIII. 물가 및 가계,2002,부산,col-ko,0,0.6396,3.28,3.28,1.0,전치·패널1,[전치] 22. 시도별 지가 변동률(평균) | 2002
지가,2005,664,22. 시도별 지가 변동률(평균),XIII. 물가 및 가계,2002,대구,col-ko,0,0.7033,2. 09,2.09,0.5,전치·패널1,[전치] 22. 시도별 지가 변동률(평균) | 2002
지가,2005,664,22. 시도별 지가 변동률(평균),XIII. 물가 및 가계,2002,인천,col-ko,0,0.7669,11.51,11.51,0.5,전치·패널1,[전치] 22. 시도별 지가 변동률(평균) | 2002
지가,2005,664,22. 시도별 지가 변동률(평균),XIII. 물가 및 가계,2002,광주,col-ko,0,0.8367,1. 03,1.03,0.3,전치·패널1|저신뢰,[전치] 22. 시도별 지가 변동률(평균) | 2002
지가,2005,664,22. 시도별 지가 변동률(평균),XIII. 물가 및 가계,2002,대전,col-ko,0,0.8881,3.24,3.24,1.0,전치·패널1,[전치] 22. 시도별 지가 변동률(평균) | 2002
지가,2005,664,22. 시도별 지가 변동률(평균),XIII. 물가 및 가계,2003,전국,col-ko,0,0.3214,3.43,3.43,0.5,전치·패널1,[전치] 22. 시도별 지가 변동률(평균) | 2003
지가,2005,664,22. 시도별 지가 변동률(평균),XIII. 물가 및 가계,2003,서울,col-ko,0,0.576,5.23,5.23,1.0,전치·패널1,[전치] 22. 시도별 지가 변동률(평균) | 2003
지가,2005,664,22. 시도별 지가 변동률(평균),XIII. 물가 및 가계,2003,부산,col-ko,0,0.6396,1.09,1.09,1.0,전치·패널1,[전치] 22. 시도별 지가 변동률(평균) | 2003
지가,2005,664,22. 시도별 지가 변동률(평균),XIII. 물가 및 가계,2003,대구,col-ko,0,0.7033,1.54,1.54,0.5,전치·패널1,[전치] 22. 시도별 지가 변동률(평균) | 2003
지가,2005,664,22. 시도별 지가 변동률(평균),XIII. 물가 및 가계,2003,인천,col-ko,0,0.7669,2.50,2.5,0.5,전치·패널1,[전치] 22. 시도별 지가 변동률(평균) | 2003
지가,2005,664,22. 시도별 지가 변동률(평균),XIII. 물가 및 가계,2003,광주,col-ko,0,0.8367,0. 91,0.91,1.0,전치·패널1,[전치] 22. 시도별 지가 변동률(평균) | 2003
지가,2005,664,22. 시도별 지가 변동률(평균),XIII. 물가 및 가계,2003,대전,col-ko,0,0.8881,5.47,5.47,1.0,전치·패널1,[전치] 22. 시도별 지가 변동률(평균) | 2003
지가,2005,664,22. 시도별 지가 변동률(평균),XIII. 물가 및 가계,2004,전국,col-ko,0,0.3214,3. 86,3.86,0.5,전치·패널1,[전치] 22. 시도별 지가 변동률(평균) | 2004
지가,2005,664,22. 시도별 지가 변동률(평균),XIII. 물가 및 가계,2004,서울,col-ko,0,0.576,4. 09,4.09,0.5,전치·패널1,[전치] 22. 시도별 지가 변동률(평균) | 2004
지가,2005,664,22. 시도별 지가 변동률(평균),XIII. 물가 및 가계,2004,부산,col-ko,0,0.6396,0.89,0.89,1.0,전치·패널1,[전치] 22. 시도별 지가 변동률(평균) | 2004
지가,2005,664,22. 시도별 지가 변동률(평균),XIII. 물가 및 가계,2004,대구,col-ko,0,0.7033,1.58,1.58,0.3,전치·패널1|저신뢰,[전치] 22. 시도별 지가 변동률(평균) | 2004
지가,2005,664,22. 시도별 지가 변동률(평균),XIII. 물가 및 가계,2004,인천,col-ko,0,0.7669,4. 32,4.32,0.5,전치·패널1,[전치] 22. 시도별 지가 변동률(평균) | 2004
지가,2005,664,22. 시도별 지가 변동률(평균),XIII. 물가 및 가계,2004,광주,col-ko,0,0.8367,0. 68,0.68,1.0,전치·패널1,[전치] 22. 시도별 지가 변동률(평균) | 2004
지가,2005,664,22. 시도별 지가 변동률(평균),XIII. 물가 및 가계,2004,대전,col-ko,0,0.8881,2.25,2.25,1.0,전치·패널1,[전치] 22. 시도별 지가 변동률(평균) | 2004
지가,2005,664,22. 시도별 지가 변동률(평균),XIII. 물가 및 가계,2005,전국,col-ko,0,0.3214,4.99,4.99,0.5,전치·패널1,[전치] 22. 시도별 지가 변동률(평균) | 2005
지가,2005,664,22. 시도별 지가 변동률(평균),XIII. 물가 및 가계,2005,서울,col-ko,0,0.576,6.56,6.56,1.0,전치·패널1,[전치] 22. 시도별 지가 변동률(평균) | 2005
지가,2005,664,22. 시도별 지가 변동률(평균),XIII. 물가 및 가계,2005,부산,col-ko,0,0.6396,1.86,1.86,0.5,전치·패널1,[전치] 22. 시도별 지가 변동률(평균) | 2005
지가,2005,664,22. 시도별 지가 변동률(평균),XIII. 물가 및 가계,2005,대구,col-ko,0,0.7033,3. 32,3.32,0.5,전치·패널1,[전치] 22. 시도별 지가 변동률(평균) | 2005
지가,2005,664,22. 시도별 지가 변동률(평균),XIII. 물가 및 가계,2005,인천,col-ko,0,0.7669,4. 94,4.94,0.5,전치·패널1,[전치] 22. 시도별 지가 변동률(평균) | 2005
지가,2005,664,22. 시도별 지가 변동률(평균),XIII. 물가 및 가계,2005,광주,col-ko,0,0.8367,1.87,1.87,0.5,전치·패널1,[전치] 22. 시도별 지가 변동률(평균) | 2005
지가,2005,664,22. 시도별 지가 변동률(평균),XIII. 물가 및 가계,2005,대전,col-ko,0,0.8881,6.80,6.8,1.0,전치·패널1,[전치] 22. 시도별 지가 변동률(평균) | 2005
지가,2005,664,22. 시도별 지가 변동률(평균),XIII. 물가 및 가계,주거지역 Dwelling,전국,col-ko,0,0.3214,4. 26,4.26,0.5,전치·패널1,[전치] 22. 시도별 지가 변동률(평균) | 주거지역 Dwelling
지가,2005,664,22. 시도별 지가 변동률(평균),XIII. 물가 및 가계,주거지역 Dwelling,서울,col-ko,0,0.576,6.12,6.12,0.3,전치·패널1|저신뢰,[전치] 22. 시도별 지가 변동률(평균) | 주거지역 Dwelling
지가,2005,664,22. 시도별 지가 변동률(평균),XIII. 물가 및 가계,주거지역 Dwelling,부산,col-ko,0,0.6396,1.12,1.12,1.0,전치·패널1,[전치] 22. 시도별 지가 변동률(평균) | 주거지역 Dwelling
지가,2005,664,22. 시도별 지가 변동률(평균),XIII. 물가 및 가계,주거지역 Dwelling,대구,col-ko,0,0.7033,2.64,2.64,1.0,전치·패널1,[전치] 22. 시도별 지가 변동률(평균) | 주거지역 Dwelling
지가,2005,664,22. 시도별 지가 변동률(평균),XIII. 물가 및 가계,주거지역 Dwelling,인천,col-ko,0,0.7669,3.72,3.72,1.0,전치·패널1,[전치] 22. 시도별 지가 변동률(평균) | 주거지역 Dwelling
지가,2005,664,22. 시도별 지가 변동률(평균),XIII. 물가 및 가계,주거지역 Dwelling,광주,col-ko,0,0.8367,0.45,0.45,1.0,전치·패널1,[전치] 22. 시도별 지가 변동률(평균) | 주거지역 Dwelling
지가,2005,664,22. 시도별 지가 변동률(평균),XIII. 물가 및 가계,주거지역 Dwelling,대전,col-ko,0,0.8881,3.71,3.71,0.5,전치·패널1,[전치] 22. 시도별 지가 변동률(평균) | 주거지역 Dwelling
지가,2005,664,22. 시도별 지가 변동률(평균),XIII. 물가 및 가계,상업지역 Commercial,전국,col-ko,0,0.3214,3.50,3.5,0.5,전치·패널1,[전치] 22. 시도별 지가 변동률(평균) | 상업지역 Commercial
지가,2005,664,22. 시도별 지가 변동률(평균),XIII. 물가 및 가계,상업지역 Commercial,서울,col-ko,0,0.576,6.43,6.43,1.0,전치·패널1,[전치] 22. 시도별 지가 변동률(평균) | 상업지역 Commercial
지가,2005,664,22. 시도별 지가 변동률(평균),XIII. 물가 및 가계,상업지역 Commercial,부산,col-ko,0,0.6396,1.26,1.26,1.0,전치·패널1,[전치] 22. 시도별 지가 변동률(평균) | 상업지역 Commercial
지가,2005,664,22. 시도별 지가 변동률(평균),XIII. 물가 및 가계,상업지역 Commercial,대구,col-ko,0,0.7033,1.75,1.75,1.0,전치·패널1,[전치] 22. 시도별 지가 변동률(평균) | 상업지역 Commercial
지가,2005,664,22. 시도별 지가 변동률(평균),XIII. 물가 및 가계,상업지역 Commercial,인천,col-ko,0,0.7669,3.30,3.3,0.3,전치·패널1|저신뢰,[전치] 22. 시도별 지가 변동률(평균) | 상업지역 Commercial
지가,2005,664,22. 시도별 지가 변동률(평균),XIII. 물가 및 가계,상업지역 Commercial,광주,col-ko,0,0.8367,-2.91,-2.91,0.3,전치·패널1|저신뢰,[전치] 22. 시도별 지가 변동률(평균) | 상업지역 Commercial
지가,2005,664,22. 시도별 지가 변동률(평균),XIII. 물가 및 가계,상업지역 Commercial,대전,col-ko,0,0.8881,2.87,2.87,1.0,전치·패널1,[전치] 22. 시도별 지가 변동률(평균) | 상업지역 Commercial
지가,2005,664,22. 시도별 지가 변동률(평균),XIII. 물가 및 가계,공업지역 Industrial,전국,col-ko,0,0.3214,3.94,3.94,0.3,전치·패널1|저신뢰,[전치] 22. 시도별 지가 변동률(평균) | 공업지역 Industrial
지가,2005,664,22. 시도별 지가 변동률(평균),XIII. 물가 및 가계,공업지역 Industrial,서울,col-ko,0,0.576,7.61,7.61,1.0,전치·패널1,[전치] 22. 시도별 지가 변동률(평균) | 공업지역 Industrial
지가,2005,664,22. 시도별 지가 변동률(평균),XIII. 물가 및 가계,공업지역 Industrial,부산,col-ko,0,0.6396,1.69,1.69,1.0,전치·패널1,[전치] 22. 시도별 지가 변동률(평균) | 공업지역 Industrial
지가,2005,664,22. 시도별 지가 변동률(평균),XIII. 물가 및 가계,공업지역 Industrial,대구,col-ko,0,0.7033,6. 69,6.69,1.0,전치·패널1,[전치] 22. 시도별 지가 변동률(평균) | 공업지역 Industrial
지가,2005,664,22. 시도별 지가 변동률(평균),XIII. 물가 및 가계,공업지역 Industrial,인천,col-ko,0,0.7669,3. 12,3.12,1.0,전치·패널1,[전치] 22. 시도별 지가 변동률(평균) | 공업지역 Industrial
지가,2005,664,22. 시도별 지가 변동률(평균),XIII. 물가 및 가계,공업지역 Industrial,광주,col-ko,0,0.8367,5. 30,5.3,0.5,전치·패널1,[전치] 22. 시도별 지가 변동률(평균) | 공업지역 Industrial
지가,2005,664,22. 시도별 지가 변동률(평균),XIII. 물가 및 가계,공업지역 Industrial,대전,col-ko,0,0.8881,5. 20,5.2,0.5,전치·패널1,[전치] 22. 시도별 지가 변동률(평균) | 공업지역 Industrial
지가,2005,664,22. 시도별 지가 변동률(평균),XIII. 물가 및 가계,녹 지지역 Gireen Belt,전국,col-ko,0,0.3214,8.63,8.63,1.0,전치·패널1,[전치] 22. 시도별 지가 변동률(평균) | 녹 지지역 Gireen Belt
지가,2005,664,22. 시도별 지가 변동률(평균),XIII. 물가 및 가계,녹 지지역 Gireen Belt,서울,col-ko,0,0.576,13. 41,13.41,1.0,전치·패널1,[전치] 22. 시도별 지가 변동률(평균) | 녹 지지역 Gireen Belt
지가,2005,664,22. 시도별 지가 변동률(평균),XIII. 물가 및 가계,녹 지지역 Gireen Belt,부산,col-ko,0,0.6396,6. 32,6.32,0.5,전치·패널1,[전치] 22. 시도별 지가 변동률(평균) | 녹 지지역 Gireen Belt
지가,2005,664,22. 시도별 지가 변동률(평균),XIII. 물가 및 가계,녹 지지역 Gireen Belt,대구,col-ko,0,0.7033,6. 67,6.67,0.5,전치·패널1,[전치] 22. 시도별 지가 변동률(평균) | 녹 지지역 Gireen Belt
지가,2005,664,22. 시도별 지가 변동률(평균),XIII. 물가 및 가계,녹 지지역 Gireen Belt,인천,col-ko,0,0.7669,12.19,12.19,0.5,전치·패널1,[전치] 22. 시도별 지가 변동률(평균) | 녹 지지역 Gireen Belt
지가,2005,664,22. 시도별 지가 변동률(평균),XIII. 물가 및 가계,녹 지지역 Gireen Belt,광주,col-ko,0,0.8367,9. 20,9.2,0.5,전치·패널1,[전치] 22. 시도별 지가 변동률(평균) | 녹 지지역 Gireen Belt
지가,2005,664,22. 시도별 지가 변동률(평균),XIII. 물가 및 가계,녹 지지역 Gireen Belt,대전,col-ko,0,0.8881,20. 18,20.18,0.5,전치·패널1,[전치] 22. 시도별 지가 변동률(평균) | 녹 지지역 Gireen Belt
지가,2005,664,22. 시도별 지가 변동률(평균),XIII. 물가 및 가계,관리지 역 Control area,전국,col-ko,0,0.3214,6.27,6.27,1.0,전치·패널1,[전치] 22. 시도별 지가 변동률(평균) | 관리지 역 Control area
지가,2005,664,22. 시도별 지가 변동률(평균),XIII. 물가 및 가계,관리지 역 Control area,인천,col-ko,0,0.7669,3. 35,3.35,0.5,전치·패널1,[전치] 22. 시도별 지가 변동률(평균) | 관리지 역 Control area
지가,2005,664,22. 시도별 지가 변동률(평균),XIII. 물가 및 가계,관리지 역 Control area,광주,col-ko,0,0.8367,7.92,7.92,1.0,전치·패널1,[전치] 22. 시도별 지가 변동률(평균) | 관리지 역 Control area
지가,2005,664,22. 시도별 지가 변동률(평균),XIII. 물가 및 가계,관리지 역 Control area,대전,col-ko,0,0.8881,20. 42,20.42,0.5,전치·패널1,[전치] 22. 시도별 지가 변동률(평균) | 관리지 역 Control area
지가,2005,664,22. 시도별 지가 변동률(평균),XIII. 물가 및 가계,농림지역 Agricultural,전국,col-ko,0,0.3214,5.63,5.63,0.5,전치·패널1,[전치] 22. 시도별 지가 변동률(평균) | 농림지역 Agricultural
지가,2005,664,22. 시도별 지가 변동률(평균),XIII. 물가 및 가계,농림지역 Agricultural,대구,col-ko,0,0.7033,3. 18,3.18,1.0,전치·패널1,[전치] 22. 시도별 지가 변동률(평균) | 농림지역 Agricultural
지가,2005,664,22. 시도별 지가 변동률(평균),XIII. 물가 및 가계,농림지역 Agricultural,인천,col-ko,0,0.7669,5. 74,5.74,0.5,전치·패널1,[전치] 22. 시도별 지가 변동률(평균) | 농림지역 Agricultural
지가,2005,664,22. 시도별 지가 변동률(평균),XIII. 물가 및 가계,자연환경보전지역 Natural environment,전국,col-ko,0,0.3214,3.23,3.23,1.0,전치·패널1,[전치] 22. 시도별 지가 변동률(평균) | 자연환경보전지역 Natural environment
지가,2005,664,22. 시도별 지가 변동률(평균),XIII. 물가 및 가계,자연환경보전지역 Natural environment,대구,col-ko,0,0.7033,1. 17,1.17,0.5,전치·패널1,[전치] 22. 시도별 지가 변동률(평균) | 자연환경보전지역 Natural environment
지가,2005,664,22. 시도별 지가 변동률(평균),XIII. 물가 및 가계,전 Dry paddies,전국,col-ko,0,0.3214,9.10,9.1,1.0,전치·패널1,[전치] 22. 시도별 지가 변동률(평균) | 전 Dry paddies
지가,2005,664,22. 시도별 지가 변동률(평균),XIII. 물가 및 가계,전 Dry paddies,서울,col-ko,0,0.576,25. 97,25.97,1.0,전치·패널1,[전치] 22. 시도별 지가 변동률(평균) | 전 Dry paddies
지가,2005,664,22. 시도별 지가 변동률(평균),XIII. 물가 및 가계,전 Dry paddies,부산,col-ko,0,0.6396,12. 13,12.13,1.0,전치·패널1,[전치] 22. 시도별 지가 변동률(평균) | 전 Dry paddies
지가,2005,664,22. 시도별 지가 변동률(평균),XIII. 물가 및 가계,전 Dry paddies,대구,col-ko,0,0.7033,9. 49,9.49,0.5,전치·패널1,[전치] 22. 시도별 지가 변동률(평균) | 전 Dry paddies
지가,2005,664,22. 시도별 지가 변동률(평균),XIII. 물가 및 가계,전 Dry paddies,인천,col-ko,0,0.7669,11. 19,11.19,1.0,전치·패널1,[전치] 22. 시도별 지가 변동률(평균) | 전 Dry paddies
지가,2005,664,22. 시도별 지가 변동률(평균),XIII. 물가 및 가계,전 Dry paddies,광주,col-ko,0,0.8367,9. 13,9.13,0.5,전치·패널1,[전치] 22. 시도별 지가 변동률(평균) | 전 Dry paddies
지가,2005,664,22. 시도별 지가 변동률(평균),XIII. 물가 및 가계,전 Dry paddies,대전,col-ko,0,0.8881,18. 64,18.64,1.0,전치·패널1,[전치] 22. 시도별 지가 변동률(평균) | 전 Dry paddies
지가,2005,664,22. 시도별 지가 변동률(평균),XIII. 물가 및 가계,답 Rice fields,전국,col-ko,0,0.3214,7.84,7.84,1.0,전치·패널1,[전치] 22. 시도별 지가 변동률(평균) | 답 Rice fields
지가,2005,664,22. 시도별 지가 변동률(평균),XIII. 물가 및 가계,답 Rice fields,서울,col-ko,0,0.576,20. 01,20.01,1.0,전치·패널1,[전치] 22. 시도별 지가 변동률(평균) | 답 Rice fields
지가,2005,664,22. 시도별 지가 변동률(평균),XIII. 물가 및 가계,답 Rice fields,부산,col-ko,0,0.6396,18. 88,18.88,0.3,전치·패널1|저신뢰,[전치] 22. 시도별 지가 변동률(평균) | 답 Rice fields
지가,2005,664,22. 시도별 지가 변동률(평균),XIII. 물가 및 가계,답 Rice fields,대구,col-ko,0,0.7033,6. 82,6.82,0.5,전치·패널1,[전치] 22. 시도별 지가 변동률(평균) | 답 Rice fields
지가,2005,664,22. 시도별 지가 변동률(평균),XIII. 물가 및 가계,답 Rice fields,인천,col-ko,0,0.7669,14. 88,14.88,1.0,전치·패널1,[전치] 22. 시도별 지가 변동률(평균) | 답 Rice fields
지가,2005,664,22. 시도별 지가 변동률(평균),XIII. 물가 및 가계,답 Rice fields,광주,col-ko,0,0.8367,13. 09,13.09,1.0,전치·패널1,[전치] 22. 시도별 지가 변동률(평균) | 답 Rice fields
지가,2005,664,22. 시도별 지가 변동률(평균),XIII. 물가 및 가계,답 Rice fields,대전,col-ko,0,0.8881,24. 41,24.41,1.0,전치·패널1,[전치] 22. 시도별 지가 변동률(평균) | 답 Rice fields
지가,2005,664,22. 시도별 지가 변동률(평균),XIII. 물가 및 가계,주거용 For dwelling,전국,col-ko,0,0.3214,4.97,4.97,0.5,전치·패널1,[전치] 22. 시도별 지가 변동률(평균) | 주거용 For dwelling
지가,2005,664,22. 시도별 지가 변동률(평균),XIII. 물가 및 가계,주거용 For dwelling,서울,col-ko,0,0.576,6.61,6.61,0.5,전치·패널1,[전치] 22. 시도별 지가 변동률(평균) | 주거용 For dwelling
지가,2005,664,22. 시도별 지가 변동률(평균),XIII. 물가 및 가계,주거용 For dwelling,부산,col-ko,0,0.6396,1. 20,1.2,0.5,전치·패널1,[전치] 22. 시도별 지가 변동률(평균) | 주거용 For dwelling
지가,2005,664,22. 시도별 지가 변동률(평균),XIII. 물가 및 가계,주거용 For dwelling,대구,col-ko,0,0.7033,3. 01,3.01,0.5,전치·패널1,[전치] 22. 시도별 지가 변동률(평균) | 주거용 For dwelling
지가,2005,664,22. 시도별 지가 변동률(평균),XIII. 물가 및 가계,주거용 For dwelling,인천,col-ko,0,0.7669,4. 41,4.41,0.5,전치·패널1,[전치] 22. 시도별 지가 변동률(평균) | 주거용 For dwelling
지가,2005,664,22. 시도별 지가 변동률(평균),XIII. 물가 및 가계,주거용 For dwelling,광주,col-ko,0,0.8367,2.26,2.26,0.5,전치·패널1,[전치] 22. 시도별 지가 변동률(평균) | 주거용 For dwelling
지가,2005,664,22. 시도별 지가 변동률(평균),XIII. 물가 및 가계,주거용 For dwelling,대전,col-ko,0,0.8881,10. 20,10.2,0.5,전치·패널1,[전치] 22. 시도별 지가 변동률(평균) | 주거용 For dwelling
지가,2005,664,22. 시도별 지가 변동률(평균),XIII. 물가 및 가계,상업용 For commerce,전국,col-ko,0,0.3214,4. 13,4.13,0.5,전치·패널1,[전치] 22. 시도별 지가 변동률(평균) | 상업용 For commerce
지가,2005,664,22. 시도별 지가 변동률(평균),XIII. 물가 및 가계,상업용 For commerce,서울,col-ko,0,0.576,6. 32,6.32,0.5,전치·패널1,[전치] 22. 시도별 지가 변동률(평균) | 상업용 For commerce
지가,2005,664,22. 시도별 지가 변동률(평균),XIII. 물가 및 가계,상업용 For commerce,부산,col-ko,0,0.6396,1. 33,1.33,0.5,전치·패널1,[전치] 22. 시도별 지가 변동률(평균) | 상업용 For commerce
지가,2005,664,22. 시도별 지가 변동률(평균),XIII. 물가 및 가계,상업용 For commerce,대구,col-ko,0,0.7033,1. 92,1.92,0.5,전치·패널1,[전치] 22. 시도별 지가 변동률(평균) | 상업용 For commerce
지가,2005,664,22. 시도별 지가 변동률(평균),XIII. 물가 및 가계,상업용 For commerce,인천,col-ko,0,0.7669,3. 92,3.92,1.0,전치·패널1,[전치] 22. 시도별 지가 변동률(평균) | 상업용 For commerce
지가,2005,664,22. 시도별 지가 변동률(평균),XIII. 물가 및 가계,상업용 For commerce,대전,col-ko,0,0.8881,3. 38,3.38,0.5,전치·패널1,[전치] 22. 시도별 지가 변동률(평균) | 상업용 For commerce
지가,2005,664,22. 시도별 지가 변동률(평균),XIII. 물가 및 가계,임 야 Forest,전국,col-ko,0,0.3214,5.75,5.75,1.0,전치·패널1,[전치] 22. 시도별 지가 변동률(평균) | 임 야 Forest
지가,2005,664,22. 시도별 지가 변동률(평균),XIII. 물가 및 가계,임 야 Forest,서울,col-ko,0,0.576,5. 63,5.63,0.5,전치·패널1,[전치] 22. 시도별 지가 변동률(평균) | 임 야 Forest
지가,2005,664,22. 시도별 지가 변동률(평균),XIII. 물가 및 가계,임 야 Forest,부산,col-ko,0,0.6396,3. 15,3.15,0.5,전치·패널1,[전치] 22. 시도별 지가 변동률(평균) | 임 야 Forest
지가,2005,664,22. 시도별 지가 변동률(평균),XIII. 물가 및 가계,임 야 Forest,대구,col-ko,0,0.7033,4. 07,4.07,0.5,전치·패널1,[전치] 22. 시도별 지가 변동률(평균) | 임 야 Forest
지가,2005,664,22. 시도별 지가 변동률(평균),XIII. 물가 및 가계,임 야 Forest,인천,col-ko,0,0.7669,8. 39,8.39,0.5,전치·패널1,[전치] 22. 시도별 지가 변동률(평균) | 임 야 Forest
지가,2005,664,22. 시도별 지가 변동률(평균),XIII. 물가 및 가계,임 야 Forest,광주,col-ko,0,0.8367,10. 56,10.56,1.0,전치·패널1,[전치] 22. 시도별 지가 변동률(평균) | 임 야 Forest
지가,2005,664,22. 시도별 지가 변동률(평균),XIII. 물가 및 가계,임 야 Forest,대전,col-ko,0,0.8881,11. 81,11.81,1.0,전치·패널1,[전치] 22. 시도별 지가 변동률(평균) | 임 야 Forest
지가,2005,664,22. 시도별 지가 변동률(평균),XIII. 물가 및 가계,공장용지 Factory,전국,col-ko,0,0.3214,4. 34,4.34,0.5,전치·패널1,[전치] 22. 시도별 지가 변동률(평균) | 공장용지 Factory
지가,2005,664,22. 시도별 지가 변동률(평균),XIII. 물가 및 가계,공장용지 Factory,서울,col-ko,0,0.576,6.57,6.57,0.5,전치·패널1,[전치] 22. 시도별 지가 변동률(평균) | 공장용지 Factory
지가,2005,664,22. 시도별 지가 변동률(평균),XIII. 물가 및 가계,공장용지 Factory,부산,col-ko,0,0.6396,2. 02,2.02,0.5,전치·패널1,[전치] 22. 시도별 지가 변동률(평균) | 공장용지 Factory
지가,2005,664,22. 시도별 지가 변동률(평균),XIII. 물가 및 가계,공장용지 Factory,대구,col-ko,0,0.7033,7. 69,7.69,0.3,전치·패널1|저신뢰,[전치] 22. 시도별 지가 변동률(평균) | 공장용지 Factory
지가,2005,664,22. 시도별 지가 변동률(평균),XIII. 물가 및 가계,공장용지 Factory,인천,col-ko,0,0.7669,4. 29,4.29,0.5,전치·패널1,[전치] 22. 시도별 지가 변동률(평균) | 공장용지 Factory
지가,2005,664,22. 시도별 지가 변동률(평균),XIII. 물가 및 가계,공장용지 Factory,광주,col-ko,0,0.8367,5. 89,5.89,1.0,전치·패널1,[전치] 22. 시도별 지가 변동률(평균) | 공장용지 Factory
지가,2005,664,22. 시도별 지가 변동률(평균),XIII. 물가 및 가계,공장용지 Factory,대전,col-ko,0,0.8881,9. 98,9.98,0.5,전치·패널1,[전치] 22. 시도별 지가 변동률(평균) | 공장용지 Factory
지가,2005,664,22. 시도별 지가 변동률(평균),XIII. 물가 및 가계,기 Others,전국,col-ko,0,0.3214,4.91,4.91,0.5,전치·패널1,[전치] 22. 시도별 지가 변동률(평균) | 기 Others
지가,2005,664,22. 시도별 지가 변동률(평균),XIII. 물가 및 가계,기 Others,부산,col-ko,0,0.6396,17. 50,17.5,1.0,전치·패널1,[전치] 22. 시도별 지가 변동률(평균) | 기 Others
지가,2005,664,22. 시도별 지가 변동률(평균),XIII. 물가 및 가계,기 Others,대구,col-ko,0,0.7033,0. 35,0.35,0.5,전치·패널1,[전치] 22. 시도별 지가 변동률(평균) | 기 Others
지가,2005,664,22. 시도별 지가 변동률(평균),XIII. 물가 및 가계,기 Others,인천,col-ko,0,0.7669,8. 91,8.91,0.5,전치·패널1,[전치] 22. 시도별 지가 변동률(평균) | 기 Others
지가,2005,664,22. 시도별 지가 변동률(평균),XIII. 물가 및 가계,기 Others,대전,col-ko,0,0.8881,6.49,6.49,0.5,전치·패널1,[전치] 22. 시도별 지가 변동률(평균) | 기 Others
지가,2005,664,22. 시도별 지가 변동률(평균),XIII. 물가 및 가계,1998,울산,col-ko,0,0.3214,-13.54,-13.54,0.3,전치·패널2|저신뢰,[전치] 1998
지가,2005,664,22. 시도별 지가 변동률(평균),XIII. 물가 및 가계,1998,강원,col-ko,0,0.4476,-8.30,-8.3,1.0,전치·패널2,[전치] 1998
지가,2005,664,22. 시도별 지가 변동률(평균),XIII. 물가 및 가계,1998,충북,col-ko,0,0.5123,-7. 13,-7.13,0.3,전치·패널2|저신뢰,[전치] 1998
지가,2005,664,22. 시도별 지가 변동률(평균),XIII. 물가 및 가계,1998,충남,col-ko,0,0.577,-7.11,-7.11,0.5,전치·패널2,[전치] 1998
지가,2005,664,22. 시도별 지가 변동률(평균),XIII. 물가 및 가계,1998,전남,col-ko,0,0.7043,-6. 96,-6.96,0.3,전치·패널2|저신뢰,[전치] 1998
지가,2005,664,22. 시도별 지가 변동률(평균),XIII. 물가 및 가계,1999,울산,col-ko,0,0.3214,1.50,1.5,0.5,전치·패널2,[전치] 1999
지가,2005,664,22. 시도별 지가 변동률(평균),XIII. 물가 및 가계,1999,경기,col-ko,0,0.385,4. 52,4.52,1.0,전치·패널2,[전치] 1999
지가,2005,664,22. 시도별 지가 변동률(평균),XIII. 물가 및 가계,1999,강원,col-ko,0,0.4476,2.50,2.5,1.0,전치·패널2,[전치] 1999
지가,2005,664,22. 시도별 지가 변동률(평균),XIII. 물가 및 가계,1999,충북,col-ko,0,0.5123,4. 10,4.1,0.5,전치·패널2,[전치] 1999
지가,2005,664,22. 시도별 지가 변동률(평균),XIII. 물가 및 가계,1999,충남,col-ko,0,0.577,3.18,3.18,0.5,전치·패널2,[전치] 1999
지가,2005,664,22. 시도별 지가 변동률(평균),XIII. 물가 및 가계,1999,전북,col-ko,0,0.6396,2.17,2.17,0.3,전치·패널2|저신뢰,[전치] 1999
지가,2005,664,22. 시도별 지가 변동률(평균),XIII. 물가 및 가계,1999,전남,col-ko,0,0.7043,"4,50",450,0.5,전치·패널2,[전치] 1999
지가,2005,664,22. 시도별 지가 변동률(평균),XIII. 물가 및 가계,1999,경북,col-ko,0,0.768,2.73,2.73,1.0,전치·패널2,[전치] 1999
지가,2005,664,22. 시도별 지가 변동률(평균),XIII. 물가 및 가계,1999,제주,col-ko,0,0.8953,6. 82,6.82,1.0,전치·패널2,[전치] 1999
지가,2005,664,22. 시도별 지가 변동률(평균),XIII. 물가 및 가계,2000,울산,col-ko,0,0.3214,-0.26,-0.26,1.0,전치·패널2,[전치] 2000
지가,2005,664,22. 시도별 지가 변동률(평균),XIII. 물가 및 가계,2000,경기,col-ko,0,0.385,1. 92,1.92,0.5,전치·패널2,[전치] 2000
지가,2005,664,22. 시도별 지가 변동률(평균),XIII. 물가 및 가계,2000,강원,col-ko,0,0.4476,1.39,1.39,1.0,전치·패널2,[전치] 2000
지가,2005,664,22. 시도별 지가 변동률(평균),XIII. 물가 및 가계,2000,충북,col-ko,0,0.5123,1. 12,1.12,0.5,전치·패널2,[전치] 2000
지가,2005,664,22. 시도별 지가 변동률(평균),XIII. 물가 및 가계,2000,충남,col-ko,0,0.577,1. 18,1.18,0.5,전치·패널2,[전치] 2000
지가,2005,664,22. 시도별 지가 변동률(평균),XIII. 물가 및 가계,2000,전북,col-ko,0,0.6396,1. 13,1.13,1.0,전치·패널2,[전치] 2000
지가,2005,664,22. 시도별 지가 변동률(평균),XIII. 물가 및 가계,2000,전남,col-ko,0,0.7043,1. 94,1.94,0.5,전치·패널2,[전치] 2000
지가,2005,664,22. 시도별 지가 변동률(평균),XIII. 물가 및 가계,2000,경북,col-ko,0,0.768,0. 72,0.72,0.3,전치·패널2|저신뢰,[전치] 2000
지가,2005,664,22. 시도별 지가 변동률(평균),XIII. 물가 및 가계,2000,제주,col-ko,0,0.8953,2. 18,2.18,1.0,전치·패널2,[전치] 2000
지가,2005,664,22. 시도별 지가 변동률(평균),XIII. 물가 및 가계,2001,울산,col-ko,0,0.3214,0.38,0.38,1.0,전치·패널2,[전치] 2001
지가,2005,664,22. 시도별 지가 변동률(평균),XIII. 물가 및 가계,2001,경기,col-ko,0,0.385,1.91,1.91,1.0,전치·패널2,[전치] 2001
지가,2005,664,22. 시도별 지가 변동률(평균),XIII. 물가 및 가계,2001,강원,col-ko,0,0.4476,2.29,2.29,1.0,전치·패널2,[전치] 2001
지가,2005,664,22. 시도별 지가 변동률(평균),XIII. 물가 및 가계,2001,충북,col-ko,0,0.5123,0. 41,0.41,1.0,전치·패널2,[전치] 2001
지가,2005,664,22. 시도별 지가 변동률(평균),XIII. 물가 및 가계,2001,충남,col-ko,0,0.577,0. 36,0.36,0.5,전치·패널2,[전치] 2001
지가,2005,664,22. 시도별 지가 변동률(평균),XIII. 물가 및 가계,2001,전남,col-ko,0,0.7043,0. 35,0.35,1.0,전치·패널2,[전치] 2001
지가,2005,664,22. 시도별 지가 변동률(평균),XIII. 물가 및 가계,2001,경북,col-ko,0,0.768,0. 51,0.51,0.5,전치·패널2,[전치] 2001
지가,2005,664,22. 시도별 지가 변동률(평균),XIII. 물가 및 가계,2001,제주,col-ko,0,0.8953,3. 13,3.13,0.5,전치·패널2,[전치] 2001
지가,2005,664,22. 시도별 지가 변동률(평균),XIII. 물가 및 가계,2002,울산,col-ko,0,0.3214,1.75,1.75,0.5,전치·패널2,[전치] 2002
지가,2005,664,22. 시도별 지가 변동률(평균),XIII. 물가 및 가계,2002,경기,col-ko,0,0.385,13. 06,13.06,0.5,전치·패널2,[전치] 2002
지가,2005,664,22. 시도별 지가 변동률(평균),XIII. 물가 및 가계,2002,강원,col-ko,0,0.4476,1. 88,1.88,0.5,전치·패널2,[전치] 2002
지가,2005,664,22. 시도별 지가 변동률(평균),XIII. 물가 및 가계,2002,충북,col-ko,0,0.5123,3. 02,3.02,0.5,전치·패널2,[전치] 2002
지가,2005,664,22. 시도별 지가 변동률(평균),XIII. 물가 및 가계,2002,충남,col-ko,0,0.577,2.48,2.48,0.5,전치·패널2,[전치] 2002
지가,2005,664,22. 시도별 지가 변동률(평균),XIII. 물가 및 가계,2002,전북,col-ko,0,0.6396,0. 64,0.64,1.0,전치·패널2,[전치] 2002
지가,2005,664,22. 시도별 지가 변동률(평균),XIII. 물가 및 가계,2002,전남,col-ko,0,0.7043,0. 95,0.95,0.3,전치·패널2|저신뢰,[전치] 2002
지가,2005,664,22. 시도별 지가 변동률(평균),XIII. 물가 및 가계,2002,경북,col-ko,0,0.768,2. 06,2.06,1.0,전치·패널2,[전치] 2002
지가,2005,664,22. 시도별 지가 변동률(평균),XIII. 물가 및 가계,2002,제주,col-ko,0,0.8953,6. 01,6.01,1.0,전치·패널2,[전치] 2002
지가,2005,664,22. 시도별 지가 변동률(평균),XIII. 물가 및 가계,2003,울산,col-ko,0,0.3214,0.66,0.66,1.0,전치·패널2,[전치] 2003
지가,2005,664,22. 시도별 지가 변동률(평균),XIII. 물가 및 가계,2003,경기,col-ko,0,0.385,"5,12",512,0.3,전치·패널2|저신뢰,[전치] 2003
지가,2005,664,22. 시도별 지가 변동률(평균),XIII. 물가 및 가계,2003,강원,col-ko,0,0.4476,1.79,1.79,1.0,전치·패널2,[전치] 2003
지가,2005,664,22. 시도별 지가 변동률(평균),XIII. 물가 및 가계,2003,충북,col-ko,0,0.5123,2.54,2.54,0.5,전치·패널2,[전치] 2003
지가,2005,664,22. 시도별 지가 변동률(평균),XIII. 물가 및 가계,2003,충남,col-ko,0,0.577,4. 81,4.81,0.5,전치·패널2,[전치] 2003
지가,2005,664,22. 시도별 지가 변동률(평균),XIII. 물가 및 가계,2003,전북,col-ko,0,0.6396,0. 96,0.96,1.0,전치·패널2,[전치] 2003
지가,2005,664,22. 시도별 지가 변동률(평균),XIII. 물가 및 가계,2003,전남,col-ko,0,0.7043,0. 50,0.5,1.0,전치·패널2,[전치] 2003
지가,2005,664,22. 시도별 지가 변동률(평균),XIII. 물가 및 가계,2003,경북,col-ko,0,0.768,0. 15,0.15,0.5,전치·패널2,[전치] 2003
지가,2005,664,22. 시도별 지가 변동률(평균),XIII. 물가 및 가계,2003,제주,col-ko,0,0.8953,1.25,1.25,1.0,전치·패널2,[전치] 2003
지가,2005,664,22. 시도별 지가 변동률(평균),XIII. 물가 및 가계,2004,울산,col-ko,0,0.3214,1.79,1.79,0.3,전치·패널2|저신뢰,[전치] 2004
지가,2005,664,22. 시도별 지가 변동률(평균),XIII. 물가 및 가계,2004,경기,col-ko,0,0.385,6.12,6.12,1.0,전치·패널2,[전치] 2004
지가,2005,664,22. 시도별 지가 변동률(평균),XIII. 물가 및 가계,2004,강원,col-ko,0,0.4476,2.27,2.27,1.0,전치·패널2,[전치] 2004
지가,2005,664,22. 시도별 지가 변동률(평균),XIII. 물가 및 가계,2004,충북,col-ko,0,0.5123,3. 83,3.83,1.0,전치·패널2,[전치] 2004
지가,2005,664,22. 시도별 지가 변동률(평균),XIII. 물가 및 가계,2004,충남,col-ko,0,0.577,11.65,11.65,1.0,전치·패널2,[전치] 2004
지가,2005,664,22. 시도별 지가 변동률(평균),XIII. 물가 및 가계,2004,전북,col-ko,0,0.6396,0. 70,0.7,1.0,전치·패널2,[전치] 2004
지가,2005,664,22. 시도별 지가 변동률(평균),XIII. 물가 및 가계,2004,전남,col-ko,0,0.7043,0.93,0.93,0.5,전치·패널2,[전치] 2004
지가,2005,664,22. 시도별 지가 변동률(평균),XIII. 물가 및 가계,2004,경북,col-ko,0,0.768,2.11,2.11,1.0,전치·패널2,[전치] 2004
지가,2005,664,22. 시도별 지가 변동률(평균),XIII. 물가 및 가계,2004,제주,col-ko,0,0.8953,1. 96,1.96,0.5,전치·패널2,[전치] 2004
지가,2005,664,22. 시도별 지가 변동률(평균),XIII. 물가 및 가계,2005,울산,col-ko,0,0.3214,206,206,0.3,전치·패널2|저신뢰,[전치] 2005
지가,2005,664,22. 시도별 지가 변동률(평균),XIII. 물가 및 가계,2005,경기,col-ko,0,0.385,5.69,5.69,1.0,전치·패널2,[전치] 2005
지가,2005,664,22. 시도별 지가 변동률(평균),XIII. 물가 및 가계,2005,강원,col-ko,0,0.4476,2.63,2.63,1.0,전치·패널2,[전치] 2005
지가,2005,664,22. 시도별 지가 변동률(평균),XIII. 물가 및 가계,2005,충북,col-ko,0,0.5123,4. 98,4.98,1.0,전치·패널2,[전치] 2005
지가,2005,664,22. 시도별 지가 변동률(평균),XIII. 물가 및 가계,2005,충남,col-ko,0,0.577,8.32,8.32,1.0,전치·패널2,[전치] 2005
지가,2005,664,22. 시도별 지가 변동률(평균),XIII. 물가 및 가계,2005,전북,col-ko,0,0.6396,1.38,1.38,0.5,전치·패널2,[전치] 2005
지가,2005,664,22. 시도별 지가 변동률(평균),XIII. 물가 및 가계,2005,전남,col-ko,0,0.7043,2.45,2.45,1.0,전치·패널2,[전치] 2005
지가,2005,664,22. 시도별 지가 변동률(평균),XIII. 물가 및 가계,2005,경북,col-ko,0,0.768,2. 19,2.19,0.5,전치·패널2,[전치] 2005
지가,2005,664,22. 시도별 지가 변동률(평균),XIII. 물가 및 가계,2005,제주,col-ko,0,0.8953,2.12,2.12,0.5,전치·패널2,[전치] 2005
지가,2005,664,22. 시도별 지가 변동률(평균),XIII. 물가 및 가계,주거지역 Dwelling,울산,col-ko,0,0.3214,1.57,1.57,1.0,전치·패널2,[전치] 주거지역 Dwelling
지가,2005,664,22. 시도별 지가 변동률(평균),XIII. 물가 및 가계,주거지역 Dwelling,경기,col-ko,0,0.385,3.76,3.76,1.0,전치·패널2,[전치] 주거지역 Dwelling
지가,2005,664,22. 시도별 지가 변동률(평균),XIII. 물가 및 가계,주거지역 Dwelling,강원,col-ko,0,0.4476,1.76,1.76,1.0,전치·패널2,[전치] 주거지역 Dwelling
지가,2005,664,22. 시도별 지가 변동률(평균),XIII. 물가 및 가계,주거지역 Dwelling,충북,col-ko,0,0.5123,1.81,1.81,1.0,전치·패널2,[전치] 주거지역 Dwelling
지가,2005,664,22. 시도별 지가 변동률(평균),XIII. 물가 및 가계,주거지역 Dwelling,충남,col-ko,0,0.577,4. 48,4.48,0.5,전치·패널2,[전치] 주거지역 Dwelling
지가,2005,664,22. 시도별 지가 변동률(평균),XIII. 물가 및 가계,주거지역 Dwelling,전북,col-ko,0,0.6396,1. 13,1.13,1.0,전치·패널2,[전치] 주거지역 Dwelling
지가,2005,664,22. 시도별 지가 변동률(평균),XIII. 물가 및 가계,주거지역 Dwelling,전남,col-ko,0,0.7043,0. 94,0.94,0.5,전치·패널2,[전치] 주거지역 Dwelling
지가,2005,664,22. 시도별 지가 변동률(평균),XIII. 물가 및 가계,주거지역 Dwelling,경북,col-ko,0,0.768,1. 28,1.28,1.0,전치·패널2,[전치] 주거지역 Dwelling
지가,2005,664,22. 시도별 지가 변동률(평균),XIII. 물가 및 가계,주거지역 Dwelling,경남,col-ko,0,0.8306,1. 75,1.75,1.0,전치·패널2,[전치] 주거지역 Dwelling
지가,2005,664,22. 시도별 지가 변동률(평균),XIII. 물가 및 가계,주거지역 Dwelling,제주,col-ko,0,0.8953,0. 86,0.86,0.5,전치·패널2,[전치] 주거지역 Dwelling
지가,2005,664,22. 시도별 지가 변동률(평균),XIII. 물가 및 가계,상업지역 Commercial,울산,col-ko,0,0.3214,0.55,0.55,1.0,전치·패널2,[전치] 상업지역 Commercial
지가,2005,664,22. 시도별 지가 변동률(평균),XIII. 물가 및 가계,상업지역 Commercial,경기,col-ko,0,0.385,3.75,3.75,1.0,전치·패널2,[전치] 상업지역 Commercial
지가,2005,664,22. 시도별 지가 변동률(평균),XIII. 물가 및 가계,상업지역 Commercial,강원,col-ko,0,0.4476,0.21,0.21,1.0,전치·패널2,[전치] 상업지역 Commercial
지가,2005,664,22. 시도별 지가 변동률(평균),XIII. 물가 및 가계,상업지역 Commercial,충북,col-ko,0,0.5123,0. 99,0.99,1.0,전치·패널2,[전치] 상업지역 Commercial
지가,2005,664,22. 시도별 지가 변동률(평균),XIII. 물가 및 가계,상업지역 Commercial,충남,col-ko,0,0.577,2. 87,2.87,0.3,전치·패널2|저신뢰,[전치] 상업지역 Commercial
지가,2005,664,22. 시도별 지가 변동률(평균),XIII. 물가 및 가계,상업지역 Commercial,경북,col-ko,0,0.768,-0. 18,-0.18,0.3,전치·패널2|저신뢰,[전치] 상업지역 Commercial
지가,2005,664,22. 시도별 지가 변동률(평균),XIII. 물가 및 가계,상업지역 Commercial,경남,col-ko,0,0.8306,0. 69,0.69,1.0,전치·패널2,[전치] 상업지역 Commercial
지가,2005,664,22. 시도별 지가 변동률(평균),XIII. 물가 및 가계,상업지역 Commercial,제주,col-ko,0,0.8953,0. 07,0.07,1.0,전치·패널2,[전치] 상업지역 Commercial
지가,2005,664,22. 시도별 지가 변동률(평균),XIII. 물가 및 가계,공업지역 Industrial,울산,col-ko,0,0.3214,2.17,2.17,1.0,전치·패널2,[전치] 공업지역 Industrial
지가,2005,664,22. 시도별 지가 변동률(평균),XIII. 물가 및 가계,공업지역 Industrial,경기,col-ko,0,0.385,3.41,3.41,1.0,전치·패널2,[전치] 공업지역 Industrial
지가,2005,664,22. 시도별 지가 변동률(평균),XIII. 물가 및 가계,공업지역 Industrial,강원,col-ko,0,0.4476,0.28,0.28,1.0,전치·패널2,[전치] 공업지역 Industrial
지가,2005,664,22. 시도별 지가 변동률(평균),XIII. 물가 및 가계,공업지역 Industrial,충북,col-ko,0,0.5123,3. 02,3.02,0.5,전치·패널2,[전치] 공업지역 Industrial
지가,2005,664,22. 시도별 지가 변동률(평균),XIII. 물가 및 가계,공업지역 Industrial,충남,col-ko,0,0.577,3.81,3.81,1.0,전치·패널2,[전치] 공업지역 Industrial
지가,2005,664,22. 시도별 지가 변동률(평균),XIII. 물가 및 가계,공업지역 Industrial,전북,col-ko,0,0.6396,0. 13,0.13,1.0,전치·패널2,[전치] 공업지역 Industrial
지가,2005,664,22. 시도별 지가 변동률(평균),XIII. 물가 및 가계,공업지역 Industrial,전남,col-ko,0,0.7043,1. 84,1.84,1.0,전치·패널2,[전치] 공업지역 Industrial
지가,2005,664,22. 시도별 지가 변동률(평균),XIII. 물가 및 가계,공업지역 Industrial,경북,col-ko,0,0.768,2. 62,2.62,0.5,전치·패널2,[전치] 공업지역 Industrial
지가,2005,664,22. 시도별 지가 변동률(평균),XIII. 물가 및 가계,공업지역 Industrial,경남,col-ko,0,0.8306,2. 59,2.59,1.0,전치·패널2,[전치] 공업지역 Industrial
지가,2005,664,22. 시도별 지가 변동률(평균),XIII. 물가 및 가계,공업지역 Industrial,제주,col-ko,0,0.8953,-0. 24,-0.24,0.5,전치·패널2,[전치] 공업지역 Industrial
지가,2005,664,22. 시도별 지가 변동률(평균),XIII. 물가 및 가계,녹지지역 Green Belt,울산,col-ko,0,0.3214,4.28,4.28,0.5,전치·패널2,[전치] 녹지지역 Green Belt
지가,2005,664,22. 시도별 지가 변동률(평균),XIII. 물가 및 가계,녹지지역 Green Belt,경기,col-ko,0,0.385,8.45,8.45,1.0,전치·패널2,[전치] 녹지지역 Green Belt
지가,2005,664,22. 시도별 지가 변동률(평균),XIII. 물가 및 가계,녹지지역 Green Belt,강원,col-ko,0,0.4476,5.20,5.2,1.0,전치·패널2,[전치] 녹지지역 Green Belt
지가,2005,664,22. 시도별 지가 변동률(평균),XIII. 물가 및 가계,녹지지역 Green Belt,충북,col-ko,0,0.5123,9.23,9.23,1.0,전치·패널2,[전치] 녹지지역 Green Belt
지가,2005,664,22. 시도별 지가 변동률(평균),XIII. 물가 및 가계,녹지지역 Green Belt,충남,col-ko,0,0.577,11.35,11.35,1.0,전치·패널2,[전치] 녹지지역 Green Belt
지가,2005,664,22. 시도별 지가 변동률(평균),XIII. 물가 및 가계,녹지지역 Green Belt,전북,col-ko,0,0.6396,4.65,4.65,1.0,전치·패널2,[전치] 녹지지역 Green Belt
지가,2005,664,22. 시도별 지가 변동률(평균),XIII. 물가 및 가계,녹지지역 Green Belt,전남,col-ko,0,0.7043,3. 63,3.63,1.0,전치·패널2,[전치] 녹지지역 Green Belt
지가,2005,664,22. 시도별 지가 변동률(평균),XIII. 물가 및 가계,녹지지역 Green Belt,경북,col-ko,0,0.768,4. 21,4.21,0.5,전치·패널2,[전치] 녹지지역 Green Belt
지가,2005,664,22. 시도별 지가 변동률(평균),XIII. 물가 및 가계,녹지지역 Green Belt,경남,col-ko,0,0.8306,6. 34,6.34,1.0,전치·패널2,[전치] 녹지지역 Green Belt
지가,2005,664,22. 시도별 지가 변동률(평균),XIII. 물가 및 가계,녹지지역 Green Belt,제주,col-ko,0,0.8953,3. 13,3.13,0.5,전치·패널2,[전치] 녹지지역 Green Belt
지가,2005,664,22. 시도별 지가 변동률(평균),XIII. 물가 및 가계,관리지역 Control area,울산,col-ko,0,0.3214,5. 10,5.1,1.0,전치·패널2,[전치] 관리지역 Control area
지가,2005,664,22. 시도별 지가 변동률(평균),XIII. 물가 및 가계,관리지역 Control area,경기,col-ko,0,0.385,7.21,7.21,0.5,전치·패널2,[전치] 관리지역 Control area
지가,2005,664,22. 시도별 지가 변동률(평균),XIII. 물가 및 가계,관리지역 Control area,강원,col-ko,0,0.4476,3.97,3.97,0.5,전치·패널2,[전치] 관리지역 Control area
지가,2005,664,22. 시도별 지가 변동률(평균),XIII. 물가 및 가계,관리지역 Control area,충북,col-ko,0,0.5123,7.40,7.4,1.0,전치·패널2,[전치] 관리지역 Control area
지가,2005,664,22. 시도별 지가 변동률(평균),XIII. 물가 및 가계,관리지역 Control area,충남,col-ko,0,0.577,10.72,10.72,1.0,전치·패널2,[전치] 관리지역 Control area
지가,2005,664,22. 시도별 지가 변동률(평균),XIII. 물가 및 가계,관리지역 Control area,전북,col-ko,0,0.6396,1. 93,1.93,0.5,전치·패널2,[전치] 관리지역 Control area
지가,2005,664,22. 시도별 지가 변동률(평균),XIII. 물가 및 가계,관리지역 Control area,전남,col-ko,0,0.7043,4. 88,4.88,0.3,전치·패널2|저신뢰,[전치] 관리지역 Control area
지가,2005,664,22. 시도별 지가 변동률(평균),XIII. 물가 및 가계,관리지역 Control area,경북,col-ko,0,0.768,2. 86,2.86,0.5,전치·패널2,[전치] 관리지역 Control area
지가,2005,664,22. 시도별 지가 변동률(평균),XIII. 물가 및 가계,관리지역 Control area,경남,col-ko,0,0.8306,3. 92,3.92,1.0,전치·패널2,[전치] 관리지역 Control area
지가,2005,664,22. 시도별 지가 변동률(평균),XIII. 물가 및 가계,관리지역 Control area,제주,col-ko,0,0.8953,3.24,3.24,1.0,전치·패널2,[전치] 관리지역 Control area
지가,2005,664,22. 시도별 지가 변동률(평균),XIII. 물가 및 가계,농림지역 Agricultural,울산,col-ko,0,0.3214,2.20,2.2,1.0,전치·패널2,[전치] 농림지역 Agricultural
지가,2005,664,22. 시도별 지가 변동률(평균),XIII. 물가 및 가계,농림지역 Agricultural,경기,col-ko,0,0.385,8.60,8.6,1.0,전치·패널2,[전치] 농림지역 Agricultural
지가,2005,664,22. 시도별 지가 변동률(평균),XIII. 물가 및 가계,농림지역 Agricultural,강원,col-ko,0,0.4476,2.81,2.81,1.0,전치·패널2,[전치] 농림지역 Agricultural
지가,2005,664,22. 시도별 지가 변동률(평균),XIII. 물가 및 가계,농림지역 Agricultural,충북,col-ko,0,0.5123,6.01,6.01,1.0,전치·패널2,[전치] 농림지역 Agricultural
지가,2005,664,22. 시도별 지가 변동률(평균),XIII. 물가 및 가계,농림지역 Agricultural,충남,col-ko,0,0.577,9.37,9.37,1.0,전치·패널2,[전치] 농림지역 Agricultural
지가,2005,664,22. 시도별 지가 변동률(평균),XIII. 물가 및 가계,농림지역 Agricultural,전북,col-ko,0,0.6396,1.09,1.09,1.0,전치·패널2,[전치] 농림지역 Agricultural
지가,2005,664,22. 시도별 지가 변동률(평균),XIII. 물가 및 가계,농림지역 Agricultural,전남,col-ko,0,0.7043,3.41,3.41,1.0,전치·패널2,[전치] 농림지역 Agricultural
지가,2005,664,22. 시도별 지가 변동률(평균),XIII. 물가 및 가계,농림지역 Agricultural,경북,col-ko,0,0.768,2. 94,2.94,1.0,전치·패널2,[전치] 농림지역 Agricultural
지가,2005,664,22. 시도별 지가 변동률(평균),XIII. 물가 및 가계,농림지역 Agricultural,경남,col-ko,0,0.8306,3. 64,3.64,1.0,전치·패널2,[전치] 농림지역 Agricultural
지가,2005,664,22. 시도별 지가 변동률(평균),XIII. 물가 및 가계,농림지역 Agricultural,제주,col-ko,0,0.8953,1. 49,1.49,0.5,전치·패널2,[전치] 농림지역 Agricultural
지가,2005,664,22. 시도별 지가 변동률(평균),XIII. 물가 및 가계,자연환경보전지역 Natural environment,울산,col-ko,0,0.3214,-0.04,-0.04,1.0,전치·패널2,[전치] 자연환경보전지역 Natural environment
지가,2005,664,22. 시도별 지가 변동률(평균),XIII. 물가 및 가계,자연환경보전지역 Natural environment,경기,col-ko,0,0.385,5.31,5.31,1.0,전치·패널2,[전치] 자연환경보전지역 Natural environment
지가,2005,664,22. 시도별 지가 변동률(평균),XIII. 물가 및 가계,자연환경보전지역 Natural environment,강원,col-ko,0,0.4476,1.28,1.28,1.0,전치·패널2,[전치] 자연환경보전지역 Natural environment
지가,2005,664,22. 시도별 지가 변동률(평균),XIII. 물가 및 가계,자연환경보전지역 Natural environment,충북,col-ko,0,0.5123,2. 68,2.68,1.0,전치·패널2,[전치] 자연환경보전지역 Natural environment
지가,2005,664,22. 시도별 지가 변동률(평균),XIII. 물가 및 가계,자연환경보전지역 Natural environment,충남,col-ko,0,0.577,7. 39,7.39,0.5,전치·패널2,[전치] 자연환경보전지역 Natural environment
지가,2005,664,22. 시도별 지가 변동률(평균),XIII. 물가 및 가계,자연환경보전지역 Natural environment,전북,col-ko,0,0.6396,2. 19,2.19,0.5,전치·패널2,[전치] 자연환경보전지역 Natural environment
지가,2005,664,22. 시도별 지가 변동률(평균),XIII. 물가 및 가계,자연환경보전지역 Natural environment,전남,col-ko,0,0.7043,2. 48,2.48,0.5,전치·패널2,[전치] 자연환경보전지역 Natural environment
지가,2005,664,22. 시도별 지가 변동률(평균),XIII. 물가 및 가계,자연환경보전지역 Natural environment,경북,col-ko,0,0.768,1. 60,1.6,1.0,전치·패널2,[전치] 자연환경보전지역 Natural environment
지가,2005,664,22. 시도별 지가 변동률(평균),XIII. 물가 및 가계,자연환경보전지역 Natural environment,경남,col-ko,0,0.8306,4. 60,4.6,1.0,전치·패널2,[전치] 자연환경보전지역 Natural environment
지가,2005,664,22. 시도별 지가 변동률(평균),XIII. 물가 및 가계,전 Dry paddies,울산,col-ko,0,0.3214,6.33,6.33,0.5,전치·패널2,[전치] 전 Dry paddies
지가,2005,664,22. 시도별 지가 변동률(평균),XIII. 물가 및 가계,전 Dry paddies,경기,col-ko,0,0.385,11. 14,11.14,1.0,전치·패널2,[전치] 전 Dry paddies
지가,2005,664,22. 시도별 지가 변동률(평균),XIII. 물가 및 가계,전 Dry paddies,강원,col-ko,0,0.4476,4. 96,4.96,0.5,전치·패널2,[전치] 전 Dry paddies
지가,2005,664,22. 시도별 지가 변동률(평균),XIII. 물가 및 가계,전 Dry paddies,충북,col-ko,0,0.5123,9.23,9.23,1.0,전치·패널2,[전치] 전 Dry paddies
지가,2005,664,22. 시도별 지가 변동률(평균),XIII. 물가 및 가계,전 Dry paddies,충남,col-ko,0,0.577,12.25,12.25,1.0,전치·패널2,[전치] 전 Dry paddies
지가,2005,664,22. 시도별 지가 변동률(평균),XIII. 물가 및 가계,전 Dry paddies,전북,col-ko,0,0.6396,2.78,2.78,1.0,전치·패널2,[전치] 전 Dry paddies
지가,2005,664,22. 시도별 지가 변동률(평균),XIII. 물가 및 가계,전 Dry paddies,전남,col-ko,0,0.7043,5.21,5.21,0.5,전치·패널2,[전치] 전 Dry paddies
지가,2005,664,22. 시도별 지가 변동률(평균),XIII. 물가 및 가계,전 Dry paddies,경북,col-ko,0,0.768,3. 81,3.81,1.0,전치·패널2,[전치] 전 Dry paddies
지가,2005,664,22. 시도별 지가 변동률(평균),XIII. 물가 및 가계,전 Dry paddies,경남,col-ko,0,0.8306,5.73,5.73,1.0,전치·패널2,[전치] 전 Dry paddies
지가,2005,664,22. 시도별 지가 변동률(평균),XIII. 물가 및 가계,전 Dry paddies,제주,col-ko,0,0.8953,3.75,3.75,0.5,전치·패널2,[전치] 전 Dry paddies
지가,2005,664,22. 시도별 지가 변동률(평균),XIII. 물가 및 가계,답 Rice fields,울산,col-ko,0,0.3214,5.44,5.44,0.5,전치·패널2,[전치] 답 Rice fields
지가,2005,664,22. 시도별 지가 변동률(평균),XIII. 물가 및 가계,답 Rice fields,경기,col-ko,0,0.385,10.49,10.49,1.0,전치·패널2,[전치] 답 Rice fields
지가,2005,664,22. 시도별 지가 변동률(평균),XIII. 물가 및 가계,답 Rice fields,강원,col-ko,0,0.4476,3.86,3.86,1.0,전치·패널2,[전치] 답 Rice fields
지가,2005,664,22. 시도별 지가 변동률(평균),XIII. 물가 및 가계,답 Rice fields,충북,col-ko,0,0.5123,7.87,7.87,1.0,전치·패널2,[전치] 답 Rice fields
지가,2005,664,22. 시도별 지가 변동률(평균),XIII. 물가 및 가계,답 Rice fields,충남,col-ko,0,0.577,10. 36,10.36,0.5,전치·패널2,[전치] 답 Rice fields
지가,2005,664,22. 시도별 지가 변동률(평균),XIII. 물가 및 가계,답 Rice fields,전북,col-ko,0,0.6396,2.74,2.74,0.3,전치·패널2|저신뢰,[전치] 답 Rice fields
지가,2005,664,22. 시도별 지가 변동률(평균),XIII. 물가 및 가계,답 Rice fields,전남,col-ko,0,0.7043,3. 35,3.35,1.0,전치·패널2,[전치] 답 Rice fields
지가,2005,664,22. 시도별 지가 변동률(평균),XIII. 물가 및 가계,답 Rice fields,경북,col-ko,0,0.768,3.91,3.91,1.0,전치·패널2,[전치] 답 Rice fields
지가,2005,664,22. 시도별 지가 변동률(평균),XIII. 물가 및 가계,답 Rice fields,경남,col-ko,0,0.8306,5.67,5.67,0.5,전치·패널2,[전치] 답 Rice fields
지가,2005,664,22. 시도별 지가 변동률(평균),XIII. 물가 및 가계,답 Rice fields,제주,col-ko,0,0.8953,0. 33,0.33,1.0,전치·패널2,[전치] 답 Rice fields
지가,2005,664,22. 시도별 지가 변동률(평균),XIII. 물가 및 가계,주 거용 For dweling,울산,col-ko,0,0.3214,1.98,1.98,1.0,전치·패널2,[전치] 주 거용 For dweling
지가,2005,664,22. 시도별 지가 변동률(평균),XIII. 물가 및 가계,주 거용 For dweling,경기,col-ko,0,0.385,4.96,4.96,1.0,전치·패널2,[전치] 주 거용 For dweling
지가,2005,664,22. 시도별 지가 변동률(평균),XIII. 물가 및 가계,주 거용 For dweling,강원,col-ko,0,0.4476,2.34,2.34,1.0,전치·패널2,[전치] 주 거용 For dweling
지가,2005,664,22. 시도별 지가 변동률(평균),XIII. 물가 및 가계,주 거용 For dweling,충북,col-ko,0,0.5123,4.47,4.47,1.0,전치·패널2,[전치] 주 거용 For dweling
지가,2005,664,22. 시도별 지가 변동률(평균),XIII. 물가 및 가계,주 거용 For dweling,충남,col-ko,0,0.577,7.19,7.19,0.3,전치·패널2|저신뢰,[전치] 주 거용 For dweling
지가,2005,664,22. 시도별 지가 변동률(평균),XIII. 물가 및 가계,주 거용 For dweling,전북,col-ko,0,0.6396,2.16,2.16,0.5,전치·패널2,[전치] 주 거용 For dweling
지가,2005,664,22. 시도별 지가 변동률(평균),XIII. 물가 및 가계,주 거용 For dweling,전남,col-ko,0,0.7043,1. 64,1.64,1.0,전치·패널2,[전치] 주 거용 For dweling
지가,2005,664,22. 시도별 지가 변동률(평균),XIII. 물가 및 가계,주 거용 For dweling,경북,col-ko,0,0.768,1. 98,1.98,1.0,전치·패널2,[전치] 주 거용 For dweling
지가,2005,664,22. 시도별 지가 변동률(평균),XIII. 물가 및 가계,주 거용 For dweling,경남,col-ko,0,0.8306,2. 85,2.85,1.0,전치·패널2,[전치] 주 거용 For dweling
지가,2005,664,22. 시도별 지가 변동률(평균),XIII. 물가 및 가계,주 거용 For dweling,제주,col-ko,0,0.8953,1.40,1.4,0.5,전치·패널2,[전치] 주 거용 For dweling
지가,2005,664,22. 시도별 지가 변동률(평균),XIII. 물가 및 가계,상업용 For commerce,울산,col-ko,0,0.3214,0.95,0.95,1.0,전치·패널2,[전치] 상업용 For commerce
지가,2005,664,22. 시도별 지가 변동률(평균),XIII. 물가 및 가계,상업용 For commerce,경기,col-ko,0,0.385,4.17,4.17,0.3,전치·패널2|저신뢰,[전치] 상업용 For commerce
지가,2005,664,22. 시도별 지가 변동률(평균),XIII. 물가 및 가계,상업용 For commerce,강원,col-ko,0,0.4476,0.96,0.96,0.5,전치·패널2,[전치] 상업용 For commerce
지가,2005,664,22. 시도별 지가 변동률(평균),XIII. 물가 및 가계,상업용 For commerce,충북,col-ko,0,0.5123,1. 94,1.94,0.5,전치·패널2,[전치] 상업용 For commerce
지가,2005,664,22. 시도별 지가 변동률(평균),XIII. 물가 및 가계,상업용 For commerce,충남,col-ko,0,0.577,4.33,4.33,0.5,전치·패널2,[전치] 상업용 For commerce
지가,2005,664,22. 시도별 지가 변동률(평균),XIII. 물가 및 가계,상업용 For commerce,전북,col-ko,0,0.6396,-0. 61,-0.61,0.5,전치·패널2,[전치] 상업용 For commerce
지가,2005,664,22. 시도별 지가 변동률(평균),XIII. 물가 및 가계,상업용 For commerce,전남,col-ko,0,0.7043,0. 65,0.65,1.0,전치·패널2,[전치] 상업용 For commerce
지가,2005,664,22. 시도별 지가 변동률(평균),XIII. 물가 및 가계,상업용 For commerce,경북,col-ko,0,0.768,0. 78,0.78,1.0,전치·패널2,[전치] 상업용 For commerce
지가,2005,664,22. 시도별 지가 변동률(평균),XIII. 물가 및 가계,상업용 For commerce,경남,col-ko,0,0.8306,1. 15,1.15,0.5,전치·패널2,[전치] 상업용 For commerce
지가,2005,664,22. 시도별 지가 변동률(평균),XIII. 물가 및 가계,상업용 For commerce,제주,col-ko,0,0.8953,1.26,1.26,0.3,전치·패널2|저신뢰,[전치] 상업용 For commerce
지가,2005,664,22. 시도별 지가 변동률(평균),XIII. 물가 및 가계,임 야 Forest,울산,col-ko,0,0.3214,4.03,4.03,1.0,전치·패널2,[전치] 임 야 Forest
지가,2005,664,22. 시도별 지가 변동률(평균),XIII. 물가 및 가계,임 야 Forest,경기,col-ko,0,0.385,6.82,6.82,1.0,전치·패널2,[전치] 임 야 Forest
지가,2005,664,22. 시도별 지가 변동률(평균),XIII. 물가 및 가계,임 야 Forest,강원,col-ko,0,0.4476,3.40,3.4,0.5,전치·패널2,[전치] 임 야 Forest
지가,2005,664,22. 시도별 지가 변동률(평균),XIII. 물가 및 가계,임 야 Forest,충북,col-ko,0,0.5123,4. 77,4.77,1.0,전치·패널2,[전치] 임 야 Forest
지가,2005,664,22. 시도별 지가 변동률(평균),XIII. 물가 및 가계,임 야 Forest,충남,col-ko,0,0.577,10. 12,10.12,0.3,전치·패널2|저신뢰,[전치] 임 야 Forest
지가,2005,664,22. 시도별 지가 변동률(평균),XIII. 물가 및 가계,임 야 Forest,전북,col-ko,0,0.6396,1.94,1.94,0.5,전치·패널2,[전치] 임 야 Forest
지가,2005,664,22. 시도별 지가 변동률(평균),XIII. 물가 및 가계,임 야 Forest,전남,col-ko,0,0.7043,4. 01,4.01,0.5,전치·패널2,[전치] 임 야 Forest
지가,2005,664,22. 시도별 지가 변동률(평균),XIII. 물가 및 가계,임 야 Forest,경북,col-ko,0,0.768,2.43,2.43,0.5,전치·패널2,[전치] 임 야 Forest
지가,2005,664,22. 시도별 지가 변동률(평균),XIII. 물가 및 가계,임 야 Forest,경남,col-ko,0,0.8306,3.43,3.43,0.5,전치·패널2,[전치] 임 야 Forest
지가,2005,664,22. 시도별 지가 변동률(평균),XIII. 물가 및 가계,임 야 Forest,제주,col-ko,0,0.8953,3. 56,3.56,1.0,전치·패널2,[전치] 임 야 Forest
지가,2005,664,22. 시도별 지가 변동률(평균),XIII. 물가 및 가계,공장용 지 Factory,울산,col-ko,0,0.3214,2.13,2.13,1.0,전치·패널2,[전치] 공장용 지 Factory
지가,2005,664,22. 시도별 지가 변동률(평균),XIII. 물가 및 가계,공장용 지 Factory,경기,col-ko,0,0.385,5.30,5.3,1.0,전치·패널2,[전치] 공장용 지 Factory
지가,2005,664,22. 시도별 지가 변동률(평균),XIII. 물가 및 가계,공장용 지 Factory,충북,col-ko,0,0.5123,4.65,4.65,0.5,전치·패널2,[전치] 공장용 지 Factory
지가,2005,664,22. 시도별 지가 변동률(평균),XIII. 물가 및 가계,공장용 지 Factory,충남,col-ko,0,0.577,5.58,5.58,0.3,전치·패널2|저신뢰,[전치] 공장용 지 Factory
지가,2005,664,22. 시도별 지가 변동률(평균),XIII. 물가 및 가계,공장용 지 Factory,전북,col-ko,0,0.6396,0.99,0.99,1.0,전치·패널2,[전치] 공장용 지 Factory
지가,2005,664,22. 시도별 지가 변동률(평균),XIII. 물가 및 가계,공장용 지 Factory,전남,col-ko,0,0.7043,1.91,1.91,1.0,전치·패널2,[전치] 공장용 지 Factory
지가,2005,664,22. 시도별 지가 변동률(평균),XIII. 물가 및 가계,공장용 지 Factory,경북,col-ko,0,0.768,2.53,2.53,1.0,전치·패널2,[전치] 공장용 지 Factory
지가,2005,664,22. 시도별 지가 변동률(평균),XIII. 물가 및 가계,공장용 지 Factory,경남,col-ko,0,0.8306,3.07,3.07,1.0,전치·패널2,[전치] 공장용 지 Factory
지가,2005,664,22. 시도별 지가 변동률(평균),XIII. 물가 및 가계,기 타 Others,경기,col-ko,0,0.385,5.67,5.67,1.0,전치·패널2,[전치] 기 타 Others
지가,2005,664,22. 시도별 지가 변동률(평균),XIII. 물가 및 가계,기 타 Others,강원,col-ko,0,0.4476,3.68,3.68,1.0,전치·패널2,[전치] 기 타 Others
지가,2005,664,22. 시도별 지가 변동률(평균),XIII. 물가 및 가계,기 타 Others,충북,col-ko,0,0.5123,4. 72,4.72,1.0,전치·패널2,[전치] 기 타 Others
지가,2005,664,22. 시도별 지가 변동률(평균),XIII. 물가 및 가계,기 타 Others,충남,col-ko,0,0.577,8. 10,8.1,0.5,전치·패널2,[전치] 기 타 Others
지가,2005,664,22. 시도별 지가 변동률(평균),XIII. 물가 및 가계,기 타 Others,전북,col-ko,0,0.6396,4. 29,4.29,0.5,전치·패널2,[전치] 기 타 Others
지가,2005,664,22. 시도별 지가 변동률(평균),XIII. 물가 및 가계,기 타 Others,전남,col-ko,0,0.7043,2.43,2.43,1.0,전치·패널2,[전치] 기 타 Others
지가,2005,664,22. 시도별 지가 변동률(평균),XIII. 물가 및 가계,기 타 Others,경북,col-ko,0,0.768,0. 00,0.0,0.5,전치·패널2,[전치] 기 타 Others
지가,2005,664,22. 시도별 지가 변동률(평균),XIII. 물가 및 가계,기 타 Others,경남,col-ko,0,0.8306,0. 95,0.95,1.0,전치·패널2,[전치] 기 타 Others
지가,2005,664,22. 시도별 지가 변동률(평균),XIII. 물가 및 가계,기 타 Others,제주,col-ko,0,0.8953,4. 28,4.28,1.0,전치·패널2,[전치] 기 타 Others
지가,2006,670,23. 시도별 지가 변동률(평균),XIII. 물가 및 가계,1998 ~13.60,서울,col-ko,0,0.5791,-16.25,-16.25,1.0,전치·패널1,[전치] 23. 시도별 지가 변동률(평균) | 1998 ~13.60
지가,2006,670,23. 시도별 지가 변동률(평균),XIII. 물가 및 가계,1998 ~13.60,부산,col-ko,0,0.6427,-16.52,-16.52,1.0,전치·패널1,[전치] 23. 시도별 지가 변동률(평균) | 1998 ~13.60
지가,2006,670,23. 시도별 지가 변동률(평균),XIII. 물가 및 가계,1998 ~13.60,대구,col-ko,0,0.7064,-15.24,-15.24,1.0,전치·패널1,[전치] 23. 시도별 지가 변동률(평균) | 1998 ~13.60
지가,2006,670,23. 시도별 지가 변동률(평균),XIII. 물가 및 가계,1998 ~13.60,인천,col-ko,0,0.768,-13.79,-13.79,1.0,전치·패널1,[전치] 23. 시도별 지가 변동률(평균) | 1998 ~13.60
지가,2006,670,23. 시도별 지가 변동률(평균),XIII. 물가 및 가계,1998 ~13.60,광주,col-ko,0,0.8255,-10.25,-10.25,1.0,전치·패널1,[전치] 23. 시도별 지가 변동률(평균) | 1998 ~13.60
지가,2006,670,23. 시도별 지가 변동률(평균),XIII. 물가 및 가계,1998 ~13.60,대전,col-ko,0,0.8901,-8.36,-8.36,1.0,전치·패널1,[전치] 23. 시도별 지가 변동률(평균) | 1998 ~13.60
지가,2006,670,23. 시도별 지가 변동률(평균),XIII. 물가 및 가계,1999,전국,col-ko,0,0.3316,2.94,2.94,1.0,전치·패널1,[전치] 23. 시도별 지가 변동률(평균) | 1999
지가,2006,670,23. 시도별 지가 변동률(평균),XIII. 물가 및 가계,1999,서울,col-ko,0,0.5791,2.66,2.66,1.0,전치·패널1,[전치] 23. 시도별 지가 변동률(평균) | 1999
지가,2006,670,23. 시도별 지가 변동률(평균),XIII. 물가 및 가계,1999,부산,col-ko,0,0.6427,1.24,1.24,1.0,전치·패널1,[전치] 23. 시도별 지가 변동률(평균) | 1999
지가,2006,670,23. 시도별 지가 변동률(평균),XIII. 물가 및 가계,1999,대구,col-ko,0,0.7064,1.93,1.93,1.0,전치·패널1,[전치] 23. 시도별 지가 변동률(평균) | 1999
지가,2006,670,23. 시도별 지가 변동률(평균),XIII. 물가 및 가계,1999,인천,col-ko,0,0.768,3.51,3.51,1.0,전치·패널1,[전치] 23. 시도별 지가 변동률(평균) | 1999
지가,2006,670,23. 시도별 지가 변동률(평균),XIII. 물가 및 가계,1999,광주,col-ko,0,0.8255,1.30,1.3,1.0,전치·패널1,[전치] 23. 시도별 지가 변동률(평균) | 1999
지가,2006,670,23. 시도별 지가 변동률(평균),XIII. 물가 및 가계,1999,대전,col-ko,0,0.8901,0.38,0.38,1.0,전치·패널1,[전치] 23. 시도별 지가 변동률(평균) | 1999
지가,2006,670,23. 시도별 지가 변동률(평균),XIII. 물가 및 가계,2000,전국,col-ko,0,0.3316,0.67,0.67,1.0,전치·패널1,[전치] 23. 시도별 지가 변동률(평균) | 2000
지가,2006,670,23. 시도별 지가 변동률(평균),XIII. 물가 및 가계,2000,서울,col-ko,0,0.5791,0.05,0.05,1.0,전치·패널1,[전치] 23. 시도별 지가 변동률(평균) | 2000
지가,2006,670,23. 시도별 지가 변동률(평균),XIII. 물가 및 가계,2000,부산,col-ko,0,0.6427,-0.53,-0.53,1.0,전치·패널1,[전치] 23. 시도별 지가 변동률(평균) | 2000
지가,2006,670,23. 시도별 지가 변동률(평균),XIII. 물가 및 가계,2000,대구,col-ko,0,0.7064,-1.05,-1.05,1.0,전치·패널1,[전치] 23. 시도별 지가 변동률(평균) | 2000
지가,2006,670,23. 시도별 지가 변동률(평균),XIII. 물가 및 가계,2000,인천,col-ko,0,0.768,1.07,1.07,1.0,전치·패널1,[전치] 23. 시도별 지가 변동률(평균) | 2000
지가,2006,670,23. 시도별 지가 변동률(평균),XIII. 물가 및 가계,2000,광주,col-ko,0,0.8255,-0.31,-0.31,0.5,전치·패널1,[전치] 23. 시도별 지가 변동률(평균) | 2000
지가,2006,670,23. 시도별 지가 변동률(평균),XIII. 물가 및 가계,2000,대전,col-ko,0,0.8901,-0.24,-0.24,0.5,전치·패널1,[전치] 23. 시도별 지가 변동률(평균) | 2000
지가,2006,670,23. 시도별 지가 변동률(평균),XIII. 물가 및 가계,2001,전국,col-ko,0,0.3316,1.32,1.32,1.0,전치·패널1,[전치] 23. 시도별 지가 변동률(평균) | 2001
지가,2006,670,23. 시도별 지가 변동률(평균),XIII. 물가 및 가계,2001,서울,col-ko,0,0.5791,1.89,1.89,1.0,전치·패널1,[전치] 23. 시도별 지가 변동률(평균) | 2001
지가,2006,670,23. 시도별 지가 변동률(평균),XIII. 물가 및 가계,2001,부산,col-ko,0,0.6427,0.49,0.49,1.0,전치·패널1,[전치] 23. 시도별 지가 변동률(평균) | 2001
지가,2006,670,23. 시도별 지가 변동률(평균),XIII. 물가 및 가계,2001,대구,col-ko,0,0.7064,0.42,0.42,1.0,전치·패널1,[전치] 23. 시도별 지가 변동률(평균) | 2001
지가,2006,670,23. 시도별 지가 변동률(평균),XIII. 물가 및 가계,2001,인천,col-ko,0,0.768,1.77,1.77,1.0,전치·패널1,[전치] 23. 시도별 지가 변동률(평균) | 2001
지가,2006,670,23. 시도별 지가 변동률(평균),XIII. 물가 및 가계,2001,광주,col-ko,0,0.8255,-0.37,-0.37,1.0,전치·패널1,[전치] 23. 시도별 지가 변동률(평균) | 2001
지가,2006,670,23. 시도별 지가 변동률(평균),XIII. 물가 및 가계,2001,대전,col-ko,0,0.8901,1.00,1.0,1.0,전치·패널1,[전치] 23. 시도별 지가 변동률(평균) | 2001
지가,2006,670,23. 시도별 지가 변동률(평균),XIII. 물가 및 가계,2002,전국,col-ko,0,0.3316,8.98,8.98,1.0,전치·패널1,[전치] 23. 시도별 지가 변동률(평균) | 2002
지가,2006,670,23. 시도별 지가 변동률(평균),XIII. 물가 및 가계,2002,서울,col-ko,0,0.5791,15.81,15.81,1.0,전치·패널1,[전치] 23. 시도별 지가 변동률(평균) | 2002
지가,2006,670,23. 시도별 지가 변동률(평균),XIII. 물가 및 가계,2002,부산,col-ko,0,0.6427,3.28,3.28,1.0,전치·패널1,[전치] 23. 시도별 지가 변동률(평균) | 2002
지가,2006,670,23. 시도별 지가 변동률(평균),XIII. 물가 및 가계,2002,대구,col-ko,0,0.7064,2.09,2.09,0.5,전치·패널1,[전치] 23. 시도별 지가 변동률(평균) | 2002
지가,2006,670,23. 시도별 지가 변동률(평균),XIII. 물가 및 가계,2002,인천,col-ko,0,0.768,11.51,11.51,1.0,전치·패널1,[전치] 23. 시도별 지가 변동률(평균) | 2002
지가,2006,670,23. 시도별 지가 변동률(평균),XIII. 물가 및 가계,2002,광주,col-ko,0,0.8255,1.03,1.03,1.0,전치·패널1,[전치] 23. 시도별 지가 변동률(평균) | 2002
지가,2006,670,23. 시도별 지가 변동률(평균),XIII. 물가 및 가계,2002,대전,col-ko,0,0.8901,3.24,3.24,1.0,전치·패널1,[전치] 23. 시도별 지가 변동률(평균) | 2002
지가,2006,670,23. 시도별 지가 변동률(평균),XIII. 물가 및 가계,2003,전국,col-ko,0,0.3316,3.43,3.43,1.0,전치·패널1,[전치] 23. 시도별 지가 변동률(평균) | 2003
지가,2006,670,23. 시도별 지가 변동률(평균),XIII. 물가 및 가계,2003,서울,col-ko,0,0.5791,5.23,5.23,0.5,전치·패널1,[전치] 23. 시도별 지가 변동률(평균) | 2003
지가,2006,670,23. 시도별 지가 변동률(평균),XIII. 물가 및 가계,2003,부산,col-ko,0,0.6427,1.09,1.09,1.0,전치·패널1,[전치] 23. 시도별 지가 변동률(평균) | 2003
지가,2006,670,23. 시도별 지가 변동률(평균),XIII. 물가 및 가계,2003,대구,col-ko,0,0.7064,1.54,1.54,1.0,전치·패널1,[전치] 23. 시도별 지가 변동률(평균) | 2003
지가,2006,670,23. 시도별 지가 변동률(평균),XIII. 물가 및 가계,2003,인천,col-ko,0,0.768,2.50,2.5,1.0,전치·패널1,[전치] 23. 시도별 지가 변동률(평균) | 2003
지가,2006,670,23. 시도별 지가 변동률(평균),XIII. 물가 및 가계,2003,광주,col-ko,0,0.8255,0.91,0.91,1.0,전치·패널1,[전치] 23. 시도별 지가 변동률(평균) | 2003
지가,2006,670,23. 시도별 지가 변동률(평균),XIII. 물가 및 가계,2003,대전,col-ko,0,0.8901,5.47,5.47,1.0,전치·패널1,[전치] 23. 시도별 지가 변동률(평균) | 2003
지가,2006,670,23. 시도별 지가 변동률(평균),XIII. 물가 및 가계,2004,전국,col-ko,0,0.3316,3.86,3.86,1.0,전치·패널1,[전치] 23. 시도별 지가 변동률(평균) | 2004
지가,2006,670,23. 시도별 지가 변동률(평균),XIII. 물가 및 가계,2004,서울,col-ko,0,0.5791,4.09,4.09,1.0,전치·패널1,[전치] 23. 시도별 지가 변동률(평균) | 2004
지가,2006,670,23. 시도별 지가 변동률(평균),XIII. 물가 및 가계,2004,부산,col-ko,0,0.6427,0.89,0.89,1.0,전치·패널1,[전치] 23. 시도별 지가 변동률(평균) | 2004
지가,2006,670,23. 시도별 지가 변동률(평균),XIII. 물가 및 가계,2004,대구,col-ko,0,0.7064,1.58,1.58,1.0,전치·패널1,[전치] 23. 시도별 지가 변동률(평균) | 2004
지가,2006,670,23. 시도별 지가 변동률(평균),XIII. 물가 및 가계,2004,인천,col-ko,0,0.768,4.32,4.32,1.0,전치·패널1,[전치] 23. 시도별 지가 변동률(평균) | 2004
지가,2006,670,23. 시도별 지가 변동률(평균),XIII. 물가 및 가계,2004,광주,col-ko,0,0.8255,0.68,0.68,1.0,전치·패널1,[전치] 23. 시도별 지가 변동률(평균) | 2004
지가,2006,670,23. 시도별 지가 변동률(평균),XIII. 물가 및 가계,2004,대전,col-ko,0,0.8901,2.25,2.25,1.0,전치·패널1,[전치] 23. 시도별 지가 변동률(평균) | 2004
지가,2006,670,23. 시도별 지가 변동률(평균),XIII. 물가 및 가계,2005,전국,col-ko,0,0.3316,4.99,4.99,1.0,전치·패널1,[전치] 23. 시도별 지가 변동률(평균) | 2005
지가,2006,670,23. 시도별 지가 변동률(평균),XIII. 물가 및 가계,2005,서울,col-ko,0,0.5791,6.56,6.56,1.0,전치·패널1,[전치] 23. 시도별 지가 변동률(평균) | 2005
지가,2006,670,23. 시도별 지가 변동률(평균),XIII. 물가 및 가계,2005,부산,col-ko,0,0.6427,1.86,1.86,1.0,전치·패널1,[전치] 23. 시도별 지가 변동률(평균) | 2005
지가,2006,670,23. 시도별 지가 변동률(평균),XIII. 물가 및 가계,2005,대구,col-ko,0,0.7064,3.32,3.32,1.0,전치·패널1,[전치] 23. 시도별 지가 변동률(평균) | 2005
지가,2006,670,23. 시도별 지가 변동률(평균),XIII. 물가 및 가계,2005,인천,col-ko,0,0.768,4.94,4.94,1.0,전치·패널1,[전치] 23. 시도별 지가 변동률(평균) | 2005
지가,2006,670,23. 시도별 지가 변동률(평균),XIII. 물가 및 가계,2005,광주,col-ko,0,0.8255,1.87,1.87,1.0,전치·패널1,[전치] 23. 시도별 지가 변동률(평균) | 2005
지가,2006,670,23. 시도별 지가 변동률(평균),XIII. 물가 및 가계,2005,대전,col-ko,0,0.8901,6.80,6.8,1.0,전치·패널1,[전치] 23. 시도별 지가 변동률(평균) | 2005
지가,2006,670,23. 시도별 지가 변동률(평균),XIII. 물가 및 가계,주 거 지역 Residential,전국,col-ko,0,0.3316,4.26,4.26,1.0,전치·패널1,[전치] 23. 시도별 지가 변동률(평균) | 주 거 지역 Residential
지가,2006,670,23. 시도별 지가 변동률(평균),XIII. 물가 및 가계,주 거 지역 Residential,서울,col-ko,0,0.5791,6.12,6.12,1.0,전치·패널1,[전치] 23. 시도별 지가 변동률(평균) | 주 거 지역 Residential
지가,2006,670,23. 시도별 지가 변동률(평균),XIII. 물가 및 가계,주 거 지역 Residential,부산,col-ko,0,0.6427,1.12,1.12,1.0,전치·패널1,[전치] 23. 시도별 지가 변동률(평균) | 주 거 지역 Residential
지가,2006,670,23. 시도별 지가 변동률(평균),XIII. 물가 및 가계,주 거 지역 Residential,대구,col-ko,0,0.7064,2.64,2.64,1.0,전치·패널1,[전치] 23. 시도별 지가 변동률(평균) | 주 거 지역 Residential
지가,2006,670,23. 시도별 지가 변동률(평균),XIII. 물가 및 가계,주 거 지역 Residential,인천,col-ko,0,0.768,3.72,3.72,0.5,전치·패널1,[전치] 23. 시도별 지가 변동률(평균) | 주 거 지역 Residential
지가,2006,670,23. 시도별 지가 변동률(평균),XIII. 물가 및 가계,주 거 지역 Residential,광주,col-ko,0,0.8255,0.45,0.45,1.0,전치·패널1,[전치] 23. 시도별 지가 변동률(평균) | 주 거 지역 Residential
지가,2006,670,23. 시도별 지가 변동률(평균),XIII. 물가 및 가계,주 거 지역 Residential,대전,col-ko,0,0.8901,3.71,3.71,1.0,전치·패널1,[전치] 23. 시도별 지가 변동률(평균) | 주 거 지역 Residential
지가,2006,670,23. 시도별 지가 변동률(평균),XIII. 물가 및 가계,상업지역 Commercial,전국,col-ko,0,0.3316,3.50,3.5,1.0,전치·패널1,[전치] 23. 시도별 지가 변동률(평균) | 상업지역 Commercial
지가,2006,670,23. 시도별 지가 변동률(평균),XIII. 물가 및 가계,상업지역 Commercial,서울,col-ko,0,0.5791,6.43,6.43,1.0,전치·패널1,[전치] 23. 시도별 지가 변동률(평균) | 상업지역 Commercial
지가,2006,670,23. 시도별 지가 변동률(평균),XIII. 물가 및 가계,상업지역 Commercial,부산,col-ko,0,0.6427,1.26,1.26,1.0,전치·패널1,[전치] 23. 시도별 지가 변동률(평균) | 상업지역 Commercial
지가,2006,670,23. 시도별 지가 변동률(평균),XIII. 물가 및 가계,상업지역 Commercial,대구,col-ko,0,0.7064,1.75,1.75,1.0,전치·패널1,[전치] 23. 시도별 지가 변동률(평균) | 상업지역 Commercial
지가,2006,670,23. 시도별 지가 변동률(평균),XIII. 물가 및 가계,상업지역 Commercial,인천,col-ko,0,0.768,3.30,3.3,1.0,전치·패널1,[전치] 23. 시도별 지가 변동률(평균) | 상업지역 Commercial
지가,2006,670,23. 시도별 지가 변동률(평균),XIII. 물가 및 가계,상업지역 Commercial,광주,col-ko,0,0.8255,-2.91,-2.91,1.0,전치·패널1,[전치] 23. 시도별 지가 변동률(평균) | 상업지역 Commercial
지가,2006,670,23. 시도별 지가 변동률(평균),XIII. 물가 및 가계,상업지역 Commercial,대전,col-ko,0,0.8901,2.87,2.87,1.0,전치·패널1,[전치] 23. 시도별 지가 변동률(평균) | 상업지역 Commercial
지가,2006,670,23. 시도별 지가 변동률(평균),XIII. 물가 및 가계,공업지역 Industrial,전국,col-ko,0,0.3316,3.94,3.94,1.0,전치·패널1,[전치] 23. 시도별 지가 변동률(평균) | 공업지역 Industrial
지가,2006,670,23. 시도별 지가 변동률(평균),XIII. 물가 및 가계,공업지역 Industrial,서울,col-ko,0,0.5791,7.61,7.61,1.0,전치·패널1,[전치] 23. 시도별 지가 변동률(평균) | 공업지역 Industrial
지가,2006,670,23. 시도별 지가 변동률(평균),XIII. 물가 및 가계,공업지역 Industrial,부산,col-ko,0,0.6427,1.69,1.69,1.0,전치·패널1,[전치] 23. 시도별 지가 변동률(평균) | 공업지역 Industrial
지가,2006,670,23. 시도별 지가 변동률(평균),XIII. 물가 및 가계,공업지역 Industrial,대구,col-ko,0,0.7064,6.69,6.69,1.0,전치·패널1,[전치] 23. 시도별 지가 변동률(평균) | 공업지역 Industrial
지가,2006,670,23. 시도별 지가 변동률(평균),XIII. 물가 및 가계,공업지역 Industrial,인천,col-ko,0,0.768,3.12,3.12,1.0,전치·패널1,[전치] 23. 시도별 지가 변동률(평균) | 공업지역 Industrial
지가,2006,670,23. 시도별 지가 변동률(평균),XIII. 물가 및 가계,공업지역 Industrial,광주,col-ko,0,0.8255,5.30,5.3,1.0,전치·패널1,[전치] 23. 시도별 지가 변동률(평균) | 공업지역 Industrial
지가,2006,670,23. 시도별 지가 변동률(평균),XIII. 물가 및 가계,공업지역 Industrial,대전,col-ko,0,0.8901,5.20,5.2,0.5,전치·패널1,[전치] 23. 시도별 지가 변동률(평균) | 공업지역 Industrial
지가,2006,670,23. 시도별 지가 변동률(평균),XIII. 물가 및 가계,녹지지역 Green Bet,전국,col-ko,0,0.3316,8.63,8.63,1.0,전치·패널1,[전치] 23. 시도별 지가 변동률(평균) | 녹지지역 Green Bet
지가,2006,670,23. 시도별 지가 변동률(평균),XIII. 물가 및 가계,녹지지역 Green Bet,서울,col-ko,0,0.5791,13.41,13.41,1.0,전치·패널1,[전치] 23. 시도별 지가 변동률(평균) | 녹지지역 Green Bet
지가,2006,670,23. 시도별 지가 변동률(평균),XIII. 물가 및 가계,녹지지역 Green Bet,부산,col-ko,0,0.6427,6.32,6.32,1.0,전치·패널1,[전치] 23. 시도별 지가 변동률(평균) | 녹지지역 Green Bet
지가,2006,670,23. 시도별 지가 변동률(평균),XIII. 물가 및 가계,녹지지역 Green Bet,대구,col-ko,0,0.7064,6.67,6.67,1.0,전치·패널1,[전치] 23. 시도별 지가 변동률(평균) | 녹지지역 Green Bet
지가,2006,670,23. 시도별 지가 변동률(평균),XIII. 물가 및 가계,녹지지역 Green Bet,인천,col-ko,0,0.768,12.19,12.19,1.0,전치·패널1,[전치] 23. 시도별 지가 변동률(평균) | 녹지지역 Green Bet
지가,2006,670,23. 시도별 지가 변동률(평균),XIII. 물가 및 가계,녹지지역 Green Bet,광주,col-ko,0,0.8255,9.20,9.2,1.0,전치·패널1,[전치] 23. 시도별 지가 변동률(평균) | 녹지지역 Green Bet
지가,2006,670,23. 시도별 지가 변동률(평균),XIII. 물가 및 가계,녹지지역 Green Bet,대전,col-ko,0,0.8901,20.18,20.18,1.0,전치·패널1,[전치] 23. 시도별 지가 변동률(평균) | 녹지지역 Green Bet
지가,2006,670,23. 시도별 지가 변동률(평균),XIII. 물가 및 가계,관리지역 Control area,전국,col-ko,0,0.3316,6.27,6.27,0.5,전치·패널1,[전치] 23. 시도별 지가 변동률(평균) | 관리지역 Control area
지가,2006,670,23. 시도별 지가 변동률(평균),XIII. 물가 및 가계,관리지역 Control area,인천,col-ko,0,0.768,3.35,3.35,1.0,전치·패널1,[전치] 23. 시도별 지가 변동률(평균) | 관리지역 Control area
지가,2006,670,23. 시도별 지가 변동률(평균),XIII. 물가 및 가계,관리지역 Control area,광주,col-ko,0,0.8255,7.92,7.92,1.0,전치·패널1,[전치] 23. 시도별 지가 변동률(평균) | 관리지역 Control area
지가,2006,670,23. 시도별 지가 변동률(평균),XIII. 물가 및 가계,관리지역 Control area,대전,col-ko,0,0.8901,20.42,20.42,1.0,전치·패널1,[전치] 23. 시도별 지가 변동률(평균) | 관리지역 Control area
지가,2006,670,23. 시도별 지가 변동률(평균),XIII. 물가 및 가계,농림지역 Agricultural,전국,col-ko,0,0.3316,5.63,5.63,1.0,전치·패널1,[전치] 23. 시도별 지가 변동률(평균) | 농림지역 Agricultural
지가,2006,670,23. 시도별 지가 변동률(평균),XIII. 물가 및 가계,농림지역 Agricultural,대구,col-ko,0,0.7064,3.18,3.18,1.0,전치·패널1,[전치] 23. 시도별 지가 변동률(평균) | 농림지역 Agricultural
지가,2006,670,23. 시도별 지가 변동률(평균),XIII. 물가 및 가계,농림지역 Agricultural,인천,col-ko,0,0.768,5.74,5.74,1.0,전치·패널1,[전치] 23. 시도별 지가 변동률(평균) | 농림지역 Agricultural
지가,2006,670,23. 시도별 지가 변동률(평균),XIII. 물가 및 가계,자연환경보전지역 Natural environment,전국,col-ko,0,0.3316,3.23,3.23,1.0,전치·패널1,[전치] 23. 시도별 지가 변동률(평균) | 자연환경보전지역 Natural environment
지가,2006,670,23. 시도별 지가 변동률(평균),XIII. 물가 및 가계,자연환경보전지역 Natural environment,대구,col-ko,0,0.7064,1.17,1.17,1.0,전치·패널1,[전치] 23. 시도별 지가 변동률(평균) | 자연환경보전지역 Natural environment
지가,2006,670,23. 시도별 지가 변동률(평균),XIII. 물가 및 가계,Dry field,전국,col-ko,0,0.3316,9.10,9.1,1.0,전치·패널1,[전치] 23. 시도별 지가 변동률(평균) | Dry field
지가,2006,670,23. 시도별 지가 변동률(평균),XIII. 물가 및 가계,Dry field,서울,col-ko,0,0.5791,25.97,25.97,1.0,전치·패널1,[전치] 23. 시도별 지가 변동률(평균) | Dry field
지가,2006,670,23. 시도별 지가 변동률(평균),XIII. 물가 및 가계,Dry field,부산,col-ko,0,0.6427,12.13,12.13,1.0,전치·패널1,[전치] 23. 시도별 지가 변동률(평균) | Dry field
지가,2006,670,23. 시도별 지가 변동률(평균),XIII. 물가 및 가계,Dry field,대구,col-ko,0,0.7064,9.49,9.49,1.0,전치·패널1,[전치] 23. 시도별 지가 변동률(평균) | Dry field
지가,2006,670,23. 시도별 지가 변동률(평균),XIII. 물가 및 가계,Dry field,인천,col-ko,0,0.768,11.19,11.19,0.5,전치·패널1,[전치] 23. 시도별 지가 변동률(평균) | Dry field
지가,2006,670,23. 시도별 지가 변동률(평균),XIII. 물가 및 가계,Dry field,광주,col-ko,0,0.8255,9.13,9.13,1.0,전치·패널1,[전치] 23. 시도별 지가 변동률(평균) | Dry field
지가,2006,670,23. 시도별 지가 변동률(평균),XIII. 물가 및 가계,Dry field,대전,col-ko,0,0.8901,18.64,18.64,1.0,전치·패널1,[전치] 23. 시도별 지가 변동률(평균) | Dry field
지가,2006,670,23. 시도별 지가 변동률(평균),XIII. 물가 및 가계,댭 Paddy feld,전국,col-ko,0,0.3316,7.84,7.84,1.0,전치·패널1,[전치] 23. 시도별 지가 변동률(평균) | 댭 Paddy feld
지가,2006,670,23. 시도별 지가 변동률(평균),XIII. 물가 및 가계,댭 Paddy feld,서울,col-ko,0,0.5791,20.01,20.01,1.0,전치·패널1,[전치] 23. 시도별 지가 변동률(평균) | 댭 Paddy feld
지가,2006,670,23. 시도별 지가 변동률(평균),XIII. 물가 및 가계,댭 Paddy feld,부산,col-ko,0,0.6427,18.88,18.88,1.0,전치·패널1,[전치] 23. 시도별 지가 변동률(평균) | 댭 Paddy feld
지가,2006,670,23. 시도별 지가 변동률(평균),XIII. 물가 및 가계,댭 Paddy feld,대구,col-ko,0,0.7064,6.82,6.82,1.0,전치·패널1,[전치] 23. 시도별 지가 변동률(평균) | 댭 Paddy feld
지가,2006,670,23. 시도별 지가 변동률(평균),XIII. 물가 및 가계,댭 Paddy feld,인천,col-ko,0,0.768,14.88,14.88,0.5,전치·패널1,[전치] 23. 시도별 지가 변동률(평균) | 댭 Paddy feld
지가,2006,670,23. 시도별 지가 변동률(평균),XIII. 물가 및 가계,댭 Paddy feld,광주,col-ko,0,0.8255,13.09,13.09,1.0,전치·패널1,[전치] 23. 시도별 지가 변동률(평균) | 댭 Paddy feld
지가,2006,670,23. 시도별 지가 변동률(평균),XIII. 물가 및 가계,댭 Paddy feld,대전,col-ko,0,0.8901,24.41,24.41,1.0,전치·패널1,[전치] 23. 시도별 지가 변동률(평균) | 댭 Paddy feld
지가,2006,670,23. 시도별 지가 변동률(평균),XIII. 물가 및 가계,주거용 Residential,전국,col-ko,0,0.3316,4.97,4.97,1.0,전치·패널1,[전치] 23. 시도별 지가 변동률(평균) | 주거용 Residential
지가,2006,670,23. 시도별 지가 변동률(평균),XIII. 물가 및 가계,주거용 Residential,서울,col-ko,0,0.5791,6.61,6.61,1.0,전치·패널1,[전치] 23. 시도별 지가 변동률(평균) | 주거용 Residential
지가,2006,670,23. 시도별 지가 변동률(평균),XIII. 물가 및 가계,주거용 Residential,부산,col-ko,0,0.6427,1.20,1.2,1.0,전치·패널1,[전치] 23. 시도별 지가 변동률(평균) | 주거용 Residential
지가,2006,670,23. 시도별 지가 변동률(평균),XIII. 물가 및 가계,주거용 Residential,대구,col-ko,0,0.7064,3.01,3.01,1.0,전치·패널1,[전치] 23. 시도별 지가 변동률(평균) | 주거용 Residential
지가,2006,670,23. 시도별 지가 변동률(평균),XIII. 물가 및 가계,주거용 Residential,인천,col-ko,0,0.768,4.41,4.41,1.0,전치·패널1,[전치] 23. 시도별 지가 변동률(평균) | 주거용 Residential
지가,2006,670,23. 시도별 지가 변동률(평균),XIII. 물가 및 가계,주거용 Residential,광주,col-ko,0,0.8255,2.26,2.26,1.0,전치·패널1,[전치] 23. 시도별 지가 변동률(평균) | 주거용 Residential
지가,2006,670,23. 시도별 지가 변동률(평균),XIII. 물가 및 가계,주거용 Residential,대전,col-ko,0,0.8901,10.20,10.2,1.0,전치·패널1,[전치] 23. 시도별 지가 변동률(평균) | 주거용 Residential
지가,2006,670,23. 시도별 지가 변동률(평균),XIII. 물가 및 가계,상업용 Commerial,전국,col-ko,0,0.3316,4.13,4.13,1.0,전치·패널1,[전치] 23. 시도별 지가 변동률(평균) | 상업용 Commerial
지가,2006,670,23. 시도별 지가 변동률(평균),XIII. 물가 및 가계,상업용 Commerial,서울,col-ko,0,0.5791,6.32,6.32,1.0,전치·패널1,[전치] 23. 시도별 지가 변동률(평균) | 상업용 Commerial
지가,2006,670,23. 시도별 지가 변동률(평균),XIII. 물가 및 가계,상업용 Commerial,부산,col-ko,0,0.6427,1.33,1.33,1.0,전치·패널1,[전치] 23. 시도별 지가 변동률(평균) | 상업용 Commerial
지가,2006,670,23. 시도별 지가 변동률(평균),XIII. 물가 및 가계,상업용 Commerial,대구,col-ko,0,0.7064,1.92,1.92,1.0,전치·패널1,[전치] 23. 시도별 지가 변동률(평균) | 상업용 Commerial
지가,2006,670,23. 시도별 지가 변동률(평균),XIII. 물가 및 가계,상업용 Commerial,인천,col-ko,0,0.768,3.92,3.92,1.0,전치·패널1,[전치] 23. 시도별 지가 변동률(평균) | 상업용 Commerial
지가,2006,670,23. 시도별 지가 변동률(평균),XIII. 물가 및 가계,상업용 Commerial,광주,col-ko,0,0.8255,-1.52,-1.52,0.5,전치·패널1,[전치] 23. 시도별 지가 변동률(평균) | 상업용 Commerial
지가,2006,670,23. 시도별 지가 변동률(평균),XIII. 물가 및 가계,상업용 Commerial,대전,col-ko,0,0.8901,3.38,3.38,1.0,전치·패널1,[전치] 23. 시도별 지가 변동률(평균) | 상업용 Commerial
지가,2006,670,23. 시도별 지가 변동률(평균),XIII. 물가 및 가계,임 야 Forestry land,전국,col-ko,0,0.3316,5.75,5.75,1.0,전치·패널1,[전치] 23. 시도별 지가 변동률(평균) | 임 야 Forestry land
지가,2006,670,23. 시도별 지가 변동률(평균),XIII. 물가 및 가계,임 야 Forestry land,서울,col-ko,0,0.5791,5.63,5.63,1.0,전치·패널1,[전치] 23. 시도별 지가 변동률(평균) | 임 야 Forestry land
지가,2006,670,23. 시도별 지가 변동률(평균),XIII. 물가 및 가계,임 야 Forestry land,부산,col-ko,0,0.6427,3.15,3.15,1.0,전치·패널1,[전치] 23. 시도별 지가 변동률(평균) | 임 야 Forestry land
지가,2006,670,23. 시도별 지가 변동률(평균),XIII. 물가 및 가계,임 야 Forestry land,대구,col-ko,0,0.7064,4.07,4.07,1.0,전치·패널1,[전치] 23. 시도별 지가 변동률(평균) | 임 야 Forestry land
지가,2006,670,23. 시도별 지가 변동률(평균),XIII. 물가 및 가계,임 야 Forestry land,인천,col-ko,0,0.768,8.39,8.39,1.0,전치·패널1,[전치] 23. 시도별 지가 변동률(평균) | 임 야 Forestry land
지가,2006,670,23. 시도별 지가 변동률(평균),XIII. 물가 및 가계,임 야 Forestry land,광주,col-ko,0,0.8255,10.56,10.56,1.0,전치·패널1,[전치] 23. 시도별 지가 변동률(평균) | 임 야 Forestry land
지가,2006,670,23. 시도별 지가 변동률(평균),XIII. 물가 및 가계,임 야 Forestry land,대전,col-ko,0,0.8901,11.81,11.81,1.0,전치·패널1,[전치] 23. 시도별 지가 변동률(평균) | 임 야 Forestry land
지가,2006,670,23. 시도별 지가 변동률(평균),XIII. 물가 및 가계,공장용지 Factory,전국,col-ko,0,0.3316,4.34,4.34,1.0,전치·패널1,[전치] 23. 시도별 지가 변동률(평균) | 공장용지 Factory
지가,2006,670,23. 시도별 지가 변동률(평균),XIII. 물가 및 가계,공장용지 Factory,서울,col-ko,0,0.5791,6.57,6.57,1.0,전치·패널1,[전치] 23. 시도별 지가 변동률(평균) | 공장용지 Factory
지가,2006,670,23. 시도별 지가 변동률(평균),XIII. 물가 및 가계,공장용지 Factory,부산,col-ko,0,0.6427,2.02,2.02,1.0,전치·패널1,[전치] 23. 시도별 지가 변동률(평균) | 공장용지 Factory
지가,2006,670,23. 시도별 지가 변동률(평균),XIII. 물가 및 가계,공장용지 Factory,대구,col-ko,0,0.7064,7.69,7.69,1.0,전치·패널1,[전치] 23. 시도별 지가 변동률(평균) | 공장용지 Factory
지가,2006,670,23. 시도별 지가 변동률(평균),XIII. 물가 및 가계,공장용지 Factory,인천,col-ko,0,0.768,4.29,4.29,1.0,전치·패널1,[전치] 23. 시도별 지가 변동률(평균) | 공장용지 Factory
지가,2006,670,23. 시도별 지가 변동률(평균),XIII. 물가 및 가계,공장용지 Factory,광주,col-ko,0,0.8255,5.89,5.89,1.0,전치·패널1,[전치] 23. 시도별 지가 변동률(평균) | 공장용지 Factory
지가,2006,670,23. 시도별 지가 변동률(평균),XIII. 물가 및 가계,공장용지 Factory,대전,col-ko,0,0.8901,9.98,9.98,0.5,전치·패널1,[전치] 23. 시도별 지가 변동률(평균) | 공장용지 Factory
지가,2006,670,23. 시도별 지가 변동률(평균),XIII. 물가 및 가계,기 타 Others,전국,col-ko,0,0.3316,4.91,4.91,1.0,전치·패널1,[전치] 23. 시도별 지가 변동률(평균) | 기 타 Others
지가,2006,670,23. 시도별 지가 변동률(평균),XIII. 물가 및 가계,기 타 Others,부산,col-ko,0,0.6427,17.50,17.5,1.0,전치·패널1,[전치] 23. 시도별 지가 변동률(평균) | 기 타 Others
지가,2006,670,23. 시도별 지가 변동률(평균),XIII. 물가 및 가계,기 타 Others,대구,col-ko,0,0.7064,0.35,0.35,1.0,전치·패널1,[전치] 23. 시도별 지가 변동률(평균) | 기 타 Others
지가,2006,670,23. 시도별 지가 변동률(평균),XIII. 물가 및 가계,기 타 Others,인천,col-ko,0,0.768,8.91,8.91,1.0,전치·패널1,[전치] 23. 시도별 지가 변동률(평균) | 기 타 Others
지가,2006,670,23. 시도별 지가 변동률(평균),XIII. 물가 및 가계,기 타 Others,대전,col-ko,0,0.8901,6.49,6.49,1.0,전치·패널1,[전치] 23. 시도별 지가 변동률(평균) | 기 타 Others
지가,2006,670,23. 시도별 지가 변동률(평균),XIII. 물가 및 가계,1998,울산,col-ko,0,0.3316,-13.54,-13.54,1.0,전치·패널2,[전치] 1998
지가,2006,670,23. 시도별 지가 변동률(평균),XIII. 물가 및 가계,1998,경기,col-ko,0,0.3932,-14.65,-14.65,1.0,전치·패널2,[전치] 1998
지가,2006,670,23. 시도별 지가 변동률(평균),XIII. 물가 및 가계,1998,강원,col-ko,0,0.4548,-8.30,-8.3,1.0,전치·패널2,[전치] 1998
지가,2006,670,23. 시도별 지가 변동률(평균),XIII. 물가 및 가계,1998,충북,col-ko,0,0.5185,-7.13,-7.13,1.0,전치·패널2,[전치] 1998
지가,2006,670,23. 시도별 지가 변동률(평균),XIII. 물가 및 가계,1998,충남,col-ko,0,0.5801,-7.11,-7.11,0.5,전치·패널2,[전치] 1998
지가,2006,670,23. 시도별 지가 변동률(평균),XIII. 물가 및 가계,1998,전북,col-ko,0,0.6427,-5.60,-5.6,1.0,전치·패널2,[전치] 1998
지가,2006,670,23. 시도별 지가 변동률(평균),XIII. 물가 및 가계,1998,전남,col-ko,0,0.7053,-6.96,-6.96,1.0,전치·패널2,[전치] 1998
지가,2006,670,23. 시도별 지가 변동률(평균),XIII. 물가 및 가계,1998,경북,col-ko,0,0.7669,-10.76,-10.76,1.0,전치·패널2,[전치] 1998
지가,2006,670,23. 시도별 지가 변동률(평균),XIII. 물가 및 가계,1998,경남,col-ko,0,0.8296,-14. 12,-14.12,0.5,전치·패널2,[전치] 1998
지가,2006,670,23. 시도별 지가 변동률(평균),XIII. 물가 및 가계,1998,제주,col-ko,0,0.8922,-8.13,-8.13,1.0,전치·패널2,[전치] 1998
지가,2006,670,23. 시도별 지가 변동률(평균),XIII. 물가 및 가계,1999,울산,col-ko,0,0.3316,1.50,1.5,1.0,전치·패널2|불일치:-0.26/1.50,[전치] 1999
지가,2006,670,23. 시도별 지가 변동률(평균),XIII. 물가 및 가계,1999,경기,col-ko,0,0.3932,4.52,4.52,1.0,전치·패널2,[전치] 1999
지가,2006,670,23. 시도별 지가 변동률(평균),XIII. 물가 및 가계,1999,강원,col-ko,0,0.4548,2.50,2.5,1.0,전치·패널2|불일치:1.39/2.50,[전치] 1999
지가,2006,670,23. 시도별 지가 변동률(평균),XIII. 물가 및 가계,1999,충북,col-ko,0,0.5185,4.10,4.1,1.0,전치·패널2|불일치:1.12/4.10,[전치] 1999
지가,2006,670,23. 시도별 지가 변동률(평균),XIII. 물가 및 가계,1999,충남,col-ko,0,0.5801,3.18,3.18,1.0,전치·패널2|불일치:1.18/3.18,[전치] 1999
지가,2006,670,23. 시도별 지가 변동률(평균),XIII. 물가 및 가계,1999,전북,col-ko,0,0.6427,2.17,2.17,1.0,전치·패널2|불일치:1.13/2.17,[전치] 1999
지가,2006,670,23. 시도별 지가 변동률(평균),XIII. 물가 및 가계,1999,전남,col-ko,0,0.7053,4.50,4.5,1.0,전치·패널2|불일치:1.94/4.50,[전치] 1999
지가,2006,670,23. 시도별 지가 변동률(평균),XIII. 물가 및 가계,1999,경북,col-ko,0,0.7669,2.73,2.73,0.5,전치·패널2|불일치:0.72/2.73,[전치] 1999
지가,2006,670,23. 시도별 지가 변동률(평균),XIII. 물가 및 가계,1999,경남,col-ko,0,0.8296,2.21,2.21,1.0,전치·패널2|불일치:1.15/2.21,[전치] 1999
지가,2006,670,23. 시도별 지가 변동률(평균),XIII. 물가 및 가계,1999,제주,col-ko,0,0.8922,6.82,6.82,0.5,전치·패널2|불일치:2.18/6.82,[전치] 1999
지가,2006,670,23. 시도별 지가 변동률(평균),XIII. 물가 및 가계,2001,울산,col-ko,0,0.3316,0.38,0.38,1.0,전치·패널2,[전치] 2001
지가,2006,670,23. 시도별 지가 변동률(평균),XIII. 물가 및 가계,2001,경기,col-ko,0,0.3932,1.91,1.91,1.0,전치·패널2,[전치] 2001
지가,2006,670,23. 시도별 지가 변동률(평균),XIII. 물가 및 가계,2001,강원,col-ko,0,0.4548,2.29,2.29,1.0,전치·패널2,[전치] 2001
지가,2006,670,23. 시도별 지가 변동률(평균),XIII. 물가 및 가계,2001,충북,col-ko,0,0.5185,0.41,0.41,1.0,전치·패널2,[전치] 2001
지가,2006,670,23. 시도별 지가 변동률(평균),XIII. 물가 및 가계,2001,충남,col-ko,0,0.5801,0.36,0.36,0.5,전치·패널2,[전치] 2001
지가,2006,670,23. 시도별 지가 변동률(평균),XIII. 물가 및 가계,2001,전북,col-ko,0,0.6427,-0.13,-0.13,1.0,전치·패널2,[전치] 2001
지가,2006,670,23. 시도별 지가 변동률(평균),XIII. 물가 및 가계,2001,전남,col-ko,0,0.7053,0.35,0.35,1.0,전치·패널2,[전치] 2001
지가,2006,670,23. 시도별 지가 변동률(평균),XIII. 물가 및 가계,2001,경북,col-ko,0,0.7669,0.51,0.51,1.0,전치·패널2,[전치] 2001
지가,2006,670,23. 시도별 지가 변동률(평균),XIII. 물가 및 가계,2001,경남,col-ko,0,0.8296,0.94,0.94,1.0,전치·패널2,[전치] 2001
지가,2006,670,23. 시도별 지가 변동률(평균),XIII. 물가 및 가계,2001,제주,col-ko,0,0.8922,3.13,3.13,1.0,전치·패널2,[전치] 2001
지가,2006,670,23. 시도별 지가 변동률(평균),XIII. 물가 및 가계,2002,울산,col-ko,0,0.3316,1.75,1.75,1.0,전치·패널2,[전치] 2002
지가,2006,670,23. 시도별 지가 변동률(평균),XIII. 물가 및 가계,2002,경기,col-ko,0,0.3932,13.06,13.06,1.0,전치·패널2,[전치] 2002
지가,2006,670,23. 시도별 지가 변동률(평균),XIII. 물가 및 가계,2002,강원,col-ko,0,0.4548,1.88,1.88,1.0,전치·패널2,[전치] 2002
지가,2006,670,23. 시도별 지가 변동률(평균),XIII. 물가 및 가계,2002,충북,col-ko,0,0.5185,3.02,3.02,1.0,전치·패널2,[전치] 2002
지가,2006,670,23. 시도별 지가 변동률(평균),XIII. 물가 및 가계,2002,충남,col-ko,0,0.5801,2.48,2.48,1.0,전치·패널2,[전치] 2002
지가,2006,670,23. 시도별 지가 변동률(평균),XIII. 물가 및 가계,2002,전북,col-ko,0,0.6427,0.64,0.64,1.0,전치·패널2,[전치] 2002
지가,2006,670,23. 시도별 지가 변동률(평균),XIII. 물가 및 가계,2002,전남,col-ko,0,0.7053,0.95,0.95,1.0,전치·패널2,[전치] 2002
지가,2006,670,23. 시도별 지가 변동률(평균),XIII. 물가 및 가계,2002,경북,col-ko,0,0.7669,2.06,2.06,1.0,전치·패널2,[전치] 2002
지가,2006,670,23. 시도별 지가 변동률(평균),XIII. 물가 및 가계,2002,경남,col-ko,0,0.8296,2.22,2.22,1.0,전치·패널2,[전치] 2002
지가,2006,670,23. 시도별 지가 변동률(평균),XIII. 물가 및 가계,2002,제주,col-ko,0,0.8922,6.01,6.01,1.0,전치·패널2,[전치] 2002
지가,2006,670,23. 시도별 지가 변동률(평균),XIII. 물가 및 가계,2003,울산,col-ko,0,0.3316,0.66,0.66,1.0,전치·패널2,[전치] 2003
지가,2006,670,23. 시도별 지가 변동률(평균),XIII. 물가 및 가계,2003,경기,col-ko,0,0.3932,5.12,5.12,0.5,전치·패널2,[전치] 2003
지가,2006,670,23. 시도별 지가 변동률(평균),XIII. 물가 및 가계,2003,강원,col-ko,0,0.4548,1.79,1.79,1.0,전치·패널2,[전치] 2003
지가,2006,670,23. 시도별 지가 변동률(평균),XIII. 물가 및 가계,2003,충북,col-ko,0,0.5185,2.54,2.54,1.0,전치·패널2,[전치] 2003
지가,2006,670,23. 시도별 지가 변동률(평균),XIII. 물가 및 가계,2003,충남,col-ko,0,0.5801,4.81,4.81,1.0,전치·패널2,[전치] 2003
지가,2006,670,23. 시도별 지가 변동률(평균),XIII. 물가 및 가계,2003,전북,col-ko,0,0.6427,0.96,0.96,1.0,전치·패널2,[전치] 2003
지가,2006,670,23. 시도별 지가 변동률(평균),XIII. 물가 및 가계,2003,전남,col-ko,0,0.7053,0.50,0.5,1.0,전치·패널2,[전치] 2003
지가,2006,670,23. 시도별 지가 변동률(평균),XIII. 물가 및 가계,2003,경북,col-ko,0,0.7669,0.15,0.15,0.5,전치·패널2,[전치] 2003
지가,2006,670,23. 시도별 지가 변동률(평균),XIII. 물가 및 가계,2003,경남,col-ko,0,0.8296,1.38,1.38,0.5,전치·패널2,[전치] 2003
지가,2006,670,23. 시도별 지가 변동률(평균),XIII. 물가 및 가계,2003,제주,col-ko,0,0.8922,1.25,1.25,0.5,전치·패널2,[전치] 2003
지가,2006,670,23. 시도별 지가 변동률(평균),XIII. 물가 및 가계,2004,울산,col-ko,0,0.3316,1.79,1.79,1.0,전치·패널2,[전치] 2004
지가,2006,670,23. 시도별 지가 변동률(평균),XIII. 물가 및 가계,2004,경기,col-ko,0,0.3932,6.12,6.12,1.0,전치·패널2,[전치] 2004
지가,2006,670,23. 시도별 지가 변동률(평균),XIII. 물가 및 가계,2004,강원,col-ko,0,0.4548,2.27,2.27,1.0,전치·패널2,[전치] 2004
지가,2006,670,23. 시도별 지가 변동률(평균),XIII. 물가 및 가계,2004,충북,col-ko,0,0.5185,3.83,3.83,1.0,전치·패널2,[전치] 2004
지가,2006,670,23. 시도별 지가 변동률(평균),XIII. 물가 및 가계,2004,충남,col-ko,0,0.5801,11.65,11.65,1.0,전치·패널2,[전치] 2004
지가,2006,670,23. 시도별 지가 변동률(평균),XIII. 물가 및 가계,2004,전북,col-ko,0,0.6427,0.70,0.7,0.3,전치·패널2|저신뢰,[전치] 2004
지가,2006,670,23. 시도별 지가 변동률(평균),XIII. 물가 및 가계,2004,전남,col-ko,0,0.7053,0.93,0.93,1.0,전치·패널2,[전치] 2004
지가,2006,670,23. 시도별 지가 변동률(평균),XIII. 물가 및 가계,2004,경북,col-ko,0,0.7669,2.11,2.11,1.0,전치·패널2,[전치] 2004
지가,2006,670,23. 시도별 지가 변동률(평균),XIII. 물가 및 가계,2004,경남,col-ko,0,0.8296,3.09,3.09,1.0,전치·패널2,[전치] 2004
지가,2006,670,23. 시도별 지가 변동률(평균),XIII. 물가 및 가계,2004,제주,col-ko,0,0.8922,1.96,1.96,1.0,전치·패널2,[전치] 2004
지가,2006,670,23. 시도별 지가 변동률(평균),XIII. 물가 및 가계,2005,울산,col-ko,0,0.3316,2.06,2.06,1.0,전치·패널2,[전치] 2005
지가,2006,670,23. 시도별 지가 변동률(평균),XIII. 물가 및 가계,2005,경기,col-ko,0,0.3932,5.69,5.69,1.0,전치·패널2,[전치] 2005
지가,2006,670,23. 시도별 지가 변동률(평균),XIII. 물가 및 가계,2005,강원,col-ko,0,0.4548,2.63,2.63,1.0,전치·패널2,[전치] 2005
지가,2006,670,23. 시도별 지가 변동률(평균),XIII. 물가 및 가계,2005,충북,col-ko,0,0.5185,4.98,4.98,1.0,전치·패널2,[전치] 2005
지가,2006,670,23. 시도별 지가 변동률(평균),XIII. 물가 및 가계,2005,충남,col-ko,0,0.5801,8.32,8.32,1.0,전치·패널2,[전치] 2005
지가,2006,670,23. 시도별 지가 변동률(평균),XIII. 물가 및 가계,2005,전북,col-ko,0,0.6427,1.38,1.38,1.0,전치·패널2,[전치] 2005
지가,2006,670,23. 시도별 지가 변동률(평균),XIII. 물가 및 가계,2005,전남,col-ko,0,0.7053,2.45,2.45,1.0,전치·패널2,[전치] 2005
지가,2006,670,23. 시도별 지가 변동률(평균),XIII. 물가 및 가계,2005,경북,col-ko,0,0.7669,2.19,2.19,0.5,전치·패널2,[전치] 2005
지가,2006,670,23. 시도별 지가 변동률(평균),XIII. 물가 및 가계,2005,경남,col-ko,0,0.8296,2.81,2.81,1.0,전치·패널2,[전치] 2005
지가,2006,670,23. 시도별 지가 변동률(평균),XIII. 물가 및 가계,2005,제주,col-ko,0,0.8922,2.12,2.12,1.0,전치·패널2,[전치] 2005
지가,2006,670,23. 시도별 지가 변동률(평균),XIII. 물가 및 가계,주 거 지 역 Residential,울산,col-ko,0,0.3316,1.57,1.57,1.0,전치·패널2,[전치] 주 거 지 역 Residential
지가,2006,670,23. 시도별 지가 변동률(평균),XIII. 물가 및 가계,주 거 지 역 Residential,경기,col-ko,0,0.3932,3.76,3.76,1.0,전치·패널2,[전치] 주 거 지 역 Residential
지가,2006,670,23. 시도별 지가 변동률(평균),XIII. 물가 및 가계,주 거 지 역 Residential,강원,col-ko,0,0.4548,1.76,1.76,0.3,전치·패널2|저신뢰,[전치] 주 거 지 역 Residential
지가,2006,670,23. 시도별 지가 변동률(평균),XIII. 물가 및 가계,주 거 지 역 Residential,충북,col-ko,0,0.5185,1.81,1.81,1.0,전치·패널2,[전치] 주 거 지 역 Residential
지가,2006,670,23. 시도별 지가 변동률(평균),XIII. 물가 및 가계,주 거 지 역 Residential,충남,col-ko,0,0.5801,4.48,4.48,1.0,전치·패널2,[전치] 주 거 지 역 Residential
지가,2006,670,23. 시도별 지가 변동률(평균),XIII. 물가 및 가계,주 거 지 역 Residential,전북,col-ko,0,0.6427,1.13,1.13,1.0,전치·패널2,[전치] 주 거 지 역 Residential
지가,2006,670,23. 시도별 지가 변동률(평균),XIII. 물가 및 가계,주 거 지 역 Residential,전남,col-ko,0,0.7053,0.94,0.94,1.0,전치·패널2,[전치] 주 거 지 역 Residential
지가,2006,670,23. 시도별 지가 변동률(평균),XIII. 물가 및 가계,주 거 지 역 Residential,경북,col-ko,0,0.7669,1.28,1.28,1.0,전치·패널2,[전치] 주 거 지 역 Residential
지가,2006,670,23. 시도별 지가 변동률(평균),XIII. 물가 및 가계,주 거 지 역 Residential,경남,col-ko,0,0.8296,1.75,1.75,1.0,전치·패널2,[전치] 주 거 지 역 Residential
지가,2006,670,23. 시도별 지가 변동률(평균),XIII. 물가 및 가계,주 거 지 역 Residential,제주,col-ko,0,0.8922,0.86,0.86,0.5,전치·패널2,[전치] 주 거 지 역 Residential
지가,2006,670,23. 시도별 지가 변동률(평균),XIII. 물가 및 가계,상업지역 Commercial,울산,col-ko,0,0.3316,0.55,0.55,0.5,전치·패널2,[전치] 상업지역 Commercial
지가,2006,670,23. 시도별 지가 변동률(평균),XIII. 물가 및 가계,상업지역 Commercial,경기,col-ko,0,0.3932,3.75,3.75,1.0,전치·패널2,[전치] 상업지역 Commercial
지가,2006,670,23. 시도별 지가 변동률(평균),XIII. 물가 및 가계,상업지역 Commercial,강원,col-ko,0,0.4548,0.21,0.21,1.0,전치·패널2,[전치] 상업지역 Commercial
지가,2006,670,23. 시도별 지가 변동률(평균),XIII. 물가 및 가계,상업지역 Commercial,충북,col-ko,0,0.5185,0.99,0.99,1.0,전치·패널2,[전치] 상업지역 Commercial
지가,2006,670,23. 시도별 지가 변동률(평균),XIII. 물가 및 가계,상업지역 Commercial,충남,col-ko,0,0.5801,2.87,2.87,1.0,전치·패널2,[전치] 상업지역 Commercial
지가,2006,670,23. 시도별 지가 변동률(평균),XIII. 물가 및 가계,상업지역 Commercial,전북,col-ko,0,0.6427,-2.28,-2.28,1.0,전치·패널2,[전치] 상업지역 Commercial
지가,2006,670,23. 시도별 지가 변동률(평균),XIII. 물가 및 가계,상업지역 Commercial,전남,col-ko,0,0.7053,-0.04,-0.04,1.0,전치·패널2,[전치] 상업지역 Commercial
지가,2006,670,23. 시도별 지가 변동률(평균),XIII. 물가 및 가계,상업지역 Commercial,경북,col-ko,0,0.7669,-0.18,-0.18,1.0,전치·패널2,[전치] 상업지역 Commercial
지가,2006,670,23. 시도별 지가 변동률(평균),XIII. 물가 및 가계,상업지역 Commercial,경남,col-ko,0,0.8296,0.69,0.69,1.0,전치·패널2,[전치] 상업지역 Commercial
지가,2006,670,23. 시도별 지가 변동률(평균),XIII. 물가 및 가계,상업지역 Commercial,제주,col-ko,0,0.8922,0.07,0.07,1.0,전치·패널2,[전치] 상업지역 Commercial
지가,2006,670,23. 시도별 지가 변동률(평균),XIII. 물가 및 가계,공업지역 Industrial 2.1?,경기,col-ko,0,0.3932,3.41,3.41,1.0,전치·패널2,[전치] 공업지역 Industrial 2.1?
지가,2006,670,23. 시도별 지가 변동률(평균),XIII. 물가 및 가계,공업지역 Industrial 2.1?,강원,col-ko,0,0.4548,0.28,0.28,1.0,전치·패널2,[전치] 공업지역 Industrial 2.1?
지가,2006,670,23. 시도별 지가 변동률(평균),XIII. 물가 및 가계,공업지역 Industrial 2.1?,충북,col-ko,0,0.5185,3.02,3.02,1.0,전치·패널2,[전치] 공업지역 Industrial 2.1?
지가,2006,670,23. 시도별 지가 변동률(평균),XIII. 물가 및 가계,공업지역 Industrial 2.1?,충남,col-ko,0,0.5801,3.81,3.81,1.0,전치·패널2,[전치] 공업지역 Industrial 2.1?
지가,2006,670,23. 시도별 지가 변동률(평균),XIII. 물가 및 가계,공업지역 Industrial 2.1?,전북,col-ko,0,0.6427,0.13,0.13,1.0,전치·패널2,[전치] 공업지역 Industrial 2.1?
지가,2006,670,23. 시도별 지가 변동률(평균),XIII. 물가 및 가계,공업지역 Industrial 2.1?,전남,col-ko,0,0.7053,1.84,1.84,1.0,전치·패널2,[전치] 공업지역 Industrial 2.1?
지가,2006,670,23. 시도별 지가 변동률(평균),XIII. 물가 및 가계,공업지역 Industrial 2.1?,경북,col-ko,0,0.7669,2.62,2.62,1.0,전치·패널2,[전치] 공업지역 Industrial 2.1?
지가,2006,670,23. 시도별 지가 변동률(평균),XIII. 물가 및 가계,공업지역 Industrial 2.1?,경남,col-ko,0,0.8296,2.59,2.59,1.0,전치·패널2,[전치] 공업지역 Industrial 2.1?
지가,2006,670,23. 시도별 지가 변동률(평균),XIII. 물가 및 가계,공업지역 Industrial 2.1?,제주,col-ko,0,0.8922,-0.24,-0.24,1.0,전치·패널2,[전치] 공업지역 Industrial 2.1?
지가,2006,670,23. 시도별 지가 변동률(평균),XIII. 물가 및 가계,녹 지 지 역 Green Belt,울산,col-ko,0,0.3316,4.28,4.28,1.0,전치·패널2,[전치] 녹 지 지 역 Green Belt
지가,2006,670,23. 시도별 지가 변동률(평균),XIII. 물가 및 가계,녹 지 지 역 Green Belt,경기,col-ko,0,0.3932,8.45,8.45,1.0,전치·패널2,[전치] 녹 지 지 역 Green Belt
지가,2006,670,23. 시도별 지가 변동률(평균),XIII. 물가 및 가계,녹 지 지 역 Green Belt,강원,col-ko,0,0.4548,5.20,5.2,1.0,전치·패널2,[전치] 녹 지 지 역 Green Belt
지가,2006,670,23. 시도별 지가 변동률(평균),XIII. 물가 및 가계,녹 지 지 역 Green Belt,충북,col-ko,0,0.5185,9.23,9.23,1.0,전치·패널2,[전치] 녹 지 지 역 Green Belt
지가,2006,670,23. 시도별 지가 변동률(평균),XIII. 물가 및 가계,녹 지 지 역 Green Belt,충남,col-ko,0,0.5801,11.35,11.35,1.0,전치·패널2,[전치] 녹 지 지 역 Green Belt
지가,2006,670,23. 시도별 지가 변동률(평균),XIII. 물가 및 가계,녹 지 지 역 Green Belt,전북,col-ko,0,0.6427,4.65,4.65,1.0,전치·패널2,[전치] 녹 지 지 역 Green Belt
지가,2006,670,23. 시도별 지가 변동률(평균),XIII. 물가 및 가계,녹 지 지 역 Green Belt,전남,col-ko,0,0.7053,3.63,3.63,1.0,전치·패널2,[전치] 녹 지 지 역 Green Belt
지가,2006,670,23. 시도별 지가 변동률(평균),XIII. 물가 및 가계,녹 지 지 역 Green Belt,경북,col-ko,0,0.7669,4.21,4.21,1.0,전치·패널2,[전치] 녹 지 지 역 Green Belt
지가,2006,670,23. 시도별 지가 변동률(평균),XIII. 물가 및 가계,녹 지 지 역 Green Belt,경남,col-ko,0,0.8296,6.34,6.34,1.0,전치·패널2,[전치] 녹 지 지 역 Green Belt
지가,2006,670,23. 시도별 지가 변동률(평균),XIII. 물가 및 가계,녹 지 지 역 Green Belt,제주,col-ko,0,0.8922,3.13,3.13,0.5,전치·패널2,[전치] 녹 지 지 역 Green Belt
지가,2006,670,23. 시도별 지가 변동률(평균),XIII. 물가 및 가계,관리지역 Control area,울산,col-ko,0,0.3316,5.10,5.1,1.0,전치·패널2,[전치] 관리지역 Control area
지가,2006,670,23. 시도별 지가 변동률(평균),XIII. 물가 및 가계,관리지역 Control area,경기,col-ko,0,0.3932,7.21,7.21,1.0,전치·패널2,[전치] 관리지역 Control area
지가,2006,670,23. 시도별 지가 변동률(평균),XIII. 물가 및 가계,관리지역 Control area,강원,col-ko,0,0.4548,3.97,3.97,1.0,전치·패널2,[전치] 관리지역 Control area
지가,2006,670,23. 시도별 지가 변동률(평균),XIII. 물가 및 가계,관리지역 Control area,충북,col-ko,0,0.5185,7.40,7.4,1.0,전치·패널2,[전치] 관리지역 Control area
지가,2006,670,23. 시도별 지가 변동률(평균),XIII. 물가 및 가계,관리지역 Control area,충남,col-ko,0,0.5801,10.72,10.72,1.0,전치·패널2,[전치] 관리지역 Control area
지가,2006,670,23. 시도별 지가 변동률(평균),XIII. 물가 및 가계,관리지역 Control area,전북,col-ko,0,0.6427,1.93,1.93,1.0,전치·패널2,[전치] 관리지역 Control area
지가,2006,670,23. 시도별 지가 변동률(평균),XIII. 물가 및 가계,관리지역 Control area,전남,col-ko,0,0.7053,4.88,4.88,1.0,전치·패널2,[전치] 관리지역 Control area
지가,2006,670,23. 시도별 지가 변동률(평균),XIII. 물가 및 가계,관리지역 Control area,경북,col-ko,0,0.7669,2.86,2.86,0.5,전치·패널2,[전치] 관리지역 Control area
지가,2006,670,23. 시도별 지가 변동률(평균),XIII. 물가 및 가계,관리지역 Control area,경남,col-ko,0,0.8296,3.92,3.92,1.0,전치·패널2,[전치] 관리지역 Control area
지가,2006,670,23. 시도별 지가 변동률(평균),XIII. 물가 및 가계,관리지역 Control area,제주,col-ko,0,0.8922,3.24,3.24,1.0,전치·패널2,[전치] 관리지역 Control area
지가,2006,670,23. 시도별 지가 변동률(평균),XIII. 물가 및 가계,농 림 지 역 Agricultural,울산,col-ko,0,0.3316,2.20,2.2,1.0,전치·패널2,[전치] 농 림 지 역 Agricultural
지가,2006,670,23. 시도별 지가 변동률(평균),XIII. 물가 및 가계,농 림 지 역 Agricultural,경기,col-ko,0,0.3932,8.60,8.6,1.0,전치·패널2,[전치] 농 림 지 역 Agricultural
지가,2006,670,23. 시도별 지가 변동률(평균),XIII. 물가 및 가계,농 림 지 역 Agricultural,강원,col-ko,0,0.4548,2.81,2.81,1.0,전치·패널2,[전치] 농 림 지 역 Agricultural
지가,2006,670,23. 시도별 지가 변동률(평균),XIII. 물가 및 가계,농 림 지 역 Agricultural,충북,col-ko,0,0.5185,6.01,6.01,1.0,전치·패널2,[전치] 농 림 지 역 Agricultural
지가,2006,670,23. 시도별 지가 변동률(평균),XIII. 물가 및 가계,농 림 지 역 Agricultural,충남,col-ko,0,0.5801,9.37,9.37,1.0,전치·패널2,[전치] 농 림 지 역 Agricultural
지가,2006,670,23. 시도별 지가 변동률(평균),XIII. 물가 및 가계,농 림 지 역 Agricultural,전북,col-ko,0,0.6427,1.09,1.09,1.0,전치·패널2,[전치] 농 림 지 역 Agricultural
지가,2006,670,23. 시도별 지가 변동률(평균),XIII. 물가 및 가계,농 림 지 역 Agricultural,전남,col-ko,0,0.7053,3.41,3.41,1.0,전치·패널2,[전치] 농 림 지 역 Agricultural
지가,2006,670,23. 시도별 지가 변동률(평균),XIII. 물가 및 가계,농 림 지 역 Agricultural,경북,col-ko,0,0.7669,2.94,2.94,1.0,전치·패널2,[전치] 농 림 지 역 Agricultural
지가,2006,670,23. 시도별 지가 변동률(평균),XIII. 물가 및 가계,농 림 지 역 Agricultural,경남,col-ko,0,0.8296,3.64,3.64,1.0,전치·패널2,[전치] 농 림 지 역 Agricultural
지가,2006,670,23. 시도별 지가 변동률(평균),XIII. 물가 및 가계,농 림 지 역 Agricultural,제주,col-ko,0,0.8922,1.49,1.49,1.0,전치·패널2,[전치] 농 림 지 역 Agricultural
지가,2006,670,23. 시도별 지가 변동률(평균),XIII. 물가 및 가계,자연한경보전지역 Natural environment ①.04,경기,col-ko,0,0.3932,5.31,5.31,1.0,전치·패널2,[전치] 자연한경보전지역 Natural environment ①.04
지가,2006,670,23. 시도별 지가 변동률(평균),XIII. 물가 및 가계,자연한경보전지역 Natural environment ①.04,강원,col-ko,0,0.4548,1.28,1.28,1.0,전치·패널2,[전치] 자연한경보전지역 Natural environment ①.04
지가,2006,670,23. 시도별 지가 변동률(평균),XIII. 물가 및 가계,자연한경보전지역 Natural environment ①.04,충북,col-ko,0,0.5185,2.68,2.68,1.0,전치·패널2,[전치] 자연한경보전지역 Natural environment ①.04
지가,2006,670,23. 시도별 지가 변동률(평균),XIII. 물가 및 가계,자연한경보전지역 Natural environment ①.04,충남,col-ko,0,0.5801,7.39,7.39,1.0,전치·패널2,[전치] 자연한경보전지역 Natural environment ①.04
지가,2006,670,23. 시도별 지가 변동률(평균),XIII. 물가 및 가계,자연한경보전지역 Natural environment ①.04,전북,col-ko,0,0.6427,2.19,2.19,1.0,전치·패널2,[전치] 자연한경보전지역 Natural environment ①.04
지가,2006,670,23. 시도별 지가 변동률(평균),XIII. 물가 및 가계,자연한경보전지역 Natural environment ①.04,전남,col-ko,0,0.7053,2.48,2.48,0.3,전치·패널2|저신뢰,[전치] 자연한경보전지역 Natural environment ①.04
지가,2006,670,23. 시도별 지가 변동률(평균),XIII. 물가 및 가계,자연한경보전지역 Natural environment ①.04,경북,col-ko,0,0.7669,1.60,1.6,0.5,전치·패널2,[전치] 자연한경보전지역 Natural environment ①.04
지가,2006,670,23. 시도별 지가 변동률(평균),XIII. 물가 및 가계,자연한경보전지역 Natural environment ①.04,경남,col-ko,0,0.8296,4.60,4.6,1.0,전치·패널2,[전치] 자연한경보전지역 Natural environment ①.04
지가,2006,670,23. 시도별 지가 변동률(평균),XIII. 물가 및 가계,전 Dry field,울산,col-ko,0,0.3316,6.33,6.33,1.0,전치·패널2,[전치] 전 Dry field
지가,2006,670,23. 시도별 지가 변동률(평균),XIII. 물가 및 가계,전 Dry field,경기,col-ko,0,0.3932,11.14,11.14,1.0,전치·패널2,[전치] 전 Dry field
지가,2006,670,23. 시도별 지가 변동률(평균),XIII. 물가 및 가계,전 Dry field,강원,col-ko,0,0.4548,4.96,4.96,1.0,전치·패널2,[전치] 전 Dry field
지가,2006,670,23. 시도별 지가 변동률(평균),XIII. 물가 및 가계,전 Dry field,충북,col-ko,0,0.5185,9.23,9.23,1.0,전치·패널2,[전치] 전 Dry field
지가,2006,670,23. 시도별 지가 변동률(평균),XIII. 물가 및 가계,전 Dry field,충남,col-ko,0,0.5801,12.25,12.25,1.0,전치·패널2,[전치] 전 Dry field
지가,2006,670,23. 시도별 지가 변동률(평균),XIII. 물가 및 가계,전 Dry field,전북,col-ko,0,0.6427,2.78,2.78,1.0,전치·패널2,[전치] 전 Dry field
지가,2006,670,23. 시도별 지가 변동률(평균),XIII. 물가 및 가계,전 Dry field,전남,col-ko,0,0.7053,5.21,5.21,1.0,전치·패널2,[전치] 전 Dry field
지가,2006,670,23. 시도별 지가 변동률(평균),XIII. 물가 및 가계,전 Dry field,경북,col-ko,0,0.7669,3.81,3.81,1.0,전치·패널2,[전치] 전 Dry field
지가,2006,670,23. 시도별 지가 변동률(평균),XIII. 물가 및 가계,전 Dry field,경남,col-ko,0,0.8296,5.73,5.73,1.0,전치·패널2,[전치] 전 Dry field
지가,2006,670,23. 시도별 지가 변동률(평균),XIII. 물가 및 가계,전 Dry field,제주,col-ko,0,0.8922,3.75,3.75,1.0,전치·패널2,[전치] 전 Dry field
지가,2006,670,23. 시도별 지가 변동률(평균),XIII. 물가 및 가계,답 Paddy feld,울산,col-ko,0,0.3316,5.44,5.44,1.0,전치·패널2,[전치] 답 Paddy feld
지가,2006,670,23. 시도별 지가 변동률(평균),XIII. 물가 및 가계,답 Paddy feld,경기,col-ko,0,0.3932,10.49,10.49,1.0,전치·패널2,[전치] 답 Paddy feld
지가,2006,670,23. 시도별 지가 변동률(평균),XIII. 물가 및 가계,답 Paddy feld,강원,col-ko,0,0.4548,3.86,3.86,1.0,전치·패널2,[전치] 답 Paddy feld
지가,2006,670,23. 시도별 지가 변동률(평균),XIII. 물가 및 가계,답 Paddy feld,충북,col-ko,0,0.5185,7.87,7.87,1.0,전치·패널2,[전치] 답 Paddy feld
지가,2006,670,23. 시도별 지가 변동률(평균),XIII. 물가 및 가계,답 Paddy feld,충남,col-ko,0,0.5801,10.36,10.36,1.0,전치·패널2,[전치] 답 Paddy feld
지가,2006,670,23. 시도별 지가 변동률(평균),XIII. 물가 및 가계,답 Paddy feld,전북,col-ko,0,0.6427,2.74,2.74,1.0,전치·패널2,[전치] 답 Paddy feld
지가,2006,670,23. 시도별 지가 변동률(평균),XIII. 물가 및 가계,답 Paddy feld,전남,col-ko,0,0.7053,3.35,3.35,1.0,전치·패널2,[전치] 답 Paddy feld
지가,2006,670,23. 시도별 지가 변동률(평균),XIII. 물가 및 가계,답 Paddy feld,경북,col-ko,0,0.7669,3.91,3.91,1.0,전치·패널2,[전치] 답 Paddy feld
지가,2006,670,23. 시도별 지가 변동률(평균),XIII. 물가 및 가계,답 Paddy feld,경남,col-ko,0,0.8296,5.67,5.67,1.0,전치·패널2,[전치] 답 Paddy feld
지가,2006,670,23. 시도별 지가 변동률(평균),XIII. 물가 및 가계,답 Paddy feld,제주,col-ko,0,0.8922,0.33,0.33,1.0,전치·패널2,[전치] 답 Paddy feld
지가,2006,670,23. 시도별 지가 변동률(평균),XIII. 물가 및 가계,주거용 Residential,울산,col-ko,0,0.3316,1.98,1.98,1.0,전치·패널2,[전치] 주거용 Residential
지가,2006,670,23. 시도별 지가 변동률(평균),XIII. 물가 및 가계,주거용 Residential,경기,col-ko,0,0.3932,4.96,4.96,1.0,전치·패널2,[전치] 주거용 Residential
지가,2006,670,23. 시도별 지가 변동률(평균),XIII. 물가 및 가계,주거용 Residential,강원,col-ko,0,0.4548,2.34,2.34,1.0,전치·패널2,[전치] 주거용 Residential
지가,2006,670,23. 시도별 지가 변동률(평균),XIII. 물가 및 가계,주거용 Residential,충북,col-ko,0,0.5185,4.47,4.47,1.0,전치·패널2,[전치] 주거용 Residential
지가,2006,670,23. 시도별 지가 변동률(평균),XIII. 물가 및 가계,주거용 Residential,충남,col-ko,0,0.5801,7.19,7.19,1.0,전치·패널2,[전치] 주거용 Residential
지가,2006,670,23. 시도별 지가 변동률(평균),XIII. 물가 및 가계,주거용 Residential,전북,col-ko,0,0.6427,2.16,2.16,1.0,전치·패널2,[전치] 주거용 Residential
지가,2006,670,23. 시도별 지가 변동률(평균),XIII. 물가 및 가계,주거용 Residential,전남,col-ko,0,0.7053,1.64,1.64,1.0,전치·패널2,[전치] 주거용 Residential
지가,2006,670,23. 시도별 지가 변동률(평균),XIII. 물가 및 가계,주거용 Residential,경북,col-ko,0,0.7669,1.98,1.98,1.0,전치·패널2,[전치] 주거용 Residential
지가,2006,670,23. 시도별 지가 변동률(평균),XIII. 물가 및 가계,주거용 Residential,경남,col-ko,0,0.8296,2.85,2.85,1.0,전치·패널2,[전치] 주거용 Residential
지가,2006,670,23. 시도별 지가 변동률(평균),XIII. 물가 및 가계,주거용 Residential,제주,col-ko,0,0.8922,1.40,1.4,0.5,전치·패널2,[전치] 주거용 Residential
지가,2006,670,23. 시도별 지가 변동률(평균),XIII. 물가 및 가계,상 업용 Commerial,울산,col-ko,0,0.3316,0.95,0.95,1.0,전치·패널2,[전치] 상 업용 Commerial
지가,2006,670,23. 시도별 지가 변동률(평균),XIII. 물가 및 가계,상 업용 Commerial,강원,col-ko,0,0.4548,0.96,0.96,1.0,전치·패널2,[전치] 상 업용 Commerial
지가,2006,670,23. 시도별 지가 변동률(평균),XIII. 물가 및 가계,상 업용 Commerial,충북,col-ko,0,0.5185,1.94,1.94,1.0,전치·패널2,[전치] 상 업용 Commerial
지가,2006,670,23. 시도별 지가 변동률(평균),XIII. 물가 및 가계,상 업용 Commerial,충남,col-ko,0,0.5801,4.33,4.33,1.0,전치·패널2,[전치] 상 업용 Commerial
지가,2006,670,23. 시도별 지가 변동률(평균),XIII. 물가 및 가계,상 업용 Commerial,전북,col-ko,0,0.6427,-0.61,-0.61,1.0,전치·패널2,[전치] 상 업용 Commerial
지가,2006,670,23. 시도별 지가 변동률(평균),XIII. 물가 및 가계,상 업용 Commerial,전남,col-ko,0,0.7053,0.65,0.65,1.0,전치·패널2,[전치] 상 업용 Commerial
지가,2006,670,23. 시도별 지가 변동률(평균),XIII. 물가 및 가계,상 업용 Commerial,경북,col-ko,0,0.7669,0.78,0.78,1.0,전치·패널2,[전치] 상 업용 Commerial
지가,2006,670,23. 시도별 지가 변동률(평균),XIII. 물가 및 가계,상 업용 Commerial,경남,col-ko,0,0.8296,1.15,1.15,1.0,전치·패널2,[전치] 상 업용 Commerial
지가,2006,670,23. 시도별 지가 변동률(평균),XIII. 물가 및 가계,상 업용 Commerial,제주,col-ko,0,0.8922,1.26,1.26,0.5,전치·패널2,[전치] 상 업용 Commerial
지가,2006,670,23. 시도별 지가 변동률(평균),XIII. 물가 및 가계,임 야 Forestry land,울산,col-ko,0,0.3316,4.03,4.03,1.0,전치·패널2,[전치] 임 야 Forestry land
지가,2006,670,23. 시도별 지가 변동률(평균),XIII. 물가 및 가계,임 야 Forestry land,경기,col-ko,0,0.3932,6.82,6.82,1.0,전치·패널2,[전치] 임 야 Forestry land
지가,2006,670,23. 시도별 지가 변동률(평균),XIII. 물가 및 가계,임 야 Forestry land,강원,col-ko,0,0.4548,3.40,3.4,1.0,전치·패널2,[전치] 임 야 Forestry land
지가,2006,670,23. 시도별 지가 변동률(평균),XIII. 물가 및 가계,임 야 Forestry land,충북,col-ko,0,0.5185,4.77,4.77,1.0,전치·패널2,[전치] 임 야 Forestry land
지가,2006,670,23. 시도별 지가 변동률(평균),XIII. 물가 및 가계,임 야 Forestry land,충남,col-ko,0,0.5801,10.12,10.12,1.0,전치·패널2,[전치] 임 야 Forestry land
지가,2006,670,23. 시도별 지가 변동률(평균),XIII. 물가 및 가계,임 야 Forestry land,전북,col-ko,0,0.6427,1.94,1.94,1.0,전치·패널2,[전치] 임 야 Forestry land
지가,2006,670,23. 시도별 지가 변동률(평균),XIII. 물가 및 가계,임 야 Forestry land,전남,col-ko,0,0.7053,4.01,4.01,1.0,전치·패널2,[전치] 임 야 Forestry land
지가,2006,670,23. 시도별 지가 변동률(평균),XIII. 물가 및 가계,임 야 Forestry land,경북,col-ko,0,0.7669,2.43,2.43,1.0,전치·패널2,[전치] 임 야 Forestry land
지가,2006,670,23. 시도별 지가 변동률(평균),XIII. 물가 및 가계,임 야 Forestry land,경남,col-ko,0,0.8296,3.43,3.43,1.0,전치·패널2,[전치] 임 야 Forestry land
지가,2006,670,23. 시도별 지가 변동률(평균),XIII. 물가 및 가계,임 야 Forestry land,제주,col-ko,0,0.8922,3.56,3.56,1.0,전치·패널2,[전치] 임 야 Forestry land
지가,2006,670,23. 시도별 지가 변동률(평균),XIII. 물가 및 가계,공장용지 Fiactory,울산,col-ko,0,0.3316,2.13,2.13,1.0,전치·패널2,[전치] 공장용지 Fiactory
지가,2006,670,23. 시도별 지가 변동률(평균),XIII. 물가 및 가계,공장용지 Fiactory,경기,col-ko,0,0.3932,5.30,5.3,1.0,전치·패널2,[전치] 공장용지 Fiactory
지가,2006,670,23. 시도별 지가 변동률(평균),XIII. 물가 및 가계,공장용지 Fiactory,충북,col-ko,0,0.5185,4.65,4.65,1.0,전치·패널2,[전치] 공장용지 Fiactory
지가,2006,670,23. 시도별 지가 변동률(평균),XIII. 물가 및 가계,공장용지 Fiactory,충남,col-ko,0,0.5801,5.58,5.58,1.0,전치·패널2,[전치] 공장용지 Fiactory
지가,2006,670,23. 시도별 지가 변동률(평균),XIII. 물가 및 가계,공장용지 Fiactory,전북,col-ko,0,0.6427,0.99,0.99,1.0,전치·패널2,[전치] 공장용지 Fiactory
지가,2006,670,23. 시도별 지가 변동률(평균),XIII. 물가 및 가계,공장용지 Fiactory,전남,col-ko,0,0.7053,1.91,1.91,1.0,전치·패널2,[전치] 공장용지 Fiactory
지가,2006,670,23. 시도별 지가 변동률(평균),XIII. 물가 및 가계,공장용지 Fiactory,경북,col-ko,0,0.7669,2.53,2.53,1.0,전치·패널2,[전치] 공장용지 Fiactory
지가,2006,670,23. 시도별 지가 변동률(평균),XIII. 물가 및 가계,공장용지 Fiactory,경남,col-ko,0,0.8296,3.07,3.07,1.0,전치·패널2,[전치] 공장용지 Fiactory
지가,2006,670,23. 시도별 지가 변동률(평균),XIII. 물가 및 가계,공장용지 Fiactory,제주,col-ko,0,0.8922,-0.21,-0.21,1.0,전치·패널2,[전치] 공장용지 Fiactory
지가,2006,670,23. 시도별 지가 변동률(평균),XIII. 물가 및 가계,기 타 Others -,경기,col-ko,0,0.3932,5.67,5.67,1.0,전치·패널2,[전치] 기 타 Others -
지가,2006,670,23. 시도별 지가 변동률(평균),XIII. 물가 및 가계,기 타 Others -,강원,col-ko,0,0.4548,3.68,3.68,1.0,전치·패널2,[전치] 기 타 Others -
지가,2006,670,23. 시도별 지가 변동률(평균),XIII. 물가 및 가계,기 타 Others -,충북,col-ko,0,0.5185,4.72,4.72,1.0,전치·패널2,[전치] 기 타 Others -
지가,2006,670,23. 시도별 지가 변동률(평균),XIII. 물가 및 가계,기 타 Others -,충남,col-ko,0,0.5801,8.10,8.1,1.0,전치·패널2,[전치] 기 타 Others -
지가,2006,670,23. 시도별 지가 변동률(평균),XIII. 물가 및 가계,기 타 Others -,전북,col-ko,0,0.6427,4.29,4.29,1.0,전치·패널2,[전치] 기 타 Others -
지가,2006,670,23. 시도별 지가 변동률(평균),XIII. 물가 및 가계,기 타 Others -,전남,col-ko,0,0.7053,2.43,2.43,0.5,전치·패널2,[전치] 기 타 Others -
지가,2006,670,23. 시도별 지가 변동률(평균),XIII. 물가 및 가계,기 타 Others -,경북,col-ko,0,0.7669,0.00,0.0,1.0,전치·패널2,[전치] 기 타 Others -
지가,2006,670,23. 시도별 지가 변동률(평균),XIII. 물가 및 가계,기 타 Others -,경남,col-ko,0,0.8296,0.95,0.95,1.0,전치·패널2,[전치] 기 타 Others -
지가,2006,670,23. 시도별 지가 변동률(평균),XIII. 물가 및 가계,기 타 Others -,제주,col-ko,0,0.8922,4.28,4.28,1.0,전치·패널2,[전치] 기 타 Others -
지가,2007,708,34. 시도별 지가 변동률(평균),ⅩⅢ. 물 가 및 가 계,1985,서울,col-ko,0,0.5103,8. 10,8.1,0.5,전치·패널1,[전치] 34. 시도별 지가 변동률(평균) | 1985
지가,2007,708,34. 시도별 지가 변동률(평균),ⅩⅢ. 물 가 및 가 계,1985,부산,col-ko,0,0.5852,8.70,8.7,1.0,전치·패널1,[전치] 34. 시도별 지가 변동률(평균) | 1985
지가,2007,708,34. 시도별 지가 변동률(평균),ⅩⅢ. 물 가 및 가 계,1985,대구,col-ko,0,0.6612,6.60,6.6,1.0,전치·패널1,[전치] 34. 시도별 지가 변동률(평균) | 1985
지가,2007,708,34. 시도별 지가 변동률(평균),ⅩⅢ. 물 가 및 가 계,1985,인천,col-ko,0,0.7361,4. 80,4.8,0.5,전치·패널1,[전치] 34. 시도별 지가 변동률(평균) | 1985
지가,2007,708,34. 시도별 지가 변동률(평균),ⅩⅢ. 물 가 및 가 계,1985,광주,col-ko,0,0.8131,1.80,1.8,1.0,전치·패널1,[전치] 34. 시도별 지가 변동률(평균) | 1985
지가,2007,708,34. 시도별 지가 변동률(평균),ⅩⅢ. 물 가 및 가 계,1985,대전,col-ko,0,0.8891,17.00,17.0,1.0,전치·패널1,[전치] 34. 시도별 지가 변동률(평균) | 1985
지가,2007,708,34. 시도별 지가 변동률(평균),ⅩⅢ. 물 가 및 가 계,1986,서울,col-ko,0,0.5103,3.70,3.7,1.0,전치·패널1,[전치] 34. 시도별 지가 변동률(평균) | 1986
지가,2007,708,34. 시도별 지가 변동률(평균),ⅩⅢ. 물 가 및 가 계,1986,부산,col-ko,0,0.5852,9. 90,9.9,0.3,전치·패널1|저신뢰,[전치] 34. 시도별 지가 변동률(평균) | 1986
지가,2007,708,34. 시도별 지가 변동률(평균),ⅩⅢ. 물 가 및 가 계,1986,대구,col-ko,0,0.6612,5.40,5.4,0.5,전치·패널1,[전치] 34. 시도별 지가 변동률(평균) | 1986
지가,2007,708,34. 시도별 지가 변동률(평균),ⅩⅢ. 물 가 및 가 계,1986,인천,col-ko,0,0.7361,6.50,6.5,1.0,전치·패널1,[전치] 34. 시도별 지가 변동률(평균) | 1986
지가,2007,708,34. 시도별 지가 변동률(평균),ⅩⅢ. 물 가 및 가 계,1986,광주,col-ko,0,0.8131,4.50,4.5,0.3,전치·패널1|저신뢰,[전치] 34. 시도별 지가 변동률(평균) | 1986
지가,2007,708,34. 시도별 지가 변동률(평균),ⅩⅢ. 물 가 및 가 계,1986,대전,col-ko,0,0.8891,11.10,11.1,1.0,전치·패널1,[전치] 34. 시도별 지가 변동률(평균) | 1986
지가,2007,708,34. 시도별 지가 변동률(평균),ⅩⅢ. 물 가 및 가 계,1987,서울,col-ko,0,0.5103,6.29,6.29,1.0,전치·패널1,[전치] 34. 시도별 지가 변동률(평균) | 1987
지가,2007,708,34. 시도별 지가 변동률(평균),ⅩⅢ. 물 가 및 가 계,1987,부산,col-ko,0,0.5852,46.50,46.5,1.0,전치·패널1,[전치] 34. 시도별 지가 변동률(평균) | 1987
지가,2007,708,34. 시도별 지가 변동률(평균),ⅩⅢ. 물 가 및 가 계,1987,대구,col-ko,0,0.6612,57.68,57.68,1.0,전치·패널1,[전치] 34. 시도별 지가 변동률(평균) | 1987
지가,2007,708,34. 시도별 지가 변동률(평균),ⅩⅢ. 물 가 및 가 계,1987,인천,col-ko,0,0.7361,6.90,6.9,0.3,전치·패널1|저신뢰,[전치] 34. 시도별 지가 변동률(평균) | 1987
지가,2007,708,34. 시도별 지가 변동률(평균),ⅩⅢ. 물 가 및 가 계,1987,광주,col-ko,0,0.8131,19.53,19.53,0.5,전치·패널1,[전치] 34. 시도별 지가 변동률(평균) | 1987
지가,2007,708,34. 시도별 지가 변동률(평균),ⅩⅢ. 물 가 및 가 계,1987,대전,col-ko,0,0.8891,3.60,3.6,1.0,전치·패널1,[전치] 34. 시도별 지가 변동률(평균) | 1987
지가,2007,708,34. 시도별 지가 변동률(평균),ⅩⅢ. 물 가 및 가 계,1988 24.59\,서울,col-ko,0,0.5103,28.06,28.06,0.5,전치·패널1,[전치] 34. 시도별 지가 변동률(평균) | 1988 24.59\
지가,2007,708,34. 시도별 지가 변동률(평균),ⅩⅢ. 물 가 및 가 계,1988 24.59\,부산,col-ko,0,0.5852,35.25,35.25,1.0,전치·패널1,[전치] 34. 시도별 지가 변동률(평균) | 1988 24.59\
지가,2007,708,34. 시도별 지가 변동률(평균),ⅩⅢ. 물 가 및 가 계,1988 24.59\,대구,col-ko,0,0.6612,38.17,38.17,0.5,전치·패널1,[전치] 34. 시도별 지가 변동률(평균) | 1988 24.59\
지가,2007,708,34. 시도별 지가 변동률(평균),ⅩⅢ. 물 가 및 가 계,1988 24.59\,인천,col-ko,0,0.7361,16.11,16.11,1.0,전치·패널1,[전치] 34. 시도별 지가 변동률(평균) | 1988 24.59\
지가,2007,708,34. 시도별 지가 변동률(평균),ⅩⅢ. 물 가 및 가 계,1988 24.59\,광주,col-ko,0,0.8131,59. 98,59.98,0.3,전치·패널1|저신뢰,[전치] 34. 시도별 지가 변동률(평균) | 1988 24.59\
지가,2007,708,34. 시도별 지가 변동률(평균),ⅩⅢ. 물 가 및 가 계,1988 24.59\,대전,col-ko,0,0.8891,16.48,16.48,1.0,전치·패널1,[전치] 34. 시도별 지가 변동률(평균) | 1988 24.59\
지가,2007,708,34. 시도별 지가 변동률(평균),ⅩⅢ. 물 가 및 가 계,1989,서울,col-ko,0,0.5103,33.54,33.54,0.5,전치·패널1,[전치] 34. 시도별 지가 변동률(평균) | 1989
지가,2007,708,34. 시도별 지가 변동률(평균),ⅩⅢ. 물 가 및 가 계,1989,부산,col-ko,0,0.5852,17.49,17.49,1.0,전치·패널1,[전치] 34. 시도별 지가 변동률(평균) | 1989
지가,2007,708,34. 시도별 지가 변동률(평균),ⅩⅢ. 물 가 및 가 계,1989,대구,col-ko,0,0.6612,35. 15,35.15,0.5,전치·패널1,[전치] 34. 시도별 지가 변동률(평균) | 1989
지가,2007,708,34. 시도별 지가 변동률(평균),ⅩⅢ. 물 가 및 가 계,1989,인천,col-ko,0,0.7361,46. 72,46.72,0.5,전치·패널1,[전치] 34. 시도별 지가 변동률(평균) | 1989
지가,2007,708,34. 시도별 지가 변동률(평균),ⅩⅢ. 물 가 및 가 계,1989,광주,col-ko,0,0.8131,42. 99,42.99,0.5,전치·패널1,[전치] 34. 시도별 지가 변동률(평균) | 1989
지가,2007,708,34. 시도별 지가 변동률(평균),ⅩⅢ. 물 가 및 가 계,1989,대전,col-ko,0,0.8891,20.83,20.83,1.0,전치·패널1,[전치] 34. 시도별 지가 변동률(평균) | 1989
지가,2007,708,34. 시도별 지가 변동률(평균),ⅩⅢ. 물 가 및 가 계,1990,서울,col-ko,0,0.5103,31. 18,31.18,0.5,전치·패널1,[전치] 34. 시도별 지가 변동률(평균) | 1990
지가,2007,708,34. 시도별 지가 변동률(평균),ⅩⅢ. 물 가 및 가 계,1990,부산,col-ko,0,0.5852,15. 82,15.82,0.5,전치·패널1,[전치] 34. 시도별 지가 변동률(평균) | 1990
지가,2007,708,34. 시도별 지가 변동률(평균),ⅩⅢ. 물 가 및 가 계,1990,인천,col-ko,0,0.7361,29. 14,29.14,0.5,전치·패널1,[전치] 34. 시도별 지가 변동률(평균) | 1990
지가,2007,708,34. 시도별 지가 변동률(평균),ⅩⅢ. 물 가 및 가 계,1990,광주,col-ko,0,0.8131,22.43,22.43,0.5,전치·패널1,[전치] 34. 시도별 지가 변동률(평균) | 1990
지가,2007,708,34. 시도별 지가 변동률(평균),ⅩⅢ. 물 가 및 가 계,1990,대전,col-ko,0,0.8891,17.89,17.89,1.0,전치·패널1,[전치] 34. 시도별 지가 변동률(평균) | 1990
지가,2007,708,34. 시도별 지가 변동률(평균),ⅩⅢ. 물 가 및 가 계,1991,서울,col-ko,0,0.5103,11. 15,11.15,0.5,전치·패널1,[전치] 34. 시도별 지가 변동률(평균) | 1991
지가,2007,708,34. 시도별 지가 변동률(평균),ⅩⅢ. 물 가 및 가 계,1991,부산,col-ko,0,0.5852,14.69,14.69,1.0,전치·패널1,[전치] 34. 시도별 지가 변동률(평균) | 1991
지가,2007,708,34. 시도별 지가 변동률(평균),ⅩⅢ. 물 가 및 가 계,1991,대구,col-ko,0,0.6612,13.74,13.74,1.0,전치·패널1,[전치] 34. 시도별 지가 변동률(평균) | 1991
지가,2007,708,34. 시도별 지가 변동률(평균),ⅩⅢ. 물 가 및 가 계,1991,인천,col-ko,0,0.7361,22. 81,22.81,0.5,전치·패널1,[전치] 34. 시도별 지가 변동률(평균) | 1991
지가,2007,708,34. 시도별 지가 변동률(평균),ⅩⅢ. 물 가 및 가 계,1991,광주,col-ko,0,0.8131,16.50,16.5,1.0,전치·패널1,[전치] 34. 시도별 지가 변동률(평균) | 1991
지가,2007,708,34. 시도별 지가 변동률(평균),ⅩⅢ. 물 가 및 가 계,1991,대전,col-ko,0,0.8891,23.25,23.25,1.0,전치·패널1,[전치] 34. 시도별 지가 변동률(평균) | 1991
지가,2007,708,34. 시도별 지가 변동률(평균),ⅩⅢ. 물 가 및 가 계,1992 - 2.78 - 1. 57,대구,col-ko,0,0.6612,-2.61,-2.61,1.0,전치·패널1,[전치] 34. 시도별 지가 변동률(평균) | 1992 - 2.78 - 1. 57
지가,2007,708,34. 시도별 지가 변동률(평균),ⅩⅢ. 물 가 및 가 계,1992 - 2.78 - 1. 57,인천,col-ko,0,0.7361,0.11,0.11,0.3,전치·패널1|저신뢰,[전치] 34. 시도별 지가 변동률(평균) | 1992 - 2.78 - 1. 57
지가,2007,708,34. 시도별 지가 변동률(평균),ⅩⅢ. 물 가 및 가 계,1992 - 2.78 - 1. 57,대전,col-ko,0,0.8891,-9.35,-9.35,1.0,전치·패널1,[전치] 34. 시도별 지가 변동률(평균) | 1992 - 2.78 - 1. 57
지가,2007,708,34. 시도별 지가 변동률(평균),ⅩⅢ. 물 가 및 가 계,1993,서울,col-ko,0,0.5103,-8.72,-8.72,0.5,전치·패널1,[전치] 34. 시도별 지가 변동률(평균) | 1993
지가,2007,708,34. 시도별 지가 변동률(평균),ⅩⅢ. 물 가 및 가 계,1993,부산,col-ko,0,0.5852,-6.77,-6.77,1.0,전치·패널1,[전치] 34. 시도별 지가 변동률(평균) | 1993
지가,2007,708,34. 시도별 지가 변동률(평균),ⅩⅢ. 물 가 및 가 계,1993,인천,col-ko,0,0.7361,-6.62,-6.62,1.0,전치·패널1,[전치] 34. 시도별 지가 변동률(평균) | 1993
지가,2007,708,34. 시도별 지가 변동률(평균),ⅩⅢ. 물 가 및 가 계,1993,광주,col-ko,0,0.8131,-6.36,-6.36,0.5,전치·패널1,[전치] 34. 시도별 지가 변동률(평균) | 1993
지가,2007,708,34. 시도별 지가 변동률(평균),ⅩⅢ. 물 가 및 가 계,1993,대전,col-ko,0,0.8891,-7.81,-7.81,1.0,전치·패널1,[전치] 34. 시도별 지가 변동률(평균) | 1993
지가,2007,708,34. 시도별 지가 변동률(평균),ⅩⅢ. 물 가 및 가 계,1994 - 0. 83 - 1. 36,부산,col-ko,0,0.5852,-0.35,-0.35,1.0,전치·패널1,[전치] 34. 시도별 지가 변동률(평균) | 1994 - 0. 83 - 1. 36
지가,2007,708,34. 시도별 지가 변동률(평균),ⅩⅢ. 물 가 및 가 계,1994 - 0. 83 - 1. 36,대구,col-ko,0,0.6612,0. 87,0.87,1.0,전치·패널1,[전치] 34. 시도별 지가 변동률(평균) | 1994 - 0. 83 - 1. 36
지가,2007,708,34. 시도별 지가 변동률(평균),ⅩⅢ. 물 가 및 가 계,1994 - 0. 83 - 1. 36,인천,col-ko,0,0.7361,0.07,0.07,1.0,전치·패널1,[전치] 34. 시도별 지가 변동률(평균) | 1994 - 0. 83 - 1. 36
지가,2007,708,34. 시도별 지가 변동률(평균),ⅩⅢ. 물 가 및 가 계,1994 - 0. 83 - 1. 36,대전,col-ko,0,0.8891,-0.59,-0.59,1.0,전치·패널1,[전치] 34. 시도별 지가 변동률(평균) | 1994 - 0. 83 - 1. 36
지가,2007,708,34. 시도별 지가 변동률(평균),ⅩⅢ. 물 가 및 가 계,1995,서울,col-ko,0,0.5103,0.18,0.18,1.0,전치·패널1,[전치] 34. 시도별 지가 변동률(평균) | 1995
지가,2007,708,34. 시도별 지가 변동률(평균),ⅩⅢ. 물 가 및 가 계,1995,부산,col-ko,0,0.5852,0. 14,0.14,0.5,전치·패널1,[전치] 34. 시도별 지가 변동률(평균) | 1995
지가,2007,708,34. 시도별 지가 변동률(평균),ⅩⅢ. 물 가 및 가 계,1995,대구,col-ko,0,0.6612,1.27,1.27,1.0,전치·패널1,[전치] 34. 시도별 지가 변동률(평균) | 1995
지가,2007,708,34. 시도별 지가 변동률(평균),ⅩⅢ. 물 가 및 가 계,1995,인천,col-ko,0,0.7361,0.58,0.58,1.0,전치·패널1,[전치] 34. 시도별 지가 변동률(평균) | 1995
지가,2007,708,34. 시도별 지가 변동률(평균),ⅩⅢ. 물 가 및 가 계,1995,광주,col-ko,0,0.8131,1.44,1.44,1.0,전치·패널1,[전치] 34. 시도별 지가 변동률(평균) | 1995
지가,2007,708,34. 시도별 지가 변동률(평균),ⅩⅢ. 물 가 및 가 계,1995,대전,col-ko,0,0.8891,-0.47,-0.47,1.0,전치·패널1,[전치] 34. 시도별 지가 변동률(평균) | 1995
지가,2007,708,34. 시도별 지가 변동률(평균),ⅩⅢ. 물 가 및 가 계,1996,서울,col-ko,0,0.5103,0. 94,0.94,0.5,전치·패널1,[전치] 34. 시도별 지가 변동률(평균) | 1996
지가,2007,708,34. 시도별 지가 변동률(평균),ⅩⅢ. 물 가 및 가 계,1996,부산,col-ko,0,0.5852,0. 40,0.4,0.5,전치·패널1,[전치] 34. 시도별 지가 변동률(평균) | 1996
지가,2007,708,34. 시도별 지가 변동률(평균),ⅩⅢ. 물 가 및 가 계,1996,대구,col-ko,0,0.6612,1.09,1.09,1.0,전치·패널1,[전치] 34. 시도별 지가 변동률(평균) | 1996
지가,2007,708,34. 시도별 지가 변동률(평균),ⅩⅢ. 물 가 및 가 계,1996,인천,col-ko,0,0.7361,0.78,0.78,1.0,전치·패널1,[전치] 34. 시도별 지가 변동률(평균) | 1996
지가,2007,708,34. 시도별 지가 변동률(평균),ⅩⅢ. 물 가 및 가 계,1996,광주,col-ko,0,0.8131,1.16,1.16,0.3,전치·패널1|저신뢰,[전치] 34. 시도별 지가 변동률(평균) | 1996
지가,2007,708,34. 시도별 지가 변동률(평균),ⅩⅢ. 물 가 및 가 계,1996,대전,col-ko,0,0.8891,0. 16,0.16,0.5,전치·패널1,[전치] 34. 시도별 지가 변동률(평균) | 1996
지가,2007,708,34. 시도별 지가 변동률(평균),ⅩⅢ. 물 가 및 가 계,1997,서울,col-ko,0,0.5103,0.29,0.29,1.0,전치·패널1,[전치] 34. 시도별 지가 변동률(평균) | 1997
지가,2007,708,34. 시도별 지가 변동률(평균),ⅩⅢ. 물 가 및 가 계,1997,대구,col-ko,0,0.6612,-0. 71,-0.71,0.3,전치·패널1|저신뢰,[전치] 34. 시도별 지가 변동률(평균) | 1997
지가,2007,708,34. 시도별 지가 변동률(평균),ⅩⅢ. 물 가 및 가 계,1997,인천,col-ko,0,0.7361,0.28,0.28,0.5,전치·패널1,[전치] 34. 시도별 지가 변동률(평균) | 1997
지가,2007,708,34. 시도별 지가 변동률(평균),ⅩⅢ. 물 가 및 가 계,1997,광주,col-ko,0,0.8131,0. 67,0.67,1.0,전치·패널1,[전치] 34. 시도별 지가 변동률(평균) | 1997
지가,2007,708,34. 시도별 지가 변동률(평균),ⅩⅢ. 물 가 및 가 계,1997,대전,col-ko,0,0.8891,0. 12,0.12,1.0,전치·패널1,[전치] 34. 시도별 지가 변동률(평균) | 1997
지가,2007,708,34. 시도별 지가 변동률(평균),ⅩⅢ. 물 가 및 가 계,1998 - 15.33 - 12. 15 - 8. 85,서울,col-ko,0,0.5103,-16.25,-16.25,0.5,전치·패널1,[전치] 34. 시도별 지가 변동률(평균) | 1998 - 15.33 - 12. 15 - 8. 85
지가,2007,708,34. 시도별 지가 변동률(평균),ⅩⅢ. 물 가 및 가 계,1999,서울,col-ko,0,0.5103,2.66,2.66,1.0,전치·패널1,[전치] 34. 시도별 지가 변동률(평균) | 1999
지가,2007,708,34. 시도별 지가 변동률(평균),ⅩⅢ. 물 가 및 가 계,1999,부산,col-ko,0,0.5852,1.24,1.24,1.0,전치·패널1,[전치] 34. 시도별 지가 변동률(평균) | 1999
지가,2007,708,34. 시도별 지가 변동률(평균),ⅩⅢ. 물 가 및 가 계,1999,대구,col-ko,0,0.6612,1.93,1.93,0.5,전치·패널1,[전치] 34. 시도별 지가 변동률(평균) | 1999
지가,2007,708,34. 시도별 지가 변동률(평균),ⅩⅢ. 물 가 및 가 계,1999,인천,col-ko,0,0.7361,3.51,3.51,1.0,전치·패널1,[전치] 34. 시도별 지가 변동률(평균) | 1999
지가,2007,708,34. 시도별 지가 변동률(평균),ⅩⅢ. 물 가 및 가 계,1999,광주,col-ko,0,0.8131,1.30,1.3,0.5,전치·패널1,[전치] 34. 시도별 지가 변동률(평균) | 1999
지가,2007,708,34. 시도별 지가 변동률(평균),ⅩⅢ. 물 가 및 가 계,1999,대전,col-ko,0,0.8891,0. 38,0.38,1.0,전치·패널1,[전치] 34. 시도별 지가 변동률(평균) | 1999
지가,2007,708,34. 시도별 지가 변동률(평균),ⅩⅢ. 물 가 및 가 계,2000,서울,col-ko,0,0.5103,0. 05,0.05,1.0,전치·패널1,[전치] 34. 시도별 지가 변동률(평균) | 2000
지가,2007,708,34. 시도별 지가 변동률(평균),ⅩⅢ. 물 가 및 가 계,2000,인천,col-ko,0,0.7361,1.07,1.07,1.0,전치·패널1,[전치] 34. 시도별 지가 변동률(평균) | 2000
지가,2007,708,34. 시도별 지가 변동률(평균),ⅩⅢ. 물 가 및 가 계,2000,광주,col-ko,0,0.8131,-0. 31,-0.31,1.0,전치·패널1,[전치] 34. 시도별 지가 변동률(평균) | 2000
지가,2007,708,34. 시도별 지가 변동률(평균),ⅩⅢ. 물 가 및 가 계,2001,서울,col-ko,0,0.5103,1. 89,1.89,0.5,전치·패널1,[전치] 34. 시도별 지가 변동률(평균) | 2001
지가,2007,708,34. 시도별 지가 변동률(평균),ⅩⅢ. 물 가 및 가 계,2001,부산,col-ko,0,0.5852,0. 49,0.49,0.5,전치·패널1,[전치] 34. 시도별 지가 변동률(평균) | 2001
지가,2007,708,34. 시도별 지가 변동률(평균),ⅩⅢ. 물 가 및 가 계,2001,대구,col-ko,0,0.6612,0. 42,0.42,0.5,전치·패널1,[전치] 34. 시도별 지가 변동률(평균) | 2001
지가,2007,708,34. 시도별 지가 변동률(평균),ⅩⅢ. 물 가 및 가 계,2001,광주,col-ko,0,0.8131,-0. 37,-0.37,0.5,전치·패널1,[전치] 34. 시도별 지가 변동률(평균) | 2001
지가,2007,708,34. 시도별 지가 변동률(평균),ⅩⅢ. 물 가 및 가 계,2001,대전,col-ko,0,0.8891,1. 00,1.0,0.5,전치·패널1,[전치] 34. 시도별 지가 변동률(평균) | 2001
지가,2007,708,34. 시도별 지가 변동률(평균),ⅩⅢ. 물 가 및 가 계,2002,서울,col-ko,0,0.5103,15. 81,15.81,0.5,전치·패널1,[전치] 34. 시도별 지가 변동률(평균) | 2002
지가,2007,708,34. 시도별 지가 변동률(평균),ⅩⅢ. 물 가 및 가 계,2002,부산,col-ko,0,0.5852,3.28,3.28,1.0,전치·패널1,[전치] 34. 시도별 지가 변동률(평균) | 2002
지가,2007,708,34. 시도별 지가 변동률(평균),ⅩⅢ. 물 가 및 가 계,2002,대구,col-ko,0,0.6612,2. 09,2.09,0.5,전치·패널1,[전치] 34. 시도별 지가 변동률(평균) | 2002
지가,2007,708,34. 시도별 지가 변동률(평균),ⅩⅢ. 물 가 및 가 계,2002,인천,col-ko,0,0.7361,11.51,11.51,1.0,전치·패널1,[전치] 34. 시도별 지가 변동률(평균) | 2002
지가,2007,708,34. 시도별 지가 변동률(평균),ⅩⅢ. 물 가 및 가 계,2002,광주,col-ko,0,0.8131,1.03,1.03,1.0,전치·패널1,[전치] 34. 시도별 지가 변동률(평균) | 2002
지가,2007,708,34. 시도별 지가 변동률(평균),ⅩⅢ. 물 가 및 가 계,2002,대전,col-ko,0,0.8891,3. 24,3.24,1.0,전치·패널1,[전치] 34. 시도별 지가 변동률(평균) | 2002
지가,2007,708,34. 시도별 지가 변동률(평균),ⅩⅢ. 물 가 및 가 계,203 3.거1,서울,col-ko,0,0.5103,5.23,5.23,1.0,전치·패널1,[전치] 34. 시도별 지가 변동률(평균) | 203 3.거1
지가,2007,708,34. 시도별 지가 변동률(평균),ⅩⅢ. 물 가 및 가 계,203 3.거1,부산,col-ko,0,0.5852,1. 09,1.09,0.5,전치·패널1,[전치] 34. 시도별 지가 변동률(평균) | 203 3.거1
지가,2007,708,34. 시도별 지가 변동률(평균),ⅩⅢ. 물 가 및 가 계,203 3.거1,대구,col-ko,0,0.6612,1.54,1.54,1.0,전치·패널1,[전치] 34. 시도별 지가 변동률(평균) | 203 3.거1
지가,2007,708,34. 시도별 지가 변동률(평균),ⅩⅢ. 물 가 및 가 계,203 3.거1,인천,col-ko,0,0.7361,2.50,2.5,1.0,전치·패널1,[전치] 34. 시도별 지가 변동률(평균) | 203 3.거1
지가,2007,708,34. 시도별 지가 변동률(평균),ⅩⅢ. 물 가 및 가 계,203 3.거1,광주,col-ko,0,0.8131,0.91,0.91,0.5,전치·패널1,[전치] 34. 시도별 지가 변동률(평균) | 203 3.거1
지가,2007,708,34. 시도별 지가 변동률(평균),ⅩⅢ. 물 가 및 가 계,203 3.거1,대전,col-ko,0,0.8891,5. 47,5.47,0.5,전치·패널1,[전치] 34. 시도별 지가 변동률(평균) | 203 3.거1
지가,2007,708,34. 시도별 지가 변동률(평균),ⅩⅢ. 물 가 및 가 계,2004,서울,col-ko,0,0.5103,4. 09,4.09,1.0,전치·패널1,[전치] 34. 시도별 지가 변동률(평균) | 2004
지가,2007,708,34. 시도별 지가 변동률(평균),ⅩⅢ. 물 가 및 가 계,2004,부산,col-ko,0,0.5852,0. 89,0.89,0.5,전치·패널1,[전치] 34. 시도별 지가 변동률(평균) | 2004
지가,2007,708,34. 시도별 지가 변동률(평균),ⅩⅢ. 물 가 및 가 계,2004,대구,col-ko,0,0.6612,1.58,1.58,0.5,전치·패널1,[전치] 34. 시도별 지가 변동률(평균) | 2004
지가,2007,708,34. 시도별 지가 변동률(평균),ⅩⅢ. 물 가 및 가 계,2004,인천,col-ko,0,0.7361,4. 32,4.32,1.0,전치·패널1,[전치] 34. 시도별 지가 변동률(평균) | 2004
지가,2007,708,34. 시도별 지가 변동률(평균),ⅩⅢ. 물 가 및 가 계,2004,광주,col-ko,0,0.8131,0.68,0.68,1.0,전치·패널1,[전치] 34. 시도별 지가 변동률(평균) | 2004
지가,2007,708,34. 시도별 지가 변동률(평균),ⅩⅢ. 물 가 및 가 계,2004,대전,col-ko,0,0.8891,2.25,2.25,0.3,전치·패널1|저신뢰,[전치] 34. 시도별 지가 변동률(평균) | 2004
지가,2007,708,34. 시도별 지가 변동률(평균),ⅩⅢ. 물 가 및 가 계,2005,서울,col-ko,0,0.5103,6.56,6.56,1.0,전치·패널1,[전치] 34. 시도별 지가 변동률(평균) | 2005
지가,2007,708,34. 시도별 지가 변동률(평균),ⅩⅢ. 물 가 및 가 계,2005,부산,col-ko,0,0.5852,1.86,1.86,0.5,전치·패널1,[전치] 34. 시도별 지가 변동률(평균) | 2005
지가,2007,708,34. 시도별 지가 변동률(평균),ⅩⅢ. 물 가 및 가 계,2005,대구,col-ko,0,0.6612,3.32,3.32,0.5,전치·패널1,[전치] 34. 시도별 지가 변동률(평균) | 2005
지가,2007,708,34. 시도별 지가 변동률(평균),ⅩⅢ. 물 가 및 가 계,2005,인천,col-ko,0,0.7361,4. 94,4.94,1.0,전치·패널1,[전치] 34. 시도별 지가 변동률(평균) | 2005
지가,2007,708,34. 시도별 지가 변동률(평균),ⅩⅢ. 물 가 및 가 계,2005,광주,col-ko,0,0.8131,1.87,1.87,1.0,전치·패널1,[전치] 34. 시도별 지가 변동률(평균) | 2005
지가,2007,708,34. 시도별 지가 변동률(평균),ⅩⅢ. 물 가 및 가 계,2005,대전,col-ko,0,0.8891,6. 80,6.8,1.0,전치·패널1,[전치] 34. 시도별 지가 변동률(평균) | 2005
지가,2007,708,34. 시도별 지가 변동률(평균),ⅩⅢ. 물 가 및 가 계,2006,서울,col-ko,0,0.5103,9. 17,9.17,1.0,전치·패널1,[전치] 34. 시도별 지가 변동률(평균) | 2006
지가,2007,708,34. 시도별 지가 변동률(평균),ⅩⅢ. 물 가 및 가 계,2006,부산,col-ko,0,0.5852,2. 50,2.5,0.5,전치·패널1,[전치] 34. 시도별 지가 변동률(평균) | 2006
지가,2007,708,34. 시도별 지가 변동률(평균),ⅩⅢ. 물 가 및 가 계,2006,대구,col-ko,0,0.6612,4. 19,4.19,1.0,전치·패널1,[전치] 34. 시도별 지가 변동률(평균) | 2006
지가,2007,708,34. 시도별 지가 변동률(평균),ⅩⅢ. 물 가 및 가 계,2006,인천,col-ko,0,0.7361,5. 58,5.58,0.5,전치·패널1,[전치] 34. 시도별 지가 변동률(평균) | 2006
지가,2007,708,34. 시도별 지가 변동률(평균),ⅩⅢ. 물 가 및 가 계,2006,광주,col-ko,0,0.8131,1.44,1.44,0.5,전치·패널1,[전치] 34. 시도별 지가 변동률(평균) | 2006
지가,2007,708,34. 시도별 지가 변동률(평균),ⅩⅢ. 물 가 및 가 계,2006,대전,col-ko,0,0.8891,4. 15,4.15,0.5,전치·패널1,[전치] 34. 시도별 지가 변동률(평균) | 2006
지가,2007,708,34. 시도별 지가 변동률(평균),ⅩⅢ. 물 가 및 가 계,1985 :,전북,col-ko,0,0.5852,4. 00,4.0,0.5,전치·패널2,[전치] 1985 :
지가,2007,708,34. 시도별 지가 변동률(평균),ⅩⅢ. 물 가 및 가 계,1985 :,전남,col-ko,0,0.6602,2.80,2.8,1.0,전치·패널2,[전치] 1985 :
지가,2007,708,34. 시도별 지가 변동률(평균),ⅩⅢ. 물 가 및 가 계,1985 :,경북,col-ko,0,0.7382,4. 10,4.1,1.0,전치·패널2,[전치] 1985 :
지가,2007,708,34. 시도별 지가 변동률(평균),ⅩⅢ. 물 가 및 가 계,1985 :,경남,col-ko,0,0.8121,5.70,5.7,0.5,전치·패널2,[전치] 1985 :
지가,2007,708,34. 시도별 지가 변동률(평균),ⅩⅢ. 물 가 및 가 계,1985 :,제주,col-ko,0,0.8881,3.50,3.5,0.3,전치·패널2|저신뢰,[전치] 1985 :
지가,2007,708,34. 시도별 지가 변동률(평균),ⅩⅢ. 물 가 및 가 계,1986,전북,col-ko,0,0.5852,4. 30,4.3,0.5,전치·패널2,[전치] 1986
지가,2007,708,34. 시도별 지가 변동률(평균),ⅩⅢ. 물 가 및 가 계,1986,전남,col-ko,0,0.6602,5. 10,5.1,0.5,전치·패널2,[전치] 1986
지가,2007,708,34. 시도별 지가 변동률(평균),ⅩⅢ. 물 가 및 가 계,1986,경북,col-ko,0,0.7382,6.30,6.3,1.0,전치·패널2,[전치] 1986
지가,2007,708,34. 시도별 지가 변동률(평균),ⅩⅢ. 물 가 및 가 계,1986,경남,col-ko,0,0.8121,4. 70,4.7,1.0,전치·패널2,[전치] 1986
지가,2007,708,34. 시도별 지가 변동률(평균),ⅩⅢ. 물 가 및 가 계,1986,제주,col-ko,0,0.8881,7.20,7.2,1.0,전치·패널2,[전치] 1986
지가,2007,708,34. 시도별 지가 변동률(평균),ⅩⅢ. 물 가 및 가 계,1987,충남,col-ko,0,0.5092,6. 18,6.18,1.0,전치·패널2,[전치] 1987
지가,2007,708,34. 시도별 지가 변동률(평균),ⅩⅢ. 물 가 및 가 계,1987,전북,col-ko,0,0.5852,15. 12,15.12,0.5,전치·패널2,[전치] 1987
지가,2007,708,34. 시도별 지가 변동률(평균),ⅩⅢ. 물 가 및 가 계,1987,전남,col-ko,0,0.6602,13. 60,13.6,0.5,전치·패널2,[전치] 1987
지가,2007,708,34. 시도별 지가 변동률(평균),ⅩⅢ. 물 가 및 가 계,1987,경북,col-ko,0,0.7382,16.65,16.65,1.0,전치·패널2,[전치] 1987
지가,2007,708,34. 시도별 지가 변동률(평균),ⅩⅢ. 물 가 및 가 계,1987,경남,col-ko,0,0.8121,48. 25,48.25,1.0,전치·패널2,[전치] 1987
지가,2007,708,34. 시도별 지가 변동률(평균),ⅩⅢ. 물 가 및 가 계,1987,제주,col-ko,0,0.8881,9.13,9.13,0.5,전치·패널2,[전치] 1987
지가,2007,708,34. 시도별 지가 변동률(평균),ⅩⅢ. 물 가 및 가 계,1988 ...,전북,col-ko,0,0.5852,27.07,27.07,1.0,전치·패널2,[전치] 1988 ...
지가,2007,708,34. 시도별 지가 변동률(평균),ⅩⅢ. 물 가 및 가 계,1988 ...,전남,col-ko,0,0.6602,32. 54,32.54,0.5,전치·패널2,[전치] 1988 ...
지가,2007,708,34. 시도별 지가 변동률(평균),ⅩⅢ. 물 가 및 가 계,1988 ...,경북,col-ko,0,0.7382,22. 64,22.64,0.5,전치·패널2,[전치] 1988 ...
지가,2007,708,34. 시도별 지가 변동률(평균),ⅩⅢ. 물 가 및 가 계,1988 ...,경남,col-ko,0,0.8121,28.72,28.72,0.5,전치·패널2,[전치] 1988 ...
지가,2007,708,34. 시도별 지가 변동률(평균),ⅩⅢ. 물 가 및 가 계,1988 ...,제주,col-ko,0,0.8881,31.23,31.23,0.5,전치·패널2,[전치] 1988 ...
지가,2007,708,34. 시도별 지가 변동률(평균),ⅩⅢ. 물 가 및 가 계,1989,전북,col-ko,0,0.5852,29. 68,29.68,1.0,전치·패널2,[전치] 1989
지가,2007,708,34. 시도별 지가 변동률(평균),ⅩⅢ. 물 가 및 가 계,1989,전남,col-ko,0,0.6602,38. 38,38.38,0.5,전치·패널2,[전치] 1989
지가,2007,708,34. 시도별 지가 변동률(평균),ⅩⅢ. 물 가 및 가 계,1989,경북,col-ko,0,0.7382,19. 80,19.8,0.5,전치·패널2,[전치] 1989
지가,2007,708,34. 시도별 지가 변동률(평균),ⅩⅢ. 물 가 및 가 계,1989,경남,col-ko,0,0.8121,17.25,17.25,0.5,전치·패널2,[전치] 1989
지가,2007,708,34. 시도별 지가 변동률(평균),ⅩⅢ. 물 가 및 가 계,1989,제주,col-ko,0,0.8881,41. 90,41.9,0.5,전치·패널2,[전치] 1989
지가,2007,708,34. 시도별 지가 변동률(평균),ⅩⅢ. 물 가 및 가 계,1990,전북,col-ko,0,0.5852,10.84,10.84,1.0,전치·패널2,[전치] 1990
지가,2007,708,34. 시도별 지가 변동률(평균),ⅩⅢ. 물 가 및 가 계,1990,전남,col-ko,0,0.6602,9.54,9.54,1.0,전치·패널2,[전치] 1990
지가,2007,708,34. 시도별 지가 변동률(평균),ⅩⅢ. 물 가 및 가 계,1990,경북,col-ko,0,0.7382,13.32,13.32,0.5,전치·패널2,[전치] 1990
지가,2007,708,34. 시도별 지가 변동률(평균),ⅩⅢ. 물 가 및 가 계,1990,경남,col-ko,0,0.8121,12.80,12.8,0.5,전치·패널2,[전치] 1990
지가,2007,708,34. 시도별 지가 변동률(평균),ⅩⅢ. 물 가 및 가 계,1990,제주,col-ko,0,0.8881,8.45,8.45,1.0,전치·패널2,[전치] 1990
지가,2007,708,34. 시도별 지가 변동률(평균),ⅩⅢ. 물 가 및 가 계,1991,전북,col-ko,0,0.5852,9.40,9.4,1.0,전치·패널2,[전치] 1991
지가,2007,708,34. 시도별 지가 변동률(평균),ⅩⅢ. 물 가 및 가 계,1991,전남,col-ko,0,0.6602,4.50,4.5,1.0,전치·패널2,[전치] 1991
지가,2007,708,34. 시도별 지가 변동률(평균),ⅩⅢ. 물 가 및 가 계,1991,경북,col-ko,0,0.7382,9.11,9.11,0.5,전치·패널2,[전치] 1991
지가,2007,708,34. 시도별 지가 변동률(평균),ⅩⅢ. 물 가 및 가 계,1991,경남,col-ko,0,0.8121,14.47,14.47,1.0,전치·패널2,[전치] 1991
지가,2007,708,34. 시도별 지가 변동률(평균),ⅩⅢ. 물 가 및 가 계,1991,제주,col-ko,0,0.8881,10.43,10.43,1.0,전치·패널2,[전치] 1991
지가,2007,708,34. 시도별 지가 변동률(평균),ⅩⅢ. 물 가 및 가 계,1992,전북,col-ko,0,0.5852,1.64,1.64,1.0,전치·패널2,[전치] 1992
지가,2007,708,34. 시도별 지가 변동률(평균),ⅩⅢ. 물 가 및 가 계,1992,전남,col-ko,0,0.6602,-0. 12,-0.12,1.0,전치·패널2,[전치] 1992
지가,2007,708,34. 시도별 지가 변동률(평균),ⅩⅢ. 물 가 및 가 계,1992,경북,col-ko,0,0.7382,-0. 26,-0.26,0.5,전치·패널2,[전치] 1992
지가,2007,708,34. 시도별 지가 변동률(평균),ⅩⅢ. 물 가 및 가 계,1992,경남,col-ko,0,0.8121,0. 18,0.18,0.5,전치·패널2,[전치] 1992
지가,2007,708,34. 시도별 지가 변동률(평균),ⅩⅢ. 물 가 및 가 계,1992,제주,col-ko,0,0.8881,0.26,0.26,1.0,전치·패널2,[전치] 1992
지가,2007,708,34. 시도별 지가 변동률(평균),ⅩⅢ. 물 가 및 가 계,1993,전북,col-ko,0,0.5852,-5. 94,-5.94,0.3,전치·패널2|저신뢰,[전치] 1993
지가,2007,708,34. 시도별 지가 변동률(평균),ⅩⅢ. 물 가 및 가 계,1993,전남,col-ko,0,0.6602,-5.53,-5.53,0.5,전치·패널2,[전치] 1993
지가,2007,708,34. 시도별 지가 변동률(평균),ⅩⅢ. 물 가 및 가 계,1993,경북,col-ko,0,0.7382,-6.57,-6.57,1.0,전치·패널2,[전치] 1993
지가,2007,708,34. 시도별 지가 변동률(평균),ⅩⅢ. 물 가 및 가 계,1993,경남,col-ko,0,0.8121,-6.59,-6.59,1.0,전치·패널2,[전치] 1993
지가,2007,708,34. 시도별 지가 변동률(평균),ⅩⅢ. 물 가 및 가 계,1993,제주,col-ko,0,0.8881,-8.70,-8.7,1.0,전치·패널2,[전치] 1993
지가,2007,708,34. 시도별 지가 변동률(평균),ⅩⅢ. 물 가 및 가 계,1994,전북,col-ko,0,0.5852,-0.60,-0.6,1.0,전치·패널2,[전치] 1994
지가,2007,708,34. 시도별 지가 변동률(평균),ⅩⅢ. 물 가 및 가 계,1994,전남,col-ko,0,0.6602,-0. 54,-0.54,0.5,전치·패널2,[전치] 1994
지가,2007,708,34. 시도별 지가 변동률(평균),ⅩⅢ. 물 가 및 가 계,1994,경북,col-ko,0,0.7382,0.63,0.63,1.0,전치·패널2,[전치] 1994
지가,2007,708,34. 시도별 지가 변동률(평균),ⅩⅢ. 물 가 및 가 계,1994,경남,col-ko,0,0.8121,-0.64,-0.64,1.0,전치·패널2,[전치] 1994
지가,2007,708,34. 시도별 지가 변동률(평균),ⅩⅢ. 물 가 및 가 계,1994,제주,col-ko,0,0.8881,-0.39,-0.39,0.5,전치·패널2,[전치] 1994
지가,2007,708,34. 시도별 지가 변동률(평균),ⅩⅢ. 물 가 및 가 계,1995,전북,col-ko,0,0.5852,0.48,0.48,1.0,전치·패널2,[전치] 1995
지가,2007,708,34. 시도별 지가 변동률(평균),ⅩⅢ. 물 가 및 가 계,1995,전남,col-ko,0,0.6602,0. 20,0.2,1.0,전치·패널2,[전치] 1995
지가,2007,708,34. 시도별 지가 변동률(평균),ⅩⅢ. 물 가 및 가 계,1995,경북,col-ko,0,0.7382,0. 72,0.72,0.3,전치·패널2|저신뢰,[전치] 1995
지가,2007,708,34. 시도별 지가 변동률(평균),ⅩⅢ. 물 가 및 가 계,1995,경남,col-ko,0,0.8121,0.56,0.56,0.5,전치·패널2,[전치] 1995
지가,2007,708,34. 시도별 지가 변동률(평균),ⅩⅢ. 물 가 및 가 계,1995,제주,col-ko,0,0.8881,-0.15,-0.15,0.5,전치·패널2,[전치] 1995
지가,2007,708,34. 시도별 지가 변동률(평균),ⅩⅢ. 물 가 및 가 계,1996,전북,col-ko,0,0.5852,1.13,1.13,1.0,전치·패널2,[전치] 1996
지가,2007,708,34. 시도별 지가 변동률(평균),ⅩⅢ. 물 가 및 가 계,1996,전남,col-ko,0,0.6602,0.83,0.83,1.0,전치·패널2,[전치] 1996
지가,2007,708,34. 시도별 지가 변동률(평균),ⅩⅢ. 물 가 및 가 계,1996,경북,col-ko,0,0.7382,1.25,1.25,1.0,전치·패널2,[전치] 1996
지가,2007,708,34. 시도별 지가 변동률(평균),ⅩⅢ. 물 가 및 가 계,1996,경남,col-ko,0,0.8121,0.98,0.98,1.0,전치·패널2,[전치] 1996
지가,2007,708,34. 시도별 지가 변동률(평균),ⅩⅢ. 물 가 및 가 계,1996,제주,col-ko,0,0.8881,0.30,0.3,1.0,전치·패널2,[전치] 1996
지가,2007,708,34. 시도별 지가 변동률(평균),ⅩⅢ. 물 가 및 가 계,1997,울산,col-ko,0,0.2064,0.03,0.03,1.0,전치·패널2,[전치] 1997
지가,2007,708,34. 시도별 지가 변동률(평균),ⅩⅢ. 물 가 및 가 계,1997,전북,col-ko,0,0.5852,0.57,0.57,1.0,전치·패널2,[전치] 1997
지가,2007,708,34. 시도별 지가 변동률(평균),ⅩⅢ. 물 가 및 가 계,1997,전남,col-ko,0,0.6602,0.69,0.69,1.0,전치·패널2,[전치] 1997
지가,2007,708,34. 시도별 지가 변동률(평균),ⅩⅢ. 물 가 및 가 계,1997,경북,col-ko,0,0.7382,0. 38,0.38,0.5,전치·패널2,[전치] 1997
지가,2007,708,34. 시도별 지가 변동률(평균),ⅩⅢ. 물 가 및 가 계,1997,경남,col-ko,0,0.8121,0. 26,0.26,0.5,전치·패널2,[전치] 1997
지가,2007,708,34. 시도별 지가 변동률(평균),ⅩⅢ. 물 가 및 가 계,1997,제주,col-ko,0,0.8881,0.38,0.38,0.5,전치·패널2,[전치] 1997
지가,2007,708,34. 시도별 지가 변동률(평균),ⅩⅢ. 물 가 및 가 계,1998,울산,col-ko,0,0.2064,-13.54,-13.54,0.3,전치·패널2|저신뢰,[전치] 1998
지가,2007,708,34. 시도별 지가 변동률(평균),ⅩⅢ. 물 가 및 가 계,1998,전북,col-ko,0,0.5852,-5.60,-5.6,0.5,전치·패널2,[전치] 1998
지가,2007,708,34. 시도별 지가 변동률(평균),ⅩⅢ. 물 가 및 가 계,1998,전남,col-ko,0,0.6602,-6. 96,-6.96,1.0,전치·패널2,[전치] 1998
지가,2007,708,34. 시도별 지가 변동률(평균),ⅩⅢ. 물 가 및 가 계,1998,제주,col-ko,0,0.8881,-8. 13,-8.13,0.5,전치·패널2,[전치] 1998
지가,2007,708,34. 시도별 지가 변동률(평균),ⅩⅢ. 물 가 및 가 계,1999,울산,col-ko,0,0.2064,1.50,1.5,1.0,전치·패널2,[전치] 1999
지가,2007,708,34. 시도별 지가 변동률(평균),ⅩⅢ. 물 가 및 가 계,1999,전북,col-ko,0,0.5852,2.17,2.17,1.0,전치·패널2,[전치] 1999
지가,2007,708,34. 시도별 지가 변동률(평균),ⅩⅢ. 물 가 및 가 계,1999,전남,col-ko,0,0.6602,4. 50,4.5,0.5,전치·패널2,[전치] 1999
지가,2007,708,34. 시도별 지가 변동률(평균),ⅩⅢ. 물 가 및 가 계,1999,경북,col-ko,0,0.7382,2.73,2.73,1.0,전치·패널2,[전치] 1999
지가,2007,708,34. 시도별 지가 변동률(평균),ⅩⅢ. 물 가 및 가 계,1999,경남,col-ko,0,0.8121,2.21,2.21,1.0,전치·패널2,[전치] 1999
지가,2007,708,34. 시도별 지가 변동률(평균),ⅩⅢ. 물 가 및 가 계,1999,제주,col-ko,0,0.8881,6.82,6.82,1.0,전치·패널2,[전치] 1999
지가,2007,708,34. 시도별 지가 변동률(평균),ⅩⅢ. 물 가 및 가 계,2000,울산,col-ko,0,0.2064,-0.26,-0.26,1.0,전치·패널2,[전치] 2000
지가,2007,708,34. 시도별 지가 변동률(평균),ⅩⅢ. 물 가 및 가 계,2000,전북,col-ko,0,0.5852,1.13,1.13,0.3,전치·패널2|저신뢰,[전치] 2000
지가,2007,708,34. 시도별 지가 변동률(평균),ⅩⅢ. 물 가 및 가 계,2000,전남,col-ko,0,0.6602,1. 94,1.94,0.5,전치·패널2,[전치] 2000
지가,2007,708,34. 시도별 지가 변동률(평균),ⅩⅢ. 물 가 및 가 계,2000,경북,col-ko,0,0.7382,0.72,0.72,0.5,전치·패널2,[전치] 2000
지가,2007,708,34. 시도별 지가 변동률(평균),ⅩⅢ. 물 가 및 가 계,2000,경남,col-ko,0,0.8121,1. 15,1.15,1.0,전치·패널2,[전치] 2000
지가,2007,708,34. 시도별 지가 변동률(평균),ⅩⅢ. 물 가 및 가 계,2000,제주,col-ko,0,0.8881,2.18,2.18,0.5,전치·패널2,[전치] 2000
지가,2007,708,34. 시도별 지가 변동률(평균),ⅩⅢ. 물 가 및 가 계,2001,울산,col-ko,0,0.2064,0.38,0.38,0.5,전치·패널2,[전치] 2001
지가,2007,708,34. 시도별 지가 변동률(평균),ⅩⅢ. 물 가 및 가 계,2001,전북,col-ko,0,0.5852,-0. 13,-0.13,0.5,전치·패널2,[전치] 2001
지가,2007,708,34. 시도별 지가 변동률(평균),ⅩⅢ. 물 가 및 가 계,2001,전남,col-ko,0,0.6602,0.35,0.35,1.0,전치·패널2,[전치] 2001
지가,2007,708,34. 시도별 지가 변동률(평균),ⅩⅢ. 물 가 및 가 계,2001,경북,col-ko,0,0.7382,0.51,0.51,1.0,전치·패널2,[전치] 2001
지가,2007,708,34. 시도별 지가 변동률(평균),ⅩⅢ. 물 가 및 가 계,2001,경남,col-ko,0,0.8121,0. 94,0.94,0.5,전치·패널2,[전치] 2001
지가,2007,708,34. 시도별 지가 변동률(평균),ⅩⅢ. 물 가 및 가 계,2001,제주,col-ko,0,0.8881,3.13,3.13,0.5,전치·패널2,[전치] 2001
지가,2007,708,34. 시도별 지가 변동률(평균),ⅩⅢ. 물 가 및 가 계,2002,울산,col-ko,0,0.2064,1.75,1.75,1.0,전치·패널2,[전치] 2002
지가,2007,708,34. 시도별 지가 변동률(평균),ⅩⅢ. 물 가 및 가 계,2002,전북,col-ko,0,0.5852,0. 64,0.64,1.0,전치·패널2,[전치] 2002
지가,2007,708,34. 시도별 지가 변동률(평균),ⅩⅢ. 물 가 및 가 계,2002,전남,col-ko,0,0.6602,0. 95,0.95,0.5,전치·패널2,[전치] 2002
지가,2007,708,34. 시도별 지가 변동률(평균),ⅩⅢ. 물 가 및 가 계,2002,경북,col-ko,0,0.7382,2. 06,2.06,1.0,전치·패널2,[전치] 2002
지가,2007,708,34. 시도별 지가 변동률(평균),ⅩⅢ. 물 가 및 가 계,2002,경남,col-ko,0,0.8121,2.22,2.22,1.0,전치·패널2,[전치] 2002
지가,2007,708,34. 시도별 지가 변동률(평균),ⅩⅢ. 물 가 및 가 계,2002,제주,col-ko,0,0.8881,6.01,6.01,1.0,전치·패널2,[전치] 2002
지가,2007,708,34. 시도별 지가 변동률(평균),ⅩⅢ. 물 가 및 가 계,2003,울산,col-ko,0,0.2064,0.66,0.66,0.5,전치·패널2,[전치] 2003
지가,2007,708,34. 시도별 지가 변동률(평균),ⅩⅢ. 물 가 및 가 계,2003,충남,col-ko,0,0.5092,4. 81,4.81,0.5,전치·패널2,[전치] 2003
지가,2007,708,34. 시도별 지가 변동률(평균),ⅩⅢ. 물 가 및 가 계,2003,전북,col-ko,0,0.5852,0. 96,0.96,0.5,전치·패널2,[전치] 2003
지가,2007,708,34. 시도별 지가 변동률(평균),ⅩⅢ. 물 가 및 가 계,2003,전남,col-ko,0,0.6602,0.50,0.5,1.0,전치·패널2,[전치] 2003
지가,2007,708,34. 시도별 지가 변동률(평균),ⅩⅢ. 물 가 및 가 계,2003,경북,col-ko,0,0.7382,0. 15,0.15,0.5,전치·패널2,[전치] 2003
지가,2007,708,34. 시도별 지가 변동률(평균),ⅩⅢ. 물 가 및 가 계,2003,경남,col-ko,0,0.8121,1.38,1.38,1.0,전치·패널2,[전치] 2003
지가,2007,708,34. 시도별 지가 변동률(평균),ⅩⅢ. 물 가 및 가 계,2003,제주,col-ko,0,0.8881,1.25,1.25,1.0,전치·패널2,[전치] 2003
지가,2007,708,34. 시도별 지가 변동률(평균),ⅩⅢ. 물 가 및 가 계,2004,울산,col-ko,0,0.2064,1.79,1.79,1.0,전치·패널2,[전치] 2004
지가,2007,708,34. 시도별 지가 변동률(평균),ⅩⅢ. 물 가 및 가 계,2004,경기,col-ko,0,0.2823,6. 12,6.12,0.5,전치·패널2,[전치] 2004
지가,2007,708,34. 시도별 지가 변동률(평균),ⅩⅢ. 물 가 및 가 계,2004,충남,col-ko,0,0.5092,11.65,11.65,1.0,전치·패널2,[전치] 2004
지가,2007,708,34. 시도별 지가 변동률(평균),ⅩⅢ. 물 가 및 가 계,2004,전북,col-ko,0,0.5852,0.70,0.7,1.0,전치·패널2,[전치] 2004
지가,2007,708,34. 시도별 지가 변동률(평균),ⅩⅢ. 물 가 및 가 계,2004,전남,col-ko,0,0.6602,0. 93,0.93,1.0,전치·패널2,[전치] 2004
지가,2007,708,34. 시도별 지가 변동률(평균),ⅩⅢ. 물 가 및 가 계,2004,경북,col-ko,0,0.7382,2. 11,2.11,0.5,전치·패널2,[전치] 2004
지가,2007,708,34. 시도별 지가 변동률(평균),ⅩⅢ. 물 가 및 가 계,2004,경남,col-ko,0,0.8121,3.09,3.09,0.5,전치·패널2,[전치] 2004
지가,2007,708,34. 시도별 지가 변동률(평균),ⅩⅢ. 물 가 및 가 계,2004,제주,col-ko,0,0.8881,1.96,1.96,1.0,전치·패널2,[전치] 2004
지가,2007,708,34. 시도별 지가 변동률(평균),ⅩⅢ. 물 가 및 가 계,2005,울산,col-ko,0,0.2064,2.06,2.06,1.0,전치·패널2,[전치] 2005
지가,2007,708,34. 시도별 지가 변동률(평균),ⅩⅢ. 물 가 및 가 계,2005,경기,col-ko,0,0.2823,5.69,5.69,1.0,전치·패널2,[전치] 2005
지가,2007,708,34. 시도별 지가 변동률(평균),ⅩⅢ. 물 가 및 가 계,2005,충남,col-ko,0,0.5092,8. 32,8.32,1.0,전치·패널2,[전치] 2005
지가,2007,708,34. 시도별 지가 변동률(평균),ⅩⅢ. 물 가 및 가 계,2005,전북,col-ko,0,0.5852,1. 38,1.38,0.5,전치·패널2,[전치] 2005
지가,2007,708,34. 시도별 지가 변동률(평균),ⅩⅢ. 물 가 및 가 계,2005,전남,col-ko,0,0.6602,2.45,2.45,1.0,전치·패널2,[전치] 2005
지가,2007,708,34. 시도별 지가 변동률(평균),ⅩⅢ. 물 가 및 가 계,2005,경북,col-ko,0,0.7382,2.19,2.19,0.5,전치·패널2,[전치] 2005
지가,2007,708,34. 시도별 지가 변동률(평균),ⅩⅢ. 물 가 및 가 계,2005,경남,col-ko,0,0.8121,2.81,2.81,1.0,전치·패널2,[전치] 2005
지가,2007,708,34. 시도별 지가 변동률(평균),ⅩⅢ. 물 가 및 가 계,2005,제주,col-ko,0,0.8881,2. 12,2.12,0.5,전치·패널2,[전치] 2005
지가,2007,708,34. 시도별 지가 변동률(평균),ⅩⅢ. 물 가 및 가 계,2006,울산,col-ko,0,0.2064,2.94,2.94,0.5,전치·패널2,[전치] 2006
지가,2007,708,34. 시도별 지가 변동률(평균),ⅩⅢ. 물 가 및 가 계,2006,경기,col-ko,0,0.2823,5. 07,5.07,0.5,전치·패널2,[전치] 2006
지가,2007,708,34. 시도별 지가 변동률(평균),ⅩⅢ. 물 가 및 가 계,2006,충남,col-ko,0,0.5092,5. 55,5.55,1.0,전치·패널2,[전치] 2006
지가,2007,708,34. 시도별 지가 변동률(평균),ⅩⅢ. 물 가 및 가 계,2006,전북,col-ko,0,0.5852,1.29,1.29,1.0,전치·패널2,[전치] 2006
지가,2007,708,34. 시도별 지가 변동률(평균),ⅩⅢ. 물 가 및 가 계,2006,전남,col-ko,0,0.6602,1.91,1.91,1.0,전치·패널2,[전치] 2006
지가,2007,708,34. 시도별 지가 변동률(평균),ⅩⅢ. 물 가 및 가 계,2006,경북,col-ko,0,0.7382,2.52,2.52,1.0,전치·패널2,[전치] 2006
지가,2007,708,34. 시도별 지가 변동률(평균),ⅩⅢ. 물 가 및 가 계,2006,경남,col-ko,0,0.8121,2.56,2.56,1.0,전치·패널2,[전치] 2006
지가,2007,708,34. 시도별 지가 변동률(평균),ⅩⅢ. 물 가 및 가 계,2006,제주,col-ko,0,0.8881,2.10,2.1,1.0,전치·패널2,[전치] 2006
지가,2008,712,34. 시도별 지가 변동률(평균),ⅩⅢ. 물 가 및 가 계,?,전국,col-ko,0,0.2053,7.30,7.3,1.0,전치·패널1,[전치] 34. 시도별 지가 변동률(평균) | 
지가,2008,712,34. 시도별 지가 변동률(평균),ⅩⅢ. 물 가 및 가 계,?,서울,col-ko,0,0.5092,3.70,3.7,0.5,전치·패널1,[전치] 34. 시도별 지가 변동률(평균) | 
지가,2008,712,34. 시도별 지가 변동률(평균),ⅩⅢ. 물 가 및 가 계,?,부산,col-ko,0,0.5842,9.90,9.9,0.3,전치·패널1|저신뢰,[전치] 34. 시도별 지가 변동률(평균) | 
지가,2008,712,34. 시도별 지가 변동률(평균),ⅩⅢ. 물 가 및 가 계,?,대구,col-ko,0,0.6602,5.40,5.4,0.3,전치·패널1|저신뢰,[전치] 34. 시도별 지가 변동률(평균) | 
지가,2008,712,34. 시도별 지가 변동률(평균),ⅩⅢ. 물 가 및 가 계,?,인천,col-ko,0,0.7361,6.50,6.5,1.0,전치·패널1,[전치] 34. 시도별 지가 변동률(평균) | 
지가,2008,712,34. 시도별 지가 변동률(평균),ⅩⅢ. 물 가 및 가 계,?,광주,col-ko,0,0.8121,4.50,4.5,0.3,전치·패널1|저신뢰,[전치] 34. 시도별 지가 변동률(평균) | 
지가,2008,712,34. 시도별 지가 변동률(평균),ⅩⅢ. 물 가 및 가 계,?,대전,col-ko,0,0.8881,11. 10,11.1,0.5,전치·패널1,[전치] 34. 시도별 지가 변동률(평균) | 
지가,2008,712,34. 시도별 지가 변동률(평균),ⅩⅢ. 물 가 및 가 계,?,전국,col-ko,0,0.2053,14.67,14.67,0.5,전치·패널1,[전치] 34. 시도별 지가 변동률(평균) | 
지가,2008,712,34. 시도별 지가 변동률(평균),ⅩⅢ. 물 가 및 가 계,?,서울,col-ko,0,0.5092,6.29,6.29,1.0,전치·패널1,[전치] 34. 시도별 지가 변동률(평균) | 
지가,2008,712,34. 시도별 지가 변동률(평균),ⅩⅢ. 물 가 및 가 계,?,부산,col-ko,0,0.5842,46.50,46.5,1.0,전치·패널1,[전치] 34. 시도별 지가 변동률(평균) | 
지가,2008,712,34. 시도별 지가 변동률(평균),ⅩⅢ. 물 가 및 가 계,?,대구,col-ko,0,0.6602,57.68,57.68,1.0,전치·패널1,[전치] 34. 시도별 지가 변동률(평균) | 
지가,2008,712,34. 시도별 지가 변동률(평균),ⅩⅢ. 물 가 및 가 계,?,인천,col-ko,0,0.7361,6.90,6.9,1.0,전치·패널1,[전치] 34. 시도별 지가 변동률(평균) | 
지가,2008,712,34. 시도별 지가 변동률(평균),ⅩⅢ. 물 가 및 가 계,?,광주,col-ko,0,0.8121,19.53,19.53,0.5,전치·패널1,[전치] 34. 시도별 지가 변동률(평균) | 
지가,2008,712,34. 시도별 지가 변동률(평균),ⅩⅢ. 물 가 및 가 계,?,대전,col-ko,0,0.8881,3.60,3.6,1.0,전치·패널1,[전치] 34. 시도별 지가 변동률(평균) | 
지가,2008,712,34. 시도별 지가 변동률(평균),ⅩⅢ. 물 가 및 가 계,?,전국,col-ko,0,0.2053,27.47,27.47,1.0,전치·패널1,[전치] 34. 시도별 지가 변동률(평균) | 
지가,2008,712,34. 시도별 지가 변동률(평균),ⅩⅢ. 물 가 및 가 계,?,서울,col-ko,0,0.5092,28.06,28.06,1.0,전치·패널1,[전치] 34. 시도별 지가 변동률(평균) | 
지가,2008,712,34. 시도별 지가 변동률(평균),ⅩⅢ. 물 가 및 가 계,?,부산,col-ko,0,0.5842,35.25,35.25,1.0,전치·패널1,[전치] 34. 시도별 지가 변동률(평균) | 
지가,2008,712,34. 시도별 지가 변동률(평균),ⅩⅢ. 물 가 및 가 계,?,대구,col-ko,0,0.6602,38.17,38.17,0.5,전치·패널1,[전치] 34. 시도별 지가 변동률(평균) | 
지가,2008,712,34. 시도별 지가 변동률(평균),ⅩⅢ. 물 가 및 가 계,?,인천,col-ko,0,0.7361,16.11,16.11,1.0,전치·패널1,[전치] 34. 시도별 지가 변동률(평균) | 
지가,2008,712,34. 시도별 지가 변동률(평균),ⅩⅢ. 물 가 및 가 계,?,광주,col-ko,0,0.8121,59. 98,59.98,0.5,전치·패널1,[전치] 34. 시도별 지가 변동률(평균) | 
지가,2008,712,34. 시도별 지가 변동률(평균),ⅩⅢ. 물 가 및 가 계,?,대전,col-ko,0,0.8881,16.48,16.48,1.0,전치·패널1,[전치] 34. 시도별 지가 변동률(평균) | 
지가,2008,712,34. 시도별 지가 변동률(평균),ⅩⅢ. 물 가 및 가 계,?,전국,col-ko,0,0.2053,31.97,31.97,0.5,전치·패널1,[전치] 34. 시도별 지가 변동률(평균) | 
지가,2008,712,34. 시도별 지가 변동률(평균),ⅩⅢ. 물 가 및 가 계,?,서울,col-ko,0,0.5092,33.54,33.54,1.0,전치·패널1,[전치] 34. 시도별 지가 변동률(평균) | 
지가,2008,712,34. 시도별 지가 변동률(평균),ⅩⅢ. 물 가 및 가 계,?,부산,col-ko,0,0.5842,17.49,17.49,1.0,전치·패널1,[전치] 34. 시도별 지가 변동률(평균) | 
지가,2008,712,34. 시도별 지가 변동률(평균),ⅩⅢ. 물 가 및 가 계,?,대구,col-ko,0,0.6602,35.15,35.15,1.0,전치·패널1,[전치] 34. 시도별 지가 변동률(평균) | 
지가,2008,712,34. 시도별 지가 변동률(평균),ⅩⅢ. 물 가 및 가 계,?,인천,col-ko,0,0.7361,46.72,46.72,0.5,전치·패널1,[전치] 34. 시도별 지가 변동률(평균) | 
지가,2008,712,34. 시도별 지가 변동률(평균),ⅩⅢ. 물 가 및 가 계,?,광주,col-ko,0,0.8121,42. 99,42.99,0.5,전치·패널1,[전치] 34. 시도별 지가 변동률(평균) | 
지가,2008,712,34. 시도별 지가 변동률(평균),ⅩⅢ. 물 가 및 가 계,?,대전,col-ko,0,0.8881,20.83,20.83,1.0,전치·패널1,[전치] 34. 시도별 지가 변동률(평균) | 
지가,2008,712,34. 시도별 지가 변동률(평균),ⅩⅢ. 물 가 및 가 계,?,전국,col-ko,0,0.2053,20.58,20.58,1.0,전치·패널1,[전치] 34. 시도별 지가 변동률(평균) | 
지가,2008,712,34. 시도별 지가 변동률(평균),ⅩⅢ. 물 가 및 가 계,?,서울,col-ko,0,0.5092,31.18,31.18,0.5,전치·패널1,[전치] 34. 시도별 지가 변동률(평균) | 
지가,2008,712,34. 시도별 지가 변동률(평균),ⅩⅢ. 물 가 및 가 계,?,부산,col-ko,0,0.5842,15.82,15.82,1.0,전치·패널1,[전치] 34. 시도별 지가 변동률(평균) | 
지가,2008,712,34. 시도별 지가 변동률(평균),ⅩⅢ. 물 가 및 가 계,?,대구,col-ko,0,0.6602,27.42,27.42,1.0,전치·패널1,[전치] 34. 시도별 지가 변동률(평균) | 
지가,2008,712,34. 시도별 지가 변동률(평균),ⅩⅢ. 물 가 및 가 계,?,인천,col-ko,0,0.7361,29. 14,29.14,1.0,전치·패널1,[전치] 34. 시도별 지가 변동률(평균) | 
지가,2008,712,34. 시도별 지가 변동률(평균),ⅩⅢ. 물 가 및 가 계,?,대전,col-ko,0,0.8881,17.89,17.89,1.0,전치·패널1,[전치] 34. 시도별 지가 변동률(평균) | 
지가,2008,712,34. 시도별 지가 변동률(평균),ⅩⅢ. 물 가 및 가 계,?,전국,col-ko,0,0.2053,12.78,12.78,1.0,전치·패널1,[전치] 34. 시도별 지가 변동률(평균) | 
지가,2008,712,34. 시도별 지가 변동률(평균),ⅩⅢ. 물 가 및 가 계,?,서울,col-ko,0,0.5092,11. 15,11.15,0.5,전치·패널1,[전치] 34. 시도별 지가 변동률(평균) | 
지가,2008,712,34. 시도별 지가 변동률(평균),ⅩⅢ. 물 가 및 가 계,?,부산,col-ko,0,0.5842,14.69,14.69,0.5,전치·패널1,[전치] 34. 시도별 지가 변동률(평균) | 
지가,2008,712,34. 시도별 지가 변동률(평균),ⅩⅢ. 물 가 및 가 계,?,대구,col-ko,0,0.6602,13.74,13.74,0.5,전치·패널1,[전치] 34. 시도별 지가 변동률(평균) | 
지가,2008,712,34. 시도별 지가 변동률(평균),ⅩⅢ. 물 가 및 가 계,?,인천,col-ko,0,0.7361,22. 81,22.81,0.5,전치·패널1,[전치] 34. 시도별 지가 변동률(평균) | 
지가,2008,712,34. 시도별 지가 변동률(평균),ⅩⅢ. 물 가 및 가 계,?,광주,col-ko,0,0.8121,16.50,16.5,1.0,전치·패널1,[전치] 34. 시도별 지가 변동률(평균) | 
지가,2008,712,34. 시도별 지가 변동률(평균),ⅩⅢ. 물 가 및 가 계,?,대전,col-ko,0,0.8881,23.25,23.25,1.0,전치·패널1,[전치] 34. 시도별 지가 변동률(평균) | 
지가,2008,712,34. 시도별 지가 변동률(평균),ⅩⅢ. 물 가 및 가 계,?,전국,col-ko,0,0.2053,-1.27,-1.27,0.5,전치·패널1,[전치] 34. 시도별 지가 변동률(평균) | 
지가,2008,712,34. 시도별 지가 변동률(평균),ⅩⅢ. 물 가 및 가 계,?,서울,col-ko,0,0.5092,-2.78,-2.78,1.0,전치·패널1,[전치] 34. 시도별 지가 변동률(평균) | 
지가,2008,712,34. 시도별 지가 변동률(평균),ⅩⅢ. 물 가 및 가 계,?,부산,col-ko,0,0.5842,-1.57,-1.57,1.0,전치·패널1,[전치] 34. 시도별 지가 변동률(평균) | 
지가,2008,712,34. 시도별 지가 변동률(평균),ⅩⅢ. 물 가 및 가 계,?,대구,col-ko,0,0.6602,-2.61,-2.61,1.0,전치·패널1,[전치] 34. 시도별 지가 변동률(평균) | 
지가,2008,712,34. 시도별 지가 변동률(평균),ⅩⅢ. 물 가 및 가 계,?,인천,col-ko,0,0.7361,0.1,0.1,0.5,전치·패널1,[전치] 34. 시도별 지가 변동률(평균) | 
지가,2008,712,34. 시도별 지가 변동률(평균),ⅩⅢ. 물 가 및 가 계,?,광주,col-ko,0,0.8121,-0.33,-0.33,0.5,전치·패널1,[전치] 34. 시도별 지가 변동률(평균) | 
지가,2008,712,34. 시도별 지가 변동률(평균),ⅩⅢ. 물 가 및 가 계,?,대전,col-ko,0,0.8881,-9.35,-9.35,1.0,전치·패널1,[전치] 34. 시도별 지가 변동률(평균) | 
지가,2008,712,34. 시도별 지가 변동률(평균),ⅩⅢ. 물 가 및 가 계,?,전국,col-ko,0,0.2053,-7.38,-7.38,1.0,전치·패널1,[전치] 34. 시도별 지가 변동률(평균) | 
지가,2008,712,34. 시도별 지가 변동률(평균),ⅩⅢ. 물 가 및 가 계,?,서울,col-ko,0,0.5092,-8.72,-8.72,1.0,전치·패널1,[전치] 34. 시도별 지가 변동률(평균) | 
지가,2008,712,34. 시도별 지가 변동률(평균),ⅩⅢ. 물 가 및 가 계,?,부산,col-ko,0,0.5842,-6.77,-6.77,1.0,전치·패널1,[전치] 34. 시도별 지가 변동률(평균) | 
지가,2008,712,34. 시도별 지가 변동률(평균),ⅩⅢ. 물 가 및 가 계,?,대구,col-ko,0,0.6602,-7.77,-7.77,0.5,전치·패널1,[전치] 34. 시도별 지가 변동률(평균) | 
지가,2008,712,34. 시도별 지가 변동률(평균),ⅩⅢ. 물 가 및 가 계,?,인천,col-ko,0,0.7361,-6. 62,-6.62,0.3,전치·패널1|저신뢰,[전치] 34. 시도별 지가 변동률(평균) | 
지가,2008,712,34. 시도별 지가 변동률(평균),ⅩⅢ. 물 가 및 가 계,?,광주,col-ko,0,0.8121,-6. 36,-6.36,0.3,전치·패널1|저신뢰,[전치] 34. 시도별 지가 변동률(평균) | 
지가,2008,712,34. 시도별 지가 변동률(평균),ⅩⅢ. 물 가 및 가 계,?,대전,col-ko,0,0.8881,-7.81,-7.81,1.0,전치·패널1,[전치] 34. 시도별 지가 변동률(평균) | 
지가,2008,712,34. 시도별 지가 변동률(평균),ⅩⅢ. 물 가 및 가 계,?,전국,col-ko,0,0.2053,-0.57,-0.57,1.0,전치·패널1,[전치] 34. 시도별 지가 변동률(평균) | 
지가,2008,712,34. 시도별 지가 변동률(평균),ⅩⅢ. 물 가 및 가 계,?,서울,col-ko,0,0.5092,-1.36,-1.36,0.5,전치·패널1,[전치] 34. 시도별 지가 변동률(평균) | 
지가,2008,712,34. 시도별 지가 변동률(평균),ⅩⅢ. 물 가 및 가 계,?,부산,col-ko,0,0.5842,-0. 35,-0.35,0.3,전치·패널1|저신뢰,[전치] 34. 시도별 지가 변동률(평균) | 
지가,2008,712,34. 시도별 지가 변동률(평균),ⅩⅢ. 물 가 및 가 계,?,대구,col-ko,0,0.6602,0.87,0.87,1.0,전치·패널1,[전치] 34. 시도별 지가 변동률(평균) | 
지가,2008,712,34. 시도별 지가 변동률(평균),ⅩⅢ. 물 가 및 가 계,?,인천,col-ko,0,0.7361,0.07,0.07,1.0,전치·패널1,[전치] 34. 시도별 지가 변동률(평균) | 
지가,2008,712,34. 시도별 지가 변동률(평균),ⅩⅢ. 물 가 및 가 계,?,광주,col-ko,0,0.8121,-0.26,-0.26,1.0,전치·패널1,[전치] 34. 시도별 지가 변동률(평균) | 
지가,2008,712,34. 시도별 지가 변동률(평균),ⅩⅢ. 물 가 및 가 계,?,대전,col-ko,0,0.8881,-0.59,-0.59,1.0,전치·패널1,[전치] 34. 시도별 지가 변동률(평균) | 
지가,2008,712,34. 시도별 지가 변동률(평균),ⅩⅢ. 물 가 및 가 계,?,전국,col-ko,0,0.2053,0.55,0.55,1.0,전치·패널1,[전치] 34. 시도별 지가 변동률(평균) | 
지가,2008,712,34. 시도별 지가 변동률(평균),ⅩⅢ. 물 가 및 가 계,?,서울,col-ko,0,0.5092,0.18,0.18,0.5,전치·패널1,[전치] 34. 시도별 지가 변동률(평균) | 
지가,2008,712,34. 시도별 지가 변동률(평균),ⅩⅢ. 물 가 및 가 계,?,부산,col-ko,0,0.5842,0. 14,0.14,1.0,전치·패널1,[전치] 34. 시도별 지가 변동률(평균) | 
지가,2008,712,34. 시도별 지가 변동률(평균),ⅩⅢ. 물 가 및 가 계,?,대구,col-ko,0,0.6602,1.27,1.27,1.0,전치·패널1,[전치] 34. 시도별 지가 변동률(평균) | 
지가,2008,712,34. 시도별 지가 변동률(평균),ⅩⅢ. 물 가 및 가 계,?,인천,col-ko,0,0.7361,0.58,0.58,1.0,전치·패널1,[전치] 34. 시도별 지가 변동률(평균) | 
지가,2008,712,34. 시도별 지가 변동률(평균),ⅩⅢ. 물 가 및 가 계,?,광주,col-ko,0,0.8121,1.44,1.44,1.0,전치·패널1,[전치] 34. 시도별 지가 변동률(평균) | 
지가,2008,712,34. 시도별 지가 변동률(평균),ⅩⅢ. 물 가 및 가 계,?,대전,col-ko,0,0.8881,-0.47,-0.47,0.3,전치·패널1|저신뢰,[전치] 34. 시도별 지가 변동률(평균) | 
지가,2008,712,34. 시도별 지가 변동률(평균),ⅩⅢ. 물 가 및 가 계,?,전국,col-ko,0,0.2053,0.95,0.95,1.0,전치·패널1,[전치] 34. 시도별 지가 변동률(평균) | 
지가,2008,712,34. 시도별 지가 변동률(평균),ⅩⅢ. 물 가 및 가 계,?,서울,col-ko,0,0.5092,0.94,0.94,1.0,전치·패널1,[전치] 34. 시도별 지가 변동률(평균) | 
지가,2008,712,34. 시도별 지가 변동률(평균),ⅩⅢ. 물 가 및 가 계,?,부산,col-ko,0,0.5842,0.40,0.4,1.0,전치·패널1,[전치] 34. 시도별 지가 변동률(평균) | 
지가,2008,712,34. 시도별 지가 변동률(평균),ⅩⅢ. 물 가 및 가 계,?,대구,col-ko,0,0.6602,1.09,1.09,1.0,전치·패널1,[전치] 34. 시도별 지가 변동률(평균) | 
지가,2008,712,34. 시도별 지가 변동률(평균),ⅩⅢ. 물 가 및 가 계,?,인천,col-ko,0,0.7361,0.78,0.78,1.0,전치·패널1,[전치] 34. 시도별 지가 변동률(평균) | 
지가,2008,712,34. 시도별 지가 변동률(평균),ⅩⅢ. 물 가 및 가 계,?,광주,col-ko,0,0.8121,1. 16,1.16,0.5,전치·패널1,[전치] 34. 시도별 지가 변동률(평균) | 
지가,2008,712,34. 시도별 지가 변동률(평균),ⅩⅢ. 물 가 및 가 계,?,대전,col-ko,0,0.8881,0.16,0.16,0.5,전치·패널1,[전치] 34. 시도별 지가 변동률(평균) | 
지가,2008,712,34. 시도별 지가 변동률(평균),ⅩⅢ. 물 가 및 가 계,?,전국,col-ko,0,0.2053,0.31,0.31,1.0,전치·패널1,[전치] 34. 시도별 지가 변동률(평균) | 
지가,2008,712,34. 시도별 지가 변동률(평균),ⅩⅢ. 물 가 및 가 계,?,서울,col-ko,0,0.5092,0.29,0.29,1.0,전치·패널1,[전치] 34. 시도별 지가 변동률(평균) | 
지가,2008,712,34. 시도별 지가 변동률(평균),ⅩⅢ. 물 가 및 가 계,?,인천,col-ko,0,0.7361,0.28,0.28,0.5,전치·패널1,[전치] 34. 시도별 지가 변동률(평균) | 
지가,2008,712,34. 시도별 지가 변동률(평균),ⅩⅢ. 물 가 및 가 계,?,광주,col-ko,0,0.8121,0.67,0.67,1.0,전치·패널1,[전치] 34. 시도별 지가 변동률(평균) | 
지가,2008,712,34. 시도별 지가 변동률(평균),ⅩⅢ. 물 가 및 가 계,?,대전,col-ko,0,0.8881,0. 12,0.12,0.5,전치·패널1,[전치] 34. 시도별 지가 변동률(평균) | 
지가,2008,712,34. 시도별 지가 변동률(평균),ⅩⅢ. 물 가 및 가 계,- 13.60 - 15. 33 - 12. 15,서울,col-ko,0,0.5092,-16.25,-16.25,0.5,전치·패널1,[전치] 34. 시도별 지가 변동률(평균) | - 13.60 - 15. 33 - 12. 15
지가,2008,712,34. 시도별 지가 변동률(평균),ⅩⅢ. 물 가 및 가 계,?,전국,col-ko,0,0.2053,2.94,2.94,1.0,전치·패널1,[전치] 34. 시도별 지가 변동률(평균) | 
지가,2008,712,34. 시도별 지가 변동률(평균),ⅩⅢ. 물 가 및 가 계,?,서울,col-ko,0,0.5092,2.66,2.66,1.0,전치·패널1,[전치] 34. 시도별 지가 변동률(평균) | 
지가,2008,712,34. 시도별 지가 변동률(평균),ⅩⅢ. 물 가 및 가 계,?,부산,col-ko,0,0.5842,1.24,1.24,1.0,전치·패널1,[전치] 34. 시도별 지가 변동률(평균) | 
지가,2008,712,34. 시도별 지가 변동률(평균),ⅩⅢ. 물 가 및 가 계,?,대구,col-ko,0,0.6602,1.93,1.93,1.0,전치·패널1,[전치] 34. 시도별 지가 변동률(평균) | 
지가,2008,712,34. 시도별 지가 변동률(평균),ⅩⅢ. 물 가 및 가 계,?,인천,col-ko,0,0.7361,3.51,3.51,1.0,전치·패널1,[전치] 34. 시도별 지가 변동률(평균) | 
지가,2008,712,34. 시도별 지가 변동률(평균),ⅩⅢ. 물 가 및 가 계,?,광주,col-ko,0,0.8121,1.30,1.3,1.0,전치·패널1,[전치] 34. 시도별 지가 변동률(평균) | 
지가,2008,712,34. 시도별 지가 변동률(평균),ⅩⅢ. 물 가 및 가 계,?,대전,col-ko,0,0.8881,0. 38,0.38,0.5,전치·패널1,[전치] 34. 시도별 지가 변동률(평균) | 
지가,2008,712,34. 시도별 지가 변동률(평균),ⅩⅢ. 물 가 및 가 계,?,전국,col-ko,0,0.2053,0. 67,0.67,1.0,전치·패널1,[전치] 34. 시도별 지가 변동률(평균) | 
지가,2008,712,34. 시도별 지가 변동률(평균),ⅩⅢ. 물 가 및 가 계,?,서울,col-ko,0,0.5092,0. 05,0.05,0.5,전치·패널1,[전치] 34. 시도별 지가 변동률(평균) | 
지가,2008,712,34. 시도별 지가 변동률(평균),ⅩⅢ. 물 가 및 가 계,?,인천,col-ko,0,0.7361,1. 07,1.07,0.5,전치·패널1,[전치] 34. 시도별 지가 변동률(평균) | 
지가,2008,712,34. 시도별 지가 변동률(평균),ⅩⅢ. 물 가 및 가 계,?,광주,col-ko,0,0.8121,-0. 31,-0.31,0.5,전치·패널1,[전치] 34. 시도별 지가 변동률(평균) | 
지가,2008,712,34. 시도별 지가 변동률(평균),ⅩⅢ. 물 가 및 가 계,?,전국,col-ko,0,0.2053,1.32,1.32,1.0,전치·패널1,[전치] 34. 시도별 지가 변동률(평균) | 
지가,2008,712,34. 시도별 지가 변동률(평균),ⅩⅢ. 물 가 및 가 계,?,서울,col-ko,0,0.5092,1.89,1.89,1.0,전치·패널1,[전치] 34. 시도별 지가 변동률(평균) | 
지가,2008,712,34. 시도별 지가 변동률(평균),ⅩⅢ. 물 가 및 가 계,?,부산,col-ko,0,0.5842,0.49,0.49,1.0,전치·패널1,[전치] 34. 시도별 지가 변동률(평균) | 
지가,2008,712,34. 시도별 지가 변동률(평균),ⅩⅢ. 물 가 및 가 계,?,대구,col-ko,0,0.6602,0. 42,0.42,0.5,전치·패널1,[전치] 34. 시도별 지가 변동률(평균) | 
지가,2008,712,34. 시도별 지가 변동률(평균),ⅩⅢ. 물 가 및 가 계,?,광주,col-ko,0,0.8121,-0.37,-0.37,1.0,전치·패널1,[전치] 34. 시도별 지가 변동률(평균) | 
지가,2008,712,34. 시도별 지가 변동률(평균),ⅩⅢ. 물 가 및 가 계,?,대전,col-ko,0,0.8881,1.00,1.0,0.3,전치·패널1|저신뢰,[전치] 34. 시도별 지가 변동률(평균) | 
지가,2008,712,34. 시도별 지가 변동률(평균),ⅩⅢ. 물 가 및 가 계,?,전국,col-ko,0,0.2053,8. 98,8.98,0.5,전치·패널1,[전치] 34. 시도별 지가 변동률(평균) | 
지가,2008,712,34. 시도별 지가 변동률(평균),ⅩⅢ. 물 가 및 가 계,?,서울,col-ko,0,0.5092,15.81,15.81,1.0,전치·패널1,[전치] 34. 시도별 지가 변동률(평균) | 
지가,2008,712,34. 시도별 지가 변동률(평균),ⅩⅢ. 물 가 및 가 계,?,부산,col-ko,0,0.5842,3.28,3.28,1.0,전치·패널1,[전치] 34. 시도별 지가 변동률(평균) | 
지가,2008,712,34. 시도별 지가 변동률(평균),ⅩⅢ. 물 가 및 가 계,?,대구,col-ko,0,0.6602,2. 09,2.09,0.5,전치·패널1,[전치] 34. 시도별 지가 변동률(평균) | 
지가,2008,712,34. 시도별 지가 변동률(평균),ⅩⅢ. 물 가 및 가 계,?,인천,col-ko,0,0.7361,11.51,11.51,1.0,전치·패널1,[전치] 34. 시도별 지가 변동률(평균) | 
지가,2008,712,34. 시도별 지가 변동률(평균),ⅩⅢ. 물 가 및 가 계,?,광주,col-ko,0,0.8121,1.03,1.03,1.0,전치·패널1,[전치] 34. 시도별 지가 변동률(평균) | 
지가,2008,712,34. 시도별 지가 변동률(평균),ⅩⅢ. 물 가 및 가 계,?,대전,col-ko,0,0.8881,3. 24,3.24,0.5,전치·패널1,[전치] 34. 시도별 지가 변동률(평균) | 
지가,2008,712,34. 시도별 지가 변동률(평균),ⅩⅢ. 물 가 및 가 계,?,전국,col-ko,0,0.2053,3.43,3.43,1.0,전치·패널1,[전치] 34. 시도별 지가 변동률(평균) | 
지가,2008,712,34. 시도별 지가 변동률(평균),ⅩⅢ. 물 가 및 가 계,?,서울,col-ko,0,0.5092,5. 23,5.23,1.0,전치·패널1,[전치] 34. 시도별 지가 변동률(평균) | 
지가,2008,712,34. 시도별 지가 변동률(평균),ⅩⅢ. 물 가 및 가 계,?,부산,col-ko,0,0.5842,1. 09,1.09,0.5,전치·패널1,[전치] 34. 시도별 지가 변동률(평균) | 
지가,2008,712,34. 시도별 지가 변동률(평균),ⅩⅢ. 물 가 및 가 계,?,대구,col-ko,0,0.6602,1.54,1.54,1.0,전치·패널1,[전치] 34. 시도별 지가 변동률(평균) | 
지가,2008,712,34. 시도별 지가 변동률(평균),ⅩⅢ. 물 가 및 가 계,?,인천,col-ko,0,0.7361,2.50,2.5,1.0,전치·패널1,[전치] 34. 시도별 지가 변동률(평균) | 
지가,2008,712,34. 시도별 지가 변동률(평균),ⅩⅢ. 물 가 및 가 계,?,광주,col-ko,0,0.8121,0.91,0.91,1.0,전치·패널1,[전치] 34. 시도별 지가 변동률(평균) | 
지가,2008,712,34. 시도별 지가 변동률(평균),ⅩⅢ. 물 가 및 가 계,?,대전,col-ko,0,0.8881,5. 47,5.47,1.0,전치·패널1,[전치] 34. 시도별 지가 변동률(평균) | 
지가,2008,712,34. 시도별 지가 변동률(평균),ⅩⅢ. 물 가 및 가 계,?,전국,col-ko,0,0.2053,386,386,0.3,전치·패널1|저신뢰,[전치] 34. 시도별 지가 변동률(평균) | 
지가,2008,712,34. 시도별 지가 변동률(평균),ⅩⅢ. 물 가 및 가 계,?,서울,col-ko,0,0.5092,4. 09,4.09,1.0,전치·패널1,[전치] 34. 시도별 지가 변동률(평균) | 
지가,2008,712,34. 시도별 지가 변동률(평균),ⅩⅢ. 물 가 및 가 계,?,부산,col-ko,0,0.5842,0. 89,0.89,0.5,전치·패널1,[전치] 34. 시도별 지가 변동률(평균) | 
지가,2008,712,34. 시도별 지가 변동률(평균),ⅩⅢ. 물 가 및 가 계,?,대구,col-ko,0,0.6602,1.58,1.58,1.0,전치·패널1,[전치] 34. 시도별 지가 변동률(평균) | 
지가,2008,712,34. 시도별 지가 변동률(평균),ⅩⅢ. 물 가 및 가 계,?,인천,col-ko,0,0.7361,4. 32,4.32,0.5,전치·패널1,[전치] 34. 시도별 지가 변동률(평균) | 
지가,2008,712,34. 시도별 지가 변동률(평균),ⅩⅢ. 물 가 및 가 계,?,광주,col-ko,0,0.8121,0.68,0.68,0.5,전치·패널1,[전치] 34. 시도별 지가 변동률(평균) | 
지가,2008,712,34. 시도별 지가 변동률(평균),ⅩⅢ. 물 가 및 가 계,?,대전,col-ko,0,0.8881,2.25,2.25,0.5,전치·패널1,[전치] 34. 시도별 지가 변동률(평균) | 
지가,2008,712,34. 시도별 지가 변동률(평균),ⅩⅢ. 물 가 및 가 계,?,전국,col-ko,0,0.2053,4. 99,4.99,0.5,전치·패널1,[전치] 34. 시도별 지가 변동률(평균) | 
지가,2008,712,34. 시도별 지가 변동률(평균),ⅩⅢ. 물 가 및 가 계,?,서울,col-ko,0,0.5092,6.56,6.56,1.0,전치·패널1,[전치] 34. 시도별 지가 변동률(평균) | 
지가,2008,712,34. 시도별 지가 변동률(평균),ⅩⅢ. 물 가 및 가 계,?,부산,col-ko,0,0.5842,1. 86,1.86,1.0,전치·패널1,[전치] 34. 시도별 지가 변동률(평균) | 
지가,2008,712,34. 시도별 지가 변동률(평균),ⅩⅢ. 물 가 및 가 계,?,대구,col-ko,0,0.6602,3. 32,3.32,1.0,전치·패널1,[전치] 34. 시도별 지가 변동률(평균) | 
지가,2008,712,34. 시도별 지가 변동률(평균),ⅩⅢ. 물 가 및 가 계,?,인천,col-ko,0,0.7361,4. 94,4.94,1.0,전치·패널1,[전치] 34. 시도별 지가 변동률(평균) | 
지가,2008,712,34. 시도별 지가 변동률(평균),ⅩⅢ. 물 가 및 가 계,?,광주,col-ko,0,0.8121,1.87,1.87,1.0,전치·패널1,[전치] 34. 시도별 지가 변동률(평균) | 
지가,2008,712,34. 시도별 지가 변동률(평균),ⅩⅢ. 물 가 및 가 계,?,대전,col-ko,0,0.8881,6. 80,6.8,0.5,전치·패널1,[전치] 34. 시도별 지가 변동률(평균) | 
지가,2008,712,34. 시도별 지가 변동률(평균),ⅩⅢ. 물 가 및 가 계,?,전국,col-ko,0,0.2053,5.62,5.62,0.5,전치·패널1,[전치] 34. 시도별 지가 변동률(평균) | 
지가,2008,712,34. 시도별 지가 변동률(평균),ⅩⅢ. 물 가 및 가 계,?,서울,col-ko,0,0.5092,9. 17,9.17,0.5,전치·패널1,[전치] 34. 시도별 지가 변동률(평균) | 
지가,2008,712,34. 시도별 지가 변동률(평균),ⅩⅢ. 물 가 및 가 계,?,부산,col-ko,0,0.5842,2.50,2.5,1.0,전치·패널1,[전치] 34. 시도별 지가 변동률(평균) | 
지가,2008,712,34. 시도별 지가 변동률(평균),ⅩⅢ. 물 가 및 가 계,?,대구,col-ko,0,0.6602,4. 19,4.19,0.5,전치·패널1,[전치] 34. 시도별 지가 변동률(평균) | 
지가,2008,712,34. 시도별 지가 변동률(평균),ⅩⅢ. 물 가 및 가 계,?,인천,col-ko,0,0.7361,5.58,5.58,1.0,전치·패널1,[전치] 34. 시도별 지가 변동률(평균) | 
지가,2008,712,34. 시도별 지가 변동률(평균),ⅩⅢ. 물 가 및 가 계,?,광주,col-ko,0,0.8121,1.44,1.44,1.0,전치·패널1,[전치] 34. 시도별 지가 변동률(평균) | 
지가,2008,712,34. 시도별 지가 변동률(평균),ⅩⅢ. 물 가 및 가 계,?,대전,col-ko,0,0.8881,4. 15,4.15,1.0,전치·패널1,[전치] 34. 시도별 지가 변동률(평균) | 
지가,2008,712,34. 시도별 지가 변동률(평균),ⅩⅢ. 물 가 및 가 계,?,전국,col-ko,0,0.2053,3.89,3.89,1.0,전치·패널1,[전치] 34. 시도별 지가 변동률(평균) | 
지가,2008,712,34. 시도별 지가 변동률(평균),ⅩⅢ. 물 가 및 가 계,?,서울,col-ko,0,0.5092,5. 88,5.88,1.0,전치·패널1,[전치] 34. 시도별 지가 변동률(평균) | 
지가,2008,712,34. 시도별 지가 변동률(평균),ⅩⅢ. 물 가 및 가 계,?,부산,col-ko,0,0.5842,2. 16,2.16,1.0,전치·패널1,[전치] 34. 시도별 지가 변동률(평균) | 
지가,2008,712,34. 시도별 지가 변동률(평균),ⅩⅢ. 물 가 및 가 계,?,대구,col-ko,0,0.6602,2. 91,2.91,1.0,전치·패널1,[전치] 34. 시도별 지가 변동률(평균) | 
지가,2008,712,34. 시도별 지가 변동률(평균),ⅩⅢ. 물 가 및 가 계,?,인천,col-ko,0,0.7361,4.85,4.85,0.5,전치·패널1,[전치] 34. 시도별 지가 변동률(평균) | 
지가,2008,712,34. 시도별 지가 변동률(평균),ⅩⅢ. 물 가 및 가 계,?,광주,col-ko,0,0.8121,0. 94,0.94,0.5,전치·패널1,[전치] 34. 시도별 지가 변동률(평균) | 
지가,2008,712,34. 시도별 지가 변동률(평균),ⅩⅢ. 물 가 및 가 계,?,대전,col-ko,0,0.8881,1.48,1.48,1.0,전치·패널1,[전치] 34. 시도별 지가 변동률(평균) | 
지가,2008,712,34. 시도별 지가 변동률(평균),ⅩⅢ. 물 가 및 가 계,1986 :,강원,col-ko,0,0.3563,4. 70,4.7,0.3,전치·패널2|저신뢰,[전치] 3.89 4.76 3.25 1.84 5. 88 2. 16 2. 91 4.85 0. 94 1.48 | 1986 :
지가,2008,712,34. 시도별 지가 변동률(평균),ⅩⅢ. 물 가 및 가 계,1986 :,충북,col-ko,0,0.4333,10. 80,10.8,0.5,전치·패널2,[전치] 3.89 4.76 3.25 1.84 5. 88 2. 16 2. 91 4.85 0. 94 1.48 | 1986 :
지가,2008,712,34. 시도별 지가 변동률(평균),ⅩⅢ. 물 가 및 가 계,1986 :,충남,col-ko,0,0.5103,14.50,14.5,0.3,전치·패널2|저신뢰,[전치] 3.89 4.76 3.25 1.84 5. 88 2. 16 2. 91 4.85 0. 94 1.48 | 1986 :
지가,2008,712,34. 시도별 지가 변동률(평균),ⅩⅢ. 물 가 및 가 계,1986 :,전북,col-ko,0,0.5842,4. 30,4.3,0.5,전치·패널2,[전치] 3.89 4.76 3.25 1.84 5. 88 2. 16 2. 91 4.85 0. 94 1.48 | 1986 :
지가,2008,712,34. 시도별 지가 변동률(평균),ⅩⅢ. 물 가 및 가 계,1986 :,전남,col-ko,0,0.6602,5. 10,5.1,0.5,전치·패널2,[전치] 3.89 4.76 3.25 1.84 5. 88 2. 16 2. 91 4.85 0. 94 1.48 | 1986 :
지가,2008,712,34. 시도별 지가 변동률(평균),ⅩⅢ. 물 가 및 가 계,1986 :,경북,col-ko,0,0.7361,6. 30,6.3,1.0,전치·패널2,[전치] 3.89 4.76 3.25 1.84 5. 88 2. 16 2. 91 4.85 0. 94 1.48 | 1986 :
지가,2008,712,34. 시도별 지가 변동률(평균),ⅩⅢ. 물 가 및 가 계,1986 :,경남,col-ko,0,0.8121,4.70,4.7,0.5,전치·패널2,[전치] 3.89 4.76 3.25 1.84 5. 88 2. 16 2. 91 4.85 0. 94 1.48 | 1986 :
지가,2008,712,34. 시도별 지가 변동률(평균),ⅩⅢ. 물 가 및 가 계,1986 :,제주,col-ko,0,0.8881,7.20,7.2,1.0,전치·패널2,[전치] 3.89 4.76 3.25 1.84 5. 88 2. 16 2. 91 4.85 0. 94 1.48 | 1986 :
지가,2008,712,34. 시도별 지가 변동률(평균),ⅩⅢ. 물 가 및 가 계,1987,강원,col-ko,0,0.3563,4. 70,4.7,1.0,전치·패널2,[전치] 3.89 4.76 3.25 1.84 5. 88 2. 16 2. 91 4.85 0. 94 1.48 | 1987
지가,2008,712,34. 시도별 지가 변동률(평균),ⅩⅢ. 물 가 및 가 계,1987,충북,col-ko,0,0.4333,7.75,7.75,1.0,전치·패널2,[전치] 3.89 4.76 3.25 1.84 5. 88 2. 16 2. 91 4.85 0. 94 1.48 | 1987
지가,2008,712,34. 시도별 지가 변동률(평균),ⅩⅢ. 물 가 및 가 계,1987,충남,col-ko,0,0.5103,6.18,6.18,0.3,전치·패널2|저신뢰,[전치] 3.89 4.76 3.25 1.84 5. 88 2. 16 2. 91 4.85 0. 94 1.48 | 1987
지가,2008,712,34. 시도별 지가 변동률(평균),ⅩⅢ. 물 가 및 가 계,1987,전북,col-ko,0,0.5842,15. 12,15.12,0.5,전치·패널2,[전치] 3.89 4.76 3.25 1.84 5. 88 2. 16 2. 91 4.85 0. 94 1.48 | 1987
지가,2008,712,34. 시도별 지가 변동률(평균),ⅩⅢ. 물 가 및 가 계,1987,전남,col-ko,0,0.6602,13. 60,13.6,1.0,전치·패널2,[전치] 3.89 4.76 3.25 1.84 5. 88 2. 16 2. 91 4.85 0. 94 1.48 | 1987
지가,2008,712,34. 시도별 지가 변동률(평균),ⅩⅢ. 물 가 및 가 계,1987,경북,col-ko,0,0.7361,16. 65,16.65,1.0,전치·패널2,[전치] 3.89 4.76 3.25 1.84 5. 88 2. 16 2. 91 4.85 0. 94 1.48 | 1987
지가,2008,712,34. 시도별 지가 변동률(평균),ⅩⅢ. 물 가 및 가 계,1987,경남,col-ko,0,0.8121,48.25,48.25,1.0,전치·패널2,[전치] 3.89 4.76 3.25 1.84 5. 88 2. 16 2. 91 4.85 0. 94 1.48 | 1987
지가,2008,712,34. 시도별 지가 변동률(평균),ⅩⅢ. 물 가 및 가 계,1987,제주,col-ko,0,0.8881,8.13,8.13,1.0,전치·패널2,[전치] 3.89 4.76 3.25 1.84 5. 88 2. 16 2. 91 4.85 0. 94 1.48 | 1987
지가,2008,712,34. 시도별 지가 변동률(평균),ⅩⅢ. 물 가 및 가 계,1988,강원,col-ko,0,0.3563,21. 08,21.08,0.5,전치·패널2,[전치] 3.89 4.76 3.25 1.84 5. 88 2. 16 2. 91 4.85 0. 94 1.48 | 1988
지가,2008,712,34. 시도별 지가 변동률(평균),ⅩⅢ. 물 가 및 가 계,1988,충북,col-ko,0,0.4333,13.31,13.31,1.0,전치·패널2,[전치] 3.89 4.76 3.25 1.84 5. 88 2. 16 2. 91 4.85 0. 94 1.48 | 1988
지가,2008,712,34. 시도별 지가 변동률(평균),ⅩⅢ. 물 가 및 가 계,1988,충남,col-ko,0,0.5103,16. 34,16.34,1.0,전치·패널2,[전치] 3.89 4.76 3.25 1.84 5. 88 2. 16 2. 91 4.85 0. 94 1.48 | 1988
지가,2008,712,34. 시도별 지가 변동률(평균),ⅩⅢ. 물 가 및 가 계,1988,전북,col-ko,0,0.5842,27.07,27.07,1.0,전치·패널2,[전치] 3.89 4.76 3.25 1.84 5. 88 2. 16 2. 91 4.85 0. 94 1.48 | 1988
지가,2008,712,34. 시도별 지가 변동률(평균),ⅩⅢ. 물 가 및 가 계,1988,전남,col-ko,0,0.6602,32.54,32.54,0.5,전치·패널2,[전치] 3.89 4.76 3.25 1.84 5. 88 2. 16 2. 91 4.85 0. 94 1.48 | 1988
지가,2008,712,34. 시도별 지가 변동률(평균),ⅩⅢ. 물 가 및 가 계,1988,경북,col-ko,0,0.7361,22. 64,22.64,0.5,전치·패널2,[전치] 3.89 4.76 3.25 1.84 5. 88 2. 16 2. 91 4.85 0. 94 1.48 | 1988
지가,2008,712,34. 시도별 지가 변동률(평균),ⅩⅢ. 물 가 및 가 계,1988,경남,col-ko,0,0.8121,28.72,28.72,1.0,전치·패널2,[전치] 3.89 4.76 3.25 1.84 5. 88 2. 16 2. 91 4.85 0. 94 1.48 | 1988
지가,2008,712,34. 시도별 지가 변동률(평균),ⅩⅢ. 물 가 및 가 계,1989 ...,강원,col-ko,0,0.3563,25.54,25.54,0.5,전치·패널2,[전치] 3.89 4.76 3.25 1.84 5. 88 2. 16 2. 91 4.85 0. 94 1.48 | 1989 ...
지가,2008,712,34. 시도별 지가 변동률(평균),ⅩⅢ. 물 가 및 가 계,1989 ...,충북,col-ko,0,0.4333,16. 11,16.11,0.5,전치·패널2,[전치] 3.89 4.76 3.25 1.84 5. 88 2. 16 2. 91 4.85 0. 94 1.48 | 1989 ...
지가,2008,712,34. 시도별 지가 변동률(평균),ⅩⅢ. 물 가 및 가 계,1989 ...,전북,col-ko,0,0.5842,29. 68,29.68,1.0,전치·패널2,[전치] 3.89 4.76 3.25 1.84 5. 88 2. 16 2. 91 4.85 0. 94 1.48 | 1989 ...
지가,2008,712,34. 시도별 지가 변동률(평균),ⅩⅢ. 물 가 및 가 계,1989 ...,전남,col-ko,0,0.6602,38.38,38.38,0.5,전치·패널2,[전치] 3.89 4.76 3.25 1.84 5. 88 2. 16 2. 91 4.85 0. 94 1.48 | 1989 ...
지가,2008,712,34. 시도별 지가 변동률(평균),ⅩⅢ. 물 가 및 가 계,1989 ...,경북,col-ko,0,0.7361,19.80,19.8,0.3,전치·패널2|저신뢰,[전치] 3.89 4.76 3.25 1.84 5. 88 2. 16 2. 91 4.85 0. 94 1.48 | 1989 ...
지가,2008,712,34. 시도별 지가 변동률(평균),ⅩⅢ. 물 가 및 가 계,1989 ...,경남,col-ko,0,0.8121,17.25,17.25,1.0,전치·패널2,[전치] 3.89 4.76 3.25 1.84 5. 88 2. 16 2. 91 4.85 0. 94 1.48 | 1989 ...
지가,2008,712,34. 시도별 지가 변동률(평균),ⅩⅢ. 물 가 및 가 계,1989 ...,제주,col-ko,0,0.8881,41. 90,41.9,0.5,전치·패널2,[전치] 3.89 4.76 3.25 1.84 5. 88 2. 16 2. 91 4.85 0. 94 1.48 | 1989 ...
지가,2008,712,34. 시도별 지가 변동률(평균),ⅩⅢ. 물 가 및 가 계,1990,강원,col-ko,0,0.3563,11. 98,11.98,0.5,전치·패널2,[전치] 3.89 4.76 3.25 1.84 5. 88 2. 16 2. 91 4.85 0. 94 1.48 | 1990
지가,2008,712,34. 시도별 지가 변동률(평균),ⅩⅢ. 물 가 및 가 계,1990,충북,col-ko,0,0.4333,11. 48,11.48,0.5,전치·패널2,[전치] 3.89 4.76 3.25 1.84 5. 88 2. 16 2. 91 4.85 0. 94 1.48 | 1990
지가,2008,712,34. 시도별 지가 변동률(평균),ⅩⅢ. 물 가 및 가 계,1990,충남,col-ko,0,0.5103,11.41,11.41,0.5,전치·패널2,[전치] 3.89 4.76 3.25 1.84 5. 88 2. 16 2. 91 4.85 0. 94 1.48 | 1990
지가,2008,712,34. 시도별 지가 변동률(평균),ⅩⅢ. 물 가 및 가 계,1990,전북,col-ko,0,0.5842,10.84,10.84,0.5,전치·패널2,[전치] 3.89 4.76 3.25 1.84 5. 88 2. 16 2. 91 4.85 0. 94 1.48 | 1990
지가,2008,712,34. 시도별 지가 변동률(평균),ⅩⅢ. 물 가 및 가 계,1990,전남,col-ko,0,0.6602,9.54,9.54,1.0,전치·패널2,[전치] 3.89 4.76 3.25 1.84 5. 88 2. 16 2. 91 4.85 0. 94 1.48 | 1990
지가,2008,712,34. 시도별 지가 변동률(평균),ⅩⅢ. 물 가 및 가 계,1990,경북,col-ko,0,0.7361,13.32,13.32,0.3,전치·패널2|저신뢰,[전치] 3.89 4.76 3.25 1.84 5. 88 2. 16 2. 91 4.85 0. 94 1.48 | 1990
지가,2008,712,34. 시도별 지가 변동률(평균),ⅩⅢ. 물 가 및 가 계,1990,경남,col-ko,0,0.8121,12. 80,12.8,0.5,전치·패널2,[전치] 3.89 4.76 3.25 1.84 5. 88 2. 16 2. 91 4.85 0. 94 1.48 | 1990
지가,2008,712,34. 시도별 지가 변동률(평균),ⅩⅢ. 물 가 및 가 계,1990,제주,col-ko,0,0.8881,8.45,8.45,1.0,전치·패널2,[전치] 3.89 4.76 3.25 1.84 5. 88 2. 16 2. 91 4.85 0. 94 1.48 | 1990
지가,2008,712,34. 시도별 지가 변동률(평균),ⅩⅢ. 물 가 및 가 계,1991,강원,col-ko,0,0.3563,7.18,7.18,0.5,전치·패널2,[전치] 3.89 4.76 3.25 1.84 5. 88 2. 16 2. 91 4.85 0. 94 1.48 | 1991
지가,2008,712,34. 시도별 지가 변동률(평균),ⅩⅢ. 물 가 및 가 계,1991,충북,col-ko,0,0.4333,14.31,14.31,1.0,전치·패널2,[전치] 3.89 4.76 3.25 1.84 5. 88 2. 16 2. 91 4.85 0. 94 1.48 | 1991
지가,2008,712,34. 시도별 지가 변동률(평균),ⅩⅢ. 물 가 및 가 계,1991,충남,col-ko,0,0.5103,9.56,9.56,1.0,전치·패널2,[전치] 3.89 4.76 3.25 1.84 5. 88 2. 16 2. 91 4.85 0. 94 1.48 | 1991
지가,2008,712,34. 시도별 지가 변동률(평균),ⅩⅢ. 물 가 및 가 계,1991,전북,col-ko,0,0.5842,9.40,9.4,1.0,전치·패널2,[전치] 3.89 4.76 3.25 1.84 5. 88 2. 16 2. 91 4.85 0. 94 1.48 | 1991
지가,2008,712,34. 시도별 지가 변동률(평균),ⅩⅢ. 물 가 및 가 계,1991,전남,col-ko,0,0.6602,4.50,4.5,1.0,전치·패널2,[전치] 3.89 4.76 3.25 1.84 5. 88 2. 16 2. 91 4.85 0. 94 1.48 | 1991
지가,2008,712,34. 시도별 지가 변동률(평균),ⅩⅢ. 물 가 및 가 계,1991,경북,col-ko,0,0.7361,9.11,9.11,0.3,전치·패널2|저신뢰,[전치] 3.89 4.76 3.25 1.84 5. 88 2. 16 2. 91 4.85 0. 94 1.48 | 1991
지가,2008,712,34. 시도별 지가 변동률(평균),ⅩⅢ. 물 가 및 가 계,1991,경남,col-ko,0,0.8121,14.47,14.47,1.0,전치·패널2,[전치] 3.89 4.76 3.25 1.84 5. 88 2. 16 2. 91 4.85 0. 94 1.48 | 1991
지가,2008,712,34. 시도별 지가 변동률(평균),ⅩⅢ. 물 가 및 가 계,1991,제주,col-ko,0,0.8881,10. 43,10.43,0.5,전치·패널2,[전치] 3.89 4.76 3.25 1.84 5. 88 2. 16 2. 91 4.85 0. 94 1.48 | 1991
지가,2008,712,34. 시도별 지가 변동률(평균),ⅩⅢ. 물 가 및 가 계,1992,강원,col-ko,0,0.3563,1. 06,1.06,0.5,전치·패널2,[전치] 3.89 4.76 3.25 1.84 5. 88 2. 16 2. 91 4.85 0. 94 1.48 | 1992
지가,2008,712,34. 시도별 지가 변동률(평균),ⅩⅢ. 물 가 및 가 계,1992,충북,col-ko,0,0.4333,1.62,1.62,1.0,전치·패널2,[전치] 3.89 4.76 3.25 1.84 5. 88 2. 16 2. 91 4.85 0. 94 1.48 | 1992
지가,2008,712,34. 시도별 지가 변동률(평균),ⅩⅢ. 물 가 및 가 계,1992,충남,col-ko,0,0.5103,1. 12,1.12,1.0,전치·패널2,[전치] 3.89 4.76 3.25 1.84 5. 88 2. 16 2. 91 4.85 0. 94 1.48 | 1992
지가,2008,712,34. 시도별 지가 변동률(평균),ⅩⅢ. 물 가 및 가 계,1992,전북,col-ko,0,0.5842,1.64,1.64,1.0,전치·패널2,[전치] 3.89 4.76 3.25 1.84 5. 88 2. 16 2. 91 4.85 0. 94 1.48 | 1992
지가,2008,712,34. 시도별 지가 변동률(평균),ⅩⅢ. 물 가 및 가 계,1992,전남,col-ko,0,0.6602,-0. 12,-0.12,0.5,전치·패널2,[전치] 3.89 4.76 3.25 1.84 5. 88 2. 16 2. 91 4.85 0. 94 1.48 | 1992
지가,2008,712,34. 시도별 지가 변동률(평균),ⅩⅢ. 물 가 및 가 계,1992,경북,col-ko,0,0.7361,-0.26,-0.26,1.0,전치·패널2,[전치] 3.89 4.76 3.25 1.84 5. 88 2. 16 2. 91 4.85 0. 94 1.48 | 1992
지가,2008,712,34. 시도별 지가 변동률(평균),ⅩⅢ. 물 가 및 가 계,1992,경남,col-ko,0,0.8121,0.18,0.18,0.3,전치·패널2|저신뢰,[전치] 3.89 4.76 3.25 1.84 5. 88 2. 16 2. 91 4.85 0. 94 1.48 | 1992
지가,2008,712,34. 시도별 지가 변동률(평균),ⅩⅢ. 물 가 및 가 계,1992,제주,col-ko,0,0.8881,0.26,0.26,1.0,전치·패널2,[전치] 3.89 4.76 3.25 1.84 5. 88 2. 16 2. 91 4.85 0. 94 1.48 | 1992
지가,2008,712,34. 시도별 지가 변동률(평균),ⅩⅢ. 물 가 및 가 계,1993,강원,col-ko,0,0.3563,-4.89,-4.89,1.0,전치·패널2,[전치] 3.89 4.76 3.25 1.84 5. 88 2. 16 2. 91 4.85 0. 94 1.48 | 1993
지가,2008,712,34. 시도별 지가 변동률(평균),ⅩⅢ. 물 가 및 가 계,1993,충북,col-ko,0,0.4333,-6.07,-6.07,0.5,전치·패널2,[전치] 3.89 4.76 3.25 1.84 5. 88 2. 16 2. 91 4.85 0. 94 1.48 | 1993
지가,2008,712,34. 시도별 지가 변동률(평균),ⅩⅢ. 물 가 및 가 계,1993,충남,col-ko,0,0.5103,-6.36,-6.36,0.5,전치·패널2,[전치] 3.89 4.76 3.25 1.84 5. 88 2. 16 2. 91 4.85 0. 94 1.48 | 1993
지가,2008,712,34. 시도별 지가 변동률(평균),ⅩⅢ. 물 가 및 가 계,1993,전북,col-ko,0,0.5842,-5.94,-5.94,0.3,전치·패널2|저신뢰,[전치] 3.89 4.76 3.25 1.84 5. 88 2. 16 2. 91 4.85 0. 94 1.48 | 1993
지가,2008,712,34. 시도별 지가 변동률(평균),ⅩⅢ. 물 가 및 가 계,1993,전남,col-ko,0,0.6602,-5.53,-5.53,0.3,전치·패널2|저신뢰,[전치] 3.89 4.76 3.25 1.84 5. 88 2. 16 2. 91 4.85 0. 94 1.48 | 1993
지가,2008,712,34. 시도별 지가 변동률(평균),ⅩⅢ. 물 가 및 가 계,1993,경북,col-ko,0,0.7361,-6.57,-6.57,1.0,전치·패널2,[전치] 3.89 4.76 3.25 1.84 5. 88 2. 16 2. 91 4.85 0. 94 1.48 | 1993
지가,2008,712,34. 시도별 지가 변동률(평균),ⅩⅢ. 물 가 및 가 계,1993,경남,col-ko,0,0.8121,-6.59,-6.59,1.0,전치·패널2,[전치] 3.89 4.76 3.25 1.84 5. 88 2. 16 2. 91 4.85 0. 94 1.48 | 1993
지가,2008,712,34. 시도별 지가 변동률(평균),ⅩⅢ. 물 가 및 가 계,1993,제주,col-ko,0,0.8881,-8. 70,-8.7,0.5,전치·패널2,[전치] 3.89 4.76 3.25 1.84 5. 88 2. 16 2. 91 4.85 0. 94 1.48 | 1993
지가,2008,712,34. 시도별 지가 변동률(평균),ⅩⅢ. 물 가 및 가 계,1994 -0.ㄲ,충북,col-ko,0,0.4333,-0. 40,-0.4,0.5,전치·패널2,[전치] 3.89 4.76 3.25 1.84 5. 88 2. 16 2. 91 4.85 0. 94 1.48 | 1994 -0.ㄲ
지가,2008,712,34. 시도별 지가 변동률(평균),ⅩⅢ. 물 가 및 가 계,1994 -0.ㄲ,전북,col-ko,0,0.5842,-0. 60,-0.6,0.5,전치·패널2,[전치] 3.89 4.76 3.25 1.84 5. 88 2. 16 2. 91 4.85 0. 94 1.48 | 1994 -0.ㄲ
지가,2008,712,34. 시도별 지가 변동률(평균),ⅩⅢ. 물 가 및 가 계,1994 -0.ㄲ,전남,col-ko,0,0.6602,-0.54,-0.54,1.0,전치·패널2,[전치] 3.89 4.76 3.25 1.84 5. 88 2. 16 2. 91 4.85 0. 94 1.48 | 1994 -0.ㄲ
지가,2008,712,34. 시도별 지가 변동률(평균),ⅩⅢ. 물 가 및 가 계,1994 -0.ㄲ,경북,col-ko,0,0.7361,0. 63,0.63,1.0,전치·패널2,[전치] 3.89 4.76 3.25 1.84 5. 88 2. 16 2. 91 4.85 0. 94 1.48 | 1994 -0.ㄲ
지가,2008,712,34. 시도별 지가 변동률(평균),ⅩⅢ. 물 가 및 가 계,1994 -0.ㄲ,경남,col-ko,0,0.8121,-0. 64,-0.64,0.5,전치·패널2,[전치] 3.89 4.76 3.25 1.84 5. 88 2. 16 2. 91 4.85 0. 94 1.48 | 1994 -0.ㄲ
지가,2008,712,34. 시도별 지가 변동률(평균),ⅩⅢ. 물 가 및 가 계,1995,강원,col-ko,0,0.3563,1. 13,1.13,1.0,전치·패널2,[전치] 3.89 4.76 3.25 1.84 5. 88 2. 16 2. 91 4.85 0. 94 1.48 | 1995
지가,2008,712,34. 시도별 지가 변동률(평균),ⅩⅢ. 물 가 및 가 계,1995,충북,col-ko,0,0.4333,0.39,0.39,0.5,전치·패널2,[전치] 3.89 4.76 3.25 1.84 5. 88 2. 16 2. 91 4.85 0. 94 1.48 | 1995
지가,2008,712,34. 시도별 지가 변동률(평균),ⅩⅢ. 물 가 및 가 계,1995,충남,col-ko,0,0.5103,-0. 27,-0.27,0.3,전치·패널2|저신뢰,[전치] 3.89 4.76 3.25 1.84 5. 88 2. 16 2. 91 4.85 0. 94 1.48 | 1995
지가,2008,712,34. 시도별 지가 변동률(평균),ⅩⅢ. 물 가 및 가 계,1995,전북,col-ko,0,0.5842,0.48,0.48,1.0,전치·패널2,[전치] 3.89 4.76 3.25 1.84 5. 88 2. 16 2. 91 4.85 0. 94 1.48 | 1995
지가,2008,712,34. 시도별 지가 변동률(평균),ⅩⅢ. 물 가 및 가 계,1995,전남,col-ko,0,0.6602,0.20,0.2,0.5,전치·패널2,[전치] 3.89 4.76 3.25 1.84 5. 88 2. 16 2. 91 4.85 0. 94 1.48 | 1995
지가,2008,712,34. 시도별 지가 변동률(평균),ⅩⅢ. 물 가 및 가 계,1995,경북,col-ko,0,0.7361,0. 72,0.72,0.5,전치·패널2,[전치] 3.89 4.76 3.25 1.84 5. 88 2. 16 2. 91 4.85 0. 94 1.48 | 1995
지가,2008,712,34. 시도별 지가 변동률(평균),ⅩⅢ. 물 가 및 가 계,1995,경남,col-ko,0,0.8121,0.56,0.56,1.0,전치·패널2,[전치] 3.89 4.76 3.25 1.84 5. 88 2. 16 2. 91 4.85 0. 94 1.48 | 1995
지가,2008,712,34. 시도별 지가 변동률(평균),ⅩⅢ. 물 가 및 가 계,1995,제주,col-ko,0,0.8881,-0. 15,-0.15,1.0,전치·패널2,[전치] 3.89 4.76 3.25 1.84 5. 88 2. 16 2. 91 4.85 0. 94 1.48 | 1995
지가,2008,712,34. 시도별 지가 변동률(평균),ⅩⅢ. 물 가 및 가 계,1996,강원,col-ko,0,0.3563,1.26,1.26,1.0,전치·패널2,[전치] 3.89 4.76 3.25 1.84 5. 88 2. 16 2. 91 4.85 0. 94 1.48 | 1996
지가,2008,712,34. 시도별 지가 변동률(평균),ⅩⅢ. 물 가 및 가 계,1996,충북,col-ko,0,0.4333,0.77,0.77,1.0,전치·패널2,[전치] 3.89 4.76 3.25 1.84 5. 88 2. 16 2. 91 4.85 0. 94 1.48 | 1996
지가,2008,712,34. 시도별 지가 변동률(평균),ⅩⅢ. 물 가 및 가 계,1996,충남,col-ko,0,0.5103,1. 08,1.08,0.5,전치·패널2,[전치] 3.89 4.76 3.25 1.84 5. 88 2. 16 2. 91 4.85 0. 94 1.48 | 1996
지가,2008,712,34. 시도별 지가 변동률(평균),ⅩⅢ. 물 가 및 가 계,1996,전북,col-ko,0,0.5842,1.13,1.13,0.5,전치·패널2,[전치] 3.89 4.76 3.25 1.84 5. 88 2. 16 2. 91 4.85 0. 94 1.48 | 1996
지가,2008,712,34. 시도별 지가 변동률(평균),ⅩⅢ. 물 가 및 가 계,1996,전남,col-ko,0,0.6602,0. 83,0.83,1.0,전치·패널2,[전치] 3.89 4.76 3.25 1.84 5. 88 2. 16 2. 91 4.85 0. 94 1.48 | 1996
지가,2008,712,34. 시도별 지가 변동률(평균),ⅩⅢ. 물 가 및 가 계,1996,경북,col-ko,0,0.7361,1. 25,1.25,1.0,전치·패널2,[전치] 3.89 4.76 3.25 1.84 5. 88 2. 16 2. 91 4.85 0. 94 1.48 | 1996
지가,2008,712,34. 시도별 지가 변동률(평균),ⅩⅢ. 물 가 및 가 계,1996,경남,col-ko,0,0.8121,0. 98,0.98,1.0,전치·패널2,[전치] 3.89 4.76 3.25 1.84 5. 88 2. 16 2. 91 4.85 0. 94 1.48 | 1996
지가,2008,712,34. 시도별 지가 변동률(평균),ⅩⅢ. 물 가 및 가 계,1996,제주,col-ko,0,0.8881,0. 30,0.3,1.0,전치·패널2,[전치] 3.89 4.76 3.25 1.84 5. 88 2. 16 2. 91 4.85 0. 94 1.48 | 1996
지가,2008,712,34. 시도별 지가 변동률(평균),ⅩⅢ. 물 가 및 가 계,1997,울산,col-ko,0,0.2064,0.03,0.03,1.0,전치·패널2,[전치] 3.89 4.76 3.25 1.84 5. 88 2. 16 2. 91 4.85 0. 94 1.48 | 1997
지가,2008,712,34. 시도별 지가 변동률(평균),ⅩⅢ. 물 가 및 가 계,1997,충북,col-ko,0,0.4333,1. 02,1.02,1.0,전치·패널2,[전치] 3.89 4.76 3.25 1.84 5. 88 2. 16 2. 91 4.85 0. 94 1.48 | 1997
지가,2008,712,34. 시도별 지가 변동률(평균),ⅩⅢ. 물 가 및 가 계,1997,충남,col-ko,0,0.5103,1. 13,1.13,0.5,전치·패널2,[전치] 3.89 4.76 3.25 1.84 5. 88 2. 16 2. 91 4.85 0. 94 1.48 | 1997
지가,2008,712,34. 시도별 지가 변동률(평균),ⅩⅢ. 물 가 및 가 계,1997,전북,col-ko,0,0.5842,0.57,0.57,1.0,전치·패널2,[전치] 3.89 4.76 3.25 1.84 5. 88 2. 16 2. 91 4.85 0. 94 1.48 | 1997
지가,2008,712,34. 시도별 지가 변동률(평균),ⅩⅢ. 물 가 및 가 계,1997,전남,col-ko,0,0.6602,0.69,0.69,1.0,전치·패널2,[전치] 3.89 4.76 3.25 1.84 5. 88 2. 16 2. 91 4.85 0. 94 1.48 | 1997
지가,2008,712,34. 시도별 지가 변동률(평균),ⅩⅢ. 물 가 및 가 계,1997,경북,col-ko,0,0.7361,0.38,0.38,1.0,전치·패널2,[전치] 3.89 4.76 3.25 1.84 5. 88 2. 16 2. 91 4.85 0. 94 1.48 | 1997
지가,2008,712,34. 시도별 지가 변동률(평균),ⅩⅢ. 물 가 및 가 계,1997,경남,col-ko,0,0.8121,0.26,0.26,1.0,전치·패널2,[전치] 3.89 4.76 3.25 1.84 5. 88 2. 16 2. 91 4.85 0. 94 1.48 | 1997
지가,2008,712,34. 시도별 지가 변동률(평균),ⅩⅢ. 물 가 및 가 계,1997,제주,col-ko,0,0.8881,0.38,0.38,0.5,전치·패널2,[전치] 3.89 4.76 3.25 1.84 5. 88 2. 16 2. 91 4.85 0. 94 1.48 | 1997
지가,2008,712,34. 시도별 지가 변동률(평균),ⅩⅢ. 물 가 및 가 계,1998 - 13.54,강원,col-ko,0,0.3563,-8. 30,-8.3,0.3,전치·패널2|저신뢰,[전치] 3.89 4.76 3.25 1.84 5. 88 2. 16 2. 91 4.85 0. 94 1.48 | 1998 - 13.54
지가,2008,712,34. 시도별 지가 변동률(평균),ⅩⅢ. 물 가 및 가 계,1998 - 13.54,충북,col-ko,0,0.4333,-7.13,-7.13,0.5,전치·패널2,[전치] 3.89 4.76 3.25 1.84 5. 88 2. 16 2. 91 4.85 0. 94 1.48 | 1998 - 13.54
지가,2008,712,34. 시도별 지가 변동률(평균),ⅩⅢ. 물 가 및 가 계,1998 - 13.54,충남,col-ko,0,0.5103,-7.11,-7.11,0.5,전치·패널2,[전치] 3.89 4.76 3.25 1.84 5. 88 2. 16 2. 91 4.85 0. 94 1.48 | 1998 - 13.54
지가,2008,712,34. 시도별 지가 변동률(평균),ⅩⅢ. 물 가 및 가 계,1998 - 13.54,전북,col-ko,0,0.5842,-5.60,-5.6,0.5,전치·패널2,[전치] 3.89 4.76 3.25 1.84 5. 88 2. 16 2. 91 4.85 0. 94 1.48 | 1998 - 13.54
지가,2008,712,34. 시도별 지가 변동률(평균),ⅩⅢ. 물 가 및 가 계,1998 - 13.54,전남,col-ko,0,0.6602,-6.96,-6.96,0.5,전치·패널2,[전치] 3.89 4.76 3.25 1.84 5. 88 2. 16 2. 91 4.85 0. 94 1.48 | 1998 - 13.54
지가,2008,712,34. 시도별 지가 변동률(평균),ⅩⅢ. 물 가 및 가 계,1998 - 13.54,제주,col-ko,0,0.8881,-8. 13,-8.13,0.5,전치·패널2,[전치] 3.89 4.76 3.25 1.84 5. 88 2. 16 2. 91 4.85 0. 94 1.48 | 1998 - 13.54
지가,2008,712,34. 시도별 지가 변동률(평균),ⅩⅢ. 물 가 및 가 계,1999,울산,col-ko,0,0.2064,1.50,1.5,1.0,전치·패널2,[전치] 3.89 4.76 3.25 1.84 5. 88 2. 16 2. 91 4.85 0. 94 1.48 | 1999
지가,2008,712,34. 시도별 지가 변동률(평균),ⅩⅢ. 물 가 및 가 계,1999,강원,col-ko,0,0.3563,2.50,2.5,1.0,전치·패널2,[전치] 3.89 4.76 3.25 1.84 5. 88 2. 16 2. 91 4.85 0. 94 1.48 | 1999
지가,2008,712,34. 시도별 지가 변동률(평균),ⅩⅢ. 물 가 및 가 계,1999,충북,col-ko,0,0.4333,4. 10,4.1,1.0,전치·패널2,[전치] 3.89 4.76 3.25 1.84 5. 88 2. 16 2. 91 4.85 0. 94 1.48 | 1999
지가,2008,712,34. 시도별 지가 변동률(평균),ⅩⅢ. 물 가 및 가 계,1999,충남,col-ko,0,0.5103,3.18,3.18,1.0,전치·패널2,[전치] 3.89 4.76 3.25 1.84 5. 88 2. 16 2. 91 4.85 0. 94 1.48 | 1999
지가,2008,712,34. 시도별 지가 변동률(평균),ⅩⅢ. 물 가 및 가 계,1999,전북,col-ko,0,0.5842,2.17,2.17,1.0,전치·패널2,[전치] 3.89 4.76 3.25 1.84 5. 88 2. 16 2. 91 4.85 0. 94 1.48 | 1999
지가,2008,712,34. 시도별 지가 변동률(평균),ⅩⅢ. 물 가 및 가 계,1999,전남,col-ko,0,0.6602,4.8,4.8,0.3,전치·패널2|저신뢰,[전치] 3.89 4.76 3.25 1.84 5. 88 2. 16 2. 91 4.85 0. 94 1.48 | 1999
지가,2008,712,34. 시도별 지가 변동률(평균),ⅩⅢ. 물 가 및 가 계,1999,경북,col-ko,0,0.7361,2.73,2.73,1.0,전치·패널2,[전치] 3.89 4.76 3.25 1.84 5. 88 2. 16 2. 91 4.85 0. 94 1.48 | 1999
지가,2008,712,34. 시도별 지가 변동률(평균),ⅩⅢ. 물 가 및 가 계,1999,경남,col-ko,0,0.8121,2.21,2.21,1.0,전치·패널2,[전치] 3.89 4.76 3.25 1.84 5. 88 2. 16 2. 91 4.85 0. 94 1.48 | 1999
지가,2008,712,34. 시도별 지가 변동률(평균),ⅩⅢ. 물 가 및 가 계,1999,제주,col-ko,0,0.8881,6.82,6.82,1.0,전치·패널2,[전치] 3.89 4.76 3.25 1.84 5. 88 2. 16 2. 91 4.85 0. 94 1.48 | 1999
지가,2008,712,34. 시도별 지가 변동률(평균),ⅩⅢ. 물 가 및 가 계,2000,울산,col-ko,0,0.2064,-0.26,-0.26,1.0,전치·패널2,[전치] 3.89 4.76 3.25 1.84 5. 88 2. 16 2. 91 4.85 0. 94 1.48 | 2000
지가,2008,712,34. 시도별 지가 변동률(평균),ⅩⅢ. 물 가 및 가 계,2000,강원,col-ko,0,0.3563,1.39,1.39,1.0,전치·패널2,[전치] 3.89 4.76 3.25 1.84 5. 88 2. 16 2. 91 4.85 0. 94 1.48 | 2000
지가,2008,712,34. 시도별 지가 변동률(평균),ⅩⅢ. 물 가 및 가 계,2000,충북,col-ko,0,0.4333,1. 12,1.12,0.5,전치·패널2,[전치] 3.89 4.76 3.25 1.84 5. 88 2. 16 2. 91 4.85 0. 94 1.48 | 2000
지가,2008,712,34. 시도별 지가 변동률(평균),ⅩⅢ. 물 가 및 가 계,2000,충남,col-ko,0,0.5103,1. 18,1.18,0.5,전치·패널2,[전치] 3.89 4.76 3.25 1.84 5. 88 2. 16 2. 91 4.85 0. 94 1.48 | 2000
지가,2008,712,34. 시도별 지가 변동률(평균),ⅩⅢ. 물 가 및 가 계,2000,전북,col-ko,0,0.5842,1.13,1.13,1.0,전치·패널2,[전치] 3.89 4.76 3.25 1.84 5. 88 2. 16 2. 91 4.85 0. 94 1.48 | 2000
지가,2008,712,34. 시도별 지가 변동률(평균),ⅩⅢ. 물 가 및 가 계,2000,경북,col-ko,0,0.7361,0.72,0.72,1.0,전치·패널2,[전치] 3.89 4.76 3.25 1.84 5. 88 2. 16 2. 91 4.85 0. 94 1.48 | 2000
지가,2008,712,34. 시도별 지가 변동률(평균),ⅩⅢ. 물 가 및 가 계,2000,경남,col-ko,0,0.8121,1. 15,1.15,0.5,전치·패널2,[전치] 3.89 4.76 3.25 1.84 5. 88 2. 16 2. 91 4.85 0. 94 1.48 | 2000
지가,2008,712,34. 시도별 지가 변동률(평균),ⅩⅢ. 물 가 및 가 계,2000,제주,col-ko,0,0.8881,2.18,2.18,1.0,전치·패널2,[전치] 3.89 4.76 3.25 1.84 5. 88 2. 16 2. 91 4.85 0. 94 1.48 | 2000
지가,2008,712,34. 시도별 지가 변동률(평균),ⅩⅢ. 물 가 및 가 계,2001,울산,col-ko,0,0.2064,0.38,0.38,0.5,전치·패널2,[전치] 3.89 4.76 3.25 1.84 5. 88 2. 16 2. 91 4.85 0. 94 1.48 | 2001
지가,2008,712,34. 시도별 지가 변동률(평균),ⅩⅢ. 물 가 및 가 계,2001,강원,col-ko,0,0.3563,2.29,2.29,1.0,전치·패널2,[전치] 3.89 4.76 3.25 1.84 5. 88 2. 16 2. 91 4.85 0. 94 1.48 | 2001
지가,2008,712,34. 시도별 지가 변동률(평균),ⅩⅢ. 물 가 및 가 계,2001,충북,col-ko,0,0.4333,0.41,0.41,1.0,전치·패널2,[전치] 3.89 4.76 3.25 1.84 5. 88 2. 16 2. 91 4.85 0. 94 1.48 | 2001
지가,2008,712,34. 시도별 지가 변동률(평균),ⅩⅢ. 물 가 및 가 계,2001,충남,col-ko,0,0.5103,0.36,0.36,1.0,전치·패널2,[전치] 3.89 4.76 3.25 1.84 5. 88 2. 16 2. 91 4.85 0. 94 1.48 | 2001
지가,2008,712,34. 시도별 지가 변동률(평균),ⅩⅢ. 물 가 및 가 계,2001,전북,col-ko,0,0.5842,-0. 13,-0.13,0.5,전치·패널2,[전치] 3.89 4.76 3.25 1.84 5. 88 2. 16 2. 91 4.85 0. 94 1.48 | 2001
지가,2008,712,34. 시도별 지가 변동률(평균),ⅩⅢ. 물 가 및 가 계,2001,전남,col-ko,0,0.6602,0.35,0.35,0.5,전치·패널2,[전치] 3.89 4.76 3.25 1.84 5. 88 2. 16 2. 91 4.85 0. 94 1.48 | 2001
지가,2008,712,34. 시도별 지가 변동률(평균),ⅩⅢ. 물 가 및 가 계,2001,경북,col-ko,0,0.7361,0.51,0.51,1.0,전치·패널2,[전치] 3.89 4.76 3.25 1.84 5. 88 2. 16 2. 91 4.85 0. 94 1.48 | 2001
지가,2008,712,34. 시도별 지가 변동률(평균),ⅩⅢ. 물 가 및 가 계,2001,경남,col-ko,0,0.8121,0. 94,0.94,0.5,전치·패널2,[전치] 3.89 4.76 3.25 1.84 5. 88 2. 16 2. 91 4.85 0. 94 1.48 | 2001
지가,2008,712,34. 시도별 지가 변동률(평균),ⅩⅢ. 물 가 및 가 계,2001,제주,col-ko,0,0.8881,3.13,3.13,0.3,전치·패널2|저신뢰,[전치] 3.89 4.76 3.25 1.84 5. 88 2. 16 2. 91 4.85 0. 94 1.48 | 2001
지가,2008,712,34. 시도별 지가 변동률(평균),ⅩⅢ. 물 가 및 가 계,2002,울산,col-ko,0,0.2064,1.75,1.75,1.0,전치·패널2,[전치] 3.89 4.76 3.25 1.84 5. 88 2. 16 2. 91 4.85 0. 94 1.48 | 2002
지가,2008,712,34. 시도별 지가 변동률(평균),ⅩⅢ. 물 가 및 가 계,2002,강원,col-ko,0,0.3563,1. 88,1.88,0.5,전치·패널2,[전치] 3.89 4.76 3.25 1.84 5. 88 2. 16 2. 91 4.85 0. 94 1.48 | 2002
지가,2008,712,34. 시도별 지가 변동률(평균),ⅩⅢ. 물 가 및 가 계,2002,충북,col-ko,0,0.4333,3. 02,3.02,0.5,전치·패널2,[전치] 3.89 4.76 3.25 1.84 5. 88 2. 16 2. 91 4.85 0. 94 1.48 | 2002
지가,2008,712,34. 시도별 지가 변동률(평균),ⅩⅢ. 물 가 및 가 계,2002,충남,col-ko,0,0.5103,2.48,2.48,1.0,전치·패널2,[전치] 3.89 4.76 3.25 1.84 5. 88 2. 16 2. 91 4.85 0. 94 1.48 | 2002
지가,2008,712,34. 시도별 지가 변동률(평균),ⅩⅢ. 물 가 및 가 계,2002,전북,col-ko,0,0.5842,0.64,0.64,1.0,전치·패널2,[전치] 3.89 4.76 3.25 1.84 5. 88 2. 16 2. 91 4.85 0. 94 1.48 | 2002
지가,2008,712,34. 시도별 지가 변동률(평균),ⅩⅢ. 물 가 및 가 계,2002,전남,col-ko,0,0.6602,0.95,0.95,1.0,전치·패널2,[전치] 3.89 4.76 3.25 1.84 5. 88 2. 16 2. 91 4.85 0. 94 1.48 | 2002
지가,2008,712,34. 시도별 지가 변동률(평균),ⅩⅢ. 물 가 및 가 계,2002,경북,col-ko,0,0.7361,2.06,2.06,1.0,전치·패널2,[전치] 3.89 4.76 3.25 1.84 5. 88 2. 16 2. 91 4.85 0. 94 1.48 | 2002
지가,2008,712,34. 시도별 지가 변동률(평균),ⅩⅢ. 물 가 및 가 계,2002,경남,col-ko,0,0.8121,2.22,2.22,1.0,전치·패널2,[전치] 3.89 4.76 3.25 1.84 5. 88 2. 16 2. 91 4.85 0. 94 1.48 | 2002
지가,2008,712,34. 시도별 지가 변동률(평균),ⅩⅢ. 물 가 및 가 계,2002,제주,col-ko,0,0.8881,6.01,6.01,1.0,전치·패널2,[전치] 3.89 4.76 3.25 1.84 5. 88 2. 16 2. 91 4.85 0. 94 1.48 | 2002
지가,2008,712,34. 시도별 지가 변동률(평균),ⅩⅢ. 물 가 및 가 계,2003,울산,col-ko,0,0.2064,0.66,0.66,1.0,전치·패널2,[전치] 3.89 4.76 3.25 1.84 5. 88 2. 16 2. 91 4.85 0. 94 1.48 | 2003
지가,2008,712,34. 시도별 지가 변동률(평균),ⅩⅢ. 물 가 및 가 계,2003,강원,col-ko,0,0.3563,1.79,1.79,1.0,전치·패널2,[전치] 3.89 4.76 3.25 1.84 5. 88 2. 16 2. 91 4.85 0. 94 1.48 | 2003
지가,2008,712,34. 시도별 지가 변동률(평균),ⅩⅢ. 물 가 및 가 계,2003,충북,col-ko,0,0.4333,2. 54,2.54,1.0,전치·패널2,[전치] 3.89 4.76 3.25 1.84 5. 88 2. 16 2. 91 4.85 0. 94 1.48 | 2003
지가,2008,712,34. 시도별 지가 변동률(평균),ⅩⅢ. 물 가 및 가 계,2003,충남,col-ko,0,0.5103,4. 81,4.81,0.5,전치·패널2,[전치] 3.89 4.76 3.25 1.84 5. 88 2. 16 2. 91 4.85 0. 94 1.48 | 2003
지가,2008,712,34. 시도별 지가 변동률(평균),ⅩⅢ. 물 가 및 가 계,2003,전북,col-ko,0,0.5842,0. 96,0.96,0.5,전치·패널2,[전치] 3.89 4.76 3.25 1.84 5. 88 2. 16 2. 91 4.85 0. 94 1.48 | 2003
지가,2008,712,34. 시도별 지가 변동률(평균),ⅩⅢ. 물 가 및 가 계,2003,전남,col-ko,0,0.6602,0. 50,0.5,1.0,전치·패널2,[전치] 3.89 4.76 3.25 1.84 5. 88 2. 16 2. 91 4.85 0. 94 1.48 | 2003
지가,2008,712,34. 시도별 지가 변동률(평균),ⅩⅢ. 물 가 및 가 계,2003,경북,col-ko,0,0.7361,0. 15,0.15,0.5,전치·패널2,[전치] 3.89 4.76 3.25 1.84 5. 88 2. 16 2. 91 4.85 0. 94 1.48 | 2003
지가,2008,712,34. 시도별 지가 변동률(평균),ⅩⅢ. 물 가 및 가 계,2003,경남,col-ko,0,0.8121,1.38,1.38,1.0,전치·패널2,[전치] 3.89 4.76 3.25 1.84 5. 88 2. 16 2. 91 4.85 0. 94 1.48 | 2003
지가,2008,712,34. 시도별 지가 변동률(평균),ⅩⅢ. 물 가 및 가 계,2003,제주,col-ko,0,0.8881,1.25,1.25,1.0,전치·패널2,[전치] 3.89 4.76 3.25 1.84 5. 88 2. 16 2. 91 4.85 0. 94 1.48 | 2003
지가,2008,712,34. 시도별 지가 변동률(평균),ⅩⅢ. 물 가 및 가 계,2004,울산,col-ko,0,0.2064,1.79,1.79,1.0,전치·패널2,[전치] 3.89 4.76 3.25 1.84 5. 88 2. 16 2. 91 4.85 0. 94 1.48 | 2004
지가,2008,712,34. 시도별 지가 변동률(평균),ⅩⅢ. 물 가 및 가 계,2004,경기,col-ko,0,0.2813,6. 12,6.12,0.5,전치·패널2,[전치] 3.89 4.76 3.25 1.84 5. 88 2. 16 2. 91 4.85 0. 94 1.48 | 2004
지가,2008,712,34. 시도별 지가 변동률(평균),ⅩⅢ. 물 가 및 가 계,2004,강원,col-ko,0,0.3563,2.27,2.27,1.0,전치·패널2,[전치] 3.89 4.76 3.25 1.84 5. 88 2. 16 2. 91 4.85 0. 94 1.48 | 2004
지가,2008,712,34. 시도별 지가 변동률(평균),ⅩⅢ. 물 가 및 가 계,2004,충북,col-ko,0,0.4333,3. 83,3.83,1.0,전치·패널2,[전치] 3.89 4.76 3.25 1.84 5. 88 2. 16 2. 91 4.85 0. 94 1.48 | 2004
지가,2008,712,34. 시도별 지가 변동률(평균),ⅩⅢ. 물 가 및 가 계,2004,충남,col-ko,0,0.5103,11.65,11.65,1.0,전치·패널2,[전치] 3.89 4.76 3.25 1.84 5. 88 2. 16 2. 91 4.85 0. 94 1.48 | 2004
지가,2008,712,34. 시도별 지가 변동률(평균),ⅩⅢ. 물 가 및 가 계,2004,전북,col-ko,0,0.5842,0. 70,0.7,1.0,전치·패널2,[전치] 3.89 4.76 3.25 1.84 5. 88 2. 16 2. 91 4.85 0. 94 1.48 | 2004
지가,2008,712,34. 시도별 지가 변동률(평균),ⅩⅢ. 물 가 및 가 계,2004,전남,col-ko,0,0.6602,0.93,0.93,1.0,전치·패널2,[전치] 3.89 4.76 3.25 1.84 5. 88 2. 16 2. 91 4.85 0. 94 1.48 | 2004
지가,2008,712,34. 시도별 지가 변동률(평균),ⅩⅢ. 물 가 및 가 계,2004,경북,col-ko,0,0.7361,2.11,2.11,0.5,전치·패널2,[전치] 3.89 4.76 3.25 1.84 5. 88 2. 16 2. 91 4.85 0. 94 1.48 | 2004
지가,2008,712,34. 시도별 지가 변동률(평균),ⅩⅢ. 물 가 및 가 계,2004,경남,col-ko,0,0.8121,3.09,3.09,0.5,전치·패널2,[전치] 3.89 4.76 3.25 1.84 5. 88 2. 16 2. 91 4.85 0. 94 1.48 | 2004
지가,2008,712,34. 시도별 지가 변동률(평균),ⅩⅢ. 물 가 및 가 계,2004,제주,col-ko,0,0.8881,1.96,1.96,1.0,전치·패널2,[전치] 3.89 4.76 3.25 1.84 5. 88 2. 16 2. 91 4.85 0. 94 1.48 | 2004
지가,2008,712,34. 시도별 지가 변동률(평균),ⅩⅢ. 물 가 및 가 계,2005,울산,col-ko,0,0.2064,206,206,0.5,전치·패널2,[전치] 3.89 4.76 3.25 1.84 5. 88 2. 16 2. 91 4.85 0. 94 1.48 | 2005
지가,2008,712,34. 시도별 지가 변동률(평균),ⅩⅢ. 물 가 및 가 계,2005,경기,col-ko,0,0.2813,5.69,5.69,1.0,전치·패널2,[전치] 3.89 4.76 3.25 1.84 5. 88 2. 16 2. 91 4.85 0. 94 1.48 | 2005
지가,2008,712,34. 시도별 지가 변동률(평균),ⅩⅢ. 물 가 및 가 계,2005,강원,col-ko,0,0.3563,2.63,2.63,1.0,전치·패널2,[전치] 3.89 4.76 3.25 1.84 5. 88 2. 16 2. 91 4.85 0. 94 1.48 | 2005
지가,2008,712,34. 시도별 지가 변동률(평균),ⅩⅢ. 물 가 및 가 계,2005,충북,col-ko,0,0.4333,4. 98,4.98,1.0,전치·패널2,[전치] 3.89 4.76 3.25 1.84 5. 88 2. 16 2. 91 4.85 0. 94 1.48 | 2005
지가,2008,712,34. 시도별 지가 변동률(평균),ⅩⅢ. 물 가 및 가 계,2005,충남,col-ko,0,0.5103,8.32,8.32,1.0,전치·패널2,[전치] 3.89 4.76 3.25 1.84 5. 88 2. 16 2. 91 4.85 0. 94 1.48 | 2005
지가,2008,712,34. 시도별 지가 변동률(평균),ⅩⅢ. 물 가 및 가 계,2005,전북,col-ko,0,0.5842,1. 38,1.38,0.5,전치·패널2,[전치] 3.89 4.76 3.25 1.84 5. 88 2. 16 2. 91 4.85 0. 94 1.48 | 2005
지가,2008,712,34. 시도별 지가 변동률(평균),ⅩⅢ. 물 가 및 가 계,2005,전남,col-ko,0,0.6602,2.45,2.45,1.0,전치·패널2,[전치] 3.89 4.76 3.25 1.84 5. 88 2. 16 2. 91 4.85 0. 94 1.48 | 2005
지가,2008,712,34. 시도별 지가 변동률(평균),ⅩⅢ. 물 가 및 가 계,2005,경북,col-ko,0,0.7361,2. 19,2.19,0.5,전치·패널2,[전치] 3.89 4.76 3.25 1.84 5. 88 2. 16 2. 91 4.85 0. 94 1.48 | 2005
지가,2008,712,34. 시도별 지가 변동률(평균),ⅩⅢ. 물 가 및 가 계,2005,경남,col-ko,0,0.8121,2.81,2.81,1.0,전치·패널2,[전치] 3.89 4.76 3.25 1.84 5. 88 2. 16 2. 91 4.85 0. 94 1.48 | 2005
지가,2008,712,34. 시도별 지가 변동률(평균),ⅩⅢ. 물 가 및 가 계,2005,제주,col-ko,0,0.8881,212,212,0.3,전치·패널2|저신뢰,[전치] 3.89 4.76 3.25 1.84 5. 88 2. 16 2. 91 4.85 0. 94 1.48 | 2005
지가,2008,712,34. 시도별 지가 변동률(평균),ⅩⅢ. 물 가 및 가 계,2006,울산,col-ko,0,0.2064,2.94,2.94,1.0,전치·패널2,[전치] 3.89 4.76 3.25 1.84 5. 88 2. 16 2. 91 4.85 0. 94 1.48 | 2006
지가,2008,712,34. 시도별 지가 변동률(평균),ⅩⅢ. 물 가 및 가 계,2006,경기,col-ko,0,0.2813,5.07,5.07,1.0,전치·패널2,[전치] 3.89 4.76 3.25 1.84 5. 88 2. 16 2. 91 4.85 0. 94 1.48 | 2006
지가,2008,712,34. 시도별 지가 변동률(평균),ⅩⅢ. 물 가 및 가 계,2006,강원,col-ko,0,0.3563,2.52,2.52,1.0,전치·패널2,[전치] 3.89 4.76 3.25 1.84 5. 88 2. 16 2. 91 4.85 0. 94 1.48 | 2006
지가,2008,712,34. 시도별 지가 변동률(평균),ⅩⅢ. 물 가 및 가 계,2006,충북,col-ko,0,0.4333,4. 37,4.37,0.5,전치·패널2,[전치] 3.89 4.76 3.25 1.84 5. 88 2. 16 2. 91 4.85 0. 94 1.48 | 2006
지가,2008,712,34. 시도별 지가 변동률(평균),ⅩⅢ. 물 가 및 가 계,2006,충남,col-ko,0,0.5103,5.55,5.55,1.0,전치·패널2,[전치] 3.89 4.76 3.25 1.84 5. 88 2. 16 2. 91 4.85 0. 94 1.48 | 2006
지가,2008,712,34. 시도별 지가 변동률(평균),ⅩⅢ. 물 가 및 가 계,2006,전북,col-ko,0,0.5842,1.29,1.29,1.0,전치·패널2,[전치] 3.89 4.76 3.25 1.84 5. 88 2. 16 2. 91 4.85 0. 94 1.48 | 2006
지가,2008,712,34. 시도별 지가 변동률(평균),ⅩⅢ. 물 가 및 가 계,2006,전남,col-ko,0,0.6602,1.91,1.91,1.0,전치·패널2,[전치] 3.89 4.76 3.25 1.84 5. 88 2. 16 2. 91 4.85 0. 94 1.48 | 2006
지가,2008,712,34. 시도별 지가 변동률(평균),ⅩⅢ. 물 가 및 가 계,2006,경북,col-ko,0,0.7361,2.52,2.52,1.0,전치·패널2,[전치] 3.89 4.76 3.25 1.84 5. 88 2. 16 2. 91 4.85 0. 94 1.48 | 2006
지가,2008,712,34. 시도별 지가 변동률(평균),ⅩⅢ. 물 가 및 가 계,2006,경남,col-ko,0,0.8121,2.56,2.56,1.0,전치·패널2,[전치] 3.89 4.76 3.25 1.84 5. 88 2. 16 2. 91 4.85 0. 94 1.48 | 2006
지가,2008,712,34. 시도별 지가 변동률(평균),ⅩⅢ. 물 가 및 가 계,2006,제주,col-ko,0,0.8881,2. 10,2.1,0.5,전치·패널2,[전치] 3.89 4.76 3.25 1.84 5. 88 2. 16 2. 91 4.85 0. 94 1.48 | 2006
지가,2008,712,34. 시도별 지가 변동률(평균),ⅩⅢ. 물 가 및 가 계,2007,울산,col-ko,0,0.2064,2. 90,2.9,0.5,전치·패널2,[전치] 3.89 4.76 3.25 1.84 5. 88 2. 16 2. 91 4.85 0. 94 1.48 | 2007
지가,2008,712,34. 시도별 지가 변동률(평균),ⅩⅢ. 물 가 및 가 계,2007,경기,col-ko,0,0.2813,4.23,4.23,1.0,전치·패널2,[전치] 3.89 4.76 3.25 1.84 5. 88 2. 16 2. 91 4.85 0. 94 1.48 | 2007
지가,2008,712,34. 시도별 지가 변동률(평균),ⅩⅢ. 물 가 및 가 계,2007,강원,col-ko,0,0.3563,1.67,1.67,1.0,전치·패널2,[전치] 3.89 4.76 3.25 1.84 5. 88 2. 16 2. 91 4.85 0. 94 1.48 | 2007
지가,2008,712,34. 시도별 지가 변동률(평균),ⅩⅢ. 물 가 및 가 계,2007,충북,col-ko,0,0.4333,1.27,1.27,1.0,전치·패널2,[전치] 3.89 4.76 3.25 1.84 5. 88 2. 16 2. 91 4.85 0. 94 1.48 | 2007
지가,2008,712,34. 시도별 지가 변동률(평균),ⅩⅢ. 물 가 및 가 계,2007,충남,col-ko,0,0.5103,2.03,2.03,1.0,전치·패널2,[전치] 3.89 4.76 3.25 1.84 5. 88 2. 16 2. 91 4.85 0. 94 1.48 | 2007
지가,2008,712,34. 시도별 지가 변동률(평균),ⅩⅢ. 물 가 및 가 계,2007,전북,col-ko,0,0.5842,1.21,1.21,1.0,전치·패널2,[전치] 3.89 4.76 3.25 1.84 5. 88 2. 16 2. 91 4.85 0. 94 1.48 | 2007
지가,2008,712,34. 시도별 지가 변동률(평균),ⅩⅢ. 물 가 및 가 계,2007,전남,col-ko,0,0.6602,1.31,1.31,1.0,전치·패널2,[전치] 3.89 4.76 3.25 1.84 5. 88 2. 16 2. 91 4.85 0. 94 1.48 | 2007
지가,2008,712,34. 시도별 지가 변동률(평균),ⅩⅢ. 물 가 및 가 계,2007,경북,col-ko,0,0.7361,1. 68,1.68,1.0,전치·패널2,[전치] 3.89 4.76 3.25 1.84 5. 88 2. 16 2. 91 4.85 0. 94 1.48 | 2007
지가,2008,712,34. 시도별 지가 변동률(평균),ⅩⅢ. 물 가 및 가 계,2007,경남,col-ko,0,0.8121,2.22,2.22,1.0,전치·패널2,[전치] 3.89 4.76 3.25 1.84 5. 88 2. 16 2. 91 4.85 0. 94 1.48 | 2007
지가,2008,712,34. 시도별 지가 변동률(평균),ⅩⅢ. 물 가 및 가 계,2007,제주,col-ko,0,0.8881,1.67,1.67,1.0,전치·패널2,[전치] 3.89 4.76 3.25 1.84 5. 88 2. 16 2. 91 4.85 0. 94 1.48 | 2007
지가,2009,742,34. 시도별 지가 변동률(평균),ⅩⅢ. 물 가 및 가 계,?,전국,col-ko,0,0.2053,14.67,14.67,1.0,전치·패널1,[전치] 34. 시도별 지가 변동률(평균) | 
지가,2009,742,34. 시도별 지가 변동률(평균),ⅩⅢ. 물 가 및 가 계,?,서울,col-ko,0,0.5092,6.29,6.29,1.0,전치·패널1,[전치] 34. 시도별 지가 변동률(평균) | 
지가,2009,742,34. 시도별 지가 변동률(평균),ⅩⅢ. 물 가 및 가 계,?,부산,col-ko,0,0.5842,46.50,46.5,0.5,전치·패널1,[전치] 34. 시도별 지가 변동률(평균) | 
지가,2009,742,34. 시도별 지가 변동률(평균),ⅩⅢ. 물 가 및 가 계,?,대구,col-ko,0,0.6602,57.68,57.68,1.0,전치·패널1,[전치] 34. 시도별 지가 변동률(평균) | 
지가,2009,742,34. 시도별 지가 변동률(평균),ⅩⅢ. 물 가 및 가 계,?,인천,col-ko,0,0.7361,6.90,6.9,0.5,전치·패널1,[전치] 34. 시도별 지가 변동률(평균) | 
지가,2009,742,34. 시도별 지가 변동률(평균),ⅩⅢ. 물 가 및 가 계,?,광주,col-ko,0,0.8121,19.53,19.53,0.5,전치·패널1,[전치] 34. 시도별 지가 변동률(평균) | 
지가,2009,742,34. 시도별 지가 변동률(평균),ⅩⅢ. 물 가 및 가 계,?,대전,col-ko,0,0.8881,3.60,3.6,1.0,전치·패널1,[전치] 34. 시도별 지가 변동률(평균) | 
지가,2009,742,34. 시도별 지가 변동률(평균),ⅩⅢ. 물 가 및 가 계,?,전국,col-ko,0,0.2053,27.47,27.47,1.0,전치·패널1,[전치] 34. 시도별 지가 변동률(평균) | 
지가,2009,742,34. 시도별 지가 변동률(평균),ⅩⅢ. 물 가 및 가 계,?,서울,col-ko,0,0.5092,28.06,28.06,0.5,전치·패널1,[전치] 34. 시도별 지가 변동률(평균) | 
지가,2009,742,34. 시도별 지가 변동률(평균),ⅩⅢ. 물 가 및 가 계,?,부산,col-ko,0,0.5842,35.25,35.25,1.0,전치·패널1,[전치] 34. 시도별 지가 변동률(평균) | 
지가,2009,742,34. 시도별 지가 변동률(평균),ⅩⅢ. 물 가 및 가 계,?,대구,col-ko,0,0.6602,38.17,38.17,1.0,전치·패널1,[전치] 34. 시도별 지가 변동률(평균) | 
지가,2009,742,34. 시도별 지가 변동률(평균),ⅩⅢ. 물 가 및 가 계,?,인천,col-ko,0,0.7361,16.11,16.11,1.0,전치·패널1,[전치] 34. 시도별 지가 변동률(평균) | 
지가,2009,742,34. 시도별 지가 변동률(평균),ⅩⅢ. 물 가 및 가 계,?,광주,col-ko,0,0.8121,59. 98,59.98,0.3,전치·패널1|저신뢰,[전치] 34. 시도별 지가 변동률(평균) | 
지가,2009,742,34. 시도별 지가 변동률(평균),ⅩⅢ. 물 가 및 가 계,?,대전,col-ko,0,0.8881,16.48,16.48,1.0,전치·패널1,[전치] 34. 시도별 지가 변동률(평균) | 
지가,2009,742,34. 시도별 지가 변동률(평균),ⅩⅢ. 물 가 및 가 계,?,전국,col-ko,0,0.2053,31.97,31.97,1.0,전치·패널1,[전치] 34. 시도별 지가 변동률(평균) | 
지가,2009,742,34. 시도별 지가 변동률(평균),ⅩⅢ. 물 가 및 가 계,?,서울,col-ko,0,0.5092,33.54,33.54,1.0,전치·패널1,[전치] 34. 시도별 지가 변동률(평균) | 
지가,2009,742,34. 시도별 지가 변동률(평균),ⅩⅢ. 물 가 및 가 계,?,부산,col-ko,0,0.5842,17.49,17.49,1.0,전치·패널1,[전치] 34. 시도별 지가 변동률(평균) | 
지가,2009,742,34. 시도별 지가 변동률(평균),ⅩⅢ. 물 가 및 가 계,?,대구,col-ko,0,0.6602,35. 15,35.15,0.5,전치·패널1,[전치] 34. 시도별 지가 변동률(평균) | 
지가,2009,742,34. 시도별 지가 변동률(평균),ⅩⅢ. 물 가 및 가 계,?,인천,col-ko,0,0.7361,46.72,46.72,0.5,전치·패널1,[전치] 34. 시도별 지가 변동률(평균) | 
지가,2009,742,34. 시도별 지가 변동률(평균),ⅩⅢ. 물 가 및 가 계,?,광주,col-ko,0,0.8121,42. 99,42.99,0.5,전치·패널1,[전치] 34. 시도별 지가 변동률(평균) | 
지가,2009,742,34. 시도별 지가 변동률(평균),ⅩⅢ. 물 가 및 가 계,?,대전,col-ko,0,0.8881,20.83,20.83,1.0,전치·패널1,[전치] 34. 시도별 지가 변동률(평균) | 
지가,2009,742,34. 시도별 지가 변동률(평균),ⅩⅢ. 물 가 및 가 계,?,전국,col-ko,0,0.2053,20.58,20.58,0.5,전치·패널1,[전치] 34. 시도별 지가 변동률(평균) | 
지가,2009,742,34. 시도별 지가 변동률(평균),ⅩⅢ. 물 가 및 가 계,?,서울,col-ko,0,0.5092,31. 18,31.18,0.5,전치·패널1,[전치] 34. 시도별 지가 변동률(평균) | 
지가,2009,742,34. 시도별 지가 변동률(평균),ⅩⅢ. 물 가 및 가 계,?,부산,col-ko,0,0.5842,15.82,15.82,1.0,전치·패널1,[전치] 34. 시도별 지가 변동률(평균) | 
지가,2009,742,34. 시도별 지가 변동률(평균),ⅩⅢ. 물 가 및 가 계,?,인천,col-ko,0,0.7361,29. 14,29.14,1.0,전치·패널1,[전치] 34. 시도별 지가 변동률(평균) | 
지가,2009,742,34. 시도별 지가 변동률(평균),ⅩⅢ. 물 가 및 가 계,?,광주,col-ko,0,0.8121,22.43,22.43,1.0,전치·패널1,[전치] 34. 시도별 지가 변동률(평균) | 
지가,2009,742,34. 시도별 지가 변동률(평균),ⅩⅢ. 물 가 및 가 계,?,대전,col-ko,0,0.8881,1789,1789,0.5,전치·패널1,[전치] 34. 시도별 지가 변동률(평균) | 
지가,2009,742,34. 시도별 지가 변동률(평균),ⅩⅢ. 물 가 및 가 계,?,전국,col-ko,0,0.2053,12.78,12.78,0.5,전치·패널1,[전치] 34. 시도별 지가 변동률(평균) | 
지가,2009,742,34. 시도별 지가 변동률(평균),ⅩⅢ. 물 가 및 가 계,?,서울,col-ko,0,0.5092,11.15,11.15,0.3,전치·패널1|저신뢰,[전치] 34. 시도별 지가 변동률(평균) | 
지가,2009,742,34. 시도별 지가 변동률(평균),ⅩⅢ. 물 가 및 가 계,?,부산,col-ko,0,0.5842,14.69,14.69,1.0,전치·패널1,[전치] 34. 시도별 지가 변동률(평균) | 
지가,2009,742,34. 시도별 지가 변동률(평균),ⅩⅢ. 물 가 및 가 계,?,대구,col-ko,0,0.6602,13.74,13.74,1.0,전치·패널1,[전치] 34. 시도별 지가 변동률(평균) | 
지가,2009,742,34. 시도별 지가 변동률(평균),ⅩⅢ. 물 가 및 가 계,?,인천,col-ko,0,0.7361,22. 81,22.81,0.5,전치·패널1,[전치] 34. 시도별 지가 변동률(평균) | 
지가,2009,742,34. 시도별 지가 변동률(평균),ⅩⅢ. 물 가 및 가 계,?,광주,col-ko,0,0.8121,16.50,16.5,0.5,전치·패널1,[전치] 34. 시도별 지가 변동률(평균) | 
지가,2009,742,34. 시도별 지가 변동률(평균),ⅩⅢ. 물 가 및 가 계,?,대전,col-ko,0,0.8881,23.25,23.25,1.0,전치·패널1,[전치] 34. 시도별 지가 변동률(평균) | 
지가,2009,742,34. 시도별 지가 변동률(평균),ⅩⅢ. 물 가 및 가 계,?,전국,col-ko,0,0.2053,-1.27,-1.27,1.0,전치·패널1,[전치] 34. 시도별 지가 변동률(평균) | 
지가,2009,742,34. 시도별 지가 변동률(평균),ⅩⅢ. 물 가 및 가 계,?,서울,col-ko,0,0.5092,-2.78,-2.78,1.0,전치·패널1,[전치] 34. 시도별 지가 변동률(평균) | 
지가,2009,742,34. 시도별 지가 변동률(평균),ⅩⅢ. 물 가 및 가 계,?,부산,col-ko,0,0.5842,-1.57,-1.57,1.0,전치·패널1,[전치] 34. 시도별 지가 변동률(평균) | 
지가,2009,742,34. 시도별 지가 변동률(평균),ⅩⅢ. 물 가 및 가 계,?,대구,col-ko,0,0.6602,-2.61,-2.61,1.0,전치·패널1,[전치] 34. 시도별 지가 변동률(평균) | 
지가,2009,742,34. 시도별 지가 변동률(평균),ⅩⅢ. 물 가 및 가 계,?,인천,col-ko,0,0.7361,0.11,0.11,0.5,전치·패널1,[전치] 34. 시도별 지가 변동률(평균) | 
지가,2009,742,34. 시도별 지가 변동률(평균),ⅩⅢ. 물 가 및 가 계,?,광주,col-ko,0,0.8121,-0. 33,-0.33,0.5,전치·패널1,[전치] 34. 시도별 지가 변동률(평균) | 
지가,2009,742,34. 시도별 지가 변동률(평균),ⅩⅢ. 물 가 및 가 계,?,대전,col-ko,0,0.8881,-9.35,-9.35,0.3,전치·패널1|저신뢰,[전치] 34. 시도별 지가 변동률(평균) | 
지가,2009,742,34. 시도별 지가 변동률(평균),ⅩⅢ. 물 가 및 가 계,-7.38\,서울,col-ko,0,0.5092,-8. 72,-8.72,0.3,전치·패널1|저신뢰,[전치] 34. 시도별 지가 변동률(평균) | -7.38\
지가,2009,742,34. 시도별 지가 변동률(평균),ⅩⅢ. 물 가 및 가 계,-7.38\,부산,col-ko,0,0.5842,-6.77,-6.77,1.0,전치·패널1,[전치] 34. 시도별 지가 변동률(평균) | -7.38\
지가,2009,742,34. 시도별 지가 변동률(평균),ⅩⅢ. 물 가 및 가 계,-7.38\,인천,col-ko,0,0.7361,-6.62,-6.62,0.5,전치·패널1,[전치] 34. 시도별 지가 변동률(평균) | -7.38\
지가,2009,742,34. 시도별 지가 변동률(평균),ⅩⅢ. 물 가 및 가 계,-7.38\,광주,col-ko,0,0.8121,-6.36,-6.36,0.5,전치·패널1,[전치] 34. 시도별 지가 변동률(평균) | -7.38\
지가,2009,742,34. 시도별 지가 변동률(평균),ⅩⅢ. 물 가 및 가 계,-7.38\,대전,col-ko,0,0.8881,-7.81,-7.81,1.0,전치·패널1,[전치] 34. 시도별 지가 변동률(평균) | -7.38\
지가,2009,742,34. 시도별 지가 변동률(평균),ⅩⅢ. 물 가 및 가 계,- 0. 57 - 0. 83,서울,col-ko,0,0.5092,-1.36,-1.36,1.0,전치·패널1,[전치] 34. 시도별 지가 변동률(평균) | - 0. 57 - 0. 83
지가,2009,742,34. 시도별 지가 변동률(평균),ⅩⅢ. 물 가 및 가 계,- 0. 57 - 0. 83,부산,col-ko,0,0.5842,-0.35,-0.35,1.0,전치·패널1,[전치] 34. 시도별 지가 변동률(평균) | - 0. 57 - 0. 83
지가,2009,742,34. 시도별 지가 변동률(평균),ⅩⅢ. 물 가 및 가 계,- 0. 57 - 0. 83,대구,col-ko,0,0.6602,0.87,0.87,1.0,전치·패널1,[전치] 34. 시도별 지가 변동률(평균) | - 0. 57 - 0. 83
지가,2009,742,34. 시도별 지가 변동률(평균),ⅩⅢ. 물 가 및 가 계,- 0. 57 - 0. 83,인천,col-ko,0,0.7361,0. 07,0.07,1.0,전치·패널1,[전치] 34. 시도별 지가 변동률(평균) | - 0. 57 - 0. 83
지가,2009,742,34. 시도별 지가 변동률(평균),ⅩⅢ. 물 가 및 가 계,- 0. 57 - 0. 83,광주,col-ko,0,0.8121,-0. 26,-0.26,0.5,전치·패널1,[전치] 34. 시도별 지가 변동률(평균) | - 0. 57 - 0. 83
지가,2009,742,34. 시도별 지가 변동률(평균),ⅩⅢ. 물 가 및 가 계,- 0. 57 - 0. 83,대전,col-ko,0,0.8881,-0.59,-0.59,1.0,전치·패널1,[전치] 34. 시도별 지가 변동률(평균) | - 0. 57 - 0. 83
지가,2009,742,34. 시도별 지가 변동률(평균),ⅩⅢ. 물 가 및 가 계,?,전국,col-ko,0,0.2053,0.55,0.55,1.0,전치·패널1,[전치] 34. 시도별 지가 변동률(평균) | 
지가,2009,742,34. 시도별 지가 변동률(평균),ⅩⅢ. 물 가 및 가 계,?,서울,col-ko,0,0.5092,0.18,0.18,0.5,전치·패널1,[전치] 34. 시도별 지가 변동률(평균) | 
지가,2009,742,34. 시도별 지가 변동률(평균),ⅩⅢ. 물 가 및 가 계,?,부산,col-ko,0,0.5842,0. 14,0.14,1.0,전치·패널1,[전치] 34. 시도별 지가 변동률(평균) | 
지가,2009,742,34. 시도별 지가 변동률(평균),ⅩⅢ. 물 가 및 가 계,?,대구,col-ko,0,0.6602,1.27,1.27,1.0,전치·패널1,[전치] 34. 시도별 지가 변동률(평균) | 
지가,2009,742,34. 시도별 지가 변동률(평균),ⅩⅢ. 물 가 및 가 계,?,인천,col-ko,0,0.7361,0.58,0.58,1.0,전치·패널1,[전치] 34. 시도별 지가 변동률(평균) | 
지가,2009,742,34. 시도별 지가 변동률(평균),ⅩⅢ. 물 가 및 가 계,?,광주,col-ko,0,0.8121,1.44,1.44,1.0,전치·패널1,[전치] 34. 시도별 지가 변동률(평균) | 
지가,2009,742,34. 시도별 지가 변동률(평균),ⅩⅢ. 물 가 및 가 계,?,전국,col-ko,0,0.2053,0.95,0.95,1.0,전치·패널1,[전치] 34. 시도별 지가 변동률(평균) | 
지가,2009,742,34. 시도별 지가 변동률(평균),ⅩⅢ. 물 가 및 가 계,?,서울,col-ko,0,0.5092,0.94,0.94,1.0,전치·패널1,[전치] 34. 시도별 지가 변동률(평균) | 
지가,2009,742,34. 시도별 지가 변동률(평균),ⅩⅢ. 물 가 및 가 계,?,부산,col-ko,0,0.5842,0.40,0.4,1.0,전치·패널1,[전치] 34. 시도별 지가 변동률(평균) | 
지가,2009,742,34. 시도별 지가 변동률(평균),ⅩⅢ. 물 가 및 가 계,?,대구,col-ko,0,0.6602,1.09,1.09,1.0,전치·패널1,[전치] 34. 시도별 지가 변동률(평균) | 
지가,2009,742,34. 시도별 지가 변동률(평균),ⅩⅢ. 물 가 및 가 계,?,인천,col-ko,0,0.7361,0.78,0.78,1.0,전치·패널1,[전치] 34. 시도별 지가 변동률(평균) | 
지가,2009,742,34. 시도별 지가 변동률(평균),ⅩⅢ. 물 가 및 가 계,?,광주,col-ko,0,0.8121,1. 16,1.16,0.5,전치·패널1,[전치] 34. 시도별 지가 변동률(평균) | 
지가,2009,742,34. 시도별 지가 변동률(평균),ⅩⅢ. 물 가 및 가 계,?,대전,col-ko,0,0.8881,0.16,0.16,0.5,전치·패널1,[전치] 34. 시도별 지가 변동률(평균) | 
지가,2009,742,34. 시도별 지가 변동률(평균),ⅩⅢ. 물 가 및 가 계,?,전국,col-ko,0,0.2053,0.31,0.31,1.0,전치·패널1,[전치] 34. 시도별 지가 변동률(평균) | 
지가,2009,742,34. 시도별 지가 변동률(평균),ⅩⅢ. 물 가 및 가 계,?,서울,col-ko,0,0.5092,0.29,0.29,1.0,전치·패널1,[전치] 34. 시도별 지가 변동률(평균) | 
지가,2009,742,34. 시도별 지가 변동률(평균),ⅩⅢ. 물 가 및 가 계,?,부산,col-ko,0,0.5842,-0.90,-0.9,1.0,전치·패널1,[전치] 34. 시도별 지가 변동률(평균) | 
지가,2009,742,34. 시도별 지가 변동률(평균),ⅩⅢ. 물 가 및 가 계,?,인천,col-ko,0,0.7361,0.28,0.28,1.0,전치·패널1,[전치] 34. 시도별 지가 변동률(평균) | 
지가,2009,742,34. 시도별 지가 변동률(평균),ⅩⅢ. 물 가 및 가 계,?,광주,col-ko,0,0.8121,0.67,0.67,1.0,전치·패널1,[전치] 34. 시도별 지가 변동률(평균) | 
지가,2009,742,34. 시도별 지가 변동률(평균),ⅩⅢ. 물 가 및 가 계,?,대전,col-ko,0,0.8881,0.12,0.12,0.3,전치·패널1|저신뢰,[전치] 34. 시도별 지가 변동률(평균) | 
지가,2009,742,34. 시도별 지가 변동률(평균),ⅩⅢ. 물 가 및 가 계,- 13.60 - 15.33 - 12. 15,서울,col-ko,0,0.5092,-16.25,-16.25,0.5,전치·패널1,[전치] 34. 시도별 지가 변동률(평균) | - 13.60 - 15.33 - 12. 15
지가,2009,742,34. 시도별 지가 변동률(평균),ⅩⅢ. 물 가 및 가 계,- 13.60 - 15.33 - 12. 15,대전,col-ko,0,0.8881,-8. 36,-8.36,0.5,전치·패널1,[전치] 34. 시도별 지가 변동률(평균) | - 13.60 - 15.33 - 12. 15
지가,2009,742,34. 시도별 지가 변동률(평균),ⅩⅢ. 물 가 및 가 계,?,전국,col-ko,0,0.2053,2.94,2.94,1.0,전치·패널1,[전치] 34. 시도별 지가 변동률(평균) | 
지가,2009,742,34. 시도별 지가 변동률(평균),ⅩⅢ. 물 가 및 가 계,?,서울,col-ko,0,0.5092,2.66,2.66,1.0,전치·패널1,[전치] 34. 시도별 지가 변동률(평균) | 
지가,2009,742,34. 시도별 지가 변동률(평균),ⅩⅢ. 물 가 및 가 계,?,부산,col-ko,0,0.5842,1.24,1.24,1.0,전치·패널1,[전치] 34. 시도별 지가 변동률(평균) | 
지가,2009,742,34. 시도별 지가 변동률(평균),ⅩⅢ. 물 가 및 가 계,?,대구,col-ko,0,0.6602,1.93,1.93,0.5,전치·패널1,[전치] 34. 시도별 지가 변동률(평균) | 
지가,2009,742,34. 시도별 지가 변동률(평균),ⅩⅢ. 물 가 및 가 계,?,인천,col-ko,0,0.7361,3.51,3.51,1.0,전치·패널1,[전치] 34. 시도별 지가 변동률(평균) | 
지가,2009,742,34. 시도별 지가 변동률(평균),ⅩⅢ. 물 가 및 가 계,?,광주,col-ko,0,0.8121,1.30,1.3,1.0,전치·패널1,[전치] 34. 시도별 지가 변동률(평균) | 
지가,2009,742,34. 시도별 지가 변동률(평균),ⅩⅢ. 물 가 및 가 계,?,대전,col-ko,0,0.8881,0. 38,0.38,0.5,전치·패널1,[전치] 34. 시도별 지가 변동률(평균) | 
지가,2009,742,34. 시도별 지가 변동률(평균),ⅩⅢ. 물 가 및 가 계,?,전국,col-ko,0,0.2053,0.67,0.67,1.0,전치·패널1,[전치] 34. 시도별 지가 변동률(평균) | 
지가,2009,742,34. 시도별 지가 변동률(평균),ⅩⅢ. 물 가 및 가 계,?,서울,col-ko,0,0.5092,0.05,0.05,1.0,전치·패널1,[전치] 34. 시도별 지가 변동률(평균) | 
지가,2009,742,34. 시도별 지가 변동률(평균),ⅩⅢ. 물 가 및 가 계,?,부산,col-ko,0,0.5842,-0. 53,-0.53,0.5,전치·패널1,[전치] 34. 시도별 지가 변동률(평균) | 
지가,2009,742,34. 시도별 지가 변동률(평균),ⅩⅢ. 물 가 및 가 계,?,대구,col-ko,0,0.6602,-1.05,-1.05,1.0,전치·패널1,[전치] 34. 시도별 지가 변동률(평균) | 
지가,2009,742,34. 시도별 지가 변동률(평균),ⅩⅢ. 물 가 및 가 계,?,인천,col-ko,0,0.7361,1.07,1.07,1.0,전치·패널1,[전치] 34. 시도별 지가 변동률(평균) | 
지가,2009,742,34. 시도별 지가 변동률(평균),ⅩⅢ. 물 가 및 가 계,?,광주,col-ko,0,0.8121,-0.31,-0.31,1.0,전치·패널1,[전치] 34. 시도별 지가 변동률(평균) | 
지가,2009,742,34. 시도별 지가 변동률(평균),ⅩⅢ. 물 가 및 가 계,?,전국,col-ko,0,0.2053,1.32,1.32,1.0,전치·패널1,[전치] 34. 시도별 지가 변동률(평균) | 
지가,2009,742,34. 시도별 지가 변동률(평균),ⅩⅢ. 물 가 및 가 계,?,서울,col-ko,0,0.5092,1.89,1.89,1.0,전치·패널1,[전치] 34. 시도별 지가 변동률(평균) | 
지가,2009,742,34. 시도별 지가 변동률(평균),ⅩⅢ. 물 가 및 가 계,?,부산,col-ko,0,0.5842,0.49,0.49,1.0,전치·패널1,[전치] 34. 시도별 지가 변동률(평균) | 
지가,2009,742,34. 시도별 지가 변동률(평균),ⅩⅢ. 물 가 및 가 계,?,대구,col-ko,0,0.6602,0. 42,0.42,0.5,전치·패널1,[전치] 34. 시도별 지가 변동률(평균) | 
지가,2009,742,34. 시도별 지가 변동률(평균),ⅩⅢ. 물 가 및 가 계,?,대전,col-ko,0,0.8881,1.00,1.0,1.0,전치·패널1,[전치] 34. 시도별 지가 변동률(평균) | 
지가,2009,742,34. 시도별 지가 변동률(평균),ⅩⅢ. 물 가 및 가 계,?,전국,col-ko,0,0.2053,8.98,8.98,1.0,전치·패널1,[전치] 34. 시도별 지가 변동률(평균) | 
지가,2009,742,34. 시도별 지가 변동률(평균),ⅩⅢ. 물 가 및 가 계,?,서울,col-ko,0,0.5092,15.81,15.81,1.0,전치·패널1,[전치] 34. 시도별 지가 변동률(평균) | 
지가,2009,742,34. 시도별 지가 변동률(평균),ⅩⅢ. 물 가 및 가 계,?,부산,col-ko,0,0.5842,3.28,3.28,1.0,전치·패널1,[전치] 34. 시도별 지가 변동률(평균) | 
지가,2009,742,34. 시도별 지가 변동률(평균),ⅩⅢ. 물 가 및 가 계,?,대구,col-ko,0,0.6602,2.09,2.09,1.0,전치·패널1,[전치] 34. 시도별 지가 변동률(평균) | 
지가,2009,742,34. 시도별 지가 변동률(평균),ⅩⅢ. 물 가 및 가 계,?,인천,col-ko,0,0.7361,11.51,11.51,1.0,전치·패널1,[전치] 34. 시도별 지가 변동률(평균) | 
지가,2009,742,34. 시도별 지가 변동률(평균),ⅩⅢ. 물 가 및 가 계,?,광주,col-ko,0,0.8121,1.03,1.03,0.5,전치·패널1,[전치] 34. 시도별 지가 변동률(평균) | 
지가,2009,742,34. 시도별 지가 변동률(평균),ⅩⅢ. 물 가 및 가 계,?,대전,col-ko,0,0.8881,3.24,3.24,1.0,전치·패널1,[전치] 34. 시도별 지가 변동률(평균) | 
지가,2009,742,34. 시도별 지가 변동률(평균),ⅩⅢ. 물 가 및 가 계,?,전국,col-ko,0,0.2053,3.43,3.43,1.0,전치·패널1,[전치] 34. 시도별 지가 변동률(평균) | 
지가,2009,742,34. 시도별 지가 변동률(평균),ⅩⅢ. 물 가 및 가 계,?,서울,col-ko,0,0.5092,5.23,5.23,1.0,전치·패널1,[전치] 34. 시도별 지가 변동률(평균) | 
지가,2009,742,34. 시도별 지가 변동률(평균),ⅩⅢ. 물 가 및 가 계,?,부산,col-ko,0,0.5842,1. 09,1.09,0.5,전치·패널1,[전치] 34. 시도별 지가 변동률(평균) | 
지가,2009,742,34. 시도별 지가 변동률(평균),ⅩⅢ. 물 가 및 가 계,?,대구,col-ko,0,0.6602,1.54,1.54,1.0,전치·패널1,[전치] 34. 시도별 지가 변동률(평균) | 
지가,2009,742,34. 시도별 지가 변동률(평균),ⅩⅢ. 물 가 및 가 계,?,인천,col-ko,0,0.7361,2. 50,2.5,0.5,전치·패널1,[전치] 34. 시도별 지가 변동률(평균) | 
지가,2009,742,34. 시도별 지가 변동률(평균),ⅩⅢ. 물 가 및 가 계,?,광주,col-ko,0,0.8121,0.91,0.91,1.0,전치·패널1,[전치] 34. 시도별 지가 변동률(평균) | 
지가,2009,742,34. 시도별 지가 변동률(평균),ⅩⅢ. 물 가 및 가 계,?,대전,col-ko,0,0.8881,5. 47,5.47,1.0,전치·패널1,[전치] 34. 시도별 지가 변동률(평균) | 
지가,2009,742,34. 시도별 지가 변동률(평균),ⅩⅢ. 물 가 및 가 계,?,전국,col-ko,0,0.2053,3.86,3.86,1.0,전치·패널1,[전치] 34. 시도별 지가 변동률(평균) | 
지가,2009,742,34. 시도별 지가 변동률(평균),ⅩⅢ. 물 가 및 가 계,?,서울,col-ko,0,0.5092,4. 09,4.09,0.5,전치·패널1,[전치] 34. 시도별 지가 변동률(평균) | 
지가,2009,742,34. 시도별 지가 변동률(평균),ⅩⅢ. 물 가 및 가 계,?,부산,col-ko,0,0.5842,0.89,0.89,1.0,전치·패널1,[전치] 34. 시도별 지가 변동률(평균) | 
지가,2009,742,34. 시도별 지가 변동률(평균),ⅩⅢ. 물 가 및 가 계,?,대구,col-ko,0,0.6602,1. 58,1.58,0.5,전치·패널1,[전치] 34. 시도별 지가 변동률(평균) | 
지가,2009,742,34. 시도별 지가 변동률(평균),ⅩⅢ. 물 가 및 가 계,?,인천,col-ko,0,0.7361,4. 32,4.32,0.3,전치·패널1|저신뢰,[전치] 34. 시도별 지가 변동률(평균) | 
지가,2009,742,34. 시도별 지가 변동률(평균),ⅩⅢ. 물 가 및 가 계,?,광주,col-ko,0,0.8121,0.68,0.68,1.0,전치·패널1,[전치] 34. 시도별 지가 변동률(평균) | 
지가,2009,742,34. 시도별 지가 변동률(평균),ⅩⅢ. 물 가 및 가 계,?,대전,col-ko,0,0.8881,2.25,2.25,1.0,전치·패널1,[전치] 34. 시도별 지가 변동률(평균) | 
지가,2009,742,34. 시도별 지가 변동률(평균),ⅩⅢ. 물 가 및 가 계,?,전국,col-ko,0,0.2053,4.99,4.99,0.5,전치·패널1,[전치] 34. 시도별 지가 변동률(평균) | 
지가,2009,742,34. 시도별 지가 변동률(평균),ⅩⅢ. 물 가 및 가 계,?,서울,col-ko,0,0.5092,6.56,6.56,0.5,전치·패널1,[전치] 34. 시도별 지가 변동률(평균) | 
지가,2009,742,34. 시도별 지가 변동률(평균),ⅩⅢ. 물 가 및 가 계,?,부산,col-ko,0,0.5842,1.86,1.86,1.0,전치·패널1,[전치] 34. 시도별 지가 변동률(평균) | 
지가,2009,742,34. 시도별 지가 변동률(평균),ⅩⅢ. 물 가 및 가 계,?,대구,col-ko,0,0.6602,3. 32,3.32,0.5,전치·패널1,[전치] 34. 시도별 지가 변동률(평균) | 
지가,2009,742,34. 시도별 지가 변동률(평균),ⅩⅢ. 물 가 및 가 계,?,인천,col-ko,0,0.7361,4. 94,4.94,1.0,전치·패널1,[전치] 34. 시도별 지가 변동률(평균) | 
지가,2009,742,34. 시도별 지가 변동률(평균),ⅩⅢ. 물 가 및 가 계,?,광주,col-ko,0,0.8121,1.87,1.87,1.0,전치·패널1,[전치] 34. 시도별 지가 변동률(평균) | 
지가,2009,742,34. 시도별 지가 변동률(평균),ⅩⅢ. 물 가 및 가 계,?,대전,col-ko,0,0.8881,6. 80,6.8,0.5,전치·패널1,[전치] 34. 시도별 지가 변동률(평균) | 
지가,2009,742,34. 시도별 지가 변동률(평균),ⅩⅢ. 물 가 및 가 계,?,전국,col-ko,0,0.2053,5.62,5.62,1.0,전치·패널1,[전치] 34. 시도별 지가 변동률(평균) | 
지가,2009,742,34. 시도별 지가 변동률(평균),ⅩⅢ. 물 가 및 가 계,?,서울,col-ko,0,0.5092,9.17,9.17,0.5,전치·패널1,[전치] 34. 시도별 지가 변동률(평균) | 
지가,2009,742,34. 시도별 지가 변동률(평균),ⅩⅢ. 물 가 및 가 계,?,부산,col-ko,0,0.5842,2.50,2.5,1.0,전치·패널1,[전치] 34. 시도별 지가 변동률(평균) | 
지가,2009,742,34. 시도별 지가 변동률(평균),ⅩⅢ. 물 가 및 가 계,?,대구,col-ko,0,0.6602,4. 19,4.19,0.5,전치·패널1,[전치] 34. 시도별 지가 변동률(평균) | 
지가,2009,742,34. 시도별 지가 변동률(평균),ⅩⅢ. 물 가 및 가 계,?,인천,col-ko,0,0.7361,5. 58,5.58,1.0,전치·패널1,[전치] 34. 시도별 지가 변동률(평균) | 
지가,2009,742,34. 시도별 지가 변동률(평균),ⅩⅢ. 물 가 및 가 계,?,광주,col-ko,0,0.8121,1.44,1.44,1.0,전치·패널1,[전치] 34. 시도별 지가 변동률(평균) | 
지가,2009,742,34. 시도별 지가 변동률(평균),ⅩⅢ. 물 가 및 가 계,?,대전,col-ko,0,0.8881,4. 15,4.15,0.5,전치·패널1,[전치] 34. 시도별 지가 변동률(평균) | 
지가,2009,742,34. 시도별 지가 변동률(평균),ⅩⅢ. 물 가 및 가 계,?,전국,col-ko,0,0.2053,3.89,3.89,1.0,전치·패널1,[전치] 34. 시도별 지가 변동률(평균) | 
지가,2009,742,34. 시도별 지가 변동률(평균),ⅩⅢ. 물 가 및 가 계,?,서울,col-ko,0,0.5092,5. 88,5.88,1.0,전치·패널1,[전치] 34. 시도별 지가 변동률(평균) | 
지가,2009,742,34. 시도별 지가 변동률(평균),ⅩⅢ. 물 가 및 가 계,?,부산,col-ko,0,0.5842,2. 16,2.16,0.5,전치·패널1,[전치] 34. 시도별 지가 변동률(평균) | 
지가,2009,742,34. 시도별 지가 변동률(평균),ⅩⅢ. 물 가 및 가 계,?,대구,col-ko,0,0.6602,2.91,2.91,1.0,전치·패널1,[전치] 34. 시도별 지가 변동률(평균) | 
지가,2009,742,34. 시도별 지가 변동률(평균),ⅩⅢ. 물 가 및 가 계,?,인천,col-ko,0,0.7361,4. 85,4.85,1.0,전치·패널1,[전치] 34. 시도별 지가 변동률(평균) | 
지가,2009,742,34. 시도별 지가 변동률(평균),ⅩⅢ. 물 가 및 가 계,?,광주,col-ko,0,0.8121,0.94,0.94,0.5,전치·패널1,[전치] 34. 시도별 지가 변동률(평균) | 
지가,2009,742,34. 시도별 지가 변동률(평균),ⅩⅢ. 물 가 및 가 계,?,대전,col-ko,0,0.8881,1.48,1.48,1.0,전치·패널1,[전치] 34. 시도별 지가 변동률(평균) | 
지가,2009,742,34. 시도별 지가 변동률(평균),ⅩⅢ. 물 가 및 가 계,?,전국,col-ko,0,0.2053,-0. 32,-0.32,0.3,전치·패널1|저신뢰,[전치] 34. 시도별 지가 변동률(평균) | 
지가,2009,742,34. 시도별 지가 변동률(평균),ⅩⅢ. 물 가 및 가 계,?,서울,col-ko,0,0.5092,-1.00,-1.0,1.0,전치·패널1,[전치] 34. 시도별 지가 변동률(평균) | 
지가,2009,742,34. 시도별 지가 변동률(평균),ⅩⅢ. 물 가 및 가 계,?,부산,col-ko,0,0.5842,-0. 17,-0.17,1.0,전치·패널1,[전치] 34. 시도별 지가 변동률(평균) | 
지가,2009,742,34. 시도별 지가 변동률(평균),ⅩⅢ. 물 가 및 가 계,?,대구,col-ko,0,0.6602,-0. 45,-0.45,0.5,전치·패널1,[전치] 34. 시도별 지가 변동률(평균) | 
지가,2009,742,34. 시도별 지가 변동률(평균),ⅩⅢ. 물 가 및 가 계,?,인천,col-ko,0,0.7361,1.37,1.37,0.5,전치·패널1,[전치] 34. 시도별 지가 변동률(평균) | 
지가,2009,742,34. 시도별 지가 변동률(평균),ⅩⅢ. 물 가 및 가 계,?,광주,col-ko,0,0.8121,-0. 90,-0.9,0.5,전치·패널1,[전치] 34. 시도별 지가 변동률(평균) | 
지가,2009,742,34. 시도별 지가 변동률(평균),ⅩⅢ. 물 가 및 가 계,?,대전,col-ko,0,0.8881,-0.97,-0.97,0.5,전치·패널1,[전치] 34. 시도별 지가 변동률(평균) | 
지가,2009,742,34. 시도별 지가 변동률(평균),ⅩⅢ. 물 가 및 가 계,1987,울산,col-ko,0,0.2064,48.45,48.45,0.5,전치·패널2,[전치] 3.89 4.76 3.25 1.84 5. 88 2. 16 2.91 4. 85 0.94 1.48 | 1987
지가,2009,742,34. 시도별 지가 변동률(평균),ⅩⅢ. 물 가 및 가 계,1987,경기,col-ko,0,0.2823,10. 08,10.08,1.0,전치·패널2,[전치] 3.89 4.76 3.25 1.84 5. 88 2. 16 2.91 4. 85 0.94 1.48 | 1987
지가,2009,742,34. 시도별 지가 변동률(평균),ⅩⅢ. 물 가 및 가 계,1987,강원,col-ko,0,0.3563,4. 70,4.7,0.3,전치·패널2|저신뢰,[전치] 3.89 4.76 3.25 1.84 5. 88 2. 16 2.91 4. 85 0.94 1.48 | 1987
지가,2009,742,34. 시도별 지가 변동률(평균),ⅩⅢ. 물 가 및 가 계,1987,충북,col-ko,0,0.4322,7.75,7.75,1.0,전치·패널2,[전치] 3.89 4.76 3.25 1.84 5. 88 2. 16 2.91 4. 85 0.94 1.48 | 1987
지가,2009,742,34. 시도별 지가 변동률(평균),ⅩⅢ. 물 가 및 가 계,1987,충남,col-ko,0,0.5092,6.18,6.18,0.5,전치·패널2,[전치] 3.89 4.76 3.25 1.84 5. 88 2. 16 2.91 4. 85 0.94 1.48 | 1987
지가,2009,742,34. 시도별 지가 변동률(평균),ⅩⅢ. 물 가 및 가 계,1987,전북,col-ko,0,0.5842,15. 12,15.12,0.3,전치·패널2|저신뢰,[전치] 3.89 4.76 3.25 1.84 5. 88 2. 16 2.91 4. 85 0.94 1.48 | 1987
지가,2009,742,34. 시도별 지가 변동률(평균),ⅩⅢ. 물 가 및 가 계,1987,전남,col-ko,0,0.6602,13.60,13.6,1.0,전치·패널2,[전치] 3.89 4.76 3.25 1.84 5. 88 2. 16 2.91 4. 85 0.94 1.48 | 1987
지가,2009,742,34. 시도별 지가 변동률(평균),ⅩⅢ. 물 가 및 가 계,1987,경북,col-ko,0,0.7361,16. 65,16.65,0.5,전치·패널2,[전치] 3.89 4.76 3.25 1.84 5. 88 2. 16 2.91 4. 85 0.94 1.48 | 1987
지가,2009,742,34. 시도별 지가 변동률(평균),ⅩⅢ. 물 가 및 가 계,1987,경남,col-ko,0,0.8121,48.25,48.25,1.0,전치·패널2,[전치] 3.89 4.76 3.25 1.84 5. 88 2. 16 2.91 4. 85 0.94 1.48 | 1987
지가,2009,742,34. 시도별 지가 변동률(평균),ⅩⅢ. 물 가 및 가 계,1987,제주,col-ko,0,0.8881,8.13,8.13,1.0,전치·패널2,[전치] 3.89 4.76 3.25 1.84 5. 88 2. 16 2.91 4. 85 0.94 1.48 | 1987
지가,2009,742,34. 시도별 지가 변동률(평균),ⅩⅢ. 물 가 및 가 계,1988,울산,col-ko,0,0.2064,43. 55,43.55,0.5,전치·패널2,[전치] 3.89 4.76 3.25 1.84 5. 88 2. 16 2.91 4. 85 0.94 1.48 | 1988
지가,2009,742,34. 시도별 지가 변동률(평균),ⅩⅢ. 물 가 및 가 계,1988,경기,col-ko,0,0.2823,22. 08,22.08,1.0,전치·패널2,[전치] 3.89 4.76 3.25 1.84 5. 88 2. 16 2.91 4. 85 0.94 1.48 | 1988
지가,2009,742,34. 시도별 지가 변동률(평균),ⅩⅢ. 물 가 및 가 계,1988,강원,col-ko,0,0.3563,21.08,21.08,0.5,전치·패널2,[전치] 3.89 4.76 3.25 1.84 5. 88 2. 16 2.91 4. 85 0.94 1.48 | 1988
지가,2009,742,34. 시도별 지가 변동률(평균),ⅩⅢ. 물 가 및 가 계,1988,충북,col-ko,0,0.4322,13.31,13.31,1.0,전치·패널2,[전치] 3.89 4.76 3.25 1.84 5. 88 2. 16 2.91 4. 85 0.94 1.48 | 1988
지가,2009,742,34. 시도별 지가 변동률(평균),ⅩⅢ. 물 가 및 가 계,1988,충남,col-ko,0,0.5092,16.34,16.34,1.0,전치·패널2,[전치] 3.89 4.76 3.25 1.84 5. 88 2. 16 2.91 4. 85 0.94 1.48 | 1988
지가,2009,742,34. 시도별 지가 변동률(평균),ⅩⅢ. 물 가 및 가 계,1988,전북,col-ko,0,0.5842,27.07,27.07,1.0,전치·패널2,[전치] 3.89 4.76 3.25 1.84 5. 88 2. 16 2.91 4. 85 0.94 1.48 | 1988
지가,2009,742,34. 시도별 지가 변동률(평균),ⅩⅢ. 물 가 및 가 계,1988,전남,col-ko,0,0.6602,32. 54,32.54,0.3,전치·패널2|저신뢰,[전치] 3.89 4.76 3.25 1.84 5. 88 2. 16 2.91 4. 85 0.94 1.48 | 1988
지가,2009,742,34. 시도별 지가 변동률(평균),ⅩⅢ. 물 가 및 가 계,1988,경북,col-ko,0,0.7361,22.64,22.64,0.5,전치·패널2,[전치] 3.89 4.76 3.25 1.84 5. 88 2. 16 2.91 4. 85 0.94 1.48 | 1988
지가,2009,742,34. 시도별 지가 변동률(평균),ⅩⅢ. 물 가 및 가 계,1988,경남,col-ko,0,0.8121,28.72,28.72,0.5,전치·패널2,[전치] 3.89 4.76 3.25 1.84 5. 88 2. 16 2.91 4. 85 0.94 1.48 | 1988
지가,2009,742,34. 시도별 지가 변동률(평균),ⅩⅢ. 물 가 및 가 계,1988,제주,col-ko,0,0.8881,31.23,31.23,1.0,전치·패널2,[전치] 3.89 4.76 3.25 1.84 5. 88 2. 16 2.91 4. 85 0.94 1.48 | 1988
지가,2009,742,34. 시도별 지가 변동률(평균),ⅩⅢ. 물 가 및 가 계,1989,울산,col-ko,0,0.2064,16.00,16.0,1.0,전치·패널2,[전치] 3.89 4.76 3.25 1.84 5. 88 2. 16 2.91 4. 85 0.94 1.48 | 1989
지가,2009,742,34. 시도별 지가 변동률(평균),ⅩⅢ. 물 가 및 가 계,1989,경기,col-ko,0,0.2823,48. 03,48.03,1.0,전치·패널2,[전치] 3.89 4.76 3.25 1.84 5. 88 2. 16 2.91 4. 85 0.94 1.48 | 1989
지가,2009,742,34. 시도별 지가 변동률(평균),ⅩⅢ. 물 가 및 가 계,1989,강원,col-ko,0,0.3563,25. 54,25.54,0.5,전치·패널2,[전치] 3.89 4.76 3.25 1.84 5. 88 2. 16 2.91 4. 85 0.94 1.48 | 1989
지가,2009,742,34. 시도별 지가 변동률(평균),ⅩⅢ. 물 가 및 가 계,1989,충북,col-ko,0,0.4322,16.11,16.11,1.0,전치·패널2,[전치] 3.89 4.76 3.25 1.84 5. 88 2. 16 2.91 4. 85 0.94 1.48 | 1989
지가,2009,742,34. 시도별 지가 변동률(평균),ⅩⅢ. 물 가 및 가 계,1989,충남,col-ko,0,0.5092,27.50,27.5,0.5,전치·패널2,[전치] 3.89 4.76 3.25 1.84 5. 88 2. 16 2.91 4. 85 0.94 1.48 | 1989
지가,2009,742,34. 시도별 지가 변동률(평균),ⅩⅢ. 물 가 및 가 계,1989,전북,col-ko,0,0.5842,29.68,29.68,0.3,전치·패널2|저신뢰,[전치] 3.89 4.76 3.25 1.84 5. 88 2. 16 2.91 4. 85 0.94 1.48 | 1989
지가,2009,742,34. 시도별 지가 변동률(평균),ⅩⅢ. 물 가 및 가 계,1989,전남,col-ko,0,0.6602,38.38,38.38,0.5,전치·패널2,[전치] 3.89 4.76 3.25 1.84 5. 88 2. 16 2.91 4. 85 0.94 1.48 | 1989
지가,2009,742,34. 시도별 지가 변동률(평균),ⅩⅢ. 물 가 및 가 계,1989,경북,col-ko,0,0.7361,19.80,19.8,1.0,전치·패널2,[전치] 3.89 4.76 3.25 1.84 5. 88 2. 16 2.91 4. 85 0.94 1.48 | 1989
지가,2009,742,34. 시도별 지가 변동률(평균),ⅩⅢ. 물 가 및 가 계,1989,경남,col-ko,0,0.8121,17.25,17.25,1.0,전치·패널2,[전치] 3.89 4.76 3.25 1.84 5. 88 2. 16 2.91 4. 85 0.94 1.48 | 1989
지가,2009,742,34. 시도별 지가 변동률(평균),ⅩⅢ. 물 가 및 가 계,1989,제주,col-ko,0,0.8881,41.90,41.9,0.5,전치·패널2,[전치] 3.89 4.76 3.25 1.84 5. 88 2. 16 2.91 4. 85 0.94 1.48 | 1989
지가,2009,742,34. 시도별 지가 변동률(평균),ⅩⅢ. 물 가 및 가 계,1990,울산,col-ko,0,0.2064,14.67,14.67,1.0,전치·패널2,[전치] 3.89 4.76 3.25 1.84 5. 88 2. 16 2.91 4. 85 0.94 1.48 | 1990
지가,2009,742,34. 시도별 지가 변동률(평균),ⅩⅢ. 물 가 및 가 계,1990,경기,col-ko,0,0.2823,22. 03,22.03,0.5,전치·패널2,[전치] 3.89 4.76 3.25 1.84 5. 88 2. 16 2.91 4. 85 0.94 1.48 | 1990
지가,2009,742,34. 시도별 지가 변동률(평균),ⅩⅢ. 물 가 및 가 계,1990,강원,col-ko,0,0.3563,11.98,11.98,0.5,전치·패널2,[전치] 3.89 4.76 3.25 1.84 5. 88 2. 16 2.91 4. 85 0.94 1.48 | 1990
지가,2009,742,34. 시도별 지가 변동률(평균),ⅩⅢ. 물 가 및 가 계,1990,충북,col-ko,0,0.4322,11.48,11.48,0.5,전치·패널2,[전치] 3.89 4.76 3.25 1.84 5. 88 2. 16 2.91 4. 85 0.94 1.48 | 1990
지가,2009,742,34. 시도별 지가 변동률(평균),ⅩⅢ. 물 가 및 가 계,1990,충남,col-ko,0,0.5092,11.41,11.41,1.0,전치·패널2,[전치] 3.89 4.76 3.25 1.84 5. 88 2. 16 2.91 4. 85 0.94 1.48 | 1990
지가,2009,742,34. 시도별 지가 변동률(평균),ⅩⅢ. 물 가 및 가 계,1990,전북,col-ko,0,0.5842,10. 84,10.84,1.0,전치·패널2,[전치] 3.89 4.76 3.25 1.84 5. 88 2. 16 2.91 4. 85 0.94 1.48 | 1990
지가,2009,742,34. 시도별 지가 변동률(평균),ⅩⅢ. 물 가 및 가 계,1990,전남,col-ko,0,0.6602,9.54,9.54,1.0,전치·패널2,[전치] 3.89 4.76 3.25 1.84 5. 88 2. 16 2.91 4. 85 0.94 1.48 | 1990
지가,2009,742,34. 시도별 지가 변동률(평균),ⅩⅢ. 물 가 및 가 계,1990,경북,col-ko,0,0.7361,13.32,13.32,0.5,전치·패널2,[전치] 3.89 4.76 3.25 1.84 5. 88 2. 16 2.91 4. 85 0.94 1.48 | 1990
지가,2009,742,34. 시도별 지가 변동률(평균),ⅩⅢ. 물 가 및 가 계,1990,경남,col-ko,0,0.8121,12.80,12.8,0.5,전치·패널2,[전치] 3.89 4.76 3.25 1.84 5. 88 2. 16 2.91 4. 85 0.94 1.48 | 1990
지가,2009,742,34. 시도별 지가 변동률(평균),ⅩⅢ. 물 가 및 가 계,1990,제주,col-ko,0,0.8881,8.45,8.45,1.0,전치·패널2,[전치] 3.89 4.76 3.25 1.84 5. 88 2. 16 2.91 4. 85 0.94 1.48 | 1990
지가,2009,742,34. 시도별 지가 변동률(평균),ⅩⅢ. 물 가 및 가 계,1991,울산,col-ko,0,0.2064,12.51,12.51,1.0,전치·패널2,[전치] 3.89 4.76 3.25 1.84 5. 88 2. 16 2.91 4. 85 0.94 1.48 | 1991
지가,2009,742,34. 시도별 지가 변동률(평균),ⅩⅢ. 물 가 및 가 계,1991,경기,col-ko,0,0.2823,14.68,14.68,1.0,전치·패널2,[전치] 3.89 4.76 3.25 1.84 5. 88 2. 16 2.91 4. 85 0.94 1.48 | 1991
지가,2009,742,34. 시도별 지가 변동률(평균),ⅩⅢ. 물 가 및 가 계,1991,강원,col-ko,0,0.3563,7.18,7.18,0.3,전치·패널2|저신뢰,[전치] 3.89 4.76 3.25 1.84 5. 88 2. 16 2.91 4. 85 0.94 1.48 | 1991
지가,2009,742,34. 시도별 지가 변동률(평균),ⅩⅢ. 물 가 및 가 계,1991,충북,col-ko,0,0.4322,14.31,14.31,0.5,전치·패널2,[전치] 3.89 4.76 3.25 1.84 5. 88 2. 16 2.91 4. 85 0.94 1.48 | 1991
지가,2009,742,34. 시도별 지가 변동률(평균),ⅩⅢ. 물 가 및 가 계,1991,충남,col-ko,0,0.5092,9. 56,9.56,0.5,전치·패널2,[전치] 3.89 4.76 3.25 1.84 5. 88 2. 16 2.91 4. 85 0.94 1.48 | 1991
지가,2009,742,34. 시도별 지가 변동률(평균),ⅩⅢ. 물 가 및 가 계,1991,전북,col-ko,0,0.5842,9. 40,9.4,0.5,전치·패널2,[전치] 3.89 4.76 3.25 1.84 5. 88 2. 16 2.91 4. 85 0.94 1.48 | 1991
지가,2009,742,34. 시도별 지가 변동률(평균),ⅩⅢ. 물 가 및 가 계,1991,전남,col-ko,0,0.6602,450,450,0.3,전치·패널2|저신뢰,[전치] 3.89 4.76 3.25 1.84 5. 88 2. 16 2.91 4. 85 0.94 1.48 | 1991
지가,2009,742,34. 시도별 지가 변동률(평균),ⅩⅢ. 물 가 및 가 계,1991,경북,col-ko,0,0.7361,9.11,9.11,0.3,전치·패널2|저신뢰,[전치] 3.89 4.76 3.25 1.84 5. 88 2. 16 2.91 4. 85 0.94 1.48 | 1991
지가,2009,742,34. 시도별 지가 변동률(평균),ⅩⅢ. 물 가 및 가 계,1991,경남,col-ko,0,0.8121,14.47,14.47,1.0,전치·패널2,[전치] 3.89 4.76 3.25 1.84 5. 88 2. 16 2.91 4. 85 0.94 1.48 | 1991
지가,2009,742,34. 시도별 지가 변동률(평균),ⅩⅢ. 물 가 및 가 계,1991,제주,col-ko,0,0.8881,10.43,10.43,1.0,전치·패널2,[전치] 3.89 4.76 3.25 1.84 5. 88 2. 16 2.91 4. 85 0.94 1.48 | 1991
지가,2009,742,34. 시도별 지가 변동률(평균),ⅩⅢ. 물 가 및 가 계,1992,울산,col-ko,0,0.2064,0.27,0.27,1.0,전치·패널2,[전치] 3.89 4.76 3.25 1.84 5. 88 2. 16 2.91 4. 85 0.94 1.48 | 1992
지가,2009,742,34. 시도별 지가 변동률(평균),ⅩⅢ. 물 가 및 가 계,1992,경기,col-ko,0,0.2823,0. 08,0.08,1.0,전치·패널2,[전치] 3.89 4.76 3.25 1.84 5. 88 2. 16 2.91 4. 85 0.94 1.48 | 1992
지가,2009,742,34. 시도별 지가 변동률(평균),ⅩⅢ. 물 가 및 가 계,1992,강원,col-ko,0,0.3563,1. 06,1.06,0.5,전치·패널2,[전치] 3.89 4.76 3.25 1.84 5. 88 2. 16 2.91 4. 85 0.94 1.48 | 1992
지가,2009,742,34. 시도별 지가 변동률(평균),ⅩⅢ. 물 가 및 가 계,1992,충북,col-ko,0,0.4322,1.62,1.62,1.0,전치·패널2,[전치] 3.89 4.76 3.25 1.84 5. 88 2. 16 2.91 4. 85 0.94 1.48 | 1992
지가,2009,742,34. 시도별 지가 변동률(평균),ⅩⅢ. 물 가 및 가 계,1992,충남,col-ko,0,0.5092,1. 12,1.12,0.5,전치·패널2,[전치] 3.89 4.76 3.25 1.84 5. 88 2. 16 2.91 4. 85 0.94 1.48 | 1992
지가,2009,742,34. 시도별 지가 변동률(평균),ⅩⅢ. 물 가 및 가 계,1992,전북,col-ko,0,0.5842,1.64,1.64,1.0,전치·패널2,[전치] 3.89 4.76 3.25 1.84 5. 88 2. 16 2.91 4. 85 0.94 1.48 | 1992
지가,2009,742,34. 시도별 지가 변동률(평균),ⅩⅢ. 물 가 및 가 계,1992,전남,col-ko,0,0.6602,-0.12,-0.12,1.0,전치·패널2,[전치] 3.89 4.76 3.25 1.84 5. 88 2. 16 2.91 4. 85 0.94 1.48 | 1992
지가,2009,742,34. 시도별 지가 변동률(평균),ⅩⅢ. 물 가 및 가 계,1992,경북,col-ko,0,0.7361,-0.26,-0.26,1.0,전치·패널2,[전치] 3.89 4.76 3.25 1.84 5. 88 2. 16 2.91 4. 85 0.94 1.48 | 1992
지가,2009,742,34. 시도별 지가 변동률(평균),ⅩⅢ. 물 가 및 가 계,1992,경남,col-ko,0,0.8121,0. 18,0.18,0.5,전치·패널2,[전치] 3.89 4.76 3.25 1.84 5. 88 2. 16 2.91 4. 85 0.94 1.48 | 1992
지가,2009,742,34. 시도별 지가 변동률(평균),ⅩⅢ. 물 가 및 가 계,1992,제주,col-ko,0,0.8881,0.26,0.26,1.0,전치·패널2,[전치] 3.89 4.76 3.25 1.84 5. 88 2. 16 2.91 4. 85 0.94 1.48 | 1992
지가,2009,742,34. 시도별 지가 변동률(평균),ⅩⅢ. 물 가 및 가 계,1993,울산,col-ko,0,0.2064,-7.57,-7.57,0.5,전치·패널2,[전치] 3.89 4.76 3.25 1.84 5. 88 2. 16 2.91 4. 85 0.94 1.48 | 1993
지가,2009,742,34. 시도별 지가 변동률(평균),ⅩⅢ. 물 가 및 가 계,1993,경기,col-ko,0,0.2823,-7.06,-7.06,0.5,전치·패널2,[전치] 3.89 4.76 3.25 1.84 5. 88 2. 16 2.91 4. 85 0.94 1.48 | 1993
지가,2009,742,34. 시도별 지가 변동률(평균),ⅩⅢ. 물 가 및 가 계,1993,강원,col-ko,0,0.3563,-4. 89,-4.89,0.5,전치·패널2,[전치] 3.89 4.76 3.25 1.84 5. 88 2. 16 2.91 4. 85 0.94 1.48 | 1993
지가,2009,742,34. 시도별 지가 변동률(평균),ⅩⅢ. 물 가 및 가 계,1993,충북,col-ko,0,0.4322,-6. 07,-6.07,0.5,전치·패널2,[전치] 3.89 4.76 3.25 1.84 5. 88 2. 16 2.91 4. 85 0.94 1.48 | 1993
지가,2009,742,34. 시도별 지가 변동률(평균),ⅩⅢ. 물 가 및 가 계,1993,충남,col-ko,0,0.5092,-6.36,-6.36,0.5,전치·패널2,[전치] 3.89 4.76 3.25 1.84 5. 88 2. 16 2.91 4. 85 0.94 1.48 | 1993
지가,2009,742,34. 시도별 지가 변동률(평균),ⅩⅢ. 물 가 및 가 계,1993,전북,col-ko,0,0.5842,-5. 94,-5.94,0.3,전치·패널2|저신뢰,[전치] 3.89 4.76 3.25 1.84 5. 88 2. 16 2.91 4. 85 0.94 1.48 | 1993
지가,2009,742,34. 시도별 지가 변동률(평균),ⅩⅢ. 물 가 및 가 계,1993,전남,col-ko,0,0.6602,-5.53,-5.53,0.3,전치·패널2|저신뢰,[전치] 3.89 4.76 3.25 1.84 5. 88 2. 16 2.91 4. 85 0.94 1.48 | 1993
지가,2009,742,34. 시도별 지가 변동률(평균),ⅩⅢ. 물 가 및 가 계,1993,경북,col-ko,0,0.7361,-6.57,-6.57,0.5,전치·패널2,[전치] 3.89 4.76 3.25 1.84 5. 88 2. 16 2.91 4. 85 0.94 1.48 | 1993
지가,2009,742,34. 시도별 지가 변동률(평균),ⅩⅢ. 물 가 및 가 계,1993,경남,col-ko,0,0.8121,-6.59,-6.59,0.5,전치·패널2,[전치] 3.89 4.76 3.25 1.84 5. 88 2. 16 2.91 4. 85 0.94 1.48 | 1993
지가,2009,742,34. 시도별 지가 변동률(평균),ⅩⅢ. 물 가 및 가 계,1993,제주,col-ko,0,0.8881,-8.70,-8.7,1.0,전치·패널2,[전치] 3.89 4.76 3.25 1.84 5. 88 2. 16 2.91 4. 85 0.94 1.48 | 1993
지가,2009,742,34. 시도별 지가 변동률(평균),ⅩⅢ. 물 가 및 가 계,1994 - 0. 79,경기,col-ko,0,0.2823,-0. 26,-0.26,0.5,전치·패널2,[전치] 3.89 4.76 3.25 1.84 5. 88 2. 16 2.91 4. 85 0.94 1.48 | 1994 - 0. 79
지가,2009,742,34. 시도별 지가 변동률(평균),ⅩⅢ. 물 가 및 가 계,1994 - 0. 79,강원,col-ko,0,0.3563,-0.11,-0.11,1.0,전치·패널2,[전치] 3.89 4.76 3.25 1.84 5. 88 2. 16 2.91 4. 85 0.94 1.48 | 1994 - 0. 79
지가,2009,742,34. 시도별 지가 변동률(평균),ⅩⅢ. 물 가 및 가 계,1994 - 0. 79,충남,col-ko,0,0.5092,-0. 48,-0.48,1.0,전치·패널2,[전치] 3.89 4.76 3.25 1.84 5. 88 2. 16 2.91 4. 85 0.94 1.48 | 1994 - 0. 79
지가,2009,742,34. 시도별 지가 변동률(평균),ⅩⅢ. 물 가 및 가 계,1994 - 0. 79,전북,col-ko,0,0.5842,-0. 60,-0.6,0.5,전치·패널2,[전치] 3.89 4.76 3.25 1.84 5. 88 2. 16 2.91 4. 85 0.94 1.48 | 1994 - 0. 79
지가,2009,742,34. 시도별 지가 변동률(평균),ⅩⅢ. 물 가 및 가 계,1994 - 0. 79,전남,col-ko,0,0.6602,-0.54,-0.54,1.0,전치·패널2,[전치] 3.89 4.76 3.25 1.84 5. 88 2. 16 2.91 4. 85 0.94 1.48 | 1994 - 0. 79
지가,2009,742,34. 시도별 지가 변동률(평균),ⅩⅢ. 물 가 및 가 계,1994 - 0. 79,경북,col-ko,0,0.7361,0.63,0.63,1.0,전치·패널2,[전치] 3.89 4.76 3.25 1.84 5. 88 2. 16 2.91 4. 85 0.94 1.48 | 1994 - 0. 79
지가,2009,742,34. 시도별 지가 변동률(평균),ⅩⅢ. 물 가 및 가 계,1994 - 0. 79,경남,col-ko,0,0.8121,-0.64,-0.64,1.0,전치·패널2,[전치] 3.89 4.76 3.25 1.84 5. 88 2. 16 2.91 4. 85 0.94 1.48 | 1994 - 0. 79
지가,2009,742,34. 시도별 지가 변동률(평균),ⅩⅢ. 물 가 및 가 계,1994 - 0. 79,제주,col-ko,0,0.8881,-0.39,-0.39,1.0,전치·패널2,[전치] 3.89 4.76 3.25 1.84 5. 88 2. 16 2.91 4. 85 0.94 1.48 | 1994 - 0. 79
지가,2009,742,34. 시도별 지가 변동률(평균),ⅩⅢ. 물 가 및 가 계,1995,울산,col-ko,0,0.2064,-0. 03,-0.03,1.0,전치·패널2,[전치] 3.89 4.76 3.25 1.84 5. 88 2. 16 2.91 4. 85 0.94 1.48 | 1995
지가,2009,742,34. 시도별 지가 변동률(평균),ⅩⅢ. 물 가 및 가 계,1995,경기,col-ko,0,0.2823,1.46,1.46,1.0,전치·패널2,[전치] 3.89 4.76 3.25 1.84 5. 88 2. 16 2.91 4. 85 0.94 1.48 | 1995
지가,2009,742,34. 시도별 지가 변동률(평균),ⅩⅢ. 물 가 및 가 계,1995,강원,col-ko,0,0.3563,1. 13,1.13,0.5,전치·패널2,[전치] 3.89 4.76 3.25 1.84 5. 88 2. 16 2.91 4. 85 0.94 1.48 | 1995
지가,2009,742,34. 시도별 지가 변동률(평균),ⅩⅢ. 물 가 및 가 계,1995,충북,col-ko,0,0.4322,0. 39,0.39,1.0,전치·패널2,[전치] 3.89 4.76 3.25 1.84 5. 88 2. 16 2.91 4. 85 0.94 1.48 | 1995
지가,2009,742,34. 시도별 지가 변동률(평균),ⅩⅢ. 물 가 및 가 계,1995,충남,col-ko,0,0.5092,-0.27,-0.27,1.0,전치·패널2,[전치] 3.89 4.76 3.25 1.84 5. 88 2. 16 2.91 4. 85 0.94 1.48 | 1995
지가,2009,742,34. 시도별 지가 변동률(평균),ⅩⅢ. 물 가 및 가 계,1995,전북,col-ko,0,0.5842,0.48,0.48,1.0,전치·패널2,[전치] 3.89 4.76 3.25 1.84 5. 88 2. 16 2.91 4. 85 0.94 1.48 | 1995
지가,2009,742,34. 시도별 지가 변동률(평균),ⅩⅢ. 물 가 및 가 계,1995,전남,col-ko,0,0.6602,0.20,0.2,1.0,전치·패널2,[전치] 3.89 4.76 3.25 1.84 5. 88 2. 16 2.91 4. 85 0.94 1.48 | 1995
지가,2009,742,34. 시도별 지가 변동률(평균),ⅩⅢ. 물 가 및 가 계,1995,경북,col-ko,0,0.7361,0.72,0.72,1.0,전치·패널2,[전치] 3.89 4.76 3.25 1.84 5. 88 2. 16 2.91 4. 85 0.94 1.48 | 1995
지가,2009,742,34. 시도별 지가 변동률(평균),ⅩⅢ. 물 가 및 가 계,1995,경남,col-ko,0,0.8121,0.56,0.56,1.0,전치·패널2,[전치] 3.89 4.76 3.25 1.84 5. 88 2. 16 2.91 4. 85 0.94 1.48 | 1995
지가,2009,742,34. 시도별 지가 변동률(평균),ⅩⅢ. 물 가 및 가 계,1995,제주,col-ko,0,0.8881,-0. 15,-0.15,0.5,전치·패널2,[전치] 3.89 4.76 3.25 1.84 5. 88 2. 16 2.91 4. 85 0.94 1.48 | 1995
지가,2009,742,34. 시도별 지가 변동률(평균),ⅩⅢ. 물 가 및 가 계,1996,울산,col-ko,0,0.2064,0.62,0.62,1.0,전치·패널2,[전치] 3.89 4.76 3.25 1.84 5. 88 2. 16 2.91 4. 85 0.94 1.48 | 1996
지가,2009,742,34. 시도별 지가 변동률(평균),ⅩⅢ. 물 가 및 가 계,1996,경기,col-ko,0,0.2823,1.20,1.2,1.0,전치·패널2,[전치] 3.89 4.76 3.25 1.84 5. 88 2. 16 2.91 4. 85 0.94 1.48 | 1996
지가,2009,742,34. 시도별 지가 변동률(평균),ⅩⅢ. 물 가 및 가 계,1996,강원,col-ko,0,0.3563,1.26,1.26,1.0,전치·패널2,[전치] 3.89 4.76 3.25 1.84 5. 88 2. 16 2.91 4. 85 0.94 1.48 | 1996
지가,2009,742,34. 시도별 지가 변동률(평균),ⅩⅢ. 물 가 및 가 계,1996,충남,col-ko,0,0.5092,1.08,1.08,0.5,전치·패널2,[전치] 3.89 4.76 3.25 1.84 5. 88 2. 16 2.91 4. 85 0.94 1.48 | 1996
지가,2009,742,34. 시도별 지가 변동률(평균),ⅩⅢ. 물 가 및 가 계,1996,전북,col-ko,0,0.5842,1. 13,1.13,1.0,전치·패널2,[전치] 3.89 4.76 3.25 1.84 5. 88 2. 16 2.91 4. 85 0.94 1.48 | 1996
지가,2009,742,34. 시도별 지가 변동률(평균),ⅩⅢ. 물 가 및 가 계,1996,전남,col-ko,0,0.6602,0.83,0.83,1.0,전치·패널2,[전치] 3.89 4.76 3.25 1.84 5. 88 2. 16 2.91 4. 85 0.94 1.48 | 1996
지가,2009,742,34. 시도별 지가 변동률(평균),ⅩⅢ. 물 가 및 가 계,1996,경북,col-ko,0,0.7361,1.25,1.25,1.0,전치·패널2,[전치] 3.89 4.76 3.25 1.84 5. 88 2. 16 2.91 4. 85 0.94 1.48 | 1996
지가,2009,742,34. 시도별 지가 변동률(평균),ⅩⅢ. 물 가 및 가 계,1996,경남,col-ko,0,0.8121,0.98,0.98,1.0,전치·패널2,[전치] 3.89 4.76 3.25 1.84 5. 88 2. 16 2.91 4. 85 0.94 1.48 | 1996
지가,2009,742,34. 시도별 지가 변동률(평균),ⅩⅢ. 물 가 및 가 계,1996,제주,col-ko,0,0.8881,0. 30,0.3,0.5,전치·패널2,[전치] 3.89 4.76 3.25 1.84 5. 88 2. 16 2.91 4. 85 0.94 1.48 | 1996
지가,2009,742,34. 시도별 지가 변동률(평균),ⅩⅢ. 물 가 및 가 계,1997,울산,col-ko,0,0.2064,0. 03,0.03,0.5,전치·패널2,[전치] 3.89 4.76 3.25 1.84 5. 88 2. 16 2.91 4. 85 0.94 1.48 | 1997
지가,2009,742,34. 시도별 지가 변동률(평균),ⅩⅢ. 물 가 및 가 계,1997,경기,col-ko,0,0.2823,0.65,0.65,1.0,전치·패널2,[전치] 3.89 4.76 3.25 1.84 5. 88 2. 16 2.91 4. 85 0.94 1.48 | 1997
지가,2009,742,34. 시도별 지가 변동률(평균),ⅩⅢ. 물 가 및 가 계,1997,충북,col-ko,0,0.4322,1. 02,1.02,0.5,전치·패널2,[전치] 3.89 4.76 3.25 1.84 5. 88 2. 16 2.91 4. 85 0.94 1.48 | 1997
지가,2009,742,34. 시도별 지가 변동률(평균),ⅩⅢ. 물 가 및 가 계,1997,충남,col-ko,0,0.5092,1.13,1.13,1.0,전치·패널2,[전치] 3.89 4.76 3.25 1.84 5. 88 2. 16 2.91 4. 85 0.94 1.48 | 1997
지가,2009,742,34. 시도별 지가 변동률(평균),ⅩⅢ. 물 가 및 가 계,1997,전북,col-ko,0,0.5842,0.57,0.57,1.0,전치·패널2,[전치] 3.89 4.76 3.25 1.84 5. 88 2. 16 2.91 4. 85 0.94 1.48 | 1997
지가,2009,742,34. 시도별 지가 변동률(평균),ⅩⅢ. 물 가 및 가 계,1997,전남,col-ko,0,0.6602,0. 69,0.69,1.0,전치·패널2,[전치] 3.89 4.76 3.25 1.84 5. 88 2. 16 2.91 4. 85 0.94 1.48 | 1997
지가,2009,742,34. 시도별 지가 변동률(평균),ⅩⅢ. 물 가 및 가 계,1997,경북,col-ko,0,0.7361,0. 38,0.38,1.0,전치·패널2,[전치] 3.89 4.76 3.25 1.84 5. 88 2. 16 2.91 4. 85 0.94 1.48 | 1997
지가,2009,742,34. 시도별 지가 변동률(평균),ⅩⅢ. 물 가 및 가 계,1997,경남,col-ko,0,0.8121,0.26,0.26,1.0,전치·패널2,[전치] 3.89 4.76 3.25 1.84 5. 88 2. 16 2.91 4. 85 0.94 1.48 | 1997
지가,2009,742,34. 시도별 지가 변동률(평균),ⅩⅢ. 물 가 및 가 계,1997,제주,col-ko,0,0.8881,0. 38,0.38,0.5,전치·패널2,[전치] 3.89 4.76 3.25 1.84 5. 88 2. 16 2.91 4. 85 0.94 1.48 | 1997
지가,2009,742,34. 시도별 지가 변동률(평균),ⅩⅢ. 물 가 및 가 계,1998,울산,col-ko,0,0.2064,-13.54,-13.54,0.3,전치·패널2|저신뢰,[전치] 3.89 4.76 3.25 1.84 5. 88 2. 16 2.91 4. 85 0.94 1.48 | 1998
지가,2009,742,34. 시도별 지가 변동률(평균),ⅩⅢ. 물 가 및 가 계,1998,강원,col-ko,0,0.3563,-8.30,-8.3,0.5,전치·패널2,[전치] 3.89 4.76 3.25 1.84 5. 88 2. 16 2.91 4. 85 0.94 1.48 | 1998
지가,2009,742,34. 시도별 지가 변동률(평균),ⅩⅢ. 물 가 및 가 계,1998,충북,col-ko,0,0.4322,-7.13,-7.13,0.5,전치·패널2,[전치] 3.89 4.76 3.25 1.84 5. 88 2. 16 2.91 4. 85 0.94 1.48 | 1998
지가,2009,742,34. 시도별 지가 변동률(평균),ⅩⅢ. 물 가 및 가 계,1998,충남,col-ko,0,0.5092,-7.11,-7.11,0.5,전치·패널2,[전치] 3.89 4.76 3.25 1.84 5. 88 2. 16 2.91 4. 85 0.94 1.48 | 1998
지가,2009,742,34. 시도별 지가 변동률(평균),ⅩⅢ. 물 가 및 가 계,1998,전북,col-ko,0,0.5842,-5. 60,-5.6,0.5,전치·패널2,[전치] 3.89 4.76 3.25 1.84 5. 88 2. 16 2.91 4. 85 0.94 1.48 | 1998
지가,2009,742,34. 시도별 지가 변동률(평균),ⅩⅢ. 물 가 및 가 계,1998,전남,col-ko,0,0.6602,-6.96,-6.96,1.0,전치·패널2,[전치] 3.89 4.76 3.25 1.84 5. 88 2. 16 2.91 4. 85 0.94 1.48 | 1998
지가,2009,742,34. 시도별 지가 변동률(평균),ⅩⅢ. 물 가 및 가 계,1998,제주,col-ko,0,0.8881,-8. 13,-8.13,0.5,전치·패널2,[전치] 3.89 4.76 3.25 1.84 5. 88 2. 16 2.91 4. 85 0.94 1.48 | 1998
지가,2009,742,34. 시도별 지가 변동률(평균),ⅩⅢ. 물 가 및 가 계,1999,울산,col-ko,0,0.2064,1. 50,1.5,0.5,전치·패널2,[전치] 3.89 4.76 3.25 1.84 5. 88 2. 16 2.91 4. 85 0.94 1.48 | 1999
지가,2009,742,34. 시도별 지가 변동률(평균),ⅩⅢ. 물 가 및 가 계,1999,경기,col-ko,0,0.2823,4.52,4.52,0.3,전치·패널2|저신뢰,[전치] 3.89 4.76 3.25 1.84 5. 88 2. 16 2.91 4. 85 0.94 1.48 | 1999
지가,2009,742,34. 시도별 지가 변동률(평균),ⅩⅢ. 물 가 및 가 계,1999,강원,col-ko,0,0.3563,2.50,2.5,0.5,전치·패널2,[전치] 3.89 4.76 3.25 1.84 5. 88 2. 16 2.91 4. 85 0.94 1.48 | 1999
지가,2009,742,34. 시도별 지가 변동률(평균),ⅩⅢ. 물 가 및 가 계,1999,충북,col-ko,0,0.4322,4. 10,4.1,1.0,전치·패널2,[전치] 3.89 4.76 3.25 1.84 5. 88 2. 16 2.91 4. 85 0.94 1.48 | 1999
지가,2009,742,34. 시도별 지가 변동률(평균),ⅩⅢ. 물 가 및 가 계,1999,충남,col-ko,0,0.5092,3. 18,3.18,0.5,전치·패널2,[전치] 3.89 4.76 3.25 1.84 5. 88 2. 16 2.91 4. 85 0.94 1.48 | 1999
지가,2009,742,34. 시도별 지가 변동률(평균),ⅩⅢ. 물 가 및 가 계,1999,전북,col-ko,0,0.5842,2.17,2.17,0.3,전치·패널2|저신뢰,[전치] 3.89 4.76 3.25 1.84 5. 88 2. 16 2.91 4. 85 0.94 1.48 | 1999
지가,2009,742,34. 시도별 지가 변동률(평균),ⅩⅢ. 물 가 및 가 계,1999,전남,col-ko,0,0.6602,4.50,4.5,1.0,전치·패널2,[전치] 3.89 4.76 3.25 1.84 5. 88 2. 16 2.91 4. 85 0.94 1.48 | 1999
지가,2009,742,34. 시도별 지가 변동률(평균),ⅩⅢ. 물 가 및 가 계,1999,경북,col-ko,0,0.7361,2.73,2.73,1.0,전치·패널2,[전치] 3.89 4.76 3.25 1.84 5. 88 2. 16 2.91 4. 85 0.94 1.48 | 1999
지가,2009,742,34. 시도별 지가 변동률(평균),ⅩⅢ. 물 가 및 가 계,1999,경남,col-ko,0,0.8121,2.21,2.21,1.0,전치·패널2,[전치] 3.89 4.76 3.25 1.84 5. 88 2. 16 2.91 4. 85 0.94 1.48 | 1999
지가,2009,742,34. 시도별 지가 변동률(평균),ⅩⅢ. 물 가 및 가 계,1999,제주,col-ko,0,0.8881,6.82,6.82,1.0,전치·패널2,[전치] 3.89 4.76 3.25 1.84 5. 88 2. 16 2.91 4. 85 0.94 1.48 | 1999
지가,2009,742,34. 시도별 지가 변동률(평균),ⅩⅢ. 물 가 및 가 계,2000,울산,col-ko,0,0.2064,-0.26,-0.26,1.0,전치·패널2,[전치] 3.89 4.76 3.25 1.84 5. 88 2. 16 2.91 4. 85 0.94 1.48 | 2000
지가,2009,742,34. 시도별 지가 변동률(평균),ⅩⅢ. 물 가 및 가 계,2000,경기,col-ko,0,0.2823,1.92,1.92,1.0,전치·패널2,[전치] 3.89 4.76 3.25 1.84 5. 88 2. 16 2.91 4. 85 0.94 1.48 | 2000
지가,2009,742,34. 시도별 지가 변동률(평균),ⅩⅢ. 물 가 및 가 계,2000,강원,col-ko,0,0.3563,1.39,1.39,1.0,전치·패널2,[전치] 3.89 4.76 3.25 1.84 5. 88 2. 16 2.91 4. 85 0.94 1.48 | 2000
지가,2009,742,34. 시도별 지가 변동률(평균),ⅩⅢ. 물 가 및 가 계,2000,충북,col-ko,0,0.4322,1. 12,1.12,0.5,전치·패널2,[전치] 3.89 4.76 3.25 1.84 5. 88 2. 16 2.91 4. 85 0.94 1.48 | 2000
지가,2009,742,34. 시도별 지가 변동률(평균),ⅩⅢ. 물 가 및 가 계,2000,충남,col-ko,0,0.5092,1. 18,1.18,0.5,전치·패널2,[전치] 3.89 4.76 3.25 1.84 5. 88 2. 16 2.91 4. 85 0.94 1.48 | 2000
지가,2009,742,34. 시도별 지가 변동률(평균),ⅩⅢ. 물 가 및 가 계,2000,전북,col-ko,0,0.5842,1. 13,1.13,0.5,전치·패널2,[전치] 3.89 4.76 3.25 1.84 5. 88 2. 16 2.91 4. 85 0.94 1.48 | 2000
지가,2009,742,34. 시도별 지가 변동률(평균),ⅩⅢ. 물 가 및 가 계,2000,전남,col-ko,0,0.6602,1.94,1.94,1.0,전치·패널2,[전치] 3.89 4.76 3.25 1.84 5. 88 2. 16 2.91 4. 85 0.94 1.48 | 2000
지가,2009,742,34. 시도별 지가 변동률(평균),ⅩⅢ. 물 가 및 가 계,2000,경북,col-ko,0,0.7361,0.72,0.72,1.0,전치·패널2,[전치] 3.89 4.76 3.25 1.84 5. 88 2. 16 2.91 4. 85 0.94 1.48 | 2000
지가,2009,742,34. 시도별 지가 변동률(평균),ⅩⅢ. 물 가 및 가 계,2000,경남,col-ko,0,0.8121,1.15,1.15,1.0,전치·패널2,[전치] 3.89 4.76 3.25 1.84 5. 88 2. 16 2.91 4. 85 0.94 1.48 | 2000
지가,2009,742,34. 시도별 지가 변동률(평균),ⅩⅢ. 물 가 및 가 계,2000,제주,col-ko,0,0.8881,2.18,2.18,1.0,전치·패널2,[전치] 3.89 4.76 3.25 1.84 5. 88 2. 16 2.91 4. 85 0.94 1.48 | 2000
지가,2009,742,34. 시도별 지가 변동률(평균),ⅩⅢ. 물 가 및 가 계,2001,울산,col-ko,0,0.2064,0. 38,0.38,1.0,전치·패널2,[전치] 3.89 4.76 3.25 1.84 5. 88 2. 16 2.91 4. 85 0.94 1.48 | 2001
지가,2009,742,34. 시도별 지가 변동률(평균),ⅩⅢ. 물 가 및 가 계,2001,경기,col-ko,0,0.2823,1.91,1.91,1.0,전치·패널2,[전치] 3.89 4.76 3.25 1.84 5. 88 2. 16 2.91 4. 85 0.94 1.48 | 2001
지가,2009,742,34. 시도별 지가 변동률(평균),ⅩⅢ. 물 가 및 가 계,2001,강원,col-ko,0,0.3563,2.29,2.29,1.0,전치·패널2,[전치] 3.89 4.76 3.25 1.84 5. 88 2. 16 2.91 4. 85 0.94 1.48 | 2001
지가,2009,742,34. 시도별 지가 변동률(평균),ⅩⅢ. 물 가 및 가 계,2001,충북,col-ko,0,0.4322,0.41,0.41,1.0,전치·패널2,[전치] 3.89 4.76 3.25 1.84 5. 88 2. 16 2.91 4. 85 0.94 1.48 | 2001
지가,2009,742,34. 시도별 지가 변동률(평균),ⅩⅢ. 물 가 및 가 계,2001,충남,col-ko,0,0.5092,0.36,0.36,1.0,전치·패널2,[전치] 3.89 4.76 3.25 1.84 5. 88 2. 16 2.91 4. 85 0.94 1.48 | 2001
지가,2009,742,34. 시도별 지가 변동률(평균),ⅩⅢ. 물 가 및 가 계,2001,전북,col-ko,0,0.5842,-0.13,-0.13,1.0,전치·패널2,[전치] 3.89 4.76 3.25 1.84 5. 88 2. 16 2.91 4. 85 0.94 1.48 | 2001
지가,2009,742,34. 시도별 지가 변동률(평균),ⅩⅢ. 물 가 및 가 계,2001,전남,col-ko,0,0.6602,0.35,0.35,1.0,전치·패널2,[전치] 3.89 4.76 3.25 1.84 5. 88 2. 16 2.91 4. 85 0.94 1.48 | 2001
지가,2009,742,34. 시도별 지가 변동률(평균),ⅩⅢ. 물 가 및 가 계,2001,경북,col-ko,0,0.7361,0.51,0.51,1.0,전치·패널2,[전치] 3.89 4.76 3.25 1.84 5. 88 2. 16 2.91 4. 85 0.94 1.48 | 2001
지가,2009,742,34. 시도별 지가 변동률(평균),ⅩⅢ. 물 가 및 가 계,2001,경남,col-ko,0,0.8121,0.94,0.94,0.5,전치·패널2,[전치] 3.89 4.76 3.25 1.84 5. 88 2. 16 2.91 4. 85 0.94 1.48 | 2001
지가,2009,742,34. 시도별 지가 변동률(평균),ⅩⅢ. 물 가 및 가 계,2001,제주,col-ko,0,0.8881,3.13,3.13,1.0,전치·패널2,[전치] 3.89 4.76 3.25 1.84 5. 88 2. 16 2.91 4. 85 0.94 1.48 | 2001
지가,2009,742,34. 시도별 지가 변동률(평균),ⅩⅢ. 물 가 및 가 계,2002,울산,col-ko,0,0.2064,1.75,1.75,1.0,전치·패널2,[전치] 3.89 4.76 3.25 1.84 5. 88 2. 16 2.91 4. 85 0.94 1.48 | 2002
지가,2009,742,34. 시도별 지가 변동률(평균),ⅩⅢ. 물 가 및 가 계,2002,경기,col-ko,0,0.2823,13.06,13.06,0.5,전치·패널2,[전치] 3.89 4.76 3.25 1.84 5. 88 2. 16 2.91 4. 85 0.94 1.48 | 2002
지가,2009,742,34. 시도별 지가 변동률(평균),ⅩⅢ. 물 가 및 가 계,2002,강원,col-ko,0,0.3563,1.88,1.88,0.3,전치·패널2|저신뢰,[전치] 3.89 4.76 3.25 1.84 5. 88 2. 16 2.91 4. 85 0.94 1.48 | 2002
지가,2009,742,34. 시도별 지가 변동률(평균),ⅩⅢ. 물 가 및 가 계,2002,충북,col-ko,0,0.4322,3. 02,3.02,1.0,전치·패널2,[전치] 3.89 4.76 3.25 1.84 5. 88 2. 16 2.91 4. 85 0.94 1.48 | 2002
지가,2009,742,34. 시도별 지가 변동률(평균),ⅩⅢ. 물 가 및 가 계,2002,충남,col-ko,0,0.5092,2.48,2.48,1.0,전치·패널2,[전치] 3.89 4.76 3.25 1.84 5. 88 2. 16 2.91 4. 85 0.94 1.48 | 2002
지가,2009,742,34. 시도별 지가 변동률(평균),ⅩⅢ. 물 가 및 가 계,2002,전북,col-ko,0,0.5842,0.64,0.64,1.0,전치·패널2,[전치] 3.89 4.76 3.25 1.84 5. 88 2. 16 2.91 4. 85 0.94 1.48 | 2002
지가,2009,742,34. 시도별 지가 변동률(평균),ⅩⅢ. 물 가 및 가 계,2002,전남,col-ko,0,0.6602,0.95,0.95,1.0,전치·패널2,[전치] 3.89 4.76 3.25 1.84 5. 88 2. 16 2.91 4. 85 0.94 1.48 | 2002
지가,2009,742,34. 시도별 지가 변동률(평균),ⅩⅢ. 물 가 및 가 계,2002,경북,col-ko,0,0.7361,2.06,2.06,1.0,전치·패널2,[전치] 3.89 4.76 3.25 1.84 5. 88 2. 16 2.91 4. 85 0.94 1.48 | 2002
지가,2009,742,34. 시도별 지가 변동률(평균),ⅩⅢ. 물 가 및 가 계,2002,경남,col-ko,0,0.8121,2.22,2.22,1.0,전치·패널2,[전치] 3.89 4.76 3.25 1.84 5. 88 2. 16 2.91 4. 85 0.94 1.48 | 2002
지가,2009,742,34. 시도별 지가 변동률(평균),ⅩⅢ. 물 가 및 가 계,2002,제주,col-ko,0,0.8881,6.01,6.01,1.0,전치·패널2,[전치] 3.89 4.76 3.25 1.84 5. 88 2. 16 2.91 4. 85 0.94 1.48 | 2002
지가,2009,742,34. 시도별 지가 변동률(평균),ⅩⅢ. 물 가 및 가 계,2003,울산,col-ko,0,0.2064,0.66,0.66,1.0,전치·패널2,[전치] 3.89 4.76 3.25 1.84 5. 88 2. 16 2.91 4. 85 0.94 1.48 | 2003
지가,2009,742,34. 시도별 지가 변동률(평균),ⅩⅢ. 물 가 및 가 계,2003,경기,col-ko,0,0.2823,5. 12,5.12,1.0,전치·패널2,[전치] 3.89 4.76 3.25 1.84 5. 88 2. 16 2.91 4. 85 0.94 1.48 | 2003
지가,2009,742,34. 시도별 지가 변동률(평균),ⅩⅢ. 물 가 및 가 계,2003,강원,col-ko,0,0.3563,1.79,1.79,1.0,전치·패널2,[전치] 3.89 4.76 3.25 1.84 5. 88 2. 16 2.91 4. 85 0.94 1.48 | 2003
지가,2009,742,34. 시도별 지가 변동률(평균),ⅩⅢ. 물 가 및 가 계,2003,충북,col-ko,0,0.4322,2.54,2.54,1.0,전치·패널2,[전치] 3.89 4.76 3.25 1.84 5. 88 2. 16 2.91 4. 85 0.94 1.48 | 2003
지가,2009,742,34. 시도별 지가 변동률(평균),ⅩⅢ. 물 가 및 가 계,2003,충남,col-ko,0,0.5092,4.81,4.81,1.0,전치·패널2,[전치] 3.89 4.76 3.25 1.84 5. 88 2. 16 2.91 4. 85 0.94 1.48 | 2003
지가,2009,742,34. 시도별 지가 변동률(평균),ⅩⅢ. 물 가 및 가 계,2003,전북,col-ko,0,0.5842,0.96,0.96,1.0,전치·패널2,[전치] 3.89 4.76 3.25 1.84 5. 88 2. 16 2.91 4. 85 0.94 1.48 | 2003
지가,2009,742,34. 시도별 지가 변동률(평균),ⅩⅢ. 물 가 및 가 계,2003,전남,col-ko,0,0.6602,0.50,0.5,1.0,전치·패널2,[전치] 3.89 4.76 3.25 1.84 5. 88 2. 16 2.91 4. 85 0.94 1.48 | 2003
지가,2009,742,34. 시도별 지가 변동률(평균),ⅩⅢ. 물 가 및 가 계,2003,경북,col-ko,0,0.7361,0. 15,0.15,0.5,전치·패널2,[전치] 3.89 4.76 3.25 1.84 5. 88 2. 16 2.91 4. 85 0.94 1.48 | 2003
지가,2009,742,34. 시도별 지가 변동률(평균),ⅩⅢ. 물 가 및 가 계,2003,경남,col-ko,0,0.8121,1.38,1.38,0.5,전치·패널2,[전치] 3.89 4.76 3.25 1.84 5. 88 2. 16 2.91 4. 85 0.94 1.48 | 2003
지가,2009,742,34. 시도별 지가 변동률(평균),ⅩⅢ. 물 가 및 가 계,2003,제주,col-ko,0,0.8881,1.25,1.25,1.0,전치·패널2,[전치] 3.89 4.76 3.25 1.84 5. 88 2. 16 2.91 4. 85 0.94 1.48 | 2003
지가,2009,742,34. 시도별 지가 변동률(평균),ⅩⅢ. 물 가 및 가 계,2004,울산,col-ko,0,0.2064,1.7,1.7,0.3,전치·패널2|저신뢰,[전치] 3.89 4.76 3.25 1.84 5. 88 2. 16 2.91 4. 85 0.94 1.48 | 2004
지가,2009,742,34. 시도별 지가 변동률(평균),ⅩⅢ. 물 가 및 가 계,2004,경기,col-ko,0,0.2823,6. 12,6.12,0.5,전치·패널2,[전치] 3.89 4.76 3.25 1.84 5. 88 2. 16 2.91 4. 85 0.94 1.48 | 2004
지가,2009,742,34. 시도별 지가 변동률(평균),ⅩⅢ. 물 가 및 가 계,2004,강원,col-ko,0,0.3563,2.27,2.27,1.0,전치·패널2,[전치] 3.89 4.76 3.25 1.84 5. 88 2. 16 2.91 4. 85 0.94 1.48 | 2004
지가,2009,742,34. 시도별 지가 변동률(평균),ⅩⅢ. 물 가 및 가 계,2004,충북,col-ko,0,0.4322,3.83,3.83,1.0,전치·패널2,[전치] 3.89 4.76 3.25 1.84 5. 88 2. 16 2.91 4. 85 0.94 1.48 | 2004
지가,2009,742,34. 시도별 지가 변동률(평균),ⅩⅢ. 물 가 및 가 계,2004,충남,col-ko,0,0.5092,11.65,11.65,1.0,전치·패널2,[전치] 3.89 4.76 3.25 1.84 5. 88 2. 16 2.91 4. 85 0.94 1.48 | 2004
지가,2009,742,34. 시도별 지가 변동률(평균),ⅩⅢ. 물 가 및 가 계,2004,전북,col-ko,0,0.5842,0.70,0.7,1.0,전치·패널2,[전치] 3.89 4.76 3.25 1.84 5. 88 2. 16 2.91 4. 85 0.94 1.48 | 2004
지가,2009,742,34. 시도별 지가 변동률(평균),ⅩⅢ. 물 가 및 가 계,2004,전남,col-ko,0,0.6602,0.93,0.93,1.0,전치·패널2,[전치] 3.89 4.76 3.25 1.84 5. 88 2. 16 2.91 4. 85 0.94 1.48 | 2004
지가,2009,742,34. 시도별 지가 변동률(평균),ⅩⅢ. 물 가 및 가 계,2004,경북,col-ko,0,0.7361,2.11,2.11,0.3,전치·패널2|저신뢰,[전치] 3.89 4.76 3.25 1.84 5. 88 2. 16 2.91 4. 85 0.94 1.48 | 2004
지가,2009,742,34. 시도별 지가 변동률(평균),ⅩⅢ. 물 가 및 가 계,2004,경남,col-ko,0,0.8121,3. 09,3.09,1.0,전치·패널2,[전치] 3.89 4.76 3.25 1.84 5. 88 2. 16 2.91 4. 85 0.94 1.48 | 2004
지가,2009,742,34. 시도별 지가 변동률(평균),ⅩⅢ. 물 가 및 가 계,2004,제주,col-ko,0,0.8881,1.96,1.96,1.0,전치·패널2,[전치] 3.89 4.76 3.25 1.84 5. 88 2. 16 2.91 4. 85 0.94 1.48 | 2004
지가,2009,742,34. 시도별 지가 변동률(평균),ⅩⅢ. 물 가 및 가 계,2005,울산,col-ko,0,0.2064,2.06,2.06,0.5,전치·패널2,[전치] 3.89 4.76 3.25 1.84 5. 88 2. 16 2.91 4. 85 0.94 1.48 | 2005
지가,2009,742,34. 시도별 지가 변동률(평균),ⅩⅢ. 물 가 및 가 계,2005,경기,col-ko,0,0.2823,5.69,5.69,0.5,전치·패널2,[전치] 3.89 4.76 3.25 1.84 5. 88 2. 16 2.91 4. 85 0.94 1.48 | 2005
지가,2009,742,34. 시도별 지가 변동률(평균),ⅩⅢ. 물 가 및 가 계,2005,강원,col-ko,0,0.3563,2.63,2.63,1.0,전치·패널2,[전치] 3.89 4.76 3.25 1.84 5. 88 2. 16 2.91 4. 85 0.94 1.48 | 2005
지가,2009,742,34. 시도별 지가 변동률(평균),ⅩⅢ. 물 가 및 가 계,2005,충북,col-ko,0,0.4322,4. 98,4.98,1.0,전치·패널2,[전치] 3.89 4.76 3.25 1.84 5. 88 2. 16 2.91 4. 85 0.94 1.48 | 2005
지가,2009,742,34. 시도별 지가 변동률(평균),ⅩⅢ. 물 가 및 가 계,2005,충남,col-ko,0,0.5092,8.32,8.32,1.0,전치·패널2,[전치] 3.89 4.76 3.25 1.84 5. 88 2. 16 2.91 4. 85 0.94 1.48 | 2005
지가,2009,742,34. 시도별 지가 변동률(평균),ⅩⅢ. 물 가 및 가 계,2005,전북,col-ko,0,0.5842,1.38,1.38,1.0,전치·패널2,[전치] 3.89 4.76 3.25 1.84 5. 88 2. 16 2.91 4. 85 0.94 1.48 | 2005
지가,2009,742,34. 시도별 지가 변동률(평균),ⅩⅢ. 물 가 및 가 계,2005,전남,col-ko,0,0.6602,2.45,2.45,1.0,전치·패널2,[전치] 3.89 4.76 3.25 1.84 5. 88 2. 16 2.91 4. 85 0.94 1.48 | 2005
지가,2009,742,34. 시도별 지가 변동률(평균),ⅩⅢ. 물 가 및 가 계,2005,경북,col-ko,0,0.7361,2. 19,2.19,0.5,전치·패널2,[전치] 3.89 4.76 3.25 1.84 5. 88 2. 16 2.91 4. 85 0.94 1.48 | 2005
지가,2009,742,34. 시도별 지가 변동률(평균),ⅩⅢ. 물 가 및 가 계,2005,경남,col-ko,0,0.8121,2.81,2.81,1.0,전치·패널2,[전치] 3.89 4.76 3.25 1.84 5. 88 2. 16 2.91 4. 85 0.94 1.48 | 2005
지가,2009,742,34. 시도별 지가 변동률(평균),ⅩⅢ. 물 가 및 가 계,2005,제주,col-ko,0,0.8881,2. 12,2.12,0.3,전치·패널2|저신뢰,[전치] 3.89 4.76 3.25 1.84 5. 88 2. 16 2.91 4. 85 0.94 1.48 | 2005
지가,2009,742,34. 시도별 지가 변동률(평균),ⅩⅢ. 물 가 및 가 계,2006,울산,col-ko,0,0.2064,2.94,2.94,1.0,전치·패널2,[전치] 3.89 4.76 3.25 1.84 5. 88 2. 16 2.91 4. 85 0.94 1.48 | 2006
지가,2009,742,34. 시도별 지가 변동률(평균),ⅩⅢ. 물 가 및 가 계,2006,경기,col-ko,0,0.2823,5. 07,5.07,1.0,전치·패널2,[전치] 3.89 4.76 3.25 1.84 5. 88 2. 16 2.91 4. 85 0.94 1.48 | 2006
지가,2009,742,34. 시도별 지가 변동률(평균),ⅩⅢ. 물 가 및 가 계,2006,강원,col-ko,0,0.3563,2.52,2.52,1.0,전치·패널2,[전치] 3.89 4.76 3.25 1.84 5. 88 2. 16 2.91 4. 85 0.94 1.48 | 2006
지가,2009,742,34. 시도별 지가 변동률(평균),ⅩⅢ. 물 가 및 가 계,2006,충북,col-ko,0,0.4322,4. 37,4.37,0.5,전치·패널2,[전치] 3.89 4.76 3.25 1.84 5. 88 2. 16 2.91 4. 85 0.94 1.48 | 2006
지가,2009,742,34. 시도별 지가 변동률(평균),ⅩⅢ. 물 가 및 가 계,2006,충남,col-ko,0,0.5092,5.55,5.55,1.0,전치·패널2,[전치] 3.89 4.76 3.25 1.84 5. 88 2. 16 2.91 4. 85 0.94 1.48 | 2006
지가,2009,742,34. 시도별 지가 변동률(평균),ⅩⅢ. 물 가 및 가 계,2006,전북,col-ko,0,0.5842,1.29,1.29,1.0,전치·패널2,[전치] 3.89 4.76 3.25 1.84 5. 88 2. 16 2.91 4. 85 0.94 1.48 | 2006
지가,2009,742,34. 시도별 지가 변동률(평균),ⅩⅢ. 물 가 및 가 계,2006,전남,col-ko,0,0.6602,1.91,1.91,1.0,전치·패널2,[전치] 3.89 4.76 3.25 1.84 5. 88 2. 16 2.91 4. 85 0.94 1.48 | 2006
지가,2009,742,34. 시도별 지가 변동률(평균),ⅩⅢ. 물 가 및 가 계,2006,경북,col-ko,0,0.7361,2.52,2.52,1.0,전치·패널2,[전치] 3.89 4.76 3.25 1.84 5. 88 2. 16 2.91 4. 85 0.94 1.48 | 2006
지가,2009,742,34. 시도별 지가 변동률(평균),ⅩⅢ. 물 가 및 가 계,2006,경남,col-ko,0,0.8121,2.56,2.56,1.0,전치·패널2,[전치] 3.89 4.76 3.25 1.84 5. 88 2. 16 2.91 4. 85 0.94 1.48 | 2006
지가,2009,742,34. 시도별 지가 변동률(평균),ⅩⅢ. 물 가 및 가 계,2006,제주,col-ko,0,0.8881,210,210,0.5,전치·패널2,[전치] 3.89 4.76 3.25 1.84 5. 88 2. 16 2.91 4. 85 0.94 1.48 | 2006
지가,2009,742,34. 시도별 지가 변동률(평균),ⅩⅢ. 물 가 및 가 계,2007,울산,col-ko,0,0.2064,2.90,2.9,0.5,전치·패널2,[전치] 3.89 4.76 3.25 1.84 5. 88 2. 16 2.91 4. 85 0.94 1.48 | 2007
지가,2009,742,34. 시도별 지가 변동률(평균),ⅩⅢ. 물 가 및 가 계,2007,경기,col-ko,0,0.2823,4.23,4.23,1.0,전치·패널2,[전치] 3.89 4.76 3.25 1.84 5. 88 2. 16 2.91 4. 85 0.94 1.48 | 2007
지가,2009,742,34. 시도별 지가 변동률(평균),ⅩⅢ. 물 가 및 가 계,2007,강원,col-ko,0,0.3563,1.67,1.67,1.0,전치·패널2,[전치] 3.89 4.76 3.25 1.84 5. 88 2. 16 2.91 4. 85 0.94 1.48 | 2007
지가,2009,742,34. 시도별 지가 변동률(평균),ⅩⅢ. 물 가 및 가 계,2007,충북,col-ko,0,0.4322,1.27,1.27,1.0,전치·패널2,[전치] 3.89 4.76 3.25 1.84 5. 88 2. 16 2.91 4. 85 0.94 1.48 | 2007
지가,2009,742,34. 시도별 지가 변동률(평균),ⅩⅢ. 물 가 및 가 계,2007,충남,col-ko,0,0.5092,2.03,2.03,1.0,전치·패널2,[전치] 3.89 4.76 3.25 1.84 5. 88 2. 16 2.91 4. 85 0.94 1.48 | 2007
지가,2009,742,34. 시도별 지가 변동률(평균),ⅩⅢ. 물 가 및 가 계,2007,전북,col-ko,0,0.5842,1.21,1.21,1.0,전치·패널2,[전치] 3.89 4.76 3.25 1.84 5. 88 2. 16 2.91 4. 85 0.94 1.48 | 2007
지가,2009,742,34. 시도별 지가 변동률(평균),ⅩⅢ. 물 가 및 가 계,2007,전남,col-ko,0,0.6602,1.31,1.31,1.0,전치·패널2,[전치] 3.89 4.76 3.25 1.84 5. 88 2. 16 2.91 4. 85 0.94 1.48 | 2007
지가,2009,742,34. 시도별 지가 변동률(평균),ⅩⅢ. 물 가 및 가 계,2007,경북,col-ko,0,0.7361,1. 68,1.68,0.5,전치·패널2,[전치] 3.89 4.76 3.25 1.84 5. 88 2. 16 2.91 4. 85 0.94 1.48 | 2007
지가,2009,742,34. 시도별 지가 변동률(평균),ⅩⅢ. 물 가 및 가 계,2007,경남,col-ko,0,0.8121,2.22,2.22,1.0,전치·패널2,[전치] 3.89 4.76 3.25 1.84 5. 88 2. 16 2.91 4. 85 0.94 1.48 | 2007
지가,2009,742,34. 시도별 지가 변동률(평균),ⅩⅢ. 물 가 및 가 계,2007,제주,col-ko,0,0.8881,1.67,1.67,0.5,전치·패널2,[전치] 3.89 4.76 3.25 1.84 5. 88 2. 16 2.91 4. 85 0.94 1.48 | 2007
지가,2009,742,34. 시도별 지가 변동률(평균),ⅩⅢ. 물 가 및 가 계,2008,울산,col-ko,0,0.2064,-0.28,-0.28,0.5,전치·패널2,[전치] 3.89 4.76 3.25 1.84 5. 88 2. 16 2.91 4. 85 0.94 1.48 | 2008
지가,2009,742,34. 시도별 지가 변동률(평균),ⅩⅢ. 물 가 및 가 계,2008,경기,col-ko,0,0.2823,-0.27,-0.27,1.0,전치·패널2,[전치] 3.89 4.76 3.25 1.84 5. 88 2. 16 2.91 4. 85 0.94 1.48 | 2008
지가,2009,742,34. 시도별 지가 변동률(평균),ⅩⅢ. 물 가 및 가 계,2008,강원,col-ko,0,0.3563,0.38,0.38,0.5,전치·패널2,[전치] 3.89 4.76 3.25 1.84 5. 88 2. 16 2.91 4. 85 0.94 1.48 | 2008
지가,2009,742,34. 시도별 지가 변동률(평균),ⅩⅢ. 물 가 및 가 계,2008,충북,col-ko,0,0.4322,-0. 36,-0.36,0.3,전치·패널2|저신뢰,[전치] 3.89 4.76 3.25 1.84 5. 88 2. 16 2.91 4. 85 0.94 1.48 | 2008
지가,2009,742,34. 시도별 지가 변동률(평균),ⅩⅢ. 물 가 및 가 계,2008,충남,col-ko,0,0.5092,-0. 12,-0.12,0.5,전치·패널2,[전치] 3.89 4.76 3.25 1.84 5. 88 2. 16 2.91 4. 85 0.94 1.48 | 2008
지가,2009,742,34. 시도별 지가 변동률(평균),ⅩⅢ. 물 가 및 가 계,2008,전북,col-ko,0,0.5842,2.58,2.58,1.0,전치·패널2,[전치] 3.89 4.76 3.25 1.84 5. 88 2. 16 2.91 4. 85 0.94 1.48 | 2008
지가,2009,742,34. 시도별 지가 변동률(평균),ⅩⅢ. 물 가 및 가 계,2008,전남,col-ko,0,0.6602,0.26,0.26,1.0,전치·패널2,[전치] 3.89 4.76 3.25 1.84 5. 88 2. 16 2.91 4. 85 0.94 1.48 | 2008
지가,2009,742,34. 시도별 지가 변동률(평균),ⅩⅢ. 물 가 및 가 계,2008,경북,col-ko,0,0.7361,-0. 13,-0.13,0.5,전치·패널2,[전치] 3.89 4.76 3.25 1.84 5. 88 2. 16 2.91 4. 85 0.94 1.48 | 2008
지가,2009,742,34. 시도별 지가 변동률(평균),ⅩⅢ. 물 가 및 가 계,2008,경남,col-ko,0,0.8121,0.1,0.1,0.5,전치·패널2,[전치] 3.89 4.76 3.25 1.84 5. 88 2. 16 2.91 4. 85 0.94 1.48 | 2008
지가,2009,742,34. 시도별 지가 변동률(평균),ⅩⅢ. 물 가 및 가 계,2008,제주,col-ko,0,0.8881,-0. 02,-0.02,0.5,전치·패널2,[전치] 3.89 4.76 3.25 1.84 5. 88 2. 16 2.91 4. 85 0.94 1.48 | 2008
지가,2010,756,34. 시도별 지가 변동률(평균),ⅩⅢ. 물가 및 가계,1988,전국,col-ko,0,0.2053,27.47,27.47,0.5,전치·패널1,[전치] 34. 시도별 지가 변동률(평균) | 1988
지가,2010,756,34. 시도별 지가 변동률(평균),ⅩⅢ. 물가 및 가계,1988,서울,col-ko,0,0.5082,28. 06,28.06,1.0,전치·패널1,[전치] 34. 시도별 지가 변동률(평균) | 1988
지가,2010,756,34. 시도별 지가 변동률(평균),ⅩⅢ. 물가 및 가계,1988,부산,col-ko,0,0.5842,35.25,35.25,1.0,전치·패널1,[전치] 34. 시도별 지가 변동률(평균) | 1988
지가,2010,756,34. 시도별 지가 변동률(평균),ⅩⅢ. 물가 및 가계,1988,대구,col-ko,0,0.6602,38.17,38.17,0.3,전치·패널1|저신뢰,[전치] 34. 시도별 지가 변동률(평균) | 1988
지가,2010,756,34. 시도별 지가 변동률(평균),ⅩⅢ. 물가 및 가계,1988,인천,col-ko,0,0.7361,16.11,16.11,1.0,전치·패널1,[전치] 34. 시도별 지가 변동률(평균) | 1988
지가,2010,756,34. 시도별 지가 변동률(평균),ⅩⅢ. 물가 및 가계,1988,광주,col-ko,0,0.8121,59. 98,59.98,0.3,전치·패널1|저신뢰,[전치] 34. 시도별 지가 변동률(평균) | 1988
지가,2010,756,34. 시도별 지가 변동률(평균),ⅩⅢ. 물가 및 가계,1988,대전,col-ko,0,0.8881,16.48,16.48,1.0,전치·패널1,[전치] 34. 시도별 지가 변동률(평균) | 1988
지가,2010,756,34. 시도별 지가 변동률(평균),ⅩⅢ. 물가 및 가계,1989,전국,col-ko,0,0.2053,31.97,31.97,0.5,전치·패널1,[전치] 34. 시도별 지가 변동률(평균) | 1989
지가,2010,756,34. 시도별 지가 변동률(평균),ⅩⅢ. 물가 및 가계,1989,서울,col-ko,0,0.5082,33.54,33.54,1.0,전치·패널1,[전치] 34. 시도별 지가 변동률(평균) | 1989
지가,2010,756,34. 시도별 지가 변동률(평균),ⅩⅢ. 물가 및 가계,1989,부산,col-ko,0,0.5842,17.49,17.49,1.0,전치·패널1,[전치] 34. 시도별 지가 변동률(평균) | 1989
지가,2010,756,34. 시도별 지가 변동률(평균),ⅩⅢ. 물가 및 가계,1989,대구,col-ko,0,0.6602,35. 15,35.15,0.5,전치·패널1,[전치] 34. 시도별 지가 변동률(평균) | 1989
지가,2010,756,34. 시도별 지가 변동률(평균),ⅩⅢ. 물가 및 가계,1989,인천,col-ko,0,0.7361,46.72,46.72,0.5,전치·패널1,[전치] 34. 시도별 지가 변동률(평균) | 1989
지가,2010,756,34. 시도별 지가 변동률(평균),ⅩⅢ. 물가 및 가계,1989,광주,col-ko,0,0.8121,42. 99,42.99,0.5,전치·패널1,[전치] 34. 시도별 지가 변동률(평균) | 1989
지가,2010,756,34. 시도별 지가 변동률(평균),ⅩⅢ. 물가 및 가계,1989,대전,col-ko,0,0.8881,20.83,20.83,1.0,전치·패널1,[전치] 34. 시도별 지가 변동률(평균) | 1989
지가,2010,756,34. 시도별 지가 변동률(평균),ⅩⅢ. 물가 및 가계,1990,전국,col-ko,0,0.2053,20.58,20.58,0.5,전치·패널1,[전치] 34. 시도별 지가 변동률(평균) | 1990
지가,2010,756,34. 시도별 지가 변동률(평균),ⅩⅢ. 물가 및 가계,1990,서울,col-ko,0,0.5082,31.18,31.18,0.5,전치·패널1,[전치] 34. 시도별 지가 변동률(평균) | 1990
지가,2010,756,34. 시도별 지가 변동률(평균),ⅩⅢ. 물가 및 가계,1990,부산,col-ko,0,0.5842,15.82,15.82,1.0,전치·패널1,[전치] 34. 시도별 지가 변동률(평균) | 1990
지가,2010,756,34. 시도별 지가 변동률(평균),ⅩⅢ. 물가 및 가계,1990,대구,col-ko,0,0.6602,27.42,27.42,1.0,전치·패널1,[전치] 34. 시도별 지가 변동률(평균) | 1990
지가,2010,756,34. 시도별 지가 변동률(평균),ⅩⅢ. 물가 및 가계,1990,인천,col-ko,0,0.7361,29. 14,29.14,1.0,전치·패널1,[전치] 34. 시도별 지가 변동률(평균) | 1990
지가,2010,756,34. 시도별 지가 변동률(평균),ⅩⅢ. 물가 및 가계,1990,대전,col-ko,0,0.8881,17.89,17.89,1.0,전치·패널1,[전치] 34. 시도별 지가 변동률(평균) | 1990
지가,2010,756,34. 시도별 지가 변동률(평균),ⅩⅢ. 물가 및 가계,1991,전국,col-ko,0,0.2053,12.78,12.78,0.3,전치·패널1|저신뢰,[전치] 34. 시도별 지가 변동률(평균) | 1991
지가,2010,756,34. 시도별 지가 변동률(평균),ⅩⅢ. 물가 및 가계,1991,서울,col-ko,0,0.5082,11. 15,11.15,0.5,전치·패널1,[전치] 34. 시도별 지가 변동률(평균) | 1991
지가,2010,756,34. 시도별 지가 변동률(평균),ⅩⅢ. 물가 및 가계,1991,부산,col-ko,0,0.5842,14.69,14.69,1.0,전치·패널1,[전치] 34. 시도별 지가 변동률(평균) | 1991
지가,2010,756,34. 시도별 지가 변동률(평균),ⅩⅢ. 물가 및 가계,1991,대구,col-ko,0,0.6602,13.74,13.74,0.5,전치·패널1,[전치] 34. 시도별 지가 변동률(평균) | 1991
지가,2010,756,34. 시도별 지가 변동률(평균),ⅩⅢ. 물가 및 가계,1991,인천,col-ko,0,0.7361,22.81,22.81,1.0,전치·패널1,[전치] 34. 시도별 지가 변동률(평균) | 1991
지가,2010,756,34. 시도별 지가 변동률(평균),ⅩⅢ. 물가 및 가계,1991,광주,col-ko,0,0.8121,16.50,16.5,1.0,전치·패널1,[전치] 34. 시도별 지가 변동률(평균) | 1991
지가,2010,756,34. 시도별 지가 변동률(평균),ⅩⅢ. 물가 및 가계,1991,대전,col-ko,0,0.8881,23.25,23.25,1.0,전치·패널1,[전치] 34. 시도별 지가 변동률(평균) | 1991
지가,2010,756,34. 시도별 지가 변동률(평균),ⅩⅢ. 물가 및 가계,1992 - 1. 27,서울,col-ko,0,0.5082,-2.78,-2.78,0.3,전치·패널1|저신뢰,[전치] 34. 시도별 지가 변동률(평균) | 1992 - 1. 27
지가,2010,756,34. 시도별 지가 변동률(평균),ⅩⅢ. 물가 및 가계,1992 - 1. 27,부산,col-ko,0,0.5842,-1.57,-1.57,0.3,전치·패널1|저신뢰,[전치] 34. 시도별 지가 변동률(평균) | 1992 - 1. 27
지가,2010,756,34. 시도별 지가 변동률(평균),ⅩⅢ. 물가 및 가계,1992 - 1. 27,대구,col-ko,0,0.6602,-2.61,-2.61,0.5,전치·패널1,[전치] 34. 시도별 지가 변동률(평균) | 1992 - 1. 27
지가,2010,756,34. 시도별 지가 변동률(평균),ⅩⅢ. 물가 및 가계,1992 - 1. 27,인천,col-ko,0,0.7361,0.1,0.1,0.3,전치·패널1|저신뢰,[전치] 34. 시도별 지가 변동률(평균) | 1992 - 1. 27
지가,2010,756,34. 시도별 지가 변동률(평균),ⅩⅢ. 물가 및 가계,1992 - 1. 27,광주,col-ko,0,0.8121,-0. 33,-0.33,0.5,전치·패널1,[전치] 34. 시도별 지가 변동률(평균) | 1992 - 1. 27
지가,2010,756,34. 시도별 지가 변동률(평균),ⅩⅢ. 물가 및 가계,1992 - 1. 27,대전,col-ko,0,0.8881,-9.35,-9.35,1.0,전치·패널1,[전치] 34. 시도별 지가 변동률(평균) | 1992 - 1. 27
지가,2010,756,34. 시도별 지가 변동률(평균),ⅩⅢ. 물가 및 가계,1993 - 7.38,서울,col-ko,0,0.5082,-8. 72,-8.72,0.3,전치·패널1|저신뢰,[전치] 34. 시도별 지가 변동률(평균) | 1993 - 7.38
지가,2010,756,34. 시도별 지가 변동률(평균),ⅩⅢ. 물가 및 가계,1993 - 7.38,부산,col-ko,0,0.5842,-6. 77,-6.77,0.5,전치·패널1,[전치] 34. 시도별 지가 변동률(평균) | 1993 - 7.38
지가,2010,756,34. 시도별 지가 변동률(평균),ⅩⅢ. 물가 및 가계,1993 - 7.38,인천,col-ko,0,0.7361,-6. 62,-6.62,0.3,전치·패널1|저신뢰,[전치] 34. 시도별 지가 변동률(평균) | 1993 - 7.38
지가,2010,756,34. 시도별 지가 변동률(평균),ⅩⅢ. 물가 및 가계,1993 - 7.38,광주,col-ko,0,0.8121,-6.36,-6.36,0.5,전치·패널1,[전치] 34. 시도별 지가 변동률(평균) | 1993 - 7.38
지가,2010,756,34. 시도별 지가 변동률(평균),ⅩⅢ. 물가 및 가계,1993 - 7.38,대전,col-ko,0,0.8881,-7.81,-7.81,1.0,전치·패널1,[전치] 34. 시도별 지가 변동률(평균) | 1993 - 7.38
지가,2010,756,34. 시도별 지가 변동률(평균),ⅩⅢ. 물가 및 가계,1994,전국,col-ko,0,0.2053,-0.57,-0.57,1.0,전치·패널1,[전치] 34. 시도별 지가 변동률(평균) | 1994
지가,2010,756,34. 시도별 지가 변동률(평균),ⅩⅢ. 물가 및 가계,1994,서울,col-ko,0,0.5082,-1.36,-1.36,0.5,전치·패널1,[전치] 34. 시도별 지가 변동률(평균) | 1994
지가,2010,756,34. 시도별 지가 변동률(평균),ⅩⅢ. 물가 및 가계,1994,부산,col-ko,0,0.5842,-0.35,-0.35,1.0,전치·패널1,[전치] 34. 시도별 지가 변동률(평균) | 1994
지가,2010,756,34. 시도별 지가 변동률(평균),ⅩⅢ. 물가 및 가계,1994,대구,col-ko,0,0.6602,0.87,0.87,1.0,전치·패널1,[전치] 34. 시도별 지가 변동률(평균) | 1994
지가,2010,756,34. 시도별 지가 변동률(평균),ⅩⅢ. 물가 및 가계,1994,인천,col-ko,0,0.7361,0.07,0.07,0.5,전치·패널1,[전치] 34. 시도별 지가 변동률(평균) | 1994
지가,2010,756,34. 시도별 지가 변동률(평균),ⅩⅢ. 물가 및 가계,1994,광주,col-ko,0,0.8121,-0.26,-0.26,1.0,전치·패널1,[전치] 34. 시도별 지가 변동률(평균) | 1994
지가,2010,756,34. 시도별 지가 변동률(평균),ⅩⅢ. 물가 및 가계,1994,대전,col-ko,0,0.8881,-0.59,-0.59,0.5,전치·패널1,[전치] 34. 시도별 지가 변동률(평균) | 1994
지가,2010,756,34. 시도별 지가 변동률(평균),ⅩⅢ. 물가 및 가계,1995,전국,col-ko,0,0.2053,0.55,0.55,1.0,전치·패널1,[전치] 34. 시도별 지가 변동률(평균) | 1995
지가,2010,756,34. 시도별 지가 변동률(평균),ⅩⅢ. 물가 및 가계,1995,서울,col-ko,0,0.5082,0.18,0.18,0.5,전치·패널1,[전치] 34. 시도별 지가 변동률(평균) | 1995
지가,2010,756,34. 시도별 지가 변동률(평균),ⅩⅢ. 물가 및 가계,1995,부산,col-ko,0,0.5842,0. 14,0.14,0.5,전치·패널1,[전치] 34. 시도별 지가 변동률(평균) | 1995
지가,2010,756,34. 시도별 지가 변동률(평균),ⅩⅢ. 물가 및 가계,1995,인천,col-ko,0,0.7361,0. 58,0.58,1.0,전치·패널1,[전치] 34. 시도별 지가 변동률(평균) | 1995
지가,2010,756,34. 시도별 지가 변동률(평균),ⅩⅢ. 물가 및 가계,1995,광주,col-ko,0,0.8121,1.44,1.44,1.0,전치·패널1,[전치] 34. 시도별 지가 변동률(평균) | 1995
지가,2010,756,34. 시도별 지가 변동률(평균),ⅩⅢ. 물가 및 가계,1995,대전,col-ko,0,0.8881,-0.47,-0.47,1.0,전치·패널1,[전치] 34. 시도별 지가 변동률(평균) | 1995
지가,2010,756,34. 시도별 지가 변동률(평균),ⅩⅢ. 물가 및 가계,1996,전국,col-ko,0,0.2053,0.95,0.95,1.0,전치·패널1,[전치] 34. 시도별 지가 변동률(평균) | 1996
지가,2010,756,34. 시도별 지가 변동률(평균),ⅩⅢ. 물가 및 가계,1996,서울,col-ko,0,0.5082,0.94,0.94,0.5,전치·패널1,[전치] 34. 시도별 지가 변동률(평균) | 1996
지가,2010,756,34. 시도별 지가 변동률(평균),ⅩⅢ. 물가 및 가계,1996,부산,col-ko,0,0.5842,0.40,0.4,0.5,전치·패널1,[전치] 34. 시도별 지가 변동률(평균) | 1996
지가,2010,756,34. 시도별 지가 변동률(평균),ⅩⅢ. 물가 및 가계,1996,인천,col-ko,0,0.7361,0.78,0.78,1.0,전치·패널1,[전치] 34. 시도별 지가 변동률(평균) | 1996
지가,2010,756,34. 시도별 지가 변동률(평균),ⅩⅢ. 물가 및 가계,1996,광주,col-ko,0,0.8121,1. 16,1.16,1.0,전치·패널1,[전치] 34. 시도별 지가 변동률(평균) | 1996
지가,2010,756,34. 시도별 지가 변동률(평균),ⅩⅢ. 물가 및 가계,1996,대전,col-ko,0,0.8881,0.16,0.16,0.5,전치·패널1,[전치] 34. 시도별 지가 변동률(평균) | 1996
지가,2010,756,34. 시도별 지가 변동률(평균),ⅩⅢ. 물가 및 가계,1997,전국,col-ko,0,0.2053,0.31,0.31,1.0,전치·패널1,[전치] 34. 시도별 지가 변동률(평균) | 1997
지가,2010,756,34. 시도별 지가 변동률(평균),ⅩⅢ. 물가 및 가계,1997,서울,col-ko,0,0.5082,0.29,0.29,1.0,전치·패널1,[전치] 34. 시도별 지가 변동률(평균) | 1997
지가,2010,756,34. 시도별 지가 변동률(평균),ⅩⅢ. 물가 및 가계,1997,부산,col-ko,0,0.5842,-0.90,-0.9,0.5,전치·패널1,[전치] 34. 시도별 지가 변동률(평균) | 1997
지가,2010,756,34. 시도별 지가 변동률(평균),ⅩⅢ. 물가 및 가계,1997,인천,col-ko,0,0.7361,0.28,0.28,1.0,전치·패널1,[전치] 34. 시도별 지가 변동률(평균) | 1997
지가,2010,756,34. 시도별 지가 변동률(평균),ⅩⅢ. 물가 및 가계,1997,광주,col-ko,0,0.8121,0.67,0.67,1.0,전치·패널1,[전치] 34. 시도별 지가 변동률(평균) | 1997
지가,2010,756,34. 시도별 지가 변동률(평균),ⅩⅢ. 물가 및 가계,1997,대전,col-ko,0,0.8881,0.12,0.12,0.5,전치·패널1,[전치] 34. 시도별 지가 변동률(평균) | 1997
지가,2010,756,34. 시도별 지가 변동률(평균),ⅩⅢ. 물가 및 가계,1998 - 13.60 - 15.33 - 12. 15,서울,col-ko,0,0.5082,-16.25,-16.25,0.5,전치·패널1,[전치] 34. 시도별 지가 변동률(평균) | 1998 - 13.60 - 15.33 - 12. 15
지가,2010,756,34. 시도별 지가 변동률(평균),ⅩⅢ. 물가 및 가계,1998 - 13.60 - 15.33 - 12. 15,대구,col-ko,0,0.6602,-15.24,-15.24,0.3,전치·패널1|저신뢰,[전치] 34. 시도별 지가 변동률(평균) | 1998 - 13.60 - 15.33 - 12. 15
지가,2010,756,34. 시도별 지가 변동률(평균),ⅩⅢ. 물가 및 가계,1998 - 13.60 - 15.33 - 12. 15,대전,col-ko,0,0.8881,-8.36,-8.36,1.0,전치·패널1,[전치] 34. 시도별 지가 변동률(평균) | 1998 - 13.60 - 15.33 - 12. 15
지가,2010,756,34. 시도별 지가 변동률(평균),ⅩⅢ. 물가 및 가계,1999,전국,col-ko,0,0.2053,2.94,2.94,0.5,전치·패널1,[전치] 34. 시도별 지가 변동률(평균) | 1999
지가,2010,756,34. 시도별 지가 변동률(평균),ⅩⅢ. 물가 및 가계,1999,서울,col-ko,0,0.5082,2.66,2.66,1.0,전치·패널1,[전치] 34. 시도별 지가 변동률(평균) | 1999
지가,2010,756,34. 시도별 지가 변동률(평균),ⅩⅢ. 물가 및 가계,1999,부산,col-ko,0,0.5842,1.24,1.24,0.5,전치·패널1,[전치] 34. 시도별 지가 변동률(평균) | 1999
지가,2010,756,34. 시도별 지가 변동률(평균),ⅩⅢ. 물가 및 가계,1999,대구,col-ko,0,0.6602,1. 93,1.93,0.5,전치·패널1,[전치] 34. 시도별 지가 변동률(평균) | 1999
지가,2010,756,34. 시도별 지가 변동률(평균),ⅩⅢ. 물가 및 가계,1999,인천,col-ko,0,0.7361,3.51,3.51,1.0,전치·패널1,[전치] 34. 시도별 지가 변동률(평균) | 1999
지가,2010,756,34. 시도별 지가 변동률(평균),ⅩⅢ. 물가 및 가계,1999,광주,col-ko,0,0.8121,1.30,1.3,0.5,전치·패널1,[전치] 34. 시도별 지가 변동률(평균) | 1999
지가,2010,756,34. 시도별 지가 변동률(평균),ⅩⅢ. 물가 및 가계,1999,대전,col-ko,0,0.8881,0. 38,0.38,1.0,전치·패널1,[전치] 34. 시도별 지가 변동률(평균) | 1999
지가,2010,756,34. 시도별 지가 변동률(평균),ⅩⅢ. 물가 및 가계,2000,전국,col-ko,0,0.2053,0.67,0.67,1.0,전치·패널1,[전치] 34. 시도별 지가 변동률(평균) | 2000
지가,2010,756,34. 시도별 지가 변동률(평균),ⅩⅢ. 물가 및 가계,2000,서울,col-ko,0,0.5082,0.05,0.05,1.0,전치·패널1,[전치] 34. 시도별 지가 변동률(평균) | 2000
지가,2010,756,34. 시도별 지가 변동률(평균),ⅩⅢ. 물가 및 가계,2000,인천,col-ko,0,0.7361,1.07,1.07,1.0,전치·패널1,[전치] 34. 시도별 지가 변동률(평균) | 2000
지가,2010,756,34. 시도별 지가 변동률(평균),ⅩⅢ. 물가 및 가계,2001,전국,col-ko,0,0.2053,1.32,1.32,1.0,전치·패널1,[전치] 34. 시도별 지가 변동률(평균) | 2001
지가,2010,756,34. 시도별 지가 변동률(평균),ⅩⅢ. 물가 및 가계,2001,서울,col-ko,0,0.5082,1.89,1.89,1.0,전치·패널1,[전치] 34. 시도별 지가 변동률(평균) | 2001
지가,2010,756,34. 시도별 지가 변동률(평균),ⅩⅢ. 물가 및 가계,2001,부산,col-ko,0,0.5842,0.49,0.49,1.0,전치·패널1,[전치] 34. 시도별 지가 변동률(평균) | 2001
지가,2010,756,34. 시도별 지가 변동률(평균),ⅩⅢ. 물가 및 가계,2001,대구,col-ko,0,0.6602,0. 42,0.42,0.5,전치·패널1,[전치] 34. 시도별 지가 변동률(평균) | 2001
지가,2010,756,34. 시도별 지가 변동률(평균),ⅩⅢ. 물가 및 가계,2001,대전,col-ko,0,0.8881,1.00,1.0,0.3,전치·패널1|저신뢰,[전치] 34. 시도별 지가 변동률(평균) | 2001
지가,2010,756,34. 시도별 지가 변동률(평균),ⅩⅢ. 물가 및 가계,2002,전국,col-ko,0,0.2053,8 98,898,0.5,전치·패널1,[전치] 34. 시도별 지가 변동률(평균) | 2002
지가,2010,756,34. 시도별 지가 변동률(평균),ⅩⅢ. 물가 및 가계,2002,서울,col-ko,0,0.5082,15.81,15.81,1.0,전치·패널1,[전치] 34. 시도별 지가 변동률(평균) | 2002
지가,2010,756,34. 시도별 지가 변동률(평균),ⅩⅢ. 물가 및 가계,2002,부산,col-ko,0,0.5842,3.28,3.28,0.5,전치·패널1,[전치] 34. 시도별 지가 변동률(평균) | 2002
지가,2010,756,34. 시도별 지가 변동률(평균),ⅩⅢ. 물가 및 가계,2002,대구,col-ko,0,0.6602,2. 09,2.09,0.5,전치·패널1,[전치] 34. 시도별 지가 변동률(평균) | 2002
지가,2010,756,34. 시도별 지가 변동률(평균),ⅩⅢ. 물가 및 가계,2002,인천,col-ko,0,0.7361,11.51,11.51,0.5,전치·패널1,[전치] 34. 시도별 지가 변동률(평균) | 2002
지가,2010,756,34. 시도별 지가 변동률(평균),ⅩⅢ. 물가 및 가계,2002,광주,col-ko,0,0.8121,1.03,1.03,1.0,전치·패널1,[전치] 34. 시도별 지가 변동률(평균) | 2002
지가,2010,756,34. 시도별 지가 변동률(평균),ⅩⅢ. 물가 및 가계,2002,대전,col-ko,0,0.8881,3. 24,3.24,1.0,전치·패널1,[전치] 34. 시도별 지가 변동률(평균) | 2002
지가,2010,756,34. 시도별 지가 변동률(평균),ⅩⅢ. 물가 및 가계,2003,전국,col-ko,0,0.2053,3.43,3.43,1.0,전치·패널1,[전치] 34. 시도별 지가 변동률(평균) | 2003
지가,2010,756,34. 시도별 지가 변동률(평균),ⅩⅢ. 물가 및 가계,2003,서울,col-ko,0,0.5082,5.23,5.23,1.0,전치·패널1,[전치] 34. 시도별 지가 변동률(평균) | 2003
지가,2010,756,34. 시도별 지가 변동률(평균),ⅩⅢ. 물가 및 가계,2003,부산,col-ko,0,0.5842,1.09,1.09,1.0,전치·패널1,[전치] 34. 시도별 지가 변동률(평균) | 2003
지가,2010,756,34. 시도별 지가 변동률(평균),ⅩⅢ. 물가 및 가계,2003,대구,col-ko,0,0.6602,1.54,1.54,1.0,전치·패널1,[전치] 34. 시도별 지가 변동률(평균) | 2003
지가,2010,756,34. 시도별 지가 변동률(평균),ⅩⅢ. 물가 및 가계,2003,인천,col-ko,0,0.7361,2.50,2.5,1.0,전치·패널1,[전치] 34. 시도별 지가 변동률(평균) | 2003
지가,2010,756,34. 시도별 지가 변동률(평균),ⅩⅢ. 물가 및 가계,2003,광주,col-ko,0,0.8121,0.91,0.91,0.3,전치·패널1|저신뢰,[전치] 34. 시도별 지가 변동률(평균) | 2003
지가,2010,756,34. 시도별 지가 변동률(평균),ⅩⅢ. 물가 및 가계,2003,대전,col-ko,0,0.8881,5.47,5.47,1.0,전치·패널1,[전치] 34. 시도별 지가 변동률(평균) | 2003
지가,2010,756,34. 시도별 지가 변동률(평균),ⅩⅢ. 물가 및 가계,2004,전국,col-ko,0,0.2053,3.86,3.86,1.0,전치·패널1,[전치] 34. 시도별 지가 변동률(평균) | 2004
지가,2010,756,34. 시도별 지가 변동률(평균),ⅩⅢ. 물가 및 가계,2004,서울,col-ko,0,0.5082,4. 09,4.09,1.0,전치·패널1,[전치] 34. 시도별 지가 변동률(평균) | 2004
지가,2010,756,34. 시도별 지가 변동률(평균),ⅩⅢ. 물가 및 가계,2004,부산,col-ko,0,0.5842,0. 89,0.89,0.5,전치·패널1,[전치] 34. 시도별 지가 변동률(평균) | 2004
지가,2010,756,34. 시도별 지가 변동률(평균),ⅩⅢ. 물가 및 가계,2004,대구,col-ko,0,0.6602,1.58,1.58,0.5,전치·패널1,[전치] 34. 시도별 지가 변동률(평균) | 2004
지가,2010,756,34. 시도별 지가 변동률(평균),ⅩⅢ. 물가 및 가계,2004,인천,col-ko,0,0.7361,4. 32,4.32,0.5,전치·패널1,[전치] 34. 시도별 지가 변동률(평균) | 2004
지가,2010,756,34. 시도별 지가 변동률(평균),ⅩⅢ. 물가 및 가계,2004,광주,col-ko,0,0.8121,0. 68,0.68,0.5,전치·패널1,[전치] 34. 시도별 지가 변동률(평균) | 2004
지가,2010,756,34. 시도별 지가 변동률(평균),ⅩⅢ. 물가 및 가계,2004,대전,col-ko,0,0.8881,2.25,2.25,1.0,전치·패널1,[전치] 34. 시도별 지가 변동률(평균) | 2004
지가,2010,756,34. 시도별 지가 변동률(평균),ⅩⅢ. 물가 및 가계,2005,전국,col-ko,0,0.2053,4. 99,4.99,0.5,전치·패널1,[전치] 34. 시도별 지가 변동률(평균) | 2005
지가,2010,756,34. 시도별 지가 변동률(평균),ⅩⅢ. 물가 및 가계,2005,서울,col-ko,0,0.5082,6.56,6.56,1.0,전치·패널1,[전치] 34. 시도별 지가 변동률(평균) | 2005
지가,2010,756,34. 시도별 지가 변동률(평균),ⅩⅢ. 물가 및 가계,2005,부산,col-ko,0,0.5842,1. 86,1.86,1.0,전치·패널1,[전치] 34. 시도별 지가 변동률(평균) | 2005
지가,2010,756,34. 시도별 지가 변동률(평균),ⅩⅢ. 물가 및 가계,2005,대구,col-ko,0,0.6602,3. 32,3.32,1.0,전치·패널1,[전치] 34. 시도별 지가 변동률(평균) | 2005
지가,2010,756,34. 시도별 지가 변동률(평균),ⅩⅢ. 물가 및 가계,2005,인천,col-ko,0,0.7361,4. 94,4.94,1.0,전치·패널1,[전치] 34. 시도별 지가 변동률(평균) | 2005
지가,2010,756,34. 시도별 지가 변동률(평균),ⅩⅢ. 물가 및 가계,2005,광주,col-ko,0,0.8121,1.87,1.87,1.0,전치·패널1,[전치] 34. 시도별 지가 변동률(평균) | 2005
지가,2010,756,34. 시도별 지가 변동률(평균),ⅩⅢ. 물가 및 가계,2005,대전,col-ko,0,0.8881,6. 80,6.8,0.5,전치·패널1,[전치] 34. 시도별 지가 변동률(평균) | 2005
지가,2010,756,34. 시도별 지가 변동률(평균),ⅩⅢ. 물가 및 가계,2006,전국,col-ko,0,0.2053,5.62,5.62,0.5,전치·패널1,[전치] 34. 시도별 지가 변동률(평균) | 2006
지가,2010,756,34. 시도별 지가 변동률(평균),ⅩⅢ. 물가 및 가계,2006,서울,col-ko,0,0.5082,9.17,9.17,0.5,전치·패널1,[전치] 34. 시도별 지가 변동률(평균) | 2006
지가,2010,756,34. 시도별 지가 변동률(평균),ⅩⅢ. 물가 및 가계,2006,부산,col-ko,0,0.5842,2. 50,2.5,0.5,전치·패널1,[전치] 34. 시도별 지가 변동률(평균) | 2006
지가,2010,756,34. 시도별 지가 변동률(평균),ⅩⅢ. 물가 및 가계,2006,대구,col-ko,0,0.6602,4. 19,4.19,1.0,전치·패널1,[전치] 34. 시도별 지가 변동률(평균) | 2006
지가,2010,756,34. 시도별 지가 변동률(평균),ⅩⅢ. 물가 및 가계,2006,인천,col-ko,0,0.7361,5. 58,5.58,0.5,전치·패널1,[전치] 34. 시도별 지가 변동률(평균) | 2006
지가,2010,756,34. 시도별 지가 변동률(평균),ⅩⅢ. 물가 및 가계,2006,광주,col-ko,0,0.8121,1.44,1.44,1.0,전치·패널1,[전치] 34. 시도별 지가 변동률(평균) | 2006
지가,2010,756,34. 시도별 지가 변동률(평균),ⅩⅢ. 물가 및 가계,2006,대전,col-ko,0,0.8881,4. 15,4.15,0.5,전치·패널1,[전치] 34. 시도별 지가 변동률(평균) | 2006
지가,2010,756,34. 시도별 지가 변동률(평균),ⅩⅢ. 물가 및 가계,2007,전국,col-ko,0,0.2053,3.89,3.89,1.0,전치·패널1,[전치] 34. 시도별 지가 변동률(평균) | 2007
지가,2010,756,34. 시도별 지가 변동률(평균),ⅩⅢ. 물가 및 가계,2007,서울,col-ko,0,0.5082,5.88,5.88,1.0,전치·패널1,[전치] 34. 시도별 지가 변동률(평균) | 2007
지가,2010,756,34. 시도별 지가 변동률(평균),ⅩⅢ. 물가 및 가계,2007,부산,col-ko,0,0.5842,2. 16,2.16,1.0,전치·패널1,[전치] 34. 시도별 지가 변동률(평균) | 2007
지가,2010,756,34. 시도별 지가 변동률(평균),ⅩⅢ. 물가 및 가계,2007,대구,col-ko,0,0.6602,2. 91,2.91,1.0,전치·패널1,[전치] 34. 시도별 지가 변동률(평균) | 2007
지가,2010,756,34. 시도별 지가 변동률(평균),ⅩⅢ. 물가 및 가계,2007,인천,col-ko,0,0.7361,4. 85,4.85,1.0,전치·패널1,[전치] 34. 시도별 지가 변동률(평균) | 2007
지가,2010,756,34. 시도별 지가 변동률(평균),ⅩⅢ. 물가 및 가계,2007,광주,col-ko,0,0.8121,0. 94,0.94,0.5,전치·패널1,[전치] 34. 시도별 지가 변동률(평균) | 2007
지가,2010,756,34. 시도별 지가 변동률(평균),ⅩⅢ. 물가 및 가계,2007,대전,col-ko,0,0.8881,1.48,1.48,1.0,전치·패널1,[전치] 34. 시도별 지가 변동률(평균) | 2007
지가,2010,756,34. 시도별 지가 변동률(평균),ⅩⅢ. 물가 및 가계,2008,전국,col-ko,0,0.2053,-0.32,-0.32,0.3,전치·패널1|저신뢰,[전치] 34. 시도별 지가 변동률(평균) | 2008
지가,2010,756,34. 시도별 지가 변동률(평균),ⅩⅢ. 물가 및 가계,2008,대구,col-ko,0,0.6602,-0. 45,-0.45,0.3,전치·패널1|저신뢰,[전치] 34. 시도별 지가 변동률(평균) | 2008
지가,2010,756,34. 시도별 지가 변동률(평균),ⅩⅢ. 물가 및 가계,2008,인천,col-ko,0,0.7361,1.37,1.37,1.0,전치·패널1,[전치] 34. 시도별 지가 변동률(평균) | 2008
지가,2010,756,34. 시도별 지가 변동률(평균),ⅩⅢ. 물가 및 가계,2008,광주,col-ko,0,0.8121,-0. 90,-0.9,0.5,전치·패널1,[전치] 34. 시도별 지가 변동률(평균) | 2008
지가,2010,756,34. 시도별 지가 변동률(평균),ⅩⅢ. 물가 및 가계,2008,대전,col-ko,0,0.8881,-0. 97,-0.97,0.3,전치·패널1|저신뢰,[전치] 34. 시도별 지가 변동률(평균) | 2008
지가,2010,756,34. 시도별 지가 변동률(평균),ⅩⅢ. 물가 및 가계,2009,전국,col-ko,0,0.2053,0.96,0.96,0.5,전치·패널1,[전치] 34. 시도별 지가 변동률(평균) | 2009
지가,2010,756,34. 시도별 지가 변동률(평균),ⅩⅢ. 물가 및 가계,2009,서울,col-ko,0,0.5082,1.40,1.4,1.0,전치·패널1,[전치] 34. 시도별 지가 변동률(평균) | 2009
지가,2010,756,34. 시도별 지가 변동률(평균),ⅩⅢ. 물가 및 가계,2009,부산,col-ko,0,0.5842,0.11,0.11,1.0,전치·패널1,[전치] 34. 시도별 지가 변동률(평균) | 2009
지가,2010,756,34. 시도별 지가 변동률(평균),ⅩⅢ. 물가 및 가계,2009,대구,col-ko,0,0.6602,0. 28,0.28,0.5,전치·패널1,[전치] 34. 시도별 지가 변동률(평균) | 2009
지가,2010,756,34. 시도별 지가 변동률(평균),ⅩⅢ. 물가 및 가계,2009,인천,col-ko,0,0.7361,1. 99,1.99,1.0,전치·패널1,[전치] 34. 시도별 지가 변동률(평균) | 2009
지가,2010,756,34. 시도별 지가 변동률(평균),ⅩⅢ. 물가 및 가계,2009,광주,col-ko,0,0.8121,0. 33,0.33,0.5,전치·패널1,[전치] 34. 시도별 지가 변동률(평균) | 2009
지가,2010,756,34. 시도별 지가 변동률(평균),ⅩⅢ. 물가 및 가계,2009,대전,col-ko,0,0.8881,0.26,0.26,1.0,전치·패널1,[전치] 34. 시도별 지가 변동률(평균) | 2009
지가,2010,756,34. 시도별 지가 변동률(평균),ⅩⅢ. 물가 및 가계,1988,울산,col-ko,0,0.2064,43.55,43.55,1.0,전치·패널2,[전치] 1988
지가,2010,756,34. 시도별 지가 변동률(평균),ⅩⅢ. 물가 및 가계,1988,경기,col-ko,0,0.2813,22. 08,22.08,0.5,전치·패널2,[전치] 1988
지가,2010,756,34. 시도별 지가 변동률(평균),ⅩⅢ. 물가 및 가계,1988,강원,col-ko,0,0.3563,21. 08,21.08,0.5,전치·패널2,[전치] 1988
지가,2010,756,34. 시도별 지가 변동률(평균),ⅩⅢ. 물가 및 가계,1988,충북,col-ko,0,0.4333,13.31,13.31,1.0,전치·패널2,[전치] 1988
지가,2010,756,34. 시도별 지가 변동률(평균),ⅩⅢ. 물가 및 가계,1988,전북,col-ko,0,0.5842,27.07,27.07,1.0,전치·패널2,[전치] 1988
지가,2010,756,34. 시도별 지가 변동률(평균),ⅩⅢ. 물가 및 가계,1988,경북,col-ko,0,0.7361,22.64,22.64,0.5,전치·패널2,[전치] 1988
지가,2010,756,34. 시도별 지가 변동률(평균),ⅩⅢ. 물가 및 가계,1988,경남,col-ko,0,0.8121,28.72,28.72,0.5,전치·패널2,[전치] 1988
지가,2010,756,34. 시도별 지가 변동률(평균),ⅩⅢ. 물가 및 가계,1988,제주,col-ko,0,0.8881,31.23,31.23,0.5,전치·패널2,[전치] 1988
지가,2010,756,34. 시도별 지가 변동률(평균),ⅩⅢ. 물가 및 가계,1989,울산,col-ko,0,0.2064,16. 00,16.0,0.5,전치·패널2,[전치] 1989
지가,2010,756,34. 시도별 지가 변동률(평균),ⅩⅢ. 물가 및 가계,1989,경기,col-ko,0,0.2813,48. 03,48.03,0.5,전치·패널2,[전치] 1989
지가,2010,756,34. 시도별 지가 변동률(평균),ⅩⅢ. 물가 및 가계,1989,강원,col-ko,0,0.3563,25. 54,25.54,0.5,전치·패널2,[전치] 1989
지가,2010,756,34. 시도별 지가 변동률(평균),ⅩⅢ. 물가 및 가계,1989,충북,col-ko,0,0.4333,16.11,16.11,1.0,전치·패널2,[전치] 1989
지가,2010,756,34. 시도별 지가 변동률(평균),ⅩⅢ. 물가 및 가계,1989,전북,col-ko,0,0.5842,29. 68,29.68,1.0,전치·패널2,[전치] 1989
지가,2010,756,34. 시도별 지가 변동률(평균),ⅩⅢ. 물가 및 가계,1989,경북,col-ko,0,0.7361,19. 80,19.8,0.5,전치·패널2,[전치] 1989
지가,2010,756,34. 시도별 지가 변동률(평균),ⅩⅢ. 물가 및 가계,1989,경남,col-ko,0,0.8121,17.25,17.25,1.0,전치·패널2,[전치] 1989
지가,2010,756,34. 시도별 지가 변동률(평균),ⅩⅢ. 물가 및 가계,1989,제주,col-ko,0,0.8881,41. 90,41.9,0.5,전치·패널2,[전치] 1989
지가,2010,756,34. 시도별 지가 변동률(평균),ⅩⅢ. 물가 및 가계,1990,울산,col-ko,0,0.2064,14.67,14.67,1.0,전치·패널2,[전치] 1990
지가,2010,756,34. 시도별 지가 변동률(평균),ⅩⅢ. 물가 및 가계,1990,경기,col-ko,0,0.2813,22. 03,22.03,1.0,전치·패널2,[전치] 1990
지가,2010,756,34. 시도별 지가 변동률(평균),ⅩⅢ. 물가 및 가계,1990,강원,col-ko,0,0.3563,11.98,11.98,1.0,전치·패널2,[전치] 1990
지가,2010,756,34. 시도별 지가 변동률(평균),ⅩⅢ. 물가 및 가계,1990,충북,col-ko,0,0.4333,11. 48,11.48,0.5,전치·패널2,[전치] 1990
지가,2010,756,34. 시도별 지가 변동률(평균),ⅩⅢ. 물가 및 가계,1990,전북,col-ko,0,0.5842,10.84,10.84,0.5,전치·패널2,[전치] 1990
지가,2010,756,34. 시도별 지가 변동률(평균),ⅩⅢ. 물가 및 가계,1990,경북,col-ko,0,0.7361,13.32,13.32,0.3,전치·패널2|저신뢰,[전치] 1990
지가,2010,756,34. 시도별 지가 변동률(평균),ⅩⅢ. 물가 및 가계,1990,경남,col-ko,0,0.8121,12.80,12.8,0.5,전치·패널2,[전치] 1990
지가,2010,756,34. 시도별 지가 변동률(평균),ⅩⅢ. 물가 및 가계,1990,제주,col-ko,0,0.8881,8.45,8.45,1.0,전치·패널2,[전치] 1990
지가,2010,756,34. 시도별 지가 변동률(평균),ⅩⅢ. 물가 및 가계,1991,울산,col-ko,0,0.2064,12.51,12.51,1.0,전치·패널2,[전치] 1991
지가,2010,756,34. 시도별 지가 변동률(평균),ⅩⅢ. 물가 및 가계,1991,경기,col-ko,0,0.2813,14. 68,14.68,1.0,전치·패널2,[전치] 1991
지가,2010,756,34. 시도별 지가 변동률(평균),ⅩⅢ. 물가 및 가계,1991,강원,col-ko,0,0.3563,7.18,7.18,0.5,전치·패널2,[전치] 1991
지가,2010,756,34. 시도별 지가 변동률(평균),ⅩⅢ. 물가 및 가계,1991,충북,col-ko,0,0.4333,14.31,14.31,1.0,전치·패널2,[전치] 1991
지가,2010,756,34. 시도별 지가 변동률(평균),ⅩⅢ. 물가 및 가계,1991,충남,col-ko,0,0.5092,9.56,9.56,1.0,전치·패널2,[전치] 1991
지가,2010,756,34. 시도별 지가 변동률(평균),ⅩⅢ. 물가 및 가계,1991,전북,col-ko,0,0.5842,9.40,9.4,1.0,전치·패널2,[전치] 1991
지가,2010,756,34. 시도별 지가 변동률(평균),ⅩⅢ. 물가 및 가계,1991,경북,col-ko,0,0.7361,9.11,9.11,0.5,전치·패널2,[전치] 1991
지가,2010,756,34. 시도별 지가 변동률(평균),ⅩⅢ. 물가 및 가계,1991,경남,col-ko,0,0.8121,14.47,14.47,0.5,전치·패널2,[전치] 1991
지가,2010,756,34. 시도별 지가 변동률(평균),ⅩⅢ. 물가 및 가계,1991,제주,col-ko,0,0.8881,10.43,10.43,1.0,전치·패널2,[전치] 1991
지가,2010,756,34. 시도별 지가 변동률(평균),ⅩⅢ. 물가 및 가계,1992,울산,col-ko,0,0.2064,0.27,0.27,1.0,전치·패널2,[전치] 1992
지가,2010,756,34. 시도별 지가 변동률(평균),ⅩⅢ. 물가 및 가계,1992,경기,col-ko,0,0.2813,0.08,0.08,1.0,전치·패널2,[전치] 1992
지가,2010,756,34. 시도별 지가 변동률(평균),ⅩⅢ. 물가 및 가계,1992,강원,col-ko,0,0.3563,1.06,1.06,1.0,전치·패널2,[전치] 1992
지가,2010,756,34. 시도별 지가 변동률(평균),ⅩⅢ. 물가 및 가계,1992,충북,col-ko,0,0.4333,1.62,1.62,1.0,전치·패널2,[전치] 1992
지가,2010,756,34. 시도별 지가 변동률(평균),ⅩⅢ. 물가 및 가계,1992,충남,col-ko,0,0.5092,1. 12,1.12,0.5,전치·패널2,[전치] 1992
지가,2010,756,34. 시도별 지가 변동률(평균),ⅩⅢ. 물가 및 가계,1992,전북,col-ko,0,0.5842,1.64,1.64,1.0,전치·패널2,[전치] 1992
지가,2010,756,34. 시도별 지가 변동률(평균),ⅩⅢ. 물가 및 가계,1992,경북,col-ko,0,0.7361,-0. 26,-0.26,0.5,전치·패널2,[전치] 1992
지가,2010,756,34. 시도별 지가 변동률(평균),ⅩⅢ. 물가 및 가계,1992,경남,col-ko,0,0.8121,0. 18,0.18,0.5,전치·패널2,[전치] 1992
지가,2010,756,34. 시도별 지가 변동률(평균),ⅩⅢ. 물가 및 가계,1992,제주,col-ko,0,0.8881,0.26,0.26,1.0,전치·패널2,[전치] 1992
지가,2010,756,34. 시도별 지가 변동률(평균),ⅩⅢ. 물가 및 가계,1993,울산,col-ko,0,0.2064,-7.57,-7.57,1.0,전치·패널2,[전치] 1993
지가,2010,756,34. 시도별 지가 변동률(평균),ⅩⅢ. 물가 및 가계,1993,경기,col-ko,0,0.2813,-7.06,-7.06,1.0,전치·패널2,[전치] 1993
지가,2010,756,34. 시도별 지가 변동률(평균),ⅩⅢ. 물가 및 가계,1993,강원,col-ko,0,0.3563,-4.89,-4.89,1.0,전치·패널2,[전치] 1993
지가,2010,756,34. 시도별 지가 변동률(평균),ⅩⅢ. 물가 및 가계,1993,충북,col-ko,0,0.4333,-6.07,-6.07,1.0,전치·패널2,[전치] 1993
지가,2010,756,34. 시도별 지가 변동률(평균),ⅩⅢ. 물가 및 가계,1993,전북,col-ko,0,0.5842,-5. 94,-5.94,0.5,전치·패널2,[전치] 1993
지가,2010,756,34. 시도별 지가 변동률(평균),ⅩⅢ. 물가 및 가계,1993,경북,col-ko,0,0.7361,-6.57,-6.57,1.0,전치·패널2,[전치] 1993
지가,2010,756,34. 시도별 지가 변동률(평균),ⅩⅢ. 물가 및 가계,1993,경남,col-ko,0,0.8121,-6.59,-6.59,1.0,전치·패널2,[전치] 1993
지가,2010,756,34. 시도별 지가 변동률(평균),ⅩⅢ. 물가 및 가계,1993,제주,col-ko,0,0.8881,-8.70,-8.7,1.0,전치·패널2,[전치] 1993
지가,2010,756,34. 시도별 지가 변동률(평균),ⅩⅢ. 물가 및 가계,1994,울산,col-ko,0,0.2064,-0.79,-0.79,0.5,전치·패널2,[전치] 1994
지가,2010,756,34. 시도별 지가 변동률(평균),ⅩⅢ. 물가 및 가계,1994,경기,col-ko,0,0.2813,-0.26,-0.26,1.0,전치·패널2,[전치] 1994
지가,2010,756,34. 시도별 지가 변동률(평균),ⅩⅢ. 물가 및 가계,1994,강원,col-ko,0,0.3563,-0.1,-0.1,0.5,전치·패널2,[전치] 1994
지가,2010,756,34. 시도별 지가 변동률(평균),ⅩⅢ. 물가 및 가계,1994,충북,col-ko,0,0.4333,-0.40,-0.4,1.0,전치·패널2,[전치] 1994
지가,2010,756,34. 시도별 지가 변동률(평균),ⅩⅢ. 물가 및 가계,1994,전북,col-ko,0,0.5842,-0.60,-0.6,0.5,전치·패널2,[전치] 1994
지가,2010,756,34. 시도별 지가 변동률(평균),ⅩⅢ. 물가 및 가계,1994,경북,col-ko,0,0.7361,0.63,0.63,1.0,전치·패널2,[전치] 1994
지가,2010,756,34. 시도별 지가 변동률(평균),ⅩⅢ. 물가 및 가계,1994,경남,col-ko,0,0.8121,-0.64,-0.64,1.0,전치·패널2,[전치] 1994
지가,2010,756,34. 시도별 지가 변동률(평균),ⅩⅢ. 물가 및 가계,1994,제주,col-ko,0,0.8881,-0.39,-0.39,0.5,전치·패널2,[전치] 1994
지가,2010,756,34. 시도별 지가 변동률(평균),ⅩⅢ. 물가 및 가계,1995,울산,col-ko,0,0.2064,-0.03,-0.03,0.5,전치·패널2,[전치] 1995
지가,2010,756,34. 시도별 지가 변동률(평균),ⅩⅢ. 물가 및 가계,1995,경기,col-ko,0,0.2813,1.46,1.46,1.0,전치·패널2,[전치] 1995
지가,2010,756,34. 시도별 지가 변동률(평균),ⅩⅢ. 물가 및 가계,1995,강원,col-ko,0,0.3563,1. 13,1.13,0.5,전치·패널2,[전치] 1995
지가,2010,756,34. 시도별 지가 변동률(평균),ⅩⅢ. 물가 및 가계,1995,충북,col-ko,0,0.4333,0.39,0.39,0.5,전치·패널2,[전치] 1995
지가,2010,756,34. 시도별 지가 변동률(평균),ⅩⅢ. 물가 및 가계,1995,전북,col-ko,0,0.5842,0.48,0.48,1.0,전치·패널2,[전치] 1995
지가,2010,756,34. 시도별 지가 변동률(평균),ⅩⅢ. 물가 및 가계,1995,경북,col-ko,0,0.7361,0. 72,0.72,0.3,전치·패널2|저신뢰,[전치] 1995
지가,2010,756,34. 시도별 지가 변동률(평균),ⅩⅢ. 물가 및 가계,1995,경남,col-ko,0,0.8121,0. 56,0.56,0.5,전치·패널2,[전치] 1995
지가,2010,756,34. 시도별 지가 변동률(평균),ⅩⅢ. 물가 및 가계,1995,제주,col-ko,0,0.8881,-0. 15,-0.15,0.5,전치·패널2,[전치] 1995
지가,2010,756,34. 시도별 지가 변동률(평균),ⅩⅢ. 물가 및 가계,1996,울산,col-ko,0,0.2064,0.62,0.62,1.0,전치·패널2,[전치] 1996
지가,2010,756,34. 시도별 지가 변동률(평균),ⅩⅢ. 물가 및 가계,1996,경기,col-ko,0,0.2813,1.20,1.2,0.5,전치·패널2,[전치] 1996
지가,2010,756,34. 시도별 지가 변동률(평균),ⅩⅢ. 물가 및 가계,1996,강원,col-ko,0,0.3563,1.26,1.26,1.0,전치·패널2,[전치] 1996
지가,2010,756,34. 시도별 지가 변동률(평균),ⅩⅢ. 물가 및 가계,1996,충남,col-ko,0,0.5092,1. 08,1.08,0.5,전치·패널2,[전치] 1996
지가,2010,756,34. 시도별 지가 변동률(평균),ⅩⅢ. 물가 및 가계,1996,전북,col-ko,0,0.5842,1. 13,1.13,0.5,전치·패널2,[전치] 1996
지가,2010,756,34. 시도별 지가 변동률(평균),ⅩⅢ. 물가 및 가계,1996,경북,col-ko,0,0.7361,1.25,1.25,1.0,전치·패널2,[전치] 1996
지가,2010,756,34. 시도별 지가 변동률(평균),ⅩⅢ. 물가 및 가계,1996,경남,col-ko,0,0.8121,0.98,0.98,1.0,전치·패널2,[전치] 1996
지가,2010,756,34. 시도별 지가 변동률(평균),ⅩⅢ. 물가 및 가계,1996,제주,col-ko,0,0.8881,0. 30,0.3,1.0,전치·패널2,[전치] 1996
지가,2010,756,34. 시도별 지가 변동률(평균),ⅩⅢ. 물가 및 가계,1997,울산,col-ko,0,0.2064,0. 03,0.03,0.5,전치·패널2,[전치] 1997
지가,2010,756,34. 시도별 지가 변동률(평균),ⅩⅢ. 물가 및 가계,1997,경기,col-ko,0,0.2813,0.65,0.65,1.0,전치·패널2,[전치] 1997
지가,2010,756,34. 시도별 지가 변동률(평균),ⅩⅢ. 물가 및 가계,1997,충북,col-ko,0,0.4333,1.02,1.02,0.5,전치·패널2,[전치] 1997
지가,2010,756,34. 시도별 지가 변동률(평균),ⅩⅢ. 물가 및 가계,1997,충남,col-ko,0,0.5092,1.13,1.13,0.3,전치·패널2|저신뢰,[전치] 1997
지가,2010,756,34. 시도별 지가 변동률(평균),ⅩⅢ. 물가 및 가계,1997,전북,col-ko,0,0.5842,0.57,0.57,1.0,전치·패널2,[전치] 1997
지가,2010,756,34. 시도별 지가 변동률(평균),ⅩⅢ. 물가 및 가계,1997,경북,col-ko,0,0.7361,0. 38,0.38,0.5,전치·패널2,[전치] 1997
지가,2010,756,34. 시도별 지가 변동률(평균),ⅩⅢ. 물가 및 가계,1997,경남,col-ko,0,0.8121,0.26,0.26,1.0,전치·패널2,[전치] 1997
지가,2010,756,34. 시도별 지가 변동률(평균),ⅩⅢ. 물가 및 가계,1997,제주,col-ko,0,0.8881,0. 38,0.38,0.5,전치·패널2,[전치] 1997
지가,2010,756,34. 시도별 지가 변동률(평균),ⅩⅢ. 물가 및 가계,1998 - 13. 54 - 14. 65,강원,col-ko,0,0.3563,-8. 30,-8.3,0.3,전치·패널2|저신뢰,[전치] 1998 - 13. 54 - 14. 65
지가,2010,756,34. 시도별 지가 변동률(평균),ⅩⅢ. 물가 및 가계,1998 - 13. 54 - 14. 65,충북,col-ko,0,0.4333,-7. 13,-7.13,0.5,전치·패널2,[전치] 1998 - 13. 54 - 14. 65
지가,2010,756,34. 시도별 지가 변동률(평균),ⅩⅢ. 물가 및 가계,1998 - 13. 54 - 14. 65,충남,col-ko,0,0.5092,-7.11,-7.11,1.0,전치·패널2,[전치] 1998 - 13. 54 - 14. 65
지가,2010,756,34. 시도별 지가 변동률(평균),ⅩⅢ. 물가 및 가계,1998 - 13. 54 - 14. 65,전북,col-ko,0,0.5842,-5.60,-5.6,0.5,전치·패널2,[전치] 1998 - 13. 54 - 14. 65
지가,2010,756,34. 시도별 지가 변동률(평균),ⅩⅢ. 물가 및 가계,1999,울산,col-ko,0,0.2064,1.50,1.5,1.0,전치·패널2,[전치] 1999
지가,2010,756,34. 시도별 지가 변동률(평균),ⅩⅢ. 물가 및 가계,1999,경기,col-ko,0,0.2813,4.52,4.52,1.0,전치·패널2,[전치] 1999
지가,2010,756,34. 시도별 지가 변동률(평균),ⅩⅢ. 물가 및 가계,1999,강원,col-ko,0,0.3563,2.50,2.5,1.0,전치·패널2,[전치] 1999
지가,2010,756,34. 시도별 지가 변동률(평균),ⅩⅢ. 물가 및 가계,1999,충북,col-ko,0,0.4333,4. 10,4.1,1.0,전치·패널2,[전치] 1999
지가,2010,756,34. 시도별 지가 변동률(평균),ⅩⅢ. 물가 및 가계,1999,충남,col-ko,0,0.5092,3. 18,3.18,1.0,전치·패널2,[전치] 1999
지가,2010,756,34. 시도별 지가 변동률(평균),ⅩⅢ. 물가 및 가계,1999,전북,col-ko,0,0.5842,2.17,2.17,1.0,전치·패널2,[전치] 1999
지가,2010,756,34. 시도별 지가 변동률(평균),ⅩⅢ. 물가 및 가계,1999,경북,col-ko,0,0.7361,2.73,2.73,1.0,전치·패널2,[전치] 1999
지가,2010,756,34. 시도별 지가 변동률(평균),ⅩⅢ. 물가 및 가계,1999,경남,col-ko,0,0.8121,2.21,2.21,1.0,전치·패널2,[전치] 1999
지가,2010,756,34. 시도별 지가 변동률(평균),ⅩⅢ. 물가 및 가계,1999,제주,col-ko,0,0.8881,6.82,6.82,1.0,전치·패널2,[전치] 1999
지가,2010,756,34. 시도별 지가 변동률(평균),ⅩⅢ. 물가 및 가계,2000,울산,col-ko,0,0.2064,-0. 26,-0.26,0.5,전치·패널2,[전치] 2000
지가,2010,756,34. 시도별 지가 변동률(평균),ⅩⅢ. 물가 및 가계,2000,경기,col-ko,0,0.2813,1.92,1.92,0.5,전치·패널2,[전치] 2000
지가,2010,756,34. 시도별 지가 변동률(평균),ⅩⅢ. 물가 및 가계,2000,강원,col-ko,0,0.3563,1.39,1.39,1.0,전치·패널2,[전치] 2000
지가,2010,756,34. 시도별 지가 변동률(평균),ⅩⅢ. 물가 및 가계,2000,충북,col-ko,0,0.4333,1. 12,1.12,0.5,전치·패널2,[전치] 2000
지가,2010,756,34. 시도별 지가 변동률(평균),ⅩⅢ. 물가 및 가계,2000,충남,col-ko,0,0.5092,1. 18,1.18,0.5,전치·패널2,[전치] 2000
지가,2010,756,34. 시도별 지가 변동률(평균),ⅩⅢ. 물가 및 가계,2000,전북,col-ko,0,0.5842,1. 13,1.13,1.0,전치·패널2,[전치] 2000
지가,2010,756,34. 시도별 지가 변동률(평균),ⅩⅢ. 물가 및 가계,2000,전남,col-ko,0,0.6602,1.94,1.94,0.5,전치·패널2,[전치] 2000
지가,2010,756,34. 시도별 지가 변동률(평균),ⅩⅢ. 물가 및 가계,2000,경북,col-ko,0,0.7361,0. 72,0.72,0.5,전치·패널2,[전치] 2000
지가,2010,756,34. 시도별 지가 변동률(평균),ⅩⅢ. 물가 및 가계,2000,경남,col-ko,0,0.8121,1. 15,1.15,1.0,전치·패널2,[전치] 2000
지가,2010,756,34. 시도별 지가 변동률(평균),ⅩⅢ. 물가 및 가계,2000,제주,col-ko,0,0.8881,2.18,2.18,1.0,전치·패널2,[전치] 2000
지가,2010,756,34. 시도별 지가 변동률(평균),ⅩⅢ. 물가 및 가계,2001,울산,col-ko,0,0.2064,0.38,0.38,1.0,전치·패널2,[전치] 2001
지가,2010,756,34. 시도별 지가 변동률(평균),ⅩⅢ. 물가 및 가계,2001,경기,col-ko,0,0.2813,1.91,1.91,1.0,전치·패널2,[전치] 2001
지가,2010,756,34. 시도별 지가 변동률(평균),ⅩⅢ. 물가 및 가계,2001,강원,col-ko,0,0.3563,2.29,2.29,1.0,전치·패널2,[전치] 2001
지가,2010,756,34. 시도별 지가 변동률(평균),ⅩⅢ. 물가 및 가계,2001,충북,col-ko,0,0.4333,0.41,0.41,1.0,전치·패널2,[전치] 2001
지가,2010,756,34. 시도별 지가 변동률(평균),ⅩⅢ. 물가 및 가계,2001,충남,col-ko,0,0.5092,0.36,0.36,1.0,전치·패널2,[전치] 2001
지가,2010,756,34. 시도별 지가 변동률(평균),ⅩⅢ. 물가 및 가계,2001,전북,col-ko,0,0.5842,-0. 13,-0.13,0.5,전치·패널2,[전치] 2001
지가,2010,756,34. 시도별 지가 변동률(평균),ⅩⅢ. 물가 및 가계,2001,전남,col-ko,0,0.6602,0. 35,0.35,1.0,전치·패널2,[전치] 2001
지가,2010,756,34. 시도별 지가 변동률(평균),ⅩⅢ. 물가 및 가계,2001,경북,col-ko,0,0.7361,0.51,0.51,1.0,전치·패널2,[전치] 2001
지가,2010,756,34. 시도별 지가 변동률(평균),ⅩⅢ. 물가 및 가계,2001,경남,col-ko,0,0.8121,0. 94,0.94,1.0,전치·패널2,[전치] 2001
지가,2010,756,34. 시도별 지가 변동률(평균),ⅩⅢ. 물가 및 가계,2001,제주,col-ko,0,0.8881,3.13,3.13,0.5,전치·패널2,[전치] 2001
지가,2010,756,34. 시도별 지가 변동률(평균),ⅩⅢ. 물가 및 가계,2002,울산,col-ko,0,0.2064,1.75,1.75,1.0,전치·패널2,[전치] 2002
지가,2010,756,34. 시도별 지가 변동률(평균),ⅩⅢ. 물가 및 가계,2002,경기,col-ko,0,0.2813,13.06,13.06,0.3,전치·패널2|저신뢰,[전치] 2002
지가,2010,756,34. 시도별 지가 변동률(평균),ⅩⅢ. 물가 및 가계,2002,강원,col-ko,0,0.3563,1. 88,1.88,0.5,전치·패널2,[전치] 2002
지가,2010,756,34. 시도별 지가 변동률(평균),ⅩⅢ. 물가 및 가계,2002,충북,col-ko,0,0.4333,3. 02,3.02,1.0,전치·패널2,[전치] 2002
지가,2010,756,34. 시도별 지가 변동률(평균),ⅩⅢ. 물가 및 가계,2002,충남,col-ko,0,0.5092,2.48,2.48,1.0,전치·패널2,[전치] 2002
지가,2010,756,34. 시도별 지가 변동률(평균),ⅩⅢ. 물가 및 가계,2002,전북,col-ko,0,0.5842,0.64,0.64,1.0,전치·패널2,[전치] 2002
지가,2010,756,34. 시도별 지가 변동률(평균),ⅩⅢ. 물가 및 가계,2002,전남,col-ko,0,0.6602,0.95,0.95,1.0,전치·패널2,[전치] 2002
지가,2010,756,34. 시도별 지가 변동률(평균),ⅩⅢ. 물가 및 가계,2002,경북,col-ko,0,0.7361,2. 06,2.06,0.5,전치·패널2,[전치] 2002
지가,2010,756,34. 시도별 지가 변동률(평균),ⅩⅢ. 물가 및 가계,2002,경남,col-ko,0,0.8121,2.22,2.22,1.0,전치·패널2,[전치] 2002
지가,2010,756,34. 시도별 지가 변동률(평균),ⅩⅢ. 물가 및 가계,2002,제주,col-ko,0,0.8881,6.01,6.01,1.0,전치·패널2,[전치] 2002
지가,2010,756,34. 시도별 지가 변동률(평균),ⅩⅢ. 물가 및 가계,2003,울산,col-ko,0,0.2064,0. 66,0.66,0.5,전치·패널2,[전치] 2003
지가,2010,756,34. 시도별 지가 변동률(평균),ⅩⅢ. 물가 및 가계,2003,경기,col-ko,0,0.2813,5. 12,5.12,1.0,전치·패널2,[전치] 2003
지가,2010,756,34. 시도별 지가 변동률(평균),ⅩⅢ. 물가 및 가계,2003,강원,col-ko,0,0.3563,1.79,1.79,1.0,전치·패널2,[전치] 2003
지가,2010,756,34. 시도별 지가 변동률(평균),ⅩⅢ. 물가 및 가계,2003,충북,col-ko,0,0.4333,2.54,2.54,0.5,전치·패널2,[전치] 2003
지가,2010,756,34. 시도별 지가 변동률(평균),ⅩⅢ. 물가 및 가계,2003,충남,col-ko,0,0.5092,4.81,4.81,1.0,전치·패널2,[전치] 2003
지가,2010,756,34. 시도별 지가 변동률(평균),ⅩⅢ. 물가 및 가계,2003,전북,col-ko,0,0.5842,0. 96,0.96,0.5,전치·패널2,[전치] 2003
지가,2010,756,34. 시도별 지가 변동률(평균),ⅩⅢ. 물가 및 가계,2003,전남,col-ko,0,0.6602,0. 50,0.5,1.0,전치·패널2,[전치] 2003
지가,2010,756,34. 시도별 지가 변동률(평균),ⅩⅢ. 물가 및 가계,2003,경북,col-ko,0,0.7361,0. 15,0.15,0.5,전치·패널2,[전치] 2003
지가,2010,756,34. 시도별 지가 변동률(평균),ⅩⅢ. 물가 및 가계,2003,경남,col-ko,0,0.8121,1.38,1.38,1.0,전치·패널2,[전치] 2003
지가,2010,756,34. 시도별 지가 변동률(평균),ⅩⅢ. 물가 및 가계,2003,제주,col-ko,0,0.8881,1.25,1.25,1.0,전치·패널2,[전치] 2003
지가,2010,756,34. 시도별 지가 변동률(평균),ⅩⅢ. 물가 및 가계,2004,울산,col-ko,0,0.2064,1.79,1.79,1.0,전치·패널2,[전치] 2004
지가,2010,756,34. 시도별 지가 변동률(평균),ⅩⅢ. 물가 및 가계,2004,경기,col-ko,0,0.2813,6. 12,6.12,0.5,전치·패널2,[전치] 2004
지가,2010,756,34. 시도별 지가 변동률(평균),ⅩⅢ. 물가 및 가계,2004,강원,col-ko,0,0.3563,2.27,2.27,1.0,전치·패널2,[전치] 2004
지가,2010,756,34. 시도별 지가 변동률(평균),ⅩⅢ. 물가 및 가계,2004,충북,col-ko,0,0.4333,3. 83,3.83,1.0,전치·패널2,[전치] 2004
지가,2010,756,34. 시도별 지가 변동률(평균),ⅩⅢ. 물가 및 가계,2004,충남,col-ko,0,0.5092,11.65,11.65,1.0,전치·패널2,[전치] 2004
지가,2010,756,34. 시도별 지가 변동률(평균),ⅩⅢ. 물가 및 가계,2004,전북,col-ko,0,0.5842,0. 70,0.7,0.5,전치·패널2,[전치] 2004
지가,2010,756,34. 시도별 지가 변동률(평균),ⅩⅢ. 물가 및 가계,2004,전남,col-ko,0,0.6602,0.93,0.93,1.0,전치·패널2,[전치] 2004
지가,2010,756,34. 시도별 지가 변동률(평균),ⅩⅢ. 물가 및 가계,2004,경북,col-ko,0,0.7361,2.11,2.11,0.5,전치·패널2,[전치] 2004
지가,2010,756,34. 시도별 지가 변동률(평균),ⅩⅢ. 물가 및 가계,2004,경남,col-ko,0,0.8121,3.09,3.09,0.5,전치·패널2,[전치] 2004
지가,2010,756,34. 시도별 지가 변동률(평균),ⅩⅢ. 물가 및 가계,2004,제주,col-ko,0,0.8881,1.96,1.96,1.0,전치·패널2,[전치] 2004
지가,2010,756,34. 시도별 지가 변동률(평균),ⅩⅢ. 물가 및 가계,2005,울산,col-ko,0,0.2064,2 06,206,0.5,전치·패널2,[전치] 2005
지가,2010,756,34. 시도별 지가 변동률(평균),ⅩⅢ. 물가 및 가계,2005,경기,col-ko,0,0.2813,5.69,5.69,0.5,전치·패널2,[전치] 2005
지가,2010,756,34. 시도별 지가 변동률(평균),ⅩⅢ. 물가 및 가계,2005,강원,col-ko,0,0.3563,2.63,2.63,1.0,전치·패널2,[전치] 2005
지가,2010,756,34. 시도별 지가 변동률(평균),ⅩⅢ. 물가 및 가계,2005,충북,col-ko,0,0.4333,4. 98,4.98,0.5,전치·패널2,[전치] 2005
지가,2010,756,34. 시도별 지가 변동률(평균),ⅩⅢ. 물가 및 가계,2005,충남,col-ko,0,0.5092,8. 32,8.32,1.0,전치·패널2,[전치] 2005
지가,2010,756,34. 시도별 지가 변동률(평균),ⅩⅢ. 물가 및 가계,2005,전북,col-ko,0,0.5842,1. 38,1.38,1.0,전치·패널2,[전치] 2005
지가,2010,756,34. 시도별 지가 변동률(평균),ⅩⅢ. 물가 및 가계,2005,전남,col-ko,0,0.6602,2.45,2.45,0.5,전치·패널2,[전치] 2005
지가,2010,756,34. 시도별 지가 변동률(평균),ⅩⅢ. 물가 및 가계,2005,경북,col-ko,0,0.7361,2. 19,2.19,0.5,전치·패널2,[전치] 2005
지가,2010,756,34. 시도별 지가 변동률(평균),ⅩⅢ. 물가 및 가계,2005,경남,col-ko,0,0.8121,2.81,2.81,1.0,전치·패널2,[전치] 2005
지가,2010,756,34. 시도별 지가 변동률(평균),ⅩⅢ. 물가 및 가계,2005,제주,col-ko,0,0.8881,2.12,2.12,1.0,전치·패널2,[전치] 2005
지가,2010,756,34. 시도별 지가 변동률(평균),ⅩⅢ. 물가 및 가계,2006,울산,col-ko,0,0.2064,2.94,2.94,1.0,전치·패널2,[전치] 2006
지가,2010,756,34. 시도별 지가 변동률(평균),ⅩⅢ. 물가 및 가계,2006,경기,col-ko,0,0.2813,5. 07,5.07,0.5,전치·패널2,[전치] 2006
지가,2010,756,34. 시도별 지가 변동률(평균),ⅩⅢ. 물가 및 가계,2006,강원,col-ko,0,0.3563,2.52,2.52,1.0,전치·패널2,[전치] 2006
지가,2010,756,34. 시도별 지가 변동률(평균),ⅩⅢ. 물가 및 가계,2006,충북,col-ko,0,0.4333,4. 37,4.37,1.0,전치·패널2,[전치] 2006
지가,2010,756,34. 시도별 지가 변동률(평균),ⅩⅢ. 물가 및 가계,2006,충남,col-ko,0,0.5092,5.55,5.55,1.0,전치·패널2,[전치] 2006
지가,2010,756,34. 시도별 지가 변동률(평균),ⅩⅢ. 물가 및 가계,2006,전북,col-ko,0,0.5842,1.29,1.29,1.0,전치·패널2,[전치] 2006
지가,2010,756,34. 시도별 지가 변동률(평균),ⅩⅢ. 물가 및 가계,2006,전남,col-ko,0,0.6602,1.91,1.91,1.0,전치·패널2,[전치] 2006
지가,2010,756,34. 시도별 지가 변동률(평균),ⅩⅢ. 물가 및 가계,2006,경북,col-ko,0,0.7361,2.52,2.52,1.0,전치·패널2,[전치] 2006
지가,2010,756,34. 시도별 지가 변동률(평균),ⅩⅢ. 물가 및 가계,2006,경남,col-ko,0,0.8121,2.56,2.56,0.5,전치·패널2,[전치] 2006
지가,2010,756,34. 시도별 지가 변동률(평균),ⅩⅢ. 물가 및 가계,2006,제주,col-ko,0,0.8881,2.10,2.1,0.3,전치·패널2|저신뢰,[전치] 2006
지가,2010,756,34. 시도별 지가 변동률(평균),ⅩⅢ. 물가 및 가계,2007,울산,col-ko,0,0.2064,2.90,2.9,0.5,전치·패널2,[전치] 2007
지가,2010,756,34. 시도별 지가 변동률(평균),ⅩⅢ. 물가 및 가계,2007,경기,col-ko,0,0.2813,4.23,4.23,0.5,전치·패널2,[전치] 2007
지가,2010,756,34. 시도별 지가 변동률(평균),ⅩⅢ. 물가 및 가계,2007,강원,col-ko,0,0.3563,1.67,1.67,1.0,전치·패널2,[전치] 2007
지가,2010,756,34. 시도별 지가 변동률(평균),ⅩⅢ. 물가 및 가계,2007,충북,col-ko,0,0.4333,1.27,1.27,1.0,전치·패널2,[전치] 2007
지가,2010,756,34. 시도별 지가 변동률(평균),ⅩⅢ. 물가 및 가계,2007,충남,col-ko,0,0.5092,2.03,2.03,0.5,전치·패널2,[전치] 2007
지가,2010,756,34. 시도별 지가 변동률(평균),ⅩⅢ. 물가 및 가계,2007,전북,col-ko,0,0.5842,1.21,1.21,1.0,전치·패널2,[전치] 2007
지가,2010,756,34. 시도별 지가 변동률(평균),ⅩⅢ. 물가 및 가계,2007,전남,col-ko,0,0.6602,1.31,1.31,1.0,전치·패널2,[전치] 2007
지가,2010,756,34. 시도별 지가 변동률(평균),ⅩⅢ. 물가 및 가계,2007,경북,col-ko,0,0.7361,1. 68,1.68,1.0,전치·패널2,[전치] 2007
지가,2010,756,34. 시도별 지가 변동률(평균),ⅩⅢ. 물가 및 가계,2007,경남,col-ko,0,0.8121,2.22,2.22,1.0,전치·패널2,[전치] 2007
지가,2010,756,34. 시도별 지가 변동률(평균),ⅩⅢ. 물가 및 가계,2007,제주,col-ko,0,0.8881,1.67,1.67,1.0,전치·패널2,[전치] 2007
지가,2010,756,34. 시도별 지가 변동률(평균),ⅩⅢ. 물가 및 가계,2008,울산,col-ko,0,0.2064,-0.28,-0.28,1.0,전치·패널2,[전치] 2008
지가,2010,756,34. 시도별 지가 변동률(평균),ⅩⅢ. 물가 및 가계,2008,경기,col-ko,0,0.2813,-0.27,-0.27,1.0,전치·패널2,[전치] 2008
지가,2010,756,34. 시도별 지가 변동률(평균),ⅩⅢ. 물가 및 가계,2008,강원,col-ko,0,0.3563,0. 38,0.38,0.5,전치·패널2,[전치] 2008
지가,2010,756,34. 시도별 지가 변동률(평균),ⅩⅢ. 물가 및 가계,2008,충북,col-ko,0,0.4333,-0. 36,-0.36,0.5,전치·패널2,[전치] 2008
지가,2010,756,34. 시도별 지가 변동률(평균),ⅩⅢ. 물가 및 가계,2008,충남,col-ko,0,0.5092,-0. 12,-0.12,0.5,전치·패널2,[전치] 2008
지가,2010,756,34. 시도별 지가 변동률(평균),ⅩⅢ. 물가 및 가계,2008,전북,col-ko,0,0.5842,2.58,2.58,1.0,전치·패널2,[전치] 2008
지가,2010,756,34. 시도별 지가 변동률(평균),ⅩⅢ. 물가 및 가계,2008,전남,col-ko,0,0.6602,0.26,0.26,1.0,전치·패널2,[전치] 2008
지가,2010,756,34. 시도별 지가 변동률(평균),ⅩⅢ. 물가 및 가계,2008,경북,col-ko,0,0.7361,-0. 13,-0.13,0.3,전치·패널2|저신뢰,[전치] 2008
지가,2010,756,34. 시도별 지가 변동률(평균),ⅩⅢ. 물가 및 가계,2008,경남,col-ko,0,0.8121,0.11,0.11,1.0,전치·패널2,[전치] 2008
지가,2010,756,34. 시도별 지가 변동률(평균),ⅩⅢ. 물가 및 가계,2008,제주,col-ko,0,0.8881,-0. 02,-0.02,0.5,전치·패널2,[전치] 2008
지가,2010,756,34. 시도별 지가 변동률(평균),ⅩⅢ. 물가 및 가계,2009,울산,col-ko,0,0.2064,0.31,0.31,1.0,전치·패널2,[전치] 2009
지가,2010,756,34. 시도별 지가 변동률(평균),ⅩⅢ. 물가 및 가계,2009,경기,col-ko,0,0.2813,1.22,1.22,1.0,전치·패널2,[전치] 2009
지가,2010,756,34. 시도별 지가 변동률(평균),ⅩⅢ. 물가 및 가계,2009,강원,col-ko,0,0.3563,0. 34,0.34,0.5,전치·패널2,[전치] 2009
지가,2010,756,34. 시도별 지가 변동률(평균),ⅩⅢ. 물가 및 가계,2009,충북,col-ko,0,0.4333,0.1,0.1,0.5,전치·패널2,[전치] 2009
지가,2010,756,34. 시도별 지가 변동률(평균),ⅩⅢ. 물가 및 가계,2009,충남,col-ko,0,0.5092,0.26,0.26,1.0,전치·패널2,[전치] 2009
지가,2010,756,34. 시도별 지가 변동률(평균),ⅩⅢ. 물가 및 가계,2009,전북,col-ko,0,0.5842,-0.53,-0.53,1.0,전치·패널2,[전치] 2009
지가,2010,756,34. 시도별 지가 변동률(평균),ⅩⅢ. 물가 및 가계,2009,전남,col-ko,0,0.6602,0.35,0.35,1.0,전치·패널2,[전치] 2009
지가,2010,756,34. 시도별 지가 변동률(평균),ⅩⅢ. 물가 및 가계,2009,경북,col-ko,0,0.7361,0.48,0.48,1.0,전치·패널2,[전치] 2009
지가,2010,756,34. 시도별 지가 변동률(평균),ⅩⅢ. 물가 및 가계,2009,경남,col-ko,0,0.8121,0.44,0.44,1.0,전치·패널2,[전치] 2009
지가,2010,756,34. 시도별 지가 변동률(평균),ⅩⅢ. 물가 및 가계,2009,제주,col-ko,0,0.8881,0.20,0.2,1.0,전치·패널2,[전치] 2009
지가,2011,764,34. 시도별 지가 변동률(평균),ⅩⅢ. 물가 및 가계,1989,인천,col-ko,0,0.7346,46.72,46.72,1.0,전치·패널1,[전치] 34. 시도별 지가 변동률(평균) | 1989
지가,2011,764,34. 시도별 지가 변동률(평균),ⅩⅢ. 물가 및 가계,1989,광주,col-ko,0,0.8091,42.99,42.99,1.0,전치·패널1,[전치] 34. 시도별 지가 변동률(평균) | 1989
지가,2011,764,34. 시도별 지가 변동률(평균),ⅩⅢ. 물가 및 가계,1990,인천,col-ko,0,0.7346,29.14,29.14,1.0,전치·패널1,[전치] 34. 시도별 지가 변동률(평균) | 1990
지가,2011,764,34. 시도별 지가 변동률(평균),ⅩⅢ. 물가 및 가계,1990,광주,col-ko,0,0.8091,22.43,22.43,1.0,전치·패널1,[전치] 34. 시도별 지가 변동률(평균) | 1990
지가,2011,764,34. 시도별 지가 변동률(평균),ⅩⅢ. 물가 및 가계,1991,인천,col-ko,0,0.7346,22.81,22.81,0.5,전치·패널1,[전치] 34. 시도별 지가 변동률(평균) | 1991
지가,2011,764,34. 시도별 지가 변동률(평균),ⅩⅢ. 물가 및 가계,1991,광주,col-ko,0,0.8091,16.50,16.5,1.0,전치·패널1,[전치] 34. 시도별 지가 변동률(평균) | 1991
지가,2011,764,34. 시도별 지가 변동률(평균),ⅩⅢ. 물가 및 가계,1992,인천,col-ko,0,0.7346,0.11,0.11,1.0,전치·패널1,[전치] 34. 시도별 지가 변동률(평균) | 1992
지가,2011,764,34. 시도별 지가 변동률(평균),ⅩⅢ. 물가 및 가계,1992,광주,col-ko,0,0.8091,-0.33,-0.33,1.0,전치·패널1,[전치] 34. 시도별 지가 변동률(평균) | 1992
지가,2011,764,34. 시도별 지가 변동률(평균),ⅩⅢ. 물가 및 가계,1993,인천,col-ko,0,0.7346,-6.62,-6.62,1.0,전치·패널1,[전치] 34. 시도별 지가 변동률(평균) | 1993
지가,2011,764,34. 시도별 지가 변동률(평균),ⅩⅢ. 물가 및 가계,1993,광주,col-ko,0,0.8091,-6.36,-6.36,1.0,전치·패널1,[전치] 34. 시도별 지가 변동률(평균) | 1993
지가,2011,764,34. 시도별 지가 변동률(평균),ⅩⅢ. 물가 및 가계,1994 -.18,인천,col-ko,0,0.7346,0.07,0.07,1.0,전치·패널1,[전치] 34. 시도별 지가 변동률(평균) | 1994 -.18
지가,2011,764,34. 시도별 지가 변동률(평균),ⅩⅢ. 물가 및 가계,1994 -.18,광주,col-ko,0,0.8091,-0.26,-0.26,1.0,전치·패널1,[전치] 34. 시도별 지가 변동률(평균) | 1994 -.18
지가,2011,764,34. 시도별 지가 변동률(평균),ⅩⅢ. 물가 및 가계,1995,인천,col-ko,0,0.7346,0.58,0.58,1.0,전치·패널1,[전치] 34. 시도별 지가 변동률(평균) | 1995
지가,2011,764,34. 시도별 지가 변동률(평균),ⅩⅢ. 물가 및 가계,1995,광주,col-ko,0,0.8091,1.44,1.44,1.0,전치·패널1,[전치] 34. 시도별 지가 변동률(평균) | 1995
지가,2011,764,34. 시도별 지가 변동률(평균),ⅩⅢ. 물가 및 가계,1996,인천,col-ko,0,0.7346,0.78,0.78,1.0,전치·패널1,[전치] 34. 시도별 지가 변동률(평균) | 1996
지가,2011,764,34. 시도별 지가 변동률(평균),ⅩⅢ. 물가 및 가계,1996,광주,col-ko,0,0.8091,1.16,1.16,1.0,전치·패널1,[전치] 34. 시도별 지가 변동률(평균) | 1996
지가,2011,764,34. 시도별 지가 변동률(평균),ⅩⅢ. 물가 및 가계,1997,인천,col-ko,0,0.7346,0.28,0.28,1.0,전치·패널1,[전치] 34. 시도별 지가 변동률(평균) | 1997
지가,2011,764,34. 시도별 지가 변동률(평균),ⅩⅢ. 물가 및 가계,1997,광주,col-ko,0,0.8091,0.67,0.67,1.0,전치·패널1,[전치] 34. 시도별 지가 변동률(평균) | 1997
지가,2011,764,34. 시도별 지가 변동률(평균),ⅩⅢ. 물가 및 가계,1998,인천,col-ko,0,0.7346,-13.79,-13.79,1.0,전치·패널1,[전치] 34. 시도별 지가 변동률(평균) | 1998
지가,2011,764,34. 시도별 지가 변동률(평균),ⅩⅢ. 물가 및 가계,1998,광주,col-ko,0,0.8091,-10.25,-10.25,0.5,전치·패널1,[전치] 34. 시도별 지가 변동률(평균) | 1998
지가,2011,764,34. 시도별 지가 변동률(평균),ⅩⅢ. 물가 및 가계,1999,인천,col-ko,0,0.7346,3.51,3.51,1.0,전치·패널1,[전치] 34. 시도별 지가 변동률(평균) | 1999
지가,2011,764,34. 시도별 지가 변동률(평균),ⅩⅢ. 물가 및 가계,1999,광주,col-ko,0,0.8091,1.30,1.3,1.0,전치·패널1,[전치] 34. 시도별 지가 변동률(평균) | 1999
지가,2011,764,34. 시도별 지가 변동률(평균),ⅩⅢ. 물가 및 가계,2000,인천,col-ko,0,0.7346,1.07,1.07,1.0,전치·패널1,[전치] 34. 시도별 지가 변동률(평균) | 2000
지가,2011,764,34. 시도별 지가 변동률(평균),ⅩⅢ. 물가 및 가계,2000,광주,col-ko,0,0.8091,-0.31,-0.31,1.0,전치·패널1,[전치] 34. 시도별 지가 변동률(평균) | 2000
지가,2011,764,34. 시도별 지가 변동률(평균),ⅩⅢ. 물가 및 가계,2001,인천,col-ko,0,0.7346,1.77,1.77,1.0,전치·패널1,[전치] 34. 시도별 지가 변동률(평균) | 2001
지가,2011,764,34. 시도별 지가 변동률(평균),ⅩⅢ. 물가 및 가계,2001,광주,col-ko,0,0.8091,-0.37,-0.37,1.0,전치·패널1,[전치] 34. 시도별 지가 변동률(평균) | 2001
지가,2011,764,34. 시도별 지가 변동률(평균),ⅩⅢ. 물가 및 가계,2002,인천,col-ko,0,0.7346,11.51,11.51,1.0,전치·패널1,[전치] 34. 시도별 지가 변동률(평균) | 2002
지가,2011,764,34. 시도별 지가 변동률(평균),ⅩⅢ. 물가 및 가계,2002,광주,col-ko,0,0.8091,1.03,1.03,1.0,전치·패널1,[전치] 34. 시도별 지가 변동률(평균) | 2002
지가,2011,764,34. 시도별 지가 변동률(평균),ⅩⅢ. 물가 및 가계,2003,인천,col-ko,0,0.7346,2.50,2.5,1.0,전치·패널1,[전치] 34. 시도별 지가 변동률(평균) | 2003
지가,2011,764,34. 시도별 지가 변동률(평균),ⅩⅢ. 물가 및 가계,2003,광주,col-ko,0,0.8091,0.91,0.91,1.0,전치·패널1,[전치] 34. 시도별 지가 변동률(평균) | 2003
지가,2011,764,34. 시도별 지가 변동률(평균),ⅩⅢ. 물가 및 가계,2004,인천,col-ko,0,0.7346,4.32,4.32,1.0,전치·패널1,[전치] 34. 시도별 지가 변동률(평균) | 2004
지가,2011,764,34. 시도별 지가 변동률(평균),ⅩⅢ. 물가 및 가계,2004,광주,col-ko,0,0.8091,0.68,0.68,1.0,전치·패널1,[전치] 34. 시도별 지가 변동률(평균) | 2004
지가,2011,764,34. 시도별 지가 변동률(평균),ⅩⅢ. 물가 및 가계,2005,인천,col-ko,0,0.7346,4.94,4.94,1.0,전치·패널1,[전치] 34. 시도별 지가 변동률(평균) | 2005
지가,2011,764,34. 시도별 지가 변동률(평균),ⅩⅢ. 물가 및 가계,2005,광주,col-ko,0,0.8091,1.87,1.87,1.0,전치·패널1,[전치] 34. 시도별 지가 변동률(평균) | 2005
지가,2011,764,34. 시도별 지가 변동률(평균),ⅩⅢ. 물가 및 가계,2006,인천,col-ko,0,0.7346,5.58,5.58,1.0,전치·패널1,[전치] 34. 시도별 지가 변동률(평균) | 2006
지가,2011,764,34. 시도별 지가 변동률(평균),ⅩⅢ. 물가 및 가계,2006,광주,col-ko,0,0.8091,1.44,1.44,1.0,전치·패널1,[전치] 34. 시도별 지가 변동률(평균) | 2006
지가,2011,764,34. 시도별 지가 변동률(평균),ⅩⅢ. 물가 및 가계,2007,인천,col-ko,0,0.7346,4.85,4.85,1.0,전치·패널1,[전치] 34. 시도별 지가 변동률(평균) | 2007
지가,2011,764,34. 시도별 지가 변동률(평균),ⅩⅢ. 물가 및 가계,2007,광주,col-ko,0,0.8091,0.94,0.94,1.0,전치·패널1,[전치] 34. 시도별 지가 변동률(평균) | 2007
지가,2011,764,34. 시도별 지가 변동률(평균),ⅩⅢ. 물가 및 가계,2007,대전,col-ko,0,0.8827,1.48,1.48,1.0,전치·패널1,[전치] 34. 시도별 지가 변동률(평균) | 2007
지가,2011,764,34. 시도별 지가 변동률(평균),ⅩⅢ. 물가 및 가계,2008,인천,col-ko,0,0.7346,1.37,1.37,1.0,전치·패널1,[전치] 34. 시도별 지가 변동률(평균) | 2008
지가,2011,764,34. 시도별 지가 변동률(평균),ⅩⅢ. 물가 및 가계,2008,광주,col-ko,0,0.8091,-0.90,-0.9,0.5,전치·패널1,[전치] 34. 시도별 지가 변동률(평균) | 2008
지가,2011,764,34. 시도별 지가 변동률(평균),ⅩⅢ. 물가 및 가계,2009,인천,col-ko,0,0.7346,1.99,1.99,1.0,전치·패널1,[전치] 34. 시도별 지가 변동률(평균) | 2009
지가,2011,764,34. 시도별 지가 변동률(평균),ⅩⅢ. 물가 및 가계,2009,광주,col-ko,0,0.8091,0.33,0.33,1.0,전치·패널1,[전치] 34. 시도별 지가 변동률(평균) | 2009
지가,2011,764,34. 시도별 지가 변동률(평균),ⅩⅢ. 물가 및 가계,2009,대전,col-ko,0,0.8827,0.26,0.26,1.0,전치·패널1,[전치] 34. 시도별 지가 변동률(평균) | 2009
지가,2011,764,34. 시도별 지가 변동률(평균),ⅩⅢ. 물가 및 가계,2010,인천,col-ko,0,0.7346,1.43,1.43,1.0,전치·패널1,[전치] 34. 시도별 지가 변동률(평균) | 2010
지가,2011,764,34. 시도별 지가 변동률(평균),ⅩⅢ. 물가 및 가계,2010,광주,col-ko,0,0.8091,0.67,0.67,1.0,전치·패널1,[전치] 34. 시도별 지가 변동률(평균) | 2010
지가,2011,764,34. 시도별 지가 변동률(평균),ⅩⅢ. 물가 및 가계,2010,대전,col-ko,0,0.8827,1.55,1.55,1.0,전치·패널1,[전치] 34. 시도별 지가 변동률(평균) | 2010
지가,2011,764,34. 시도별 지가 변동률(평균),ⅩⅢ. 물가 및 가계,1989,울산,col-ko,0,0.2207,16.00,16.0,0.5,전치·패널2,[전치] 1989
지가,2011,764,34. 시도별 지가 변동률(평균),ⅩⅢ. 물가 및 가계,1989,경기,col-ko,0,0.2932,48.03,48.03,1.0,전치·패널2,[전치] 1989
지가,2011,764,34. 시도별 지가 변동률(평균),ⅩⅢ. 물가 및 가계,1989,충북,col-ko,0,0.4414,16.11,16.11,1.0,전치·패널2,[전치] 1989
지가,2011,764,34. 시도별 지가 변동률(평균),ⅩⅢ. 물가 및 가계,1989,경남,col-ko,0,0.8062,17.25,17.25,1.0,전치·패널2,[전치] 1989
지가,2011,764,34. 시도별 지가 변동률(평균),ⅩⅢ. 물가 및 가계,1990,울산,col-ko,0,0.2207,14.67,14.67,1.0,전치·패널2,[전치] 1990
지가,2011,764,34. 시도별 지가 변동률(평균),ⅩⅢ. 물가 및 가계,1990,경기,col-ko,0,0.2932,22.03,22.03,1.0,전치·패널2,[전치] 1990
지가,2011,764,34. 시도별 지가 변동률(평균),ⅩⅢ. 물가 및 가계,1990,충북,col-ko,0,0.4414,11.48,11.48,1.0,전치·패널2,[전치] 1990
지가,2011,764,34. 시도별 지가 변동률(평균),ⅩⅢ. 물가 및 가계,1990,전남,col-ko,0,0.659,9.54,9.54,1.0,전치·패널2,[전치] 1990
지가,2011,764,34. 시도별 지가 변동률(평균),ⅩⅢ. 물가 및 가계,1990,경남,col-ko,0,0.8062,12.80,12.8,1.0,전치·패널2,[전치] 1990
지가,2011,764,34. 시도별 지가 변동률(평균),ⅩⅢ. 물가 및 가계,1991,울산,col-ko,0,0.2207,12.51,12.51,1.0,전치·패널2,[전치] 1991
지가,2011,764,34. 시도별 지가 변동률(평균),ⅩⅢ. 물가 및 가계,1991,경기,col-ko,0,0.2932,14.68,14.68,1.0,전치·패널2,[전치] 1991
지가,2011,764,34. 시도별 지가 변동률(평균),ⅩⅢ. 물가 및 가계,1991,충북,col-ko,0,0.4414,14.31,14.31,1.0,전치·패널2,[전치] 1991
지가,2011,764,34. 시도별 지가 변동률(평균),ⅩⅢ. 물가 및 가계,1991,전남,col-ko,0,0.659,4.50,4.5,1.0,전치·패널2,[전치] 1991
지가,2011,764,34. 시도별 지가 변동률(평균),ⅩⅢ. 물가 및 가계,1991,경남,col-ko,0,0.8062,14.47,14.47,1.0,전치·패널2,[전치] 1991
지가,2011,764,34. 시도별 지가 변동률(평균),ⅩⅢ. 물가 및 가계,1992,울산,col-ko,0,0.2207,0.27,0.27,0.5,전치·패널2,[전치] 1992
지가,2011,764,34. 시도별 지가 변동률(평균),ⅩⅢ. 물가 및 가계,1992,충북,col-ko,0,0.4414,1.62,1.62,1.0,전치·패널2,[전치] 1992
지가,2011,764,34. 시도별 지가 변동률(평균),ⅩⅢ. 물가 및 가계,1992,경남,col-ko,0,0.8062,0.18,0.18,1.0,전치·패널2,[전치] 1992
지가,2011,764,34. 시도별 지가 변동률(평균),ⅩⅢ. 물가 및 가계,1993,울산,col-ko,0,0.2207,-7.57,-7.57,1.0,전치·패널2,[전치] 1993
지가,2011,764,34. 시도별 지가 변동률(평균),ⅩⅢ. 물가 및 가계,1993,충북,col-ko,0,0.4414,-6.07,-6.07,1.0,전치·패널2,[전치] 1993
지가,2011,764,34. 시도별 지가 변동률(평균),ⅩⅢ. 물가 및 가계,1993,경남,col-ko,0,0.8062,-6.59,-6.59,0.5,전치·패널2,[전치] 1993
지가,2011,764,34. 시도별 지가 변동률(평균),ⅩⅢ. 물가 및 가계,1994,울산,col-ko,0,0.2207,-0.79,-0.79,1.0,전치·패널2,[전치] 1994
지가,2011,764,34. 시도별 지가 변동률(평균),ⅩⅢ. 물가 및 가계,1994,충북,col-ko,0,0.4414,-0.40,-0.4,1.0,전치·패널2,[전치] 1994
지가,2011,764,34. 시도별 지가 변동률(평균),ⅩⅢ. 물가 및 가계,1994,경남,col-ko,0,0.8062,-0.64,-0.64,1.0,전치·패널2,[전치] 1994
지가,2011,764,34. 시도별 지가 변동률(평균),ⅩⅢ. 물가 및 가계,1995,울산,col-ko,0,0.2207,-0.03,-0.03,1.0,전치·패널2,[전치] 1995
지가,2011,764,34. 시도별 지가 변동률(평균),ⅩⅢ. 물가 및 가계,1995,충북,col-ko,0,0.4414,0.39,0.39,1.0,전치·패널2,[전치] 1995
지가,2011,764,34. 시도별 지가 변동률(평균),ⅩⅢ. 물가 및 가계,1995,경남,col-ko,0,0.8062,0.56,0.56,1.0,전치·패널2,[전치] 1995
지가,2011,764,34. 시도별 지가 변동률(평균),ⅩⅢ. 물가 및 가계,1996,울산,col-ko,0,0.2207,0.62,0.62,1.0,전치·패널2,[전치] 1996
지가,2011,764,34. 시도별 지가 변동률(평균),ⅩⅢ. 물가 및 가계,1996,충북,col-ko,0,0.4414,0.77,0.77,1.0,전치·패널2,[전치] 1996
지가,2011,764,34. 시도별 지가 변동률(평균),ⅩⅢ. 물가 및 가계,1996,경남,col-ko,0,0.8062,0.98,0.98,1.0,전치·패널2,[전치] 1996
지가,2011,764,34. 시도별 지가 변동률(평균),ⅩⅢ. 물가 및 가계,1997,울산,col-ko,0,0.2207,0.03,0.03,1.0,전치·패널2,[전치] 1997
지가,2011,764,34. 시도별 지가 변동률(평균),ⅩⅢ. 물가 및 가계,1997,충북,col-ko,0,0.4414,1.02,1.02,1.0,전치·패널2,[전치] 1997
지가,2011,764,34. 시도별 지가 변동률(평균),ⅩⅢ. 물가 및 가계,1997,경남,col-ko,0,0.8062,0.26,0.26,1.0,전치·패널2,[전치] 1997
지가,2011,764,34. 시도별 지가 변동률(평균),ⅩⅢ. 물가 및 가계,1998,울산,col-ko,0,0.2207,-13.54,-13.54,1.0,전치·패널2,[전치] 1998
지가,2011,764,34. 시도별 지가 변동률(평균),ⅩⅢ. 물가 및 가계,1998,충북,col-ko,0,0.4414,-7.13,-7.13,1.0,전치·패널2,[전치] 1998
지가,2011,764,34. 시도별 지가 변동률(평균),ⅩⅢ. 물가 및 가계,1998,경남,col-ko,0,0.8062,-14.12,-14.12,0.5,전치·패널2,[전치] 1998
지가,2011,764,34. 시도별 지가 변동률(평균),ⅩⅢ. 물가 및 가계,1999,울산,col-ko,0,0.2207,1.50,1.5,1.0,전치·패널2,[전치] 1999
지가,2011,764,34. 시도별 지가 변동률(평균),ⅩⅢ. 물가 및 가계,1999,충북,col-ko,0,0.4414,4.10,4.1,1.0,전치·패널2,[전치] 1999
지가,2011,764,34. 시도별 지가 변동률(평균),ⅩⅢ. 물가 및 가계,1999,경남,col-ko,0,0.8062,2.21,2.21,0.3,전치·패널2|저신뢰,[전치] 1999
지가,2011,764,34. 시도별 지가 변동률(평균),ⅩⅢ. 물가 및 가계,2000,울산,col-ko,0,0.2207,-0.26,-0.26,1.0,전치·패널2,[전치] 2000
지가,2011,764,34. 시도별 지가 변동률(평균),ⅩⅢ. 물가 및 가계,2000,충북,col-ko,0,0.4414,1.12,1.12,0.5,전치·패널2,[전치] 2000
지가,2011,764,34. 시도별 지가 변동률(평균),ⅩⅢ. 물가 및 가계,2000,경남,col-ko,0,0.8062,1.15,1.15,1.0,전치·패널2,[전치] 2000
지가,2011,764,34. 시도별 지가 변동률(평균),ⅩⅢ. 물가 및 가계,2001,울산,col-ko,0,0.2207,0.38,0.38,1.0,전치·패널2,[전치] 2001
지가,2011,764,34. 시도별 지가 변동률(평균),ⅩⅢ. 물가 및 가계,2001,충북,col-ko,0,0.4414,0.41,0.41,1.0,전치·패널2,[전치] 2001
지가,2011,764,34. 시도별 지가 변동률(평균),ⅩⅢ. 물가 및 가계,2001,경남,col-ko,0,0.8062,0.94,0.94,1.0,전치·패널2,[전치] 2001
지가,2011,764,34. 시도별 지가 변동률(평균),ⅩⅢ. 물가 및 가계,2002,울산,col-ko,0,0.2207,1.75,1.75,1.0,전치·패널2,[전치] 2002
지가,2011,764,34. 시도별 지가 변동률(평균),ⅩⅢ. 물가 및 가계,2002,충북,col-ko,0,0.4414,3.02,3.02,1.0,전치·패널2,[전치] 2002
지가,2011,764,34. 시도별 지가 변동률(평균),ⅩⅢ. 물가 및 가계,2002,경남,col-ko,0,0.8062,2.22,2.22,1.0,전치·패널2,[전치] 2002
지가,2011,764,34. 시도별 지가 변동률(평균),ⅩⅢ. 물가 및 가계,2003,울산,col-ko,0,0.2207,0.66,0.66,1.0,전치·패널2,[전치] 2003
지가,2011,764,34. 시도별 지가 변동률(평균),ⅩⅢ. 물가 및 가계,2003,충북,col-ko,0,0.4414,2.54,2.54,1.0,전치·패널2,[전치] 2003
지가,2011,764,34. 시도별 지가 변동률(평균),ⅩⅢ. 물가 및 가계,2003,경남,col-ko,0,0.8062,1.38,1.38,1.0,전치·패널2,[전치] 2003
지가,2011,764,34. 시도별 지가 변동률(평균),ⅩⅢ. 물가 및 가계,2004,울산,col-ko,0,0.2207,1.79,1.79,0.5,전치·패널2,[전치] 2004
지가,2011,764,34. 시도별 지가 변동률(평균),ⅩⅢ. 물가 및 가계,2004,충북,col-ko,0,0.4414,3.83,3.83,1.0,전치·패널2,[전치] 2004
지가,2011,764,34. 시도별 지가 변동률(평균),ⅩⅢ. 물가 및 가계,2004,경남,col-ko,0,0.8062,3.09,3.09,1.0,전치·패널2,[전치] 2004
지가,2011,764,34. 시도별 지가 변동률(평균),ⅩⅢ. 물가 및 가계,2005,울산,col-ko,0,0.2207,2.06,2.06,1.0,전치·패널2,[전치] 2005
지가,2011,764,34. 시도별 지가 변동률(평균),ⅩⅢ. 물가 및 가계,2005,충북,col-ko,0,0.4414,4.98,4.98,1.0,전치·패널2,[전치] 2005
지가,2011,764,34. 시도별 지가 변동률(평균),ⅩⅢ. 물가 및 가계,2005,경남,col-ko,0,0.8062,2.81,2.81,1.0,전치·패널2,[전치] 2005
지가,2011,764,34. 시도별 지가 변동률(평균),ⅩⅢ. 물가 및 가계,2006,울산,col-ko,0,0.2207,2.94,2.94,0.5,전치·패널2,[전치] 2006
지가,2011,764,34. 시도별 지가 변동률(평균),ⅩⅢ. 물가 및 가계,2006,충북,col-ko,0,0.4414,4.37,4.37,1.0,전치·패널2,[전치] 2006
지가,2011,764,34. 시도별 지가 변동률(평균),ⅩⅢ. 물가 및 가계,2006,경남,col-ko,0,0.8062,2.56,2.56,1.0,전치·패널2,[전치] 2006
지가,2011,764,34. 시도별 지가 변동률(평균),ⅩⅢ. 물가 및 가계,2007,울산,col-ko,0,0.2207,2.90,2.9,1.0,전치·패널2,[전치] 2007
지가,2011,764,34. 시도별 지가 변동률(평균),ⅩⅢ. 물가 및 가계,2007,충북,col-ko,0,0.4414,1.27,1.27,1.0,전치·패널2,[전치] 2007
지가,2011,764,34. 시도별 지가 변동률(평균),ⅩⅢ. 물가 및 가계,2007,경남,col-ko,0,0.8062,2.22,2.22,1.0,전치·패널2,[전치] 2007
지가,2011,764,34. 시도별 지가 변동률(평균),ⅩⅢ. 물가 및 가계,2008,울산,col-ko,0,0.2207,-0.28,-0.28,1.0,전치·패널2,[전치] 2008
지가,2011,764,34. 시도별 지가 변동률(평균),ⅩⅢ. 물가 및 가계,2008,충북,col-ko,0,0.4414,-0.36,-0.36,1.0,전치·패널2,[전치] 2008
지가,2011,764,34. 시도별 지가 변동률(평균),ⅩⅢ. 물가 및 가계,2008,경남,col-ko,0,0.8062,0.11,0.11,0.5,전치·패널2,[전치] 2008
지가,2011,764,34. 시도별 지가 변동률(평균),ⅩⅢ. 물가 및 가계,2009,울산,col-ko,0,0.2207,0.31,0.31,1.0,전치·패널2,[전치] 2009
지가,2011,764,34. 시도별 지가 변동률(평균),ⅩⅢ. 물가 및 가계,2009,충북,col-ko,0,0.4414,0.11,0.11,1.0,전치·패널2,[전치] 2009
지가,2011,764,34. 시도별 지가 변동률(평균),ⅩⅢ. 물가 및 가계,2009,경남,col-ko,0,0.8062,0.44,0.44,1.0,전치·패널2,[전치] 2009
지가,2011,764,34. 시도별 지가 변동률(평균),ⅩⅢ. 물가 및 가계,2010,울산,col-ko,0,0.2207,0.74,0.74,1.0,전치·패널2,[전치] 2010
지가,2011,764,34. 시도별 지가 변동률(평균),ⅩⅢ. 물가 및 가계,2010,경기,col-ko,0,0.2932,1.49,1.49,1.0,전치·패널2,[전치] 2010
지가,2011,764,34. 시도별 지가 변동률(평균),ⅩⅢ. 물가 및 가계,2010,충북,col-ko,0,0.4414,0.65,0.65,1.0,전치·패널2,[전치] 2010
지가,2011,764,34. 시도별 지가 변동률(평균),ⅩⅢ. 물가 및 가계,2010,경남,col-ko,0,0.8062,1.29,1.29,1.0,전치·패널2,[전치] 2010
지가,2013,764,34. 시도별 지가 변동률(평균),ⅩⅢ. 물가 및 가계,?,서울,col-ko,0,0.499,11.15,11.15,1.0,전치·패널1,[전치] 34. 시도별 지가 변동률(평균) | 
지가,2013,764,34. 시도별 지가 변동률(평균),ⅩⅢ. 물가 및 가계,?,부산,col-ko,0,0.5794,14.69,14.69,1.0,전치·패널1,[전치] 34. 시도별 지가 변동률(평균) | 
지가,2013,764,34. 시도별 지가 변동률(평균),ⅩⅢ. 물가 및 가계,?,대구,col-ko,0,0.6589,13.74,13.74,1.0,전치·패널1,[전치] 34. 시도별 지가 변동률(평균) | 
지가,2013,764,34. 시도별 지가 변동률(평균),ⅩⅢ. 물가 및 가계,?,광주,col-ko,0,0.8198,16.50,16.5,1.0,전치·패널1,[전치] 34. 시도별 지가 변동률(평균) | 
지가,2013,764,34. 시도별 지가 변동률(평균),ⅩⅢ. 물가 및 가계,?,대전,col-ko,0,0.9012,23.25,23.25,1.0,전치·패널1,[전치] 34. 시도별 지가 변동률(평균) | 
지가,2013,764,34. 시도별 지가 변동률(평균),ⅩⅢ. 물가 및 가계,?,서울,col-ko,0,0.499,-2.78,-2.78,1.0,전치·패널1,[전치] 34. 시도별 지가 변동률(평균) | 
지가,2013,764,34. 시도별 지가 변동률(평균),ⅩⅢ. 물가 및 가계,?,부산,col-ko,0,0.5794,-1.57,-1.57,1.0,전치·패널1,[전치] 34. 시도별 지가 변동률(평균) | 
지가,2013,764,34. 시도별 지가 변동률(평균),ⅩⅢ. 물가 및 가계,?,대구,col-ko,0,0.6589,-2.61,-2.61,1.0,전치·패널1,[전치] 34. 시도별 지가 변동률(평균) | 
지가,2013,764,34. 시도별 지가 변동률(평균),ⅩⅢ. 물가 및 가계,?,광주,col-ko,0,0.8198,-0.33,-0.33,0.5,전치·패널1,[전치] 34. 시도별 지가 변동률(평균) | 
지가,2013,764,34. 시도별 지가 변동률(평균),ⅩⅢ. 물가 및 가계,?,대전,col-ko,0,0.9012,-9.35,-9.35,1.0,전치·패널1,[전치] 34. 시도별 지가 변동률(평균) | 
지가,2013,764,34. 시도별 지가 변동률(평균),ⅩⅢ. 물가 및 가계,?,서울,col-ko,0,0.499,-8.72,-8.72,1.0,전치·패널1,[전치] 34. 시도별 지가 변동률(평균) | 
지가,2013,764,34. 시도별 지가 변동률(평균),ⅩⅢ. 물가 및 가계,?,부산,col-ko,0,0.5794,-6.77,-6.77,1.0,전치·패널1,[전치] 34. 시도별 지가 변동률(평균) | 
지가,2013,764,34. 시도별 지가 변동률(평균),ⅩⅢ. 물가 및 가계,?,대구,col-ko,0,0.6589,-7.77,-7.77,0.5,전치·패널1,[전치] 34. 시도별 지가 변동률(평균) | 
지가,2013,764,34. 시도별 지가 변동률(평균),ⅩⅢ. 물가 및 가계,?,광주,col-ko,0,0.8198,-6.36,-6.36,1.0,전치·패널1,[전치] 34. 시도별 지가 변동률(평균) | 
지가,2013,764,34. 시도별 지가 변동률(평균),ⅩⅢ. 물가 및 가계,?,대전,col-ko,0,0.9012,-7.81,-7.81,1.0,전치·패널1,[전치] 34. 시도별 지가 변동률(평균) | 
지가,2013,764,34. 시도별 지가 변동률(평균),ⅩⅢ. 물가 및 가계,?,서울,col-ko,0,0.499,-1.36,-1.36,1.0,전치·패널1,[전치] 34. 시도별 지가 변동률(평균) | 
지가,2013,764,34. 시도별 지가 변동률(평균),ⅩⅢ. 물가 및 가계,?,부산,col-ko,0,0.5794,-0.35,-0.35,0.5,전치·패널1,[전치] 34. 시도별 지가 변동률(평균) | 
지가,2013,764,34. 시도별 지가 변동률(평균),ⅩⅢ. 물가 및 가계,?,대구,col-ko,0,0.6589,0.87,0.87,1.0,전치·패널1,[전치] 34. 시도별 지가 변동률(평균) | 
지가,2013,764,34. 시도별 지가 변동률(평균),ⅩⅢ. 물가 및 가계,?,광주,col-ko,0,0.8198,-0.26,-0.26,1.0,전치·패널1,[전치] 34. 시도별 지가 변동률(평균) | 
지가,2013,764,34. 시도별 지가 변동률(평균),ⅩⅢ. 물가 및 가계,?,대전,col-ko,0,0.9012,-0.59,-0.59,1.0,전치·패널1,[전치] 34. 시도별 지가 변동률(평균) | 
지가,2013,764,34. 시도별 지가 변동률(평균),ⅩⅢ. 물가 및 가계,?,서울,col-ko,0,0.499,0.18,0.18,1.0,전치·패널1,[전치] 34. 시도별 지가 변동률(평균) | 
지가,2013,764,34. 시도별 지가 변동률(평균),ⅩⅢ. 물가 및 가계,?,부산,col-ko,0,0.5794,0.14,0.14,1.0,전치·패널1,[전치] 34. 시도별 지가 변동률(평균) | 
지가,2013,764,34. 시도별 지가 변동률(평균),ⅩⅢ. 물가 및 가계,?,대구,col-ko,0,0.6589,1.27,1.27,1.0,전치·패널1,[전치] 34. 시도별 지가 변동률(평균) | 
지가,2013,764,34. 시도별 지가 변동률(평균),ⅩⅢ. 물가 및 가계,?,광주,col-ko,0,0.8198,1.44,1.44,1.0,전치·패널1,[전치] 34. 시도별 지가 변동률(평균) | 
지가,2013,764,34. 시도별 지가 변동률(평균),ⅩⅢ. 물가 및 가계,?,대전,col-ko,0,0.9012,-0.47,-0.47,1.0,전치·패널1,[전치] 34. 시도별 지가 변동률(평균) | 
지가,2013,764,34. 시도별 지가 변동률(평균),ⅩⅢ. 물가 및 가계,?,서울,col-ko,0,0.499,0.94,0.94,1.0,전치·패널1,[전치] 34. 시도별 지가 변동률(평균) | 
지가,2013,764,34. 시도별 지가 변동률(평균),ⅩⅢ. 물가 및 가계,?,부산,col-ko,0,0.5794,0.40,0.4,1.0,전치·패널1,[전치] 34. 시도별 지가 변동률(평균) | 
지가,2013,764,34. 시도별 지가 변동률(평균),ⅩⅢ. 물가 및 가계,?,대구,col-ko,0,0.6589,1.09,1.09,1.0,전치·패널1,[전치] 34. 시도별 지가 변동률(평균) | 
지가,2013,764,34. 시도별 지가 변동률(평균),ⅩⅢ. 물가 및 가계,?,광주,col-ko,0,0.8198,1.16,1.16,1.0,전치·패널1,[전치] 34. 시도별 지가 변동률(평균) | 
지가,2013,764,34. 시도별 지가 변동률(평균),ⅩⅢ. 물가 및 가계,?,대전,col-ko,0,0.9012,0.16,0.16,1.0,전치·패널1,[전치] 34. 시도별 지가 변동률(평균) | 
지가,2013,764,34. 시도별 지가 변동률(평균),ⅩⅢ. 물가 및 가계,?,서울,col-ko,0,0.499,0.29,0.29,1.0,전치·패널1,[전치] 34. 시도별 지가 변동률(평균) | 
지가,2013,764,34. 시도별 지가 변동률(평균),ⅩⅢ. 물가 및 가계,?,부산,col-ko,0,0.5794,-0.90,-0.9,1.0,전치·패널1,[전치] 34. 시도별 지가 변동률(평균) | 
지가,2013,764,34. 시도별 지가 변동률(평균),ⅩⅢ. 물가 및 가계,?,광주,col-ko,0,0.8198,0.67,0.67,1.0,전치·패널1,[전치] 34. 시도별 지가 변동률(평균) | 
지가,2013,764,34. 시도별 지가 변동률(평균),ⅩⅢ. 물가 및 가계,?,대전,col-ko,0,0.9012,0.12,0.12,1.0,전치·패널1,[전치] 34. 시도별 지가 변동률(평균) | 
지가,2013,764,34. 시도별 지가 변동률(평균),ⅩⅢ. 물가 및 가계,?,서울,col-ko,0,0.499,-16.25,-16.25,1.0,전치·패널1,[전치] 34. 시도별 지가 변동률(평균) | 
지가,2013,764,34. 시도별 지가 변동률(평균),ⅩⅢ. 물가 및 가계,?,부산,col-ko,0,0.5794,-16.52,-16.52,1.0,전치·패널1,[전치] 34. 시도별 지가 변동률(평균) | 
지가,2013,764,34. 시도별 지가 변동률(평균),ⅩⅢ. 물가 및 가계,?,대구,col-ko,0,0.6589,-15.24,-15.24,1.0,전치·패널1,[전치] 34. 시도별 지가 변동률(평균) | 
지가,2013,764,34. 시도별 지가 변동률(평균),ⅩⅢ. 물가 및 가계,?,광주,col-ko,0,0.8198,-10.25,-10.25,1.0,전치·패널1,[전치] 34. 시도별 지가 변동률(평균) | 
지가,2013,764,34. 시도별 지가 변동률(평균),ⅩⅢ. 물가 및 가계,?,대전,col-ko,0,0.9012,-8.36,-8.36,1.0,전치·패널1,[전치] 34. 시도별 지가 변동률(평균) | 
지가,2013,764,34. 시도별 지가 변동률(평균),ⅩⅢ. 물가 및 가계,?,서울,col-ko,0,0.499,2.66,2.66,1.0,전치·패널1,[전치] 34. 시도별 지가 변동률(평균) | 
지가,2013,764,34. 시도별 지가 변동률(평균),ⅩⅢ. 물가 및 가계,?,부산,col-ko,0,0.5794,1.24,1.24,0.5,전치·패널1,[전치] 34. 시도별 지가 변동률(평균) | 
지가,2013,764,34. 시도별 지가 변동률(평균),ⅩⅢ. 물가 및 가계,?,대구,col-ko,0,0.6589,1.93,1.93,1.0,전치·패널1,[전치] 34. 시도별 지가 변동률(평균) | 
지가,2013,764,34. 시도별 지가 변동률(평균),ⅩⅢ. 물가 및 가계,?,광주,col-ko,0,0.8198,1.30,1.3,1.0,전치·패널1,[전치] 34. 시도별 지가 변동률(평균) | 
지가,2013,764,34. 시도별 지가 변동률(평균),ⅩⅢ. 물가 및 가계,?,대전,col-ko,0,0.9012,0.38,0.38,1.0,전치·패널1,[전치] 34. 시도별 지가 변동률(평균) | 
지가,2013,764,34. 시도별 지가 변동률(평균),ⅩⅢ. 물가 및 가계,?,서울,col-ko,0,0.499,0.05,0.05,1.0,전치·패널1,[전치] 34. 시도별 지가 변동률(평균) | 
지가,2013,764,34. 시도별 지가 변동률(평균),ⅩⅢ. 물가 및 가계,?,부산,col-ko,0,0.5794,-0.53,-0.53,1.0,전치·패널1,[전치] 34. 시도별 지가 변동률(평균) | 
지가,2013,764,34. 시도별 지가 변동률(평균),ⅩⅢ. 물가 및 가계,?,대구,col-ko,0,0.6589,-1.05,-1.05,1.0,전치·패널1,[전치] 34. 시도별 지가 변동률(평균) | 
지가,2013,764,34. 시도별 지가 변동률(평균),ⅩⅢ. 물가 및 가계,?,광주,col-ko,0,0.8198,-0.31,-0.31,1.0,전치·패널1,[전치] 34. 시도별 지가 변동률(평균) | 
지가,2013,764,34. 시도별 지가 변동률(평균),ⅩⅢ. 물가 및 가계,?,대전,col-ko,0,0.9012,-0.24,-0.24,1.0,전치·패널1,[전치] 34. 시도별 지가 변동률(평균) | 
지가,2013,764,34. 시도별 지가 변동률(평균),ⅩⅢ. 물가 및 가계,?,서울,col-ko,0,0.499,1.89,1.89,1.0,전치·패널1,[전치] 34. 시도별 지가 변동률(평균) | 
지가,2013,764,34. 시도별 지가 변동률(평균),ⅩⅢ. 물가 및 가계,?,부산,col-ko,0,0.5794,0.49,0.49,1.0,전치·패널1,[전치] 34. 시도별 지가 변동률(평균) | 
지가,2013,764,34. 시도별 지가 변동률(평균),ⅩⅢ. 물가 및 가계,?,대구,col-ko,0,0.6589,0.42,0.42,0.5,전치·패널1,[전치] 34. 시도별 지가 변동률(평균) | 
지가,2013,764,34. 시도별 지가 변동률(평균),ⅩⅢ. 물가 및 가계,?,광주,col-ko,0,0.8198,-0.37,-0.37,1.0,전치·패널1,[전치] 34. 시도별 지가 변동률(평균) | 
지가,2013,764,34. 시도별 지가 변동률(평균),ⅩⅢ. 물가 및 가계,?,대전,col-ko,0,0.9012,1.00,1.0,1.0,전치·패널1,[전치] 34. 시도별 지가 변동률(평균) | 
지가,2013,764,34. 시도별 지가 변동률(평균),ⅩⅢ. 물가 및 가계,?,서울,col-ko,0,0.499,15.81,15.81,1.0,전치·패널1,[전치] 34. 시도별 지가 변동률(평균) | 
지가,2013,764,34. 시도별 지가 변동률(평균),ⅩⅢ. 물가 및 가계,?,부산,col-ko,0,0.5794,3.28,3.28,1.0,전치·패널1,[전치] 34. 시도별 지가 변동률(평균) | 
지가,2013,764,34. 시도별 지가 변동률(평균),ⅩⅢ. 물가 및 가계,?,대구,col-ko,0,0.6589,2.09,2.09,1.0,전치·패널1,[전치] 34. 시도별 지가 변동률(평균) | 
지가,2013,764,34. 시도별 지가 변동률(평균),ⅩⅢ. 물가 및 가계,?,광주,col-ko,0,0.8198,1.03,1.03,1.0,전치·패널1,[전치] 34. 시도별 지가 변동률(평균) | 
지가,2013,764,34. 시도별 지가 변동률(평균),ⅩⅢ. 물가 및 가계,?,대전,col-ko,0,0.9012,3.24,3.24,1.0,전치·패널1,[전치] 34. 시도별 지가 변동률(평균) | 
지가,2013,764,34. 시도별 지가 변동률(평균),ⅩⅢ. 물가 및 가계,?,서울,col-ko,0,0.499,5.23,5.23,1.0,전치·패널1,[전치] 34. 시도별 지가 변동률(평균) | 
지가,2013,764,34. 시도별 지가 변동률(평균),ⅩⅢ. 물가 및 가계,?,부산,col-ko,0,0.5794,1.09,1.09,1.0,전치·패널1,[전치] 34. 시도별 지가 변동률(평균) | 
지가,2013,764,34. 시도별 지가 변동률(평균),ⅩⅢ. 물가 및 가계,?,대구,col-ko,0,0.6589,1.54,1.54,1.0,전치·패널1,[전치] 34. 시도별 지가 변동률(평균) | 
지가,2013,764,34. 시도별 지가 변동률(평균),ⅩⅢ. 물가 및 가계,?,광주,col-ko,0,0.8198,0.91,0.91,1.0,전치·패널1,[전치] 34. 시도별 지가 변동률(평균) | 
지가,2013,764,34. 시도별 지가 변동률(평균),ⅩⅢ. 물가 및 가계,?,대전,col-ko,0,0.9012,5.47,5.47,1.0,전치·패널1,[전치] 34. 시도별 지가 변동률(평균) | 
지가,2013,764,34. 시도별 지가 변동률(평균),ⅩⅢ. 물가 및 가계,?,서울,col-ko,0,0.499,4.09,4.09,1.0,전치·패널1,[전치] 34. 시도별 지가 변동률(평균) | 
지가,2013,764,34. 시도별 지가 변동률(평균),ⅩⅢ. 물가 및 가계,?,부산,col-ko,0,0.5794,0.89,0.89,1.0,전치·패널1,[전치] 34. 시도별 지가 변동률(평균) | 
지가,2013,764,34. 시도별 지가 변동률(평균),ⅩⅢ. 물가 및 가계,?,대구,col-ko,0,0.6589,1.58,1.58,1.0,전치·패널1,[전치] 34. 시도별 지가 변동률(평균) | 
지가,2013,764,34. 시도별 지가 변동률(평균),ⅩⅢ. 물가 및 가계,?,광주,col-ko,0,0.8198,0.68,0.68,1.0,전치·패널1,[전치] 34. 시도별 지가 변동률(평균) | 
지가,2013,764,34. 시도별 지가 변동률(평균),ⅩⅢ. 물가 및 가계,?,대전,col-ko,0,0.9012,2.25,2.25,1.0,전치·패널1,[전치] 34. 시도별 지가 변동률(평균) | 
지가,2013,764,34. 시도별 지가 변동률(평균),ⅩⅢ. 물가 및 가계,?,서울,col-ko,0,0.499,6.56,6.56,1.0,전치·패널1,[전치] 34. 시도별 지가 변동률(평균) | 
지가,2013,764,34. 시도별 지가 변동률(평균),ⅩⅢ. 물가 및 가계,?,부산,col-ko,0,0.5794,1.86,1.86,1.0,전치·패널1,[전치] 34. 시도별 지가 변동률(평균) | 
지가,2013,764,34. 시도별 지가 변동률(평균),ⅩⅢ. 물가 및 가계,?,대구,col-ko,0,0.6589,3.32,3.32,1.0,전치·패널1,[전치] 34. 시도별 지가 변동률(평균) | 
지가,2013,764,34. 시도별 지가 변동률(평균),ⅩⅢ. 물가 및 가계,?,광주,col-ko,0,0.8198,1.87,1.87,1.0,전치·패널1,[전치] 34. 시도별 지가 변동률(평균) | 
지가,2013,764,34. 시도별 지가 변동률(평균),ⅩⅢ. 물가 및 가계,?,대전,col-ko,0,0.9012,6.80,6.8,1.0,전치·패널1,[전치] 34. 시도별 지가 변동률(평균) | 
지가,2013,764,34. 시도별 지가 변동률(평균),ⅩⅢ. 물가 및 가계,?,서울,col-ko,0,0.499,9.17,9.17,1.0,전치·패널1,[전치] 34. 시도별 지가 변동률(평균) | 
지가,2013,764,34. 시도별 지가 변동률(평균),ⅩⅢ. 물가 및 가계,?,부산,col-ko,0,0.5794,2.50,2.5,1.0,전치·패널1,[전치] 34. 시도별 지가 변동률(평균) | 
지가,2013,764,34. 시도별 지가 변동률(평균),ⅩⅢ. 물가 및 가계,?,대구,col-ko,0,0.6589,4.19,4.19,1.0,전치·패널1,[전치] 34. 시도별 지가 변동률(평균) | 
지가,2013,764,34. 시도별 지가 변동률(평균),ⅩⅢ. 물가 및 가계,?,광주,col-ko,0,0.8198,1.44,1.44,1.0,전치·패널1,[전치] 34. 시도별 지가 변동률(평균) | 
지가,2013,764,34. 시도별 지가 변동률(평균),ⅩⅢ. 물가 및 가계,?,대전,col-ko,0,0.9012,4.15,4.15,1.0,전치·패널1,[전치] 34. 시도별 지가 변동률(평균) | 
지가,2013,764,34. 시도별 지가 변동률(평균),ⅩⅢ. 물가 및 가계,?,서울,col-ko,0,0.499,5.88,5.88,1.0,전치·패널1,[전치] 34. 시도별 지가 변동률(평균) | 
지가,2013,764,34. 시도별 지가 변동률(평균),ⅩⅢ. 물가 및 가계,?,부산,col-ko,0,0.5794,2.16,2.16,1.0,전치·패널1,[전치] 34. 시도별 지가 변동률(평균) | 
지가,2013,764,34. 시도별 지가 변동률(평균),ⅩⅢ. 물가 및 가계,?,대구,col-ko,0,0.6589,2.91,2.91,1.0,전치·패널1,[전치] 34. 시도별 지가 변동률(평균) | 
지가,2013,764,34. 시도별 지가 변동률(평균),ⅩⅢ. 물가 및 가계,?,광주,col-ko,0,0.8198,0.94,0.94,1.0,전치·패널1,[전치] 34. 시도별 지가 변동률(평균) | 
지가,2013,764,34. 시도별 지가 변동률(평균),ⅩⅢ. 물가 및 가계,?,대전,col-ko,0,0.9012,1.48,1.48,1.0,전치·패널1,[전치] 34. 시도별 지가 변동률(평균) | 
지가,2013,764,34. 시도별 지가 변동률(평균),ⅩⅢ. 물가 및 가계,?,서울,col-ko,0,0.499,-1.00,-1.0,0.5,전치·패널1,[전치] 34. 시도별 지가 변동률(평균) | 
지가,2013,764,34. 시도별 지가 변동률(평균),ⅩⅢ. 물가 및 가계,?,부산,col-ko,0,0.5794,-0.17,-0.17,0.5,전치·패널1,[전치] 34. 시도별 지가 변동률(평균) | 
지가,2013,764,34. 시도별 지가 변동률(평균),ⅩⅢ. 물가 및 가계,?,대구,col-ko,0,0.6589,-0.45,-0.45,1.0,전치·패널1,[전치] 34. 시도별 지가 변동률(평균) | 
지가,2013,764,34. 시도별 지가 변동률(평균),ⅩⅢ. 물가 및 가계,?,광주,col-ko,0,0.8198,-0.90,-0.9,1.0,전치·패널1,[전치] 34. 시도별 지가 변동률(평균) | 
지가,2013,764,34. 시도별 지가 변동률(평균),ⅩⅢ. 물가 및 가계,?,대전,col-ko,0,0.9012,-0.97,-0.97,1.0,전치·패널1,[전치] 34. 시도별 지가 변동률(평균) | 
지가,2013,764,34. 시도별 지가 변동률(평균),ⅩⅢ. 물가 및 가계,?,서울,col-ko,0,0.499,1.40,1.4,1.0,전치·패널1,[전치] 34. 시도별 지가 변동률(평균) | 
지가,2013,764,34. 시도별 지가 변동률(평균),ⅩⅢ. 물가 및 가계,?,부산,col-ko,0,0.5794,0.11,0.11,1.0,전치·패널1,[전치] 34. 시도별 지가 변동률(평균) | 
지가,2013,764,34. 시도별 지가 변동률(평균),ⅩⅢ. 물가 및 가계,?,대구,col-ko,0,0.6589,0.28,0.28,1.0,전치·패널1,[전치] 34. 시도별 지가 변동률(평균) | 
지가,2013,764,34. 시도별 지가 변동률(평균),ⅩⅢ. 물가 및 가계,?,광주,col-ko,0,0.8198,0.33,0.33,1.0,전치·패널1,[전치] 34. 시도별 지가 변동률(평균) | 
지가,2013,764,34. 시도별 지가 변동률(평균),ⅩⅢ. 물가 및 가계,?,대전,col-ko,0,0.9012,0.26,0.26,1.0,전치·패널1,[전치] 34. 시도별 지가 변동률(평균) | 
지가,2013,764,34. 시도별 지가 변동률(평균),ⅩⅢ. 물가 및 가계,?,서울,col-ko,0,0.499,0.53,0.53,1.0,전치·패널1,[전치] 34. 시도별 지가 변동률(평균) | 
지가,2013,764,34. 시도별 지가 변동률(평균),ⅩⅢ. 물가 및 가계,?,부산,col-ko,0,0.5794,1.22,1.22,1.0,전치·패널1,[전치] 34. 시도별 지가 변동률(평균) | 
지가,2013,764,34. 시도별 지가 변동률(평균),ⅩⅢ. 물가 및 가계,?,대구,col-ko,0,0.6589,1.40,1.4,1.0,전치·패널1,[전치] 34. 시도별 지가 변동률(평균) | 
지가,2013,764,34. 시도별 지가 변동률(평균),ⅩⅢ. 물가 및 가계,?,광주,col-ko,0,0.8198,0.67,0.67,1.0,전치·패널1,[전치] 34. 시도별 지가 변동률(평균) | 
지가,2013,764,34. 시도별 지가 변동률(평균),ⅩⅢ. 물가 및 가계,?,대전,col-ko,0,0.9012,1.55,1.55,1.0,전치·패널1,[전치] 34. 시도별 지가 변동률(평균) | 
지가,2013,764,34. 시도별 지가 변동률(평균),ⅩⅢ. 물가 및 가계,?,서울,col-ko,0,0.499,0.97,0.97,1.0,전치·패널1,[전치] 34. 시도별 지가 변동률(평균) | 
지가,2013,764,34. 시도별 지가 변동률(평균),ⅩⅢ. 물가 및 가계,?,부산,col-ko,0,0.5794,1.58,1.58,1.0,전치·패널1,[전치] 34. 시도별 지가 변동률(평균) | 
지가,2013,764,34. 시도별 지가 변동률(평균),ⅩⅢ. 물가 및 가계,?,대구,col-ko,0,0.6589,1.40,1.4,1.0,전치·패널1,[전치] 34. 시도별 지가 변동률(평균) | 
지가,2013,764,34. 시도별 지가 변동률(평균),ⅩⅢ. 물가 및 가계,?,광주,col-ko,0,0.8198,0.75,0.75,1.0,전치·패널1,[전치] 34. 시도별 지가 변동률(평균) | 
지가,2013,764,34. 시도별 지가 변동률(평균),ⅩⅢ. 물가 및 가계,?,대전,col-ko,0,0.9012,1.47,1.47,1.0,전치·패널1,[전치] 34. 시도별 지가 변동률(평균) | 
지가,2013,764,34. 시도별 지가 변동률(평균),ⅩⅢ. 물가 및 가계,?,서울,col-ko,0,0.499,0.38,0.38,1.0,전치·패널1,[전치] 34. 시도별 지가 변동률(평균) | 
지가,2013,764,34. 시도별 지가 변동률(평균),ⅩⅢ. 물가 및 가계,?,부산,col-ko,0,0.5794,1.73,1.73,1.0,전치·패널1,[전치] 34. 시도별 지가 변동률(평균) | 
지가,2013,764,34. 시도별 지가 변동률(평균),ⅩⅢ. 물가 및 가계,?,대구,col-ko,0,0.6589,1.58,1.58,1.0,전치·패널1,[전치] 34. 시도별 지가 변동률(평균) | 
지가,2013,764,34. 시도별 지가 변동률(평균),ⅩⅢ. 물가 및 가계,?,광주,col-ko,0,0.8198,1.15,1.15,1.0,전치·패널1,[전치] 34. 시도별 지가 변동률(평균) | 
지가,2013,764,34. 시도별 지가 변동률(평균),ⅩⅢ. 물가 및 가계,?,대전,col-ko,0,0.9012,1.25,1.25,1.0,전치·패널1,[전치] 34. 시도별 지가 변동률(평균) | 
지가,2013,764,34. 시도별 지가 변동률(평균),ⅩⅢ. 물가 및 가계,"1991 •,, 내어찌 따라서 없 예어저 없애의 어애와 아아해 어용에 없비한 아태이 해업어 영화서 없어다 하",충북,col-ko,0,0.4684,14.31,14.31,1.0,전치·패널2,"[전치] 0.73 1.11 0.38 1.73 1.58 1.15 1.25 | 1991 •,, 내어찌 따라서 없 예어저 없애의 어애와 아아해 어용에 없비한 아태이 해업어 영화서 없어다 하"
지가,2013,764,34. 시도별 지가 변동률(평균),ⅩⅢ. 물가 및 가계,"1991 •,, 내어찌 따라서 없 예어저 없애의 어애와 아아해 어용에 없비한 아태이 해업어 영화서 없어다 하",충남,col-ko,0,0.5377,9.56,9.56,1.0,전치·패널2,"[전치] 0.73 1.11 0.38 1.73 1.58 1.15 1.25 | 1991 •,, 내어찌 따라서 없 예어저 없애의 어애와 아아해 어용에 없비한 아태이 해업어 영화서 없어다 하"
지가,2013,764,34. 시도별 지가 변동률(평균),ⅩⅢ. 물가 및 가계,"1991 •,, 내어찌 따라서 없 예어저 없애의 어애와 아아해 어용에 없비한 아태이 해업어 영화서 없어다 하",전북,col-ko,0,0.611,9.40,9.4,1.0,전치·패널2,"[전치] 0.73 1.11 0.38 1.73 1.58 1.15 1.25 | 1991 •,, 내어찌 따라서 없 예어저 없애의 어애와 아아해 어용에 없비한 아태이 해업어 영화서 없어다 하"
지가,2013,764,34. 시도별 지가 변동률(평균),ⅩⅢ. 물가 및 가계,"1991 •,, 내어찌 따라서 없 예어저 없애의 어애와 아아해 어용에 없비한 아태이 해업어 영화서 없어다 하",전남,col-ko,0,0.6843,4.50,4.5,1.0,전치·패널2,"[전치] 0.73 1.11 0.38 1.73 1.58 1.15 1.25 | 1991 •,, 내어찌 따라서 없 예어저 없애의 어애와 아아해 어용에 없비한 아태이 해업어 영화서 없어다 하"
지가,2013,764,34. 시도별 지가 변동률(평균),ⅩⅢ. 물가 및 가계,"1991 •,, 내어찌 따라서 없 예어저 없애의 어애와 아아해 어용에 없비한 아태이 해업어 영화서 없어다 하",경북,col-ko,0,0.7556,9.11,9.11,1.0,전치·패널2,"[전치] 0.73 1.11 0.38 1.73 1.58 1.15 1.25 | 1991 •,, 내어찌 따라서 없 예어저 없애의 어애와 아아해 어용에 없비한 아태이 해업어 영화서 없어다 하"
지가,2013,764,34. 시도별 지가 변동률(평균),ⅩⅢ. 물가 및 가계,"1991 •,, 내어찌 따라서 없 예어저 없애의 어애와 아아해 어용에 없비한 아태이 해업어 영화서 없어다 하",경남,col-ko,0,0.8289,14.47,14.47,1.0,전치·패널2,"[전치] 0.73 1.11 0.38 1.73 1.58 1.15 1.25 | 1991 •,, 내어찌 따라서 없 예어저 없애의 어애와 아아해 어용에 없비한 아태이 해업어 영화서 없어다 하"
지가,2013,764,34. 시도별 지가 변동률(평균),ⅩⅢ. 물가 및 가계,"1991 •,, 내어찌 따라서 없 예어저 없애의 어애와 아아해 어용에 없비한 아태이 해업어 영화서 없어다 하",제주,col-ko,0,0.9012,10.43,10.43,1.0,전치·패널2,"[전치] 0.73 1.11 0.38 1.73 1.58 1.15 1.25 | 1991 •,, 내어찌 따라서 없 예어저 없애의 어애와 아아해 어용에 없비한 아태이 해업어 영화서 없어다 하"
지가,2013,764,34. 시도별 지가 변동률(평균),ⅩⅢ. 물가 및 가계,1992,충북,col-ko,0,0.4684,1.62,1.62,1.0,전치·패널2,[전치] 0.73 1.11 0.38 1.73 1.58 1.15 1.25 | 1992
지가,2013,764,34. 시도별 지가 변동률(평균),ⅩⅢ. 물가 및 가계,1992,전북,col-ko,0,0.611,1.64,1.64,1.0,전치·패널2,[전치] 0.73 1.11 0.38 1.73 1.58 1.15 1.25 | 1992
지가,2013,764,34. 시도별 지가 변동률(평균),ⅩⅢ. 물가 및 가계,1992,전남,col-ko,0,0.6843,-0.12,-0.12,1.0,전치·패널2,[전치] 0.73 1.11 0.38 1.73 1.58 1.15 1.25 | 1992
지가,2013,764,34. 시도별 지가 변동률(평균),ⅩⅢ. 물가 및 가계,1992,경북,col-ko,0,0.7556,-0.26,-0.26,1.0,전치·패널2,[전치] 0.73 1.11 0.38 1.73 1.58 1.15 1.25 | 1992
지가,2013,764,34. 시도별 지가 변동률(평균),ⅩⅢ. 물가 및 가계,1992,경남,col-ko,0,0.8289,0.18,0.18,1.0,전치·패널2,[전치] 0.73 1.11 0.38 1.73 1.58 1.15 1.25 | 1992
지가,2013,764,34. 시도별 지가 변동률(평균),ⅩⅢ. 물가 및 가계,1992,제주,col-ko,0,0.9012,0.26,0.26,1.0,전치·패널2,[전치] 0.73 1.11 0.38 1.73 1.58 1.15 1.25 | 1992
지가,2013,764,34. 시도별 지가 변동률(평균),ⅩⅢ. 물가 및 가계,1993,충북,col-ko,0,0.4684,-6.07,-6.07,0.5,전치·패널2,[전치] 0.73 1.11 0.38 1.73 1.58 1.15 1.25 | 1993
지가,2013,764,34. 시도별 지가 변동률(평균),ⅩⅢ. 물가 및 가계,1993,충남,col-ko,0,0.5377,-6.36,-6.36,1.0,전치·패널2,[전치] 0.73 1.11 0.38 1.73 1.58 1.15 1.25 | 1993
지가,2013,764,34. 시도별 지가 변동률(평균),ⅩⅢ. 물가 및 가계,1993,전북,col-ko,0,0.611,-5.94,-5.94,1.0,전치·패널2,[전치] 0.73 1.11 0.38 1.73 1.58 1.15 1.25 | 1993
지가,2013,764,34. 시도별 지가 변동률(평균),ⅩⅢ. 물가 및 가계,1993,전남,col-ko,0,0.6843,-5.53,-5.53,1.0,전치·패널2,[전치] 0.73 1.11 0.38 1.73 1.58 1.15 1.25 | 1993
지가,2013,764,34. 시도별 지가 변동률(평균),ⅩⅢ. 물가 및 가계,1993,경북,col-ko,0,0.7556,-6.57,-6.57,1.0,전치·패널2,[전치] 0.73 1.11 0.38 1.73 1.58 1.15 1.25 | 1993
지가,2013,764,34. 시도별 지가 변동률(평균),ⅩⅢ. 물가 및 가계,1993,경남,col-ko,0,0.8289,-6.59,-6.59,0.5,전치·패널2,[전치] 0.73 1.11 0.38 1.73 1.58 1.15 1.25 | 1993
지가,2013,764,34. 시도별 지가 변동률(평균),ⅩⅢ. 물가 및 가계,1993,제주,col-ko,0,0.9012,-8.70,-8.7,1.0,전치·패널2,[전치] 0.73 1.11 0.38 1.73 1.58 1.15 1.25 | 1993
지가,2013,764,34. 시도별 지가 변동률(평균),ⅩⅢ. 물가 및 가계,1994 •..,충북,col-ko,0,0.4684,-0.40,-0.4,1.0,전치·패널2,[전치] 0.73 1.11 0.38 1.73 1.58 1.15 1.25 | 1994 •..
지가,2013,764,34. 시도별 지가 변동률(평균),ⅩⅢ. 물가 및 가계,1994 •..,충남,col-ko,0,0.5377,-0.48,-0.48,1.0,전치·패널2,[전치] 0.73 1.11 0.38 1.73 1.58 1.15 1.25 | 1994 •..
지가,2013,764,34. 시도별 지가 변동률(평균),ⅩⅢ. 물가 및 가계,1994 •..,전북,col-ko,0,0.611,-0.60,-0.6,1.0,전치·패널2,[전치] 0.73 1.11 0.38 1.73 1.58 1.15 1.25 | 1994 •..
지가,2013,764,34. 시도별 지가 변동률(평균),ⅩⅢ. 물가 및 가계,1994 •..,전남,col-ko,0,0.6843,-0.54,-0.54,1.0,전치·패널2,[전치] 0.73 1.11 0.38 1.73 1.58 1.15 1.25 | 1994 •..
지가,2013,764,34. 시도별 지가 변동률(평균),ⅩⅢ. 물가 및 가계,1994 •..,경북,col-ko,0,0.7556,0.63,0.63,1.0,전치·패널2,[전치] 0.73 1.11 0.38 1.73 1.58 1.15 1.25 | 1994 •..
지가,2013,764,34. 시도별 지가 변동률(평균),ⅩⅢ. 물가 및 가계,1994 •..,경남,col-ko,0,0.8289,-0.64,-0.64,1.0,전치·패널2,[전치] 0.73 1.11 0.38 1.73 1.58 1.15 1.25 | 1994 •..
지가,2013,764,34. 시도별 지가 변동률(평균),ⅩⅢ. 물가 및 가계,1994 •..,제주,col-ko,0,0.9012,-0.39,-0.39,1.0,전치·패널2,[전치] 0.73 1.11 0.38 1.73 1.58 1.15 1.25 | 1994 •..
지가,2013,764,34. 시도별 지가 변동률(평균),ⅩⅢ. 물가 및 가계,1995,충북,col-ko,0,0.4684,0.39,0.39,1.0,전치·패널2,[전치] 0.73 1.11 0.38 1.73 1.58 1.15 1.25 | 1995
지가,2013,764,34. 시도별 지가 변동률(평균),ⅩⅢ. 물가 및 가계,1995,충남,col-ko,0,0.5377,-0.27,-0.27,1.0,전치·패널2,[전치] 0.73 1.11 0.38 1.73 1.58 1.15 1.25 | 1995
지가,2013,764,34. 시도별 지가 변동률(평균),ⅩⅢ. 물가 및 가계,1995,전북,col-ko,0,0.611,0.48,0.48,1.0,전치·패널2,[전치] 0.73 1.11 0.38 1.73 1.58 1.15 1.25 | 1995
지가,2013,764,34. 시도별 지가 변동률(평균),ⅩⅢ. 물가 및 가계,1995,전남,col-ko,0,0.6843,0.20,0.2,1.0,전치·패널2,[전치] 0.73 1.11 0.38 1.73 1.58 1.15 1.25 | 1995
지가,2013,764,34. 시도별 지가 변동률(평균),ⅩⅢ. 물가 및 가계,1995,경북,col-ko,0,0.7556,0.72,0.72,1.0,전치·패널2,[전치] 0.73 1.11 0.38 1.73 1.58 1.15 1.25 | 1995
지가,2013,764,34. 시도별 지가 변동률(평균),ⅩⅢ. 물가 및 가계,1995,경남,col-ko,0,0.8289,0.56,0.56,1.0,전치·패널2,[전치] 0.73 1.11 0.38 1.73 1.58 1.15 1.25 | 1995
지가,2013,764,34. 시도별 지가 변동률(평균),ⅩⅢ. 물가 및 가계,1995,제주,col-ko,0,0.9012,-0.15,-0.15,1.0,전치·패널2,[전치] 0.73 1.11 0.38 1.73 1.58 1.15 1.25 | 1995
지가,2013,764,34. 시도별 지가 변동률(평균),ⅩⅢ. 물가 및 가계,1996,충북,col-ko,0,0.4684,0.77,0.77,0.5,전치·패널2,[전치] 0.73 1.11 0.38 1.73 1.58 1.15 1.25 | 1996
지가,2013,764,34. 시도별 지가 변동률(평균),ⅩⅢ. 물가 및 가계,1996,충남,col-ko,0,0.5377,1.08,1.08,1.0,전치·패널2,[전치] 0.73 1.11 0.38 1.73 1.58 1.15 1.25 | 1996
지가,2013,764,34. 시도별 지가 변동률(평균),ⅩⅢ. 물가 및 가계,1996,전북,col-ko,0,0.611,1.13,1.13,1.0,전치·패널2,[전치] 0.73 1.11 0.38 1.73 1.58 1.15 1.25 | 1996
지가,2013,764,34. 시도별 지가 변동률(평균),ⅩⅢ. 물가 및 가계,1996,전남,col-ko,0,0.6843,0.83,0.83,1.0,전치·패널2,[전치] 0.73 1.11 0.38 1.73 1.58 1.15 1.25 | 1996
지가,2013,764,34. 시도별 지가 변동률(평균),ⅩⅢ. 물가 및 가계,1996,경북,col-ko,0,0.7556,1.25,1.25,1.0,전치·패널2,[전치] 0.73 1.11 0.38 1.73 1.58 1.15 1.25 | 1996
지가,2013,764,34. 시도별 지가 변동률(평균),ⅩⅢ. 물가 및 가계,1996,경남,col-ko,0,0.8289,0.98,0.98,1.0,전치·패널2,[전치] 0.73 1.11 0.38 1.73 1.58 1.15 1.25 | 1996
지가,2013,764,34. 시도별 지가 변동률(평균),ⅩⅢ. 물가 및 가계,1996,제주,col-ko,0,0.9012,0.30,0.3,1.0,전치·패널2,[전치] 0.73 1.11 0.38 1.73 1.58 1.15 1.25 | 1996
지가,2013,764,34. 시도별 지가 변동률(평균),ⅩⅢ. 물가 및 가계,1997 -..,충북,col-ko,0,0.4684,1.02,1.02,1.0,전치·패널2,[전치] 0.73 1.11 0.38 1.73 1.58 1.15 1.25 | 1997 -..
지가,2013,764,34. 시도별 지가 변동률(평균),ⅩⅢ. 물가 및 가계,1997 -..,충남,col-ko,0,0.5377,1.13,1.13,1.0,전치·패널2,[전치] 0.73 1.11 0.38 1.73 1.58 1.15 1.25 | 1997 -..
지가,2013,764,34. 시도별 지가 변동률(평균),ⅩⅢ. 물가 및 가계,1997 -..,전북,col-ko,0,0.611,0.57,0.57,1.0,전치·패널2,[전치] 0.73 1.11 0.38 1.73 1.58 1.15 1.25 | 1997 -..
지가,2013,764,34. 시도별 지가 변동률(평균),ⅩⅢ. 물가 및 가계,1997 -..,전남,col-ko,0,0.6843,0.69,0.69,1.0,전치·패널2,[전치] 0.73 1.11 0.38 1.73 1.58 1.15 1.25 | 1997 -..
지가,2013,764,34. 시도별 지가 변동률(평균),ⅩⅢ. 물가 및 가계,1997 -..,경북,col-ko,0,0.7556,0.38,0.38,1.0,전치·패널2,[전치] 0.73 1.11 0.38 1.73 1.58 1.15 1.25 | 1997 -..
지가,2013,764,34. 시도별 지가 변동률(평균),ⅩⅢ. 물가 및 가계,1997 -..,경남,col-ko,0,0.8289,0.26,0.26,1.0,전치·패널2,[전치] 0.73 1.11 0.38 1.73 1.58 1.15 1.25 | 1997 -..
지가,2013,764,34. 시도별 지가 변동률(평균),ⅩⅢ. 물가 및 가계,1997 -..,제주,col-ko,0,0.9012,0.38,0.38,1.0,전치·패널2,[전치] 0.73 1.11 0.38 1.73 1.58 1.15 1.25 | 1997 -..
지가,2013,764,34. 시도별 지가 변동률(평균),ⅩⅢ. 물가 및 가계,1998,충북,col-ko,0,0.4684,-7.13,-7.13,1.0,전치·패널2,[전치] 0.73 1.11 0.38 1.73 1.58 1.15 1.25 | 1998
지가,2013,764,34. 시도별 지가 변동률(평균),ⅩⅢ. 물가 및 가계,1998,충남,col-ko,0,0.5377,-7.11,-7.11,1.0,전치·패널2,[전치] 0.73 1.11 0.38 1.73 1.58 1.15 1.25 | 1998
지가,2013,764,34. 시도별 지가 변동률(평균),ⅩⅢ. 물가 및 가계,1998,전북,col-ko,0,0.611,-5.60,-5.6,1.0,전치·패널2,[전치] 0.73 1.11 0.38 1.73 1.58 1.15 1.25 | 1998
지가,2013,764,34. 시도별 지가 변동률(평균),ⅩⅢ. 물가 및 가계,1998,전남,col-ko,0,0.6843,-6.96,-6.96,1.0,전치·패널2,[전치] 0.73 1.11 0.38 1.73 1.58 1.15 1.25 | 1998
지가,2013,764,34. 시도별 지가 변동률(평균),ⅩⅢ. 물가 및 가계,1998,경북,col-ko,0,0.7556,-10.76,-10.76,1.0,전치·패널2,[전치] 0.73 1.11 0.38 1.73 1.58 1.15 1.25 | 1998
지가,2013,764,34. 시도별 지가 변동률(평균),ⅩⅢ. 물가 및 가계,1998,경남,col-ko,0,0.8289,-14.12,-14.12,0.5,전치·패널2,[전치] 0.73 1.11 0.38 1.73 1.58 1.15 1.25 | 1998
지가,2013,764,34. 시도별 지가 변동률(평균),ⅩⅢ. 물가 및 가계,1998,제주,col-ko,0,0.9012,-8.13,-8.13,1.0,전치·패널2,[전치] 0.73 1.11 0.38 1.73 1.58 1.15 1.25 | 1998
지가,2013,764,34. 시도별 지가 변동률(평균),ⅩⅢ. 물가 및 가계,1999,충북,col-ko,0,0.4684,4.10,4.1,1.0,전치·패널2,[전치] 0.73 1.11 0.38 1.73 1.58 1.15 1.25 | 1999
지가,2013,764,34. 시도별 지가 변동률(평균),ⅩⅢ. 물가 및 가계,1999,충남,col-ko,0,0.5377,3.18,3.18,1.0,전치·패널2,[전치] 0.73 1.11 0.38 1.73 1.58 1.15 1.25 | 1999
지가,2013,764,34. 시도별 지가 변동률(평균),ⅩⅢ. 물가 및 가계,1999,전북,col-ko,0,0.611,2.17,2.17,1.0,전치·패널2,[전치] 0.73 1.11 0.38 1.73 1.58 1.15 1.25 | 1999
지가,2013,764,34. 시도별 지가 변동률(평균),ⅩⅢ. 물가 및 가계,1999,전남,col-ko,0,0.6843,4.50,4.5,1.0,전치·패널2,[전치] 0.73 1.11 0.38 1.73 1.58 1.15 1.25 | 1999
지가,2013,764,34. 시도별 지가 변동률(평균),ⅩⅢ. 물가 및 가계,1999,경북,col-ko,0,0.7556,2.73,2.73,1.0,전치·패널2,[전치] 0.73 1.11 0.38 1.73 1.58 1.15 1.25 | 1999
지가,2013,764,34. 시도별 지가 변동률(평균),ⅩⅢ. 물가 및 가계,1999,경남,col-ko,0,0.8289,2.21,2.21,1.0,전치·패널2,[전치] 0.73 1.11 0.38 1.73 1.58 1.15 1.25 | 1999
지가,2013,764,34. 시도별 지가 변동률(평균),ⅩⅢ. 물가 및 가계,1999,제주,col-ko,0,0.9012,6.82,6.82,1.0,전치·패널2,[전치] 0.73 1.11 0.38 1.73 1.58 1.15 1.25 | 1999
지가,2013,764,34. 시도별 지가 변동률(평균),ⅩⅢ. 물가 및 가계,"2000 •-,",충북,col-ko,0,0.4684,1.12,1.12,1.0,전치·패널2,"[전치] 0.73 1.11 0.38 1.73 1.58 1.15 1.25 | 2000 •-,"
지가,2013,764,34. 시도별 지가 변동률(평균),ⅩⅢ. 물가 및 가계,"2000 •-,",충남,col-ko,0,0.5377,1.18,1.18,1.0,전치·패널2,"[전치] 0.73 1.11 0.38 1.73 1.58 1.15 1.25 | 2000 •-,"
지가,2013,764,34. 시도별 지가 변동률(평균),ⅩⅢ. 물가 및 가계,"2000 •-,",전북,col-ko,0,0.611,1.13,1.13,1.0,전치·패널2,"[전치] 0.73 1.11 0.38 1.73 1.58 1.15 1.25 | 2000 •-,"
지가,2013,764,34. 시도별 지가 변동률(평균),ⅩⅢ. 물가 및 가계,"2000 •-,",전남,col-ko,0,0.6843,1.94,1.94,1.0,전치·패널2,"[전치] 0.73 1.11 0.38 1.73 1.58 1.15 1.25 | 2000 •-,"
지가,2013,764,34. 시도별 지가 변동률(평균),ⅩⅢ. 물가 및 가계,"2000 •-,",경남,col-ko,0,0.8289,1.15,1.15,1.0,전치·패널2,"[전치] 0.73 1.11 0.38 1.73 1.58 1.15 1.25 | 2000 •-,"
지가,2013,764,34. 시도별 지가 변동률(평균),ⅩⅢ. 물가 및 가계,"2000 •-,",제주,col-ko,0,0.9012,2.18,2.18,1.0,전치·패널2,"[전치] 0.73 1.11 0.38 1.73 1.58 1.15 1.25 | 2000 •-,"
지가,2013,764,34. 시도별 지가 변동률(평균),ⅩⅢ. 물가 및 가계,2001,충북,col-ko,0,0.4684,0.41,0.41,1.0,전치·패널2,[전치] 0.73 1.11 0.38 1.73 1.58 1.15 1.25 | 2001
지가,2013,764,34. 시도별 지가 변동률(평균),ⅩⅢ. 물가 및 가계,2001,충남,col-ko,0,0.5377,0.36,0.36,1.0,전치·패널2,[전치] 0.73 1.11 0.38 1.73 1.58 1.15 1.25 | 2001
지가,2013,764,34. 시도별 지가 변동률(평균),ⅩⅢ. 물가 및 가계,2001,전북,col-ko,0,0.611,-0.13,-0.13,1.0,전치·패널2,[전치] 0.73 1.11 0.38 1.73 1.58 1.15 1.25 | 2001
지가,2013,764,34. 시도별 지가 변동률(평균),ⅩⅢ. 물가 및 가계,2001,전남,col-ko,0,0.6843,0.35,0.35,1.0,전치·패널2,[전치] 0.73 1.11 0.38 1.73 1.58 1.15 1.25 | 2001
지가,2013,764,34. 시도별 지가 변동률(평균),ⅩⅢ. 물가 및 가계,2001,경북,col-ko,0,0.7556,0.51,0.51,1.0,전치·패널2,[전치] 0.73 1.11 0.38 1.73 1.58 1.15 1.25 | 2001
지가,2013,764,34. 시도별 지가 변동률(평균),ⅩⅢ. 물가 및 가계,2001,경남,col-ko,0,0.8289,0.94,0.94,1.0,전치·패널2,[전치] 0.73 1.11 0.38 1.73 1.58 1.15 1.25 | 2001
지가,2013,764,34. 시도별 지가 변동률(평균),ⅩⅢ. 물가 및 가계,2001,제주,col-ko,0,0.9012,3.13,3.13,1.0,전치·패널2,[전치] 0.73 1.11 0.38 1.73 1.58 1.15 1.25 | 2001
지가,2013,764,34. 시도별 지가 변동률(평균),ⅩⅢ. 물가 및 가계,2002,충북,col-ko,0,0.4684,3.02,3.02,1.0,전치·패널2,[전치] 0.73 1.11 0.38 1.73 1.58 1.15 1.25 | 2002
지가,2013,764,34. 시도별 지가 변동률(평균),ⅩⅢ. 물가 및 가계,2002,충남,col-ko,0,0.5377,2.48,2.48,1.0,전치·패널2,[전치] 0.73 1.11 0.38 1.73 1.58 1.15 1.25 | 2002
지가,2013,764,34. 시도별 지가 변동률(평균),ⅩⅢ. 물가 및 가계,2002,전북,col-ko,0,0.611,0.64,0.64,1.0,전치·패널2,[전치] 0.73 1.11 0.38 1.73 1.58 1.15 1.25 | 2002
지가,2013,764,34. 시도별 지가 변동률(평균),ⅩⅢ. 물가 및 가계,2002,전남,col-ko,0,0.6843,0.95,0.95,1.0,전치·패널2,[전치] 0.73 1.11 0.38 1.73 1.58 1.15 1.25 | 2002
지가,2013,764,34. 시도별 지가 변동률(평균),ⅩⅢ. 물가 및 가계,2002,경북,col-ko,0,0.7556,2.06,2.06,1.0,전치·패널2,[전치] 0.73 1.11 0.38 1.73 1.58 1.15 1.25 | 2002
지가,2013,764,34. 시도별 지가 변동률(평균),ⅩⅢ. 물가 및 가계,2002,경남,col-ko,0,0.8289,2.22,2.22,0.5,전치·패널2,[전치] 0.73 1.11 0.38 1.73 1.58 1.15 1.25 | 2002
지가,2013,764,34. 시도별 지가 변동률(평균),ⅩⅢ. 물가 및 가계,2002,제주,col-ko,0,0.9012,6.01,6.01,1.0,전치·패널2,[전치] 0.73 1.11 0.38 1.73 1.58 1.15 1.25 | 2002
지가,2013,764,34. 시도별 지가 변동률(평균),ⅩⅢ. 물가 및 가계,"2003 -,,",충북,col-ko,0,0.4684,2.54,2.54,1.0,전치·패널2,"[전치] 0.73 1.11 0.38 1.73 1.58 1.15 1.25 | 2003 -,,"
지가,2013,764,34. 시도별 지가 변동률(평균),ⅩⅢ. 물가 및 가계,"2003 -,,",충남,col-ko,0,0.5377,4.81,4.81,1.0,전치·패널2,"[전치] 0.73 1.11 0.38 1.73 1.58 1.15 1.25 | 2003 -,,"
지가,2013,764,34. 시도별 지가 변동률(평균),ⅩⅢ. 물가 및 가계,"2003 -,,",전북,col-ko,0,0.611,0.96,0.96,1.0,전치·패널2,"[전치] 0.73 1.11 0.38 1.73 1.58 1.15 1.25 | 2003 -,,"
지가,2013,764,34. 시도별 지가 변동률(평균),ⅩⅢ. 물가 및 가계,"2003 -,,",전남,col-ko,0,0.6843,0.50,0.5,1.0,전치·패널2,"[전치] 0.73 1.11 0.38 1.73 1.58 1.15 1.25 | 2003 -,,"
지가,2013,764,34. 시도별 지가 변동률(평균),ⅩⅢ. 물가 및 가계,"2003 -,,",경북,col-ko,0,0.7556,0.15,0.15,1.0,전치·패널2,"[전치] 0.73 1.11 0.38 1.73 1.58 1.15 1.25 | 2003 -,,"
지가,2013,764,34. 시도별 지가 변동률(평균),ⅩⅢ. 물가 및 가계,"2003 -,,",경남,col-ko,0,0.8289,1.38,1.38,1.0,전치·패널2,"[전치] 0.73 1.11 0.38 1.73 1.58 1.15 1.25 | 2003 -,,"
지가,2013,764,34. 시도별 지가 변동률(평균),ⅩⅢ. 물가 및 가계,"2003 -,,",제주,col-ko,0,0.9012,1.25,1.25,1.0,전치·패널2,"[전치] 0.73 1.11 0.38 1.73 1.58 1.15 1.25 | 2003 -,,"
지가,2013,764,34. 시도별 지가 변동률(평균),ⅩⅢ. 물가 및 가계,2004,충북,col-ko,0,0.4684,3.83,3.83,1.0,전치·패널2,[전치] 0.73 1.11 0.38 1.73 1.58 1.15 1.25 | 2004
지가,2013,764,34. 시도별 지가 변동률(평균),ⅩⅢ. 물가 및 가계,2004,충남,col-ko,0,0.5377,11.65,11.65,1.0,전치·패널2,[전치] 0.73 1.11 0.38 1.73 1.58 1.15 1.25 | 2004
지가,2013,764,34. 시도별 지가 변동률(평균),ⅩⅢ. 물가 및 가계,2004,전북,col-ko,0,0.611,0.70,0.7,1.0,전치·패널2,[전치] 0.73 1.11 0.38 1.73 1.58 1.15 1.25 | 2004
지가,2013,764,34. 시도별 지가 변동률(평균),ⅩⅢ. 물가 및 가계,2004,전남,col-ko,0,0.6843,0.93,0.93,1.0,전치·패널2,[전치] 0.73 1.11 0.38 1.73 1.58 1.15 1.25 | 2004
지가,2013,764,34. 시도별 지가 변동률(평균),ⅩⅢ. 물가 및 가계,2004,경북,col-ko,0,0.7556,2.11,2.11,0.3,전치·패널2|저신뢰,[전치] 0.73 1.11 0.38 1.73 1.58 1.15 1.25 | 2004
지가,2013,764,34. 시도별 지가 변동률(평균),ⅩⅢ. 물가 및 가계,2004,경남,col-ko,0,0.8289,3.09,3.09,1.0,전치·패널2,[전치] 0.73 1.11 0.38 1.73 1.58 1.15 1.25 | 2004
지가,2013,764,34. 시도별 지가 변동률(평균),ⅩⅢ. 물가 및 가계,2004,제주,col-ko,0,0.9012,1.96,1.96,1.0,전치·패널2,[전치] 0.73 1.11 0.38 1.73 1.58 1.15 1.25 | 2004
지가,2013,764,34. 시도별 지가 변동률(평균),ⅩⅢ. 물가 및 가계,2005,충북,col-ko,0,0.4684,4.98,4.98,1.0,전치·패널2,[전치] 0.73 1.11 0.38 1.73 1.58 1.15 1.25 | 2005
지가,2013,764,34. 시도별 지가 변동률(평균),ⅩⅢ. 물가 및 가계,2005,충남,col-ko,0,0.5377,8.32,8.32,1.0,전치·패널2,[전치] 0.73 1.11 0.38 1.73 1.58 1.15 1.25 | 2005
지가,2013,764,34. 시도별 지가 변동률(평균),ⅩⅢ. 물가 및 가계,2005,전북,col-ko,0,0.611,1.38,1.38,1.0,전치·패널2,[전치] 0.73 1.11 0.38 1.73 1.58 1.15 1.25 | 2005
지가,2013,764,34. 시도별 지가 변동률(평균),ⅩⅢ. 물가 및 가계,2005,전남,col-ko,0,0.6843,2.45,2.45,1.0,전치·패널2,[전치] 0.73 1.11 0.38 1.73 1.58 1.15 1.25 | 2005
지가,2013,764,34. 시도별 지가 변동률(평균),ⅩⅢ. 물가 및 가계,2005,경북,col-ko,0,0.7556,2.19,2.19,1.0,전치·패널2,[전치] 0.73 1.11 0.38 1.73 1.58 1.15 1.25 | 2005
지가,2013,764,34. 시도별 지가 변동률(평균),ⅩⅢ. 물가 및 가계,2005,경남,col-ko,0,0.8289,2.81,2.81,1.0,전치·패널2,[전치] 0.73 1.11 0.38 1.73 1.58 1.15 1.25 | 2005
지가,2013,764,34. 시도별 지가 변동률(평균),ⅩⅢ. 물가 및 가계,2005,제주,col-ko,0,0.9012,2.12,2.12,1.0,전치·패널2,[전치] 0.73 1.11 0.38 1.73 1.58 1.15 1.25 | 2005
지가,2013,764,34. 시도별 지가 변동률(평균),ⅩⅢ. 물가 및 가계,2006 _.,충북,col-ko,0,0.4684,4.37,4.37,1.0,전치·패널2,[전치] 0.73 1.11 0.38 1.73 1.58 1.15 1.25 | 2006 _.
지가,2013,764,34. 시도별 지가 변동률(평균),ⅩⅢ. 물가 및 가계,2006 _.,충남,col-ko,0,0.5377,5.55,5.55,1.0,전치·패널2,[전치] 0.73 1.11 0.38 1.73 1.58 1.15 1.25 | 2006 _.
지가,2013,764,34. 시도별 지가 변동률(평균),ⅩⅢ. 물가 및 가계,2006 _.,전북,col-ko,0,0.611,1.29,1.29,0.5,전치·패널2,[전치] 0.73 1.11 0.38 1.73 1.58 1.15 1.25 | 2006 _.
지가,2013,764,34. 시도별 지가 변동률(평균),ⅩⅢ. 물가 및 가계,2006 _.,전남,col-ko,0,0.6843,1.91,1.91,1.0,전치·패널2,[전치] 0.73 1.11 0.38 1.73 1.58 1.15 1.25 | 2006 _.
지가,2013,764,34. 시도별 지가 변동률(평균),ⅩⅢ. 물가 및 가계,2006 _.,경북,col-ko,0,0.7556,2.52,2.52,1.0,전치·패널2,[전치] 0.73 1.11 0.38 1.73 1.58 1.15 1.25 | 2006 _.
지가,2013,764,34. 시도별 지가 변동률(평균),ⅩⅢ. 물가 및 가계,2006 _.,경남,col-ko,0,0.8289,2.56,2.56,1.0,전치·패널2,[전치] 0.73 1.11 0.38 1.73 1.58 1.15 1.25 | 2006 _.
지가,2013,764,34. 시도별 지가 변동률(평균),ⅩⅢ. 물가 및 가계,2006 _.,제주,col-ko,0,0.9012,2.10,2.1,1.0,전치·패널2,[전치] 0.73 1.11 0.38 1.73 1.58 1.15 1.25 | 2006 _.
지가,2013,764,34. 시도별 지가 변동률(평균),ⅩⅢ. 물가 및 가계,2007,충북,col-ko,0,0.4684,1.27,1.27,0.5,전치·패널2,[전치] 0.73 1.11 0.38 1.73 1.58 1.15 1.25 | 2007
지가,2013,764,34. 시도별 지가 변동률(평균),ⅩⅢ. 물가 및 가계,2007,충남,col-ko,0,0.5377,2.03,2.03,1.0,전치·패널2,[전치] 0.73 1.11 0.38 1.73 1.58 1.15 1.25 | 2007
지가,2013,764,34. 시도별 지가 변동률(평균),ⅩⅢ. 물가 및 가계,2007,전북,col-ko,0,0.611,1.21,1.21,1.0,전치·패널2,[전치] 0.73 1.11 0.38 1.73 1.58 1.15 1.25 | 2007
지가,2013,764,34. 시도별 지가 변동률(평균),ⅩⅢ. 물가 및 가계,2007,전남,col-ko,0,0.6843,1.31,1.31,1.0,전치·패널2,[전치] 0.73 1.11 0.38 1.73 1.58 1.15 1.25 | 2007
지가,2013,764,34. 시도별 지가 변동률(평균),ⅩⅢ. 물가 및 가계,2007,경북,col-ko,0,0.7556,1.68,1.68,1.0,전치·패널2,[전치] 0.73 1.11 0.38 1.73 1.58 1.15 1.25 | 2007
지가,2013,764,34. 시도별 지가 변동률(평균),ⅩⅢ. 물가 및 가계,2007,경남,col-ko,0,0.8289,2.22,2.22,1.0,전치·패널2,[전치] 0.73 1.11 0.38 1.73 1.58 1.15 1.25 | 2007
지가,2013,764,34. 시도별 지가 변동률(평균),ⅩⅢ. 물가 및 가계,2007,제주,col-ko,0,0.9012,1.67,1.67,1.0,전치·패널2,[전치] 0.73 1.11 0.38 1.73 1.58 1.15 1.25 | 2007
지가,2013,764,34. 시도별 지가 변동률(평균),ⅩⅢ. 물가 및 가계,2008 -,충북,col-ko,0,0.4684,-0.36,-0.36,1.0,전치·패널2,[전치] 0.73 1.11 0.38 1.73 1.58 1.15 1.25 | 2008 -
지가,2013,764,34. 시도별 지가 변동률(평균),ⅩⅢ. 물가 및 가계,2008 -,충남,col-ko,0,0.5377,-0.12,-0.12,1.0,전치·패널2,[전치] 0.73 1.11 0.38 1.73 1.58 1.15 1.25 | 2008 -
지가,2013,764,34. 시도별 지가 변동률(평균),ⅩⅢ. 물가 및 가계,2008 -,전북,col-ko,0,0.611,2.58,2.58,1.0,전치·패널2,[전치] 0.73 1.11 0.38 1.73 1.58 1.15 1.25 | 2008 -
지가,2013,764,34. 시도별 지가 변동률(평균),ⅩⅢ. 물가 및 가계,2008 -,전남,col-ko,0,0.6843,0.26,0.26,1.0,전치·패널2,[전치] 0.73 1.11 0.38 1.73 1.58 1.15 1.25 | 2008 -
지가,2013,764,34. 시도별 지가 변동률(평균),ⅩⅢ. 물가 및 가계,2008 -,경북,col-ko,0,0.7556,-0.13,-0.13,1.0,전치·패널2,[전치] 0.73 1.11 0.38 1.73 1.58 1.15 1.25 | 2008 -
지가,2013,764,34. 시도별 지가 변동률(평균),ⅩⅢ. 물가 및 가계,2008 -,경남,col-ko,0,0.8289,0.11,0.11,1.0,전치·패널2,[전치] 0.73 1.11 0.38 1.73 1.58 1.15 1.25 | 2008 -
지가,2013,764,34. 시도별 지가 변동률(평균),ⅩⅢ. 물가 및 가계,"2009 •,",충북,col-ko,0,0.4684,0.11,0.11,1.0,전치·패널2,"[전치] 0.73 1.11 0.38 1.73 1.58 1.15 1.25 | 2009 •,"
지가,2013,764,34. 시도별 지가 변동률(평균),ⅩⅢ. 물가 및 가계,"2009 •,",충남,col-ko,0,0.5377,0.26,0.26,1.0,전치·패널2,"[전치] 0.73 1.11 0.38 1.73 1.58 1.15 1.25 | 2009 •,"
지가,2013,764,34. 시도별 지가 변동률(평균),ⅩⅢ. 물가 및 가계,"2009 •,",전북,col-ko,0,0.611,-0.53,-0.53,1.0,전치·패널2,"[전치] 0.73 1.11 0.38 1.73 1.58 1.15 1.25 | 2009 •,"
지가,2013,764,34. 시도별 지가 변동률(평균),ⅩⅢ. 물가 및 가계,"2009 •,",전남,col-ko,0,0.6843,0.35,0.35,1.0,전치·패널2,"[전치] 0.73 1.11 0.38 1.73 1.58 1.15 1.25 | 2009 •,"
지가,2013,764,34. 시도별 지가 변동률(평균),ⅩⅢ. 물가 및 가계,"2009 •,",경북,col-ko,0,0.7556,0.48,0.48,1.0,전치·패널2,"[전치] 0.73 1.11 0.38 1.73 1.58 1.15 1.25 | 2009 •,"
지가,2013,764,34. 시도별 지가 변동률(평균),ⅩⅢ. 물가 및 가계,"2009 •,",경남,col-ko,0,0.8289,0.44,0.44,1.0,전치·패널2,"[전치] 0.73 1.11 0.38 1.73 1.58 1.15 1.25 | 2009 •,"
지가,2013,764,34. 시도별 지가 변동률(평균),ⅩⅢ. 물가 및 가계,"2009 •,",제주,col-ko,0,0.9012,0.20,0.2,0.5,전치·패널2,"[전치] 0.73 1.11 0.38 1.73 1.58 1.15 1.25 | 2009 •,"
지가,2013,764,34. 시도별 지가 변동률(평균),ⅩⅢ. 물가 및 가계,2010,충북,col-ko,0,0.4684,0.65,0.65,1.0,전치·패널2,[전치] 0.73 1.11 0.38 1.73 1.58 1.15 1.25 | 2010
지가,2013,764,34. 시도별 지가 변동률(평균),ⅩⅢ. 물가 및 가계,2010,충남,col-ko,0,0.5377,1.16,1.16,1.0,전치·패널2,[전치] 0.73 1.11 0.38 1.73 1.58 1.15 1.25 | 2010
지가,2013,764,34. 시도별 지가 변동률(평균),ⅩⅢ. 물가 및 가계,2010,전북,col-ko,0,0.611,0.66,0.66,1.0,전치·패널2,[전치] 0.73 1.11 0.38 1.73 1.58 1.15 1.25 | 2010
지가,2013,764,34. 시도별 지가 변동률(평균),ⅩⅢ. 물가 및 가계,2010,전남,col-ko,0,0.6843,1.13,1.13,1.0,전치·패널2,[전치] 0.73 1.11 0.38 1.73 1.58 1.15 1.25 | 2010
지가,2013,764,34. 시도별 지가 변동률(평균),ⅩⅢ. 물가 및 가계,2010,경북,col-ko,0,0.7556,1.14,1.14,1.0,전치·패널2,[전치] 0.73 1.11 0.38 1.73 1.58 1.15 1.25 | 2010
지가,2013,764,34. 시도별 지가 변동률(평균),ⅩⅢ. 물가 및 가계,2010,경남,col-ko,0,0.8289,1.29,1.29,1.0,전치·패널2,[전치] 0.73 1.11 0.38 1.73 1.58 1.15 1.25 | 2010
지가,2013,764,34. 시도별 지가 변동률(평균),ⅩⅢ. 물가 및 가계,2010,제주,col-ko,0,0.9012,1.07,1.07,1.0,전치·패널2,[전치] 0.73 1.11 0.38 1.73 1.58 1.15 1.25 | 2010
지가,2013,764,34. 시도별 지가 변동률(평균),ⅩⅢ. 물가 및 가계,2011 -,충북,col-ko,0,0.4684,0.59,0.59,1.0,전치·패널2,[전치] 0.73 1.11 0.38 1.73 1.58 1.15 1.25 | 2011 -
지가,2013,764,34. 시도별 지가 변동률(평균),ⅩⅢ. 물가 및 가계,2011 -,충남,col-ko,0,0.5377,0.76,0.76,1.0,전치·패널2,[전치] 0.73 1.11 0.38 1.73 1.58 1.15 1.25 | 2011 -
지가,2013,764,34. 시도별 지가 변동률(평균),ⅩⅢ. 물가 및 가계,2011 -,전북,col-ko,0,0.611,0.77,0.77,1.0,전치·패널2,[전치] 0.73 1.11 0.38 1.73 1.58 1.15 1.25 | 2011 -
지가,2013,764,34. 시도별 지가 변동률(평균),ⅩⅢ. 물가 및 가계,2011 -,전남,col-ko,0,0.6843,0.95,0.95,1.0,전치·패널2,[전치] 0.73 1.11 0.38 1.73 1.58 1.15 1.25 | 2011 -
지가,2013,764,34. 시도별 지가 변동률(평균),ⅩⅢ. 물가 및 가계,2011 -,경북,col-ko,0,0.7556,1.11,1.11,1.0,전치·패널2,[전치] 0.73 1.11 0.38 1.73 1.58 1.15 1.25 | 2011 -
지가,2013,764,34. 시도별 지가 변동률(평균),ⅩⅢ. 물가 및 가계,2011 -,경남,col-ko,0,0.8289,1.63,1.63,1.0,전치·패널2,[전치] 0.73 1.11 0.38 1.73 1.58 1.15 1.25 | 2011 -
지가,2013,764,34. 시도별 지가 변동률(평균),ⅩⅢ. 물가 및 가계,2011 -,제주,col-ko,0,0.9012,0.92,0.92,1.0,전치·패널2,[전치] 0.73 1.11 0.38 1.73 1.58 1.15 1.25 | 2011 -
지가,2013,764,34. 시도별 지가 변동률(평균),ⅩⅢ. 물가 및 가계,2012,울산,col-ko,0,0.1772,165,165,0.3,전치·패널2|저신뢰,[전치] 0.73 1.11 0.38 1.73 1.58 1.15 1.25 | 2012
지가,2013,764,34. 시도별 지가 변동률(평균),ⅩⅢ. 물가 및 가계,2012,경기,col-ko,0,0.3218,1.04,1.04,1.0,전치·패널2,[전치] 0.73 1.11 0.38 1.73 1.58 1.15 1.25 | 2012
지가,2013,764,34. 시도별 지가 변동률(평균),ⅩⅢ. 물가 및 가계,2012,강원,col-ko,0,0.3941,1.79,1.79,1.0,전치·패널2,[전치] 0.73 1.11 0.38 1.73 1.58 1.15 1.25 | 2012
지가,2013,764,34. 시도별 지가 변동률(평균),ⅩⅢ. 물가 및 가계,2012,충북,col-ko,0,0.4684,1.09,1.09,1.0,전치·패널2,[전치] 0.73 1.11 0.38 1.73 1.58 1.15 1.25 | 2012
지가,2013,764,34. 시도별 지가 변동률(평균),ⅩⅢ. 물가 및 가계,2012,충남,col-ko,0,0.5377,0.88,0.88,1.0,전치·패널2,[전치] 0.73 1.11 0.38 1.73 1.58 1.15 1.25 | 2012
지가,2013,764,34. 시도별 지가 변동률(평균),ⅩⅢ. 물가 및 가계,2012,전북,col-ko,0,0.611,1.43,1.43,1.0,전치·패널2,[전치] 0.73 1.11 0.38 1.73 1.58 1.15 1.25 | 2012
지가,2013,764,34. 시도별 지가 변동률(평균),ⅩⅢ. 물가 및 가계,2012,전남,col-ko,0,0.6843,1.35,1.35,1.0,전치·패널2,[전치] 0.73 1.11 0.38 1.73 1.58 1.15 1.25 | 2012
지가,2013,764,34. 시도별 지가 변동률(평균),ⅩⅢ. 물가 및 가계,2012,경북,col-ko,0,0.7556,1.40,1.4,1.0,전치·패널2,[전치] 0.73 1.11 0.38 1.73 1.58 1.15 1.25 | 2012
지가,2013,764,34. 시도별 지가 변동률(평균),ⅩⅢ. 물가 및 가계,2012,경남,col-ko,0,0.8289,1.67,1.67,1.0,전치·패널2,[전치] 0.73 1.11 0.38 1.73 1.58 1.15 1.25 | 2012
지가,2013,764,34. 시도별 지가 변동률(평균),ⅩⅢ. 물가 및 가계,2012,제주,col-ko,0,0.9012,1.25,1.25,1.0,전치·패널2,[전치] 0.73 1.11 0.38 1.73 1.58 1.15 1.25 | 2012
지가,2014,764,34. 시도별 지가 변동률(평균),ⅩⅢ. 물가 및 가계,1992,인천,col-ko,0,0.7402,0.11,0.11,0.3,전치·패널1|저신뢰,[전치] 34. 시도별 지가 변동률(평균) | 1992
지가,2014,764,34. 시도별 지가 변동률(평균),ⅩⅢ. 물가 및 가계,1992,광주,col-ko,0,0.8214,-0.33,-0.33,1.0,전치·패널1,[전치] 34. 시도별 지가 변동률(평균) | 1992
지가,2014,764,34. 시도별 지가 변동률(평균),ⅩⅢ. 물가 및 가계,1993,인천,col-ko,0,0.7402,-6.62,-6.62,1.0,전치·패널1,[전치] 34. 시도별 지가 변동률(평균) | 1993
지가,2014,764,34. 시도별 지가 변동률(평균),ⅩⅢ. 물가 및 가계,1993,광주,col-ko,0,0.8214,-6.36,-6.36,1.0,전치·패널1,[전치] 34. 시도별 지가 변동률(평균) | 1993
지가,2014,764,34. 시도별 지가 변동률(평균),ⅩⅢ. 물가 및 가계,1994,인천,col-ko,0,0.7402,0.07,0.07,1.0,전치·패널1,[전치] 34. 시도별 지가 변동률(평균) | 1994
지가,2014,764,34. 시도별 지가 변동률(평균),ⅩⅢ. 물가 및 가계,1994,광주,col-ko,0,0.8214,-0.26,-0.26,1.0,전치·패널1,[전치] 34. 시도별 지가 변동률(평균) | 1994
지가,2014,764,34. 시도별 지가 변동률(평균),ⅩⅢ. 물가 및 가계,1995,인천,col-ko,0,0.7402,0.58,0.58,1.0,전치·패널1,[전치] 34. 시도별 지가 변동률(평균) | 1995
지가,2014,764,34. 시도별 지가 변동률(평균),ⅩⅢ. 물가 및 가계,1995,광주,col-ko,0,0.8214,1.44,1.44,1.0,전치·패널1,[전치] 34. 시도별 지가 변동률(평균) | 1995
지가,2014,764,34. 시도별 지가 변동률(평균),ⅩⅢ. 물가 및 가계,1996,인천,col-ko,0,0.7402,0.78,0.78,1.0,전치·패널1,[전치] 34. 시도별 지가 변동률(평균) | 1996
지가,2014,764,34. 시도별 지가 변동률(평균),ⅩⅢ. 물가 및 가계,1996,광주,col-ko,0,0.8214,1.16,1.16,1.0,전치·패널1,[전치] 34. 시도별 지가 변동률(평균) | 1996
지가,2014,764,34. 시도별 지가 변동률(평균),ⅩⅢ. 물가 및 가계,1997,인천,col-ko,0,0.7402,0.28,0.28,1.0,전치·패널1,[전치] 34. 시도별 지가 변동률(평균) | 1997
지가,2014,764,34. 시도별 지가 변동률(평균),ⅩⅢ. 물가 및 가계,1997,광주,col-ko,0,0.8214,0.67,0.67,1.0,전치·패널1,[전치] 34. 시도별 지가 변동률(평균) | 1997
지가,2014,764,34. 시도별 지가 변동률(평균),ⅩⅢ. 물가 및 가계,1998,인천,col-ko,0,0.7402,-13.79,-13.79,1.0,전치·패널1,[전치] 34. 시도별 지가 변동률(평균) | 1998
지가,2014,764,34. 시도별 지가 변동률(평균),ⅩⅢ. 물가 및 가계,1998,광주,col-ko,0,0.8214,-10.25,-10.25,1.0,전치·패널1,[전치] 34. 시도별 지가 변동률(평균) | 1998
지가,2014,764,34. 시도별 지가 변동률(평균),ⅩⅢ. 물가 및 가계,1999,인천,col-ko,0,0.7402,3.51,3.51,1.0,전치·패널1,[전치] 34. 시도별 지가 변동률(평균) | 1999
지가,2014,764,34. 시도별 지가 변동률(평균),ⅩⅢ. 물가 및 가계,1999,광주,col-ko,0,0.8214,1.30,1.3,1.0,전치·패널1,[전치] 34. 시도별 지가 변동률(평균) | 1999
지가,2014,764,34. 시도별 지가 변동률(평균),ⅩⅢ. 물가 및 가계,2000,인천,col-ko,0,0.7402,1.07,1.07,1.0,전치·패널1,[전치] 34. 시도별 지가 변동률(평균) | 2000
지가,2014,764,34. 시도별 지가 변동률(평균),ⅩⅢ. 물가 및 가계,2000,광주,col-ko,0,0.8214,-0.31,-0.31,1.0,전치·패널1,[전치] 34. 시도별 지가 변동률(평균) | 2000
지가,2014,764,34. 시도별 지가 변동률(평균),ⅩⅢ. 물가 및 가계,2001 1.?7,광주,col-ko,0,0.8214,-0.37,-0.37,1.0,전치·패널1,[전치] 34. 시도별 지가 변동률(평균) | 2001 1.?7
지가,2014,764,34. 시도별 지가 변동률(평균),ⅩⅢ. 물가 및 가계,2002,인천,col-ko,0,0.7402,11.51,11.51,1.0,전치·패널1,[전치] 34. 시도별 지가 변동률(평균) | 2002
지가,2014,764,34. 시도별 지가 변동률(평균),ⅩⅢ. 물가 및 가계,2002,광주,col-ko,0,0.8214,1.03,1.03,1.0,전치·패널1,[전치] 34. 시도별 지가 변동률(평균) | 2002
지가,2014,764,34. 시도별 지가 변동률(평균),ⅩⅢ. 물가 및 가계,2003,인천,col-ko,0,0.7402,2.50,2.5,1.0,전치·패널1,[전치] 34. 시도별 지가 변동률(평균) | 2003
지가,2014,764,34. 시도별 지가 변동률(평균),ⅩⅢ. 물가 및 가계,2003,광주,col-ko,0,0.8214,0.91,0.91,1.0,전치·패널1,[전치] 34. 시도별 지가 변동률(평균) | 2003
지가,2014,764,34. 시도별 지가 변동률(평균),ⅩⅢ. 물가 및 가계,2004,인천,col-ko,0,0.7402,4.32,4.32,1.0,전치·패널1,[전치] 34. 시도별 지가 변동률(평균) | 2004
지가,2014,764,34. 시도별 지가 변동률(평균),ⅩⅢ. 물가 및 가계,2004,광주,col-ko,0,0.8214,0.68,0.68,1.0,전치·패널1,[전치] 34. 시도별 지가 변동률(평균) | 2004
지가,2014,764,34. 시도별 지가 변동률(평균),ⅩⅢ. 물가 및 가계,2005,인천,col-ko,0,0.7402,4.94,4.94,1.0,전치·패널1,[전치] 34. 시도별 지가 변동률(평균) | 2005
지가,2014,764,34. 시도별 지가 변동률(평균),ⅩⅢ. 물가 및 가계,2005,광주,col-ko,0,0.8214,1.87,1.87,1.0,전치·패널1,[전치] 34. 시도별 지가 변동률(평균) | 2005
지가,2014,764,34. 시도별 지가 변동률(평균),ⅩⅢ. 물가 및 가계,2006,인천,col-ko,0,0.7402,5.58,5.58,1.0,전치·패널1,[전치] 34. 시도별 지가 변동률(평균) | 2006
지가,2014,764,34. 시도별 지가 변동률(평균),ⅩⅢ. 물가 및 가계,2006,광주,col-ko,0,0.8214,1.44,1.44,0.3,전치·패널1|저신뢰,[전치] 34. 시도별 지가 변동률(평균) | 2006
지가,2014,764,34. 시도별 지가 변동률(평균),ⅩⅢ. 물가 및 가계,2007,인천,col-ko,0,0.7402,4.85,4.85,1.0,전치·패널1,[전치] 34. 시도별 지가 변동률(평균) | 2007
지가,2014,764,34. 시도별 지가 변동률(평균),ⅩⅢ. 물가 및 가계,2007,광주,col-ko,0,0.8214,0.94,0.94,1.0,전치·패널1,[전치] 34. 시도별 지가 변동률(평균) | 2007
지가,2014,764,34. 시도별 지가 변동률(평균),ⅩⅢ. 물가 및 가계,2008,인천,col-ko,0,0.7402,1.37,1.37,1.0,전치·패널1,[전치] 34. 시도별 지가 변동률(평균) | 2008
지가,2014,764,34. 시도별 지가 변동률(평균),ⅩⅢ. 물가 및 가계,2008,광주,col-ko,0,0.8214,-0.90,-0.9,1.0,전치·패널1,[전치] 34. 시도별 지가 변동률(평균) | 2008
지가,2014,764,34. 시도별 지가 변동률(평균),ⅩⅢ. 물가 및 가계,2009,인천,col-ko,0,0.7402,1.99,1.99,1.0,전치·패널1,[전치] 34. 시도별 지가 변동률(평균) | 2009
지가,2014,764,34. 시도별 지가 변동률(평균),ⅩⅢ. 물가 및 가계,2009,광주,col-ko,0,0.8214,0.33,0.33,1.0,전치·패널1,[전치] 34. 시도별 지가 변동률(평균) | 2009
지가,2014,764,34. 시도별 지가 변동률(평균),ⅩⅢ. 물가 및 가계,2010,인천,col-ko,0,0.7402,1.43,1.43,1.0,전치·패널1,[전치] 34. 시도별 지가 변동률(평균) | 2010
지가,2014,764,34. 시도별 지가 변동률(평균),ⅩⅢ. 물가 및 가계,2010,광주,col-ko,0,0.8214,0.67,0.67,1.0,전치·패널1,[전치] 34. 시도별 지가 변동률(평균) | 2010
지가,2014,764,34. 시도별 지가 변동률(평균),ⅩⅢ. 물가 및 가계,2011,인천,col-ko,0,0.7402,0.66,0.66,1.0,전치·패널1,[전치] 34. 시도별 지가 변동률(평균) | 2011
지가,2014,764,34. 시도별 지가 변동률(평균),ⅩⅢ. 물가 및 가계,2011,광주,col-ko,0,0.8214,0.75,0.75,1.0,전치·패널1,[전치] 34. 시도별 지가 변동률(평균) | 2011
지가,2014,764,34. 시도별 지가 변동률(평균),ⅩⅢ. 물가 및 가계,2012,인천,col-ko,0,0.7402,0.46,0.46,1.0,전치·패널1,[전치] 34. 시도별 지가 변동률(평균) | 2012
지가,2014,764,34. 시도별 지가 변동률(평균),ⅩⅢ. 물가 및 가계,2012,광주,col-ko,0,0.8214,1.15,1.15,1.0,전치·패널1,[전치] 34. 시도별 지가 변동률(평균) | 2012
지가,2014,764,34. 시도별 지가 변동률(평균),ⅩⅢ. 물가 및 가계,2013,전국,col-ko,0,0.1807,1.14,1.14,1.0,전치·패널1,[전치] 34. 시도별 지가 변동률(평균) | 2013
지가,2014,764,34. 시도별 지가 변동률(평균),ⅩⅢ. 물가 및 가계,2013,서울,col-ko,0,0.501,1.21,1.21,0.5,전치·패널1,[전치] 34. 시도별 지가 변동률(평균) | 2013
지가,2014,764,34. 시도별 지가 변동률(평균),ⅩⅢ. 물가 및 가계,2013,부산,col-ko,0,0.5811,1.57,1.57,1.0,전치·패널1,[전치] 34. 시도별 지가 변동률(평균) | 2013
지가,2014,764,34. 시도별 지가 변동률(평균),ⅩⅢ. 물가 및 가계,2013,대구,col-ko,0,0.6612,1.68,1.68,1.0,전치·패널1,[전치] 34. 시도별 지가 변동률(평균) | 2013
지가,2014,764,34. 시도별 지가 변동률(평균),ⅩⅢ. 물가 및 가계,2013,인천,col-ko,0,0.7402,0.87,0.87,1.0,전치·패널1,[전치] 34. 시도별 지가 변동률(평균) | 2013
지가,2014,764,34. 시도별 지가 변동률(평균),ⅩⅢ. 물가 및 가계,2013,광주,col-ko,0,0.8214,0.75,0.75,1.0,전치·패널1,[전치] 34. 시도별 지가 변동률(평균) | 2013
지가,2014,764,34. 시도별 지가 변동률(평균),ⅩⅢ. 물가 및 가계,8)루 부명의 주퍼의 형모방 로위로 오주팅 등르트 · 1992,경기,col-ko,0,0.3214,0.08,0.08,1.0,전치·패널2,[전치] 8)루 부명의 주퍼의 형모방 로위로 오주팅 등르트 · 1992
지가,2014,764,34. 시도별 지가 변동률(평균),ⅩⅢ. 물가 및 가계,8)루 부명의 주퍼의 형모방 로위로 오주팅 등르트 · 1992,충북,col-ko,0,0.4702,1.62,1.62,1.0,전치·패널2,[전치] 8)루 부명의 주퍼의 형모방 로위로 오주팅 등르트 · 1992
지가,2014,764,34. 시도별 지가 변동률(평균),ⅩⅢ. 물가 및 가계,8)루 부명의 주퍼의 형모방 로위로 오주팅 등르트 · 1992,충남,col-ko,0,0.539,1.12,1.12,1.0,전치·패널2,[전치] 8)루 부명의 주퍼의 형모방 로위로 오주팅 등르트 · 1992
지가,2014,764,34. 시도별 지가 변동률(평균),ⅩⅢ. 물가 및 가계,8)루 부명의 주퍼의 형모방 로위로 오주팅 등르트 · 1992,전북,col-ko,0,0.6119,1.64,1.64,1.0,전치·패널2,[전치] 8)루 부명의 주퍼의 형모방 로위로 오주팅 등르트 · 1992
지가,2014,764,34. 시도별 지가 변동률(평균),ⅩⅢ. 물가 및 가계,8)루 부명의 주퍼의 형모방 로위로 오주팅 등르트 · 1992,전남,col-ko,0,0.6838,-0.12,-0.12,1.0,전치·패널2,[전치] 8)루 부명의 주퍼의 형모방 로위로 오주팅 등르트 · 1992
지가,2014,764,34. 시도별 지가 변동률(평균),ⅩⅢ. 물가 및 가계,8)루 부명의 주퍼의 형모방 로위로 오주팅 등르트 · 1992,경북,col-ko,0,0.7577,-0.26,-0.26,1.0,전치·패널2,[전치] 8)루 부명의 주퍼의 형모방 로위로 오주팅 등르트 · 1992
지가,2014,764,34. 시도별 지가 변동률(평균),ⅩⅢ. 물가 및 가계,8)루 부명의 주퍼의 형모방 로위로 오주팅 등르트 · 1992,경남,col-ko,0,0.8296,0.18,0.18,1.0,전치·패널2,[전치] 8)루 부명의 주퍼의 형모방 로위로 오주팅 등르트 · 1992
지가,2014,764,34. 시도별 지가 변동률(평균),ⅩⅢ. 물가 및 가계,8)루 부명의 주퍼의 형모방 로위로 오주팅 등르트 · 1992,제주,col-en,0,0.9014,0.26,0.26,1.0,전치·패널2,[전치] 8)루 부명의 주퍼의 형모방 로위로 오주팅 등르트 · 1992
지가,2014,764,34. 시도별 지가 변동률(평균),ⅩⅢ. 물가 및 가계,8)루 부명의 주퍼의 형모방 로위로 오주팅 등르트 · 1993,경기,col-ko,0,0.3214,-7.06,-7.06,1.0,전치·패널2,[전치] 8)루 부명의 주퍼의 형모방 로위로 오주팅 등르트 · 1993
지가,2014,764,34. 시도별 지가 변동률(평균),ⅩⅢ. 물가 및 가계,8)루 부명의 주퍼의 형모방 로위로 오주팅 등르트 · 1993,충북,col-ko,0,0.4702,-6.07,-6.07,1.0,전치·패널2,[전치] 8)루 부명의 주퍼의 형모방 로위로 오주팅 등르트 · 1993
지가,2014,764,34. 시도별 지가 변동률(평균),ⅩⅢ. 물가 및 가계,8)루 부명의 주퍼의 형모방 로위로 오주팅 등르트 · 1993,충남,col-ko,0,0.539,-6.36,-6.36,1.0,전치·패널2,[전치] 8)루 부명의 주퍼의 형모방 로위로 오주팅 등르트 · 1993
지가,2014,764,34. 시도별 지가 변동률(평균),ⅩⅢ. 물가 및 가계,8)루 부명의 주퍼의 형모방 로위로 오주팅 등르트 · 1993,전북,col-ko,0,0.6119,-5.94,-5.94,1.0,전치·패널2,[전치] 8)루 부명의 주퍼의 형모방 로위로 오주팅 등르트 · 1993
지가,2014,764,34. 시도별 지가 변동률(평균),ⅩⅢ. 물가 및 가계,8)루 부명의 주퍼의 형모방 로위로 오주팅 등르트 · 1993,전남,col-ko,0,0.6838,-5.53,-5.53,1.0,전치·패널2,[전치] 8)루 부명의 주퍼의 형모방 로위로 오주팅 등르트 · 1993
지가,2014,764,34. 시도별 지가 변동률(평균),ⅩⅢ. 물가 및 가계,8)루 부명의 주퍼의 형모방 로위로 오주팅 등르트 · 1993,경북,col-ko,0,0.7577,-6.57,-6.57,1.0,전치·패널2,[전치] 8)루 부명의 주퍼의 형모방 로위로 오주팅 등르트 · 1993
지가,2014,764,34. 시도별 지가 변동률(평균),ⅩⅢ. 물가 및 가계,8)루 부명의 주퍼의 형모방 로위로 오주팅 등르트 · 1993,경남,col-ko,0,0.8296,-6.59,-6.59,1.0,전치·패널2,[전치] 8)루 부명의 주퍼의 형모방 로위로 오주팅 등르트 · 1993
지가,2014,764,34. 시도별 지가 변동률(평균),ⅩⅢ. 물가 및 가계,8)루 부명의 주퍼의 형모방 로위로 오주팅 등르트 · 1993,제주,col-en,0,0.9014,-8.70,-8.7,1.0,전치·패널2,[전치] 8)루 부명의 주퍼의 형모방 로위로 오주팅 등르트 · 1993
지가,2014,764,34. 시도별 지가 변동률(평균),ⅩⅢ. 물가 및 가계,8)루 부명의 주퍼의 형모방 로위로 오주팅 등르트 · 1994,경기,col-ko,0,0.3214,-0.26,-0.26,1.0,전치·패널2,[전치] 8)루 부명의 주퍼의 형모방 로위로 오주팅 등르트 · 1994
지가,2014,764,34. 시도별 지가 변동률(평균),ⅩⅢ. 물가 및 가계,8)루 부명의 주퍼의 형모방 로위로 오주팅 등르트 · 1994,충북,col-ko,0,0.4702,-0.40,-0.4,1.0,전치·패널2,[전치] 8)루 부명의 주퍼의 형모방 로위로 오주팅 등르트 · 1994
지가,2014,764,34. 시도별 지가 변동률(평균),ⅩⅢ. 물가 및 가계,8)루 부명의 주퍼의 형모방 로위로 오주팅 등르트 · 1994,충남,col-ko,0,0.539,-0.48,-0.48,1.0,전치·패널2,[전치] 8)루 부명의 주퍼의 형모방 로위로 오주팅 등르트 · 1994
지가,2014,764,34. 시도별 지가 변동률(평균),ⅩⅢ. 물가 및 가계,8)루 부명의 주퍼의 형모방 로위로 오주팅 등르트 · 1994,전북,col-ko,0,0.6119,-0.60,-0.6,1.0,전치·패널2,[전치] 8)루 부명의 주퍼의 형모방 로위로 오주팅 등르트 · 1994
지가,2014,764,34. 시도별 지가 변동률(평균),ⅩⅢ. 물가 및 가계,8)루 부명의 주퍼의 형모방 로위로 오주팅 등르트 · 1994,전남,col-ko,0,0.6838,-0.54,-0.54,1.0,전치·패널2,[전치] 8)루 부명의 주퍼의 형모방 로위로 오주팅 등르트 · 1994
지가,2014,764,34. 시도별 지가 변동률(평균),ⅩⅢ. 물가 및 가계,8)루 부명의 주퍼의 형모방 로위로 오주팅 등르트 · 1994,경북,col-ko,0,0.7577,0.63,0.63,1.0,전치·패널2,[전치] 8)루 부명의 주퍼의 형모방 로위로 오주팅 등르트 · 1994
지가,2014,764,34. 시도별 지가 변동률(평균),ⅩⅢ. 물가 및 가계,8)루 부명의 주퍼의 형모방 로위로 오주팅 등르트 · 1994,경남,col-ko,0,0.8296,-0.64,-0.64,1.0,전치·패널2,[전치] 8)루 부명의 주퍼의 형모방 로위로 오주팅 등르트 · 1994
지가,2014,764,34. 시도별 지가 변동률(평균),ⅩⅢ. 물가 및 가계,8)루 부명의 주퍼의 형모방 로위로 오주팅 등르트 · 1994,제주,col-en,0,0.9014,-0.39,-0.39,1.0,전치·패널2,[전치] 8)루 부명의 주퍼의 형모방 로위로 오주팅 등르트 · 1994
지가,2014,764,34. 시도별 지가 변동률(평균),ⅩⅢ. 물가 및 가계,"8)루 부명의 주퍼의 형모방 로위로 오주팅 등르트 · 1995 -_,",경기,col-ko,0,0.3214,1.46,1.46,1.0,전치·패널2,"[전치] 8)루 부명의 주퍼의 형모방 로위로 오주팅 등르트 · 1995 -_,"
지가,2014,764,34. 시도별 지가 변동률(평균),ⅩⅢ. 물가 및 가계,"8)루 부명의 주퍼의 형모방 로위로 오주팅 등르트 · 1995 -_,",충북,col-ko,0,0.4702,0.39,0.39,1.0,전치·패널2,"[전치] 8)루 부명의 주퍼의 형모방 로위로 오주팅 등르트 · 1995 -_,"
지가,2014,764,34. 시도별 지가 변동률(평균),ⅩⅢ. 물가 및 가계,"8)루 부명의 주퍼의 형모방 로위로 오주팅 등르트 · 1995 -_,",충남,col-ko,0,0.539,-0.27,-0.27,1.0,전치·패널2,"[전치] 8)루 부명의 주퍼의 형모방 로위로 오주팅 등르트 · 1995 -_,"
지가,2014,764,34. 시도별 지가 변동률(평균),ⅩⅢ. 물가 및 가계,"8)루 부명의 주퍼의 형모방 로위로 오주팅 등르트 · 1995 -_,",전북,col-ko,0,0.6119,0.48,0.48,1.0,전치·패널2,"[전치] 8)루 부명의 주퍼의 형모방 로위로 오주팅 등르트 · 1995 -_,"
지가,2014,764,34. 시도별 지가 변동률(평균),ⅩⅢ. 물가 및 가계,"8)루 부명의 주퍼의 형모방 로위로 오주팅 등르트 · 1995 -_,",전남,col-ko,0,0.6838,0.20,0.2,1.0,전치·패널2,"[전치] 8)루 부명의 주퍼의 형모방 로위로 오주팅 등르트 · 1995 -_,"
지가,2014,764,34. 시도별 지가 변동률(평균),ⅩⅢ. 물가 및 가계,"8)루 부명의 주퍼의 형모방 로위로 오주팅 등르트 · 1995 -_,",경남,col-ko,0,0.8296,0.56,0.56,1.0,전치·패널2,"[전치] 8)루 부명의 주퍼의 형모방 로위로 오주팅 등르트 · 1995 -_,"
지가,2014,764,34. 시도별 지가 변동률(평균),ⅩⅢ. 물가 및 가계,"8)루 부명의 주퍼의 형모방 로위로 오주팅 등르트 · 1995 -_,",제주,col-en,0,0.9014,-0.15,-0.15,1.0,전치·패널2,"[전치] 8)루 부명의 주퍼의 형모방 로위로 오주팅 등르트 · 1995 -_,"
지가,2014,764,34. 시도별 지가 변동률(평균),ⅩⅢ. 물가 및 가계,8)루 부명의 주퍼의 형모방 로위로 오주팅 등르트 · 1996,경기,col-ko,0,0.3214,1.20,1.2,1.0,전치·패널2,[전치] 8)루 부명의 주퍼의 형모방 로위로 오주팅 등르트 · 1996
지가,2014,764,34. 시도별 지가 변동률(평균),ⅩⅢ. 물가 및 가계,8)루 부명의 주퍼의 형모방 로위로 오주팅 등르트 · 1996,충북,col-ko,0,0.4702,0.7,0.7,0.3,전치·패널2|저신뢰,[전치] 8)루 부명의 주퍼의 형모방 로위로 오주팅 등르트 · 1996
지가,2014,764,34. 시도별 지가 변동률(평균),ⅩⅢ. 물가 및 가계,8)루 부명의 주퍼의 형모방 로위로 오주팅 등르트 · 1996,충남,col-ko,0,0.539,1.08,1.08,1.0,전치·패널2,[전치] 8)루 부명의 주퍼의 형모방 로위로 오주팅 등르트 · 1996
지가,2014,764,34. 시도별 지가 변동률(평균),ⅩⅢ. 물가 및 가계,8)루 부명의 주퍼의 형모방 로위로 오주팅 등르트 · 1996,전북,col-ko,0,0.6119,1.13,1.13,1.0,전치·패널2,[전치] 8)루 부명의 주퍼의 형모방 로위로 오주팅 등르트 · 1996
지가,2014,764,34. 시도별 지가 변동률(평균),ⅩⅢ. 물가 및 가계,8)루 부명의 주퍼의 형모방 로위로 오주팅 등르트 · 1996,전남,col-ko,0,0.6838,0.83,0.83,1.0,전치·패널2,[전치] 8)루 부명의 주퍼의 형모방 로위로 오주팅 등르트 · 1996
지가,2014,764,34. 시도별 지가 변동률(평균),ⅩⅢ. 물가 및 가계,8)루 부명의 주퍼의 형모방 로위로 오주팅 등르트 · 1996,경북,col-ko,0,0.7577,1.25,1.25,1.0,전치·패널2,[전치] 8)루 부명의 주퍼의 형모방 로위로 오주팅 등르트 · 1996
지가,2014,764,34. 시도별 지가 변동률(평균),ⅩⅢ. 물가 및 가계,8)루 부명의 주퍼의 형모방 로위로 오주팅 등르트 · 1996,경남,col-ko,0,0.8296,0.98,0.98,1.0,전치·패널2,[전치] 8)루 부명의 주퍼의 형모방 로위로 오주팅 등르트 · 1996
지가,2014,764,34. 시도별 지가 변동률(평균),ⅩⅢ. 물가 및 가계,8)루 부명의 주퍼의 형모방 로위로 오주팅 등르트 · 1996,제주,col-en,0,0.9014,0.30,0.3,1.0,전치·패널2,[전치] 8)루 부명의 주퍼의 형모방 로위로 오주팅 등르트 · 1996
지가,2014,764,34. 시도별 지가 변동률(평균),ⅩⅢ. 물가 및 가계,8)루 부명의 주퍼의 형모방 로위로 오주팅 등르트 · 1997,경기,col-ko,0,0.3214,0.65,0.65,1.0,전치·패널2,[전치] 8)루 부명의 주퍼의 형모방 로위로 오주팅 등르트 · 1997
지가,2014,764,34. 시도별 지가 변동률(평균),ⅩⅢ. 물가 및 가계,8)루 부명의 주퍼의 형모방 로위로 오주팅 등르트 · 1997,충북,col-ko,0,0.4702,1.02,1.02,1.0,전치·패널2,[전치] 8)루 부명의 주퍼의 형모방 로위로 오주팅 등르트 · 1997
지가,2014,764,34. 시도별 지가 변동률(평균),ⅩⅢ. 물가 및 가계,8)루 부명의 주퍼의 형모방 로위로 오주팅 등르트 · 1997,충남,col-ko,0,0.539,1.13,1.13,1.0,전치·패널2,[전치] 8)루 부명의 주퍼의 형모방 로위로 오주팅 등르트 · 1997
지가,2014,764,34. 시도별 지가 변동률(평균),ⅩⅢ. 물가 및 가계,8)루 부명의 주퍼의 형모방 로위로 오주팅 등르트 · 1997,전북,col-ko,0,0.6119,0.57,0.57,1.0,전치·패널2,[전치] 8)루 부명의 주퍼의 형모방 로위로 오주팅 등르트 · 1997
지가,2014,764,34. 시도별 지가 변동률(평균),ⅩⅢ. 물가 및 가계,8)루 부명의 주퍼의 형모방 로위로 오주팅 등르트 · 1997,전남,col-ko,0,0.6838,0.69,0.69,1.0,전치·패널2,[전치] 8)루 부명의 주퍼의 형모방 로위로 오주팅 등르트 · 1997
지가,2014,764,34. 시도별 지가 변동률(평균),ⅩⅢ. 물가 및 가계,8)루 부명의 주퍼의 형모방 로위로 오주팅 등르트 · 1997,경북,col-ko,0,0.7577,0.38,0.38,1.0,전치·패널2,[전치] 8)루 부명의 주퍼의 형모방 로위로 오주팅 등르트 · 1997
지가,2014,764,34. 시도별 지가 변동률(평균),ⅩⅢ. 물가 및 가계,8)루 부명의 주퍼의 형모방 로위로 오주팅 등르트 · 1997,경남,col-ko,0,0.8296,0.26,0.26,1.0,전치·패널2,[전치] 8)루 부명의 주퍼의 형모방 로위로 오주팅 등르트 · 1997
지가,2014,764,34. 시도별 지가 변동률(평균),ⅩⅢ. 물가 및 가계,8)루 부명의 주퍼의 형모방 로위로 오주팅 등르트 · 1997,제주,col-en,0,0.9014,0.38,0.38,1.0,전치·패널2,[전치] 8)루 부명의 주퍼의 형모방 로위로 오주팅 등르트 · 1997
지가,2014,764,34. 시도별 지가 변동률(평균),ⅩⅢ. 물가 및 가계,8)루 부명의 주퍼의 형모방 로위로 오주팅 등르트 · 1998 :,경기,col-ko,0,0.3214,-14.65,-14.65,0.5,전치·패널2,[전치] 8)루 부명의 주퍼의 형모방 로위로 오주팅 등르트 · 1998 :
지가,2014,764,34. 시도별 지가 변동률(평균),ⅩⅢ. 물가 및 가계,8)루 부명의 주퍼의 형모방 로위로 오주팅 등르트 · 1998 :,충북,col-ko,0,0.4702,-7.13,-7.13,0.5,전치·패널2,[전치] 8)루 부명의 주퍼의 형모방 로위로 오주팅 등르트 · 1998 :
지가,2014,764,34. 시도별 지가 변동률(평균),ⅩⅢ. 물가 및 가계,8)루 부명의 주퍼의 형모방 로위로 오주팅 등르트 · 1998 :,충남,col-ko,0,0.539,-7.11,-7.11,1.0,전치·패널2,[전치] 8)루 부명의 주퍼의 형모방 로위로 오주팅 등르트 · 1998 :
지가,2014,764,34. 시도별 지가 변동률(평균),ⅩⅢ. 물가 및 가계,8)루 부명의 주퍼의 형모방 로위로 오주팅 등르트 · 1998 :,전북,col-ko,0,0.6119,-5.60,-5.6,1.0,전치·패널2,[전치] 8)루 부명의 주퍼의 형모방 로위로 오주팅 등르트 · 1998 :
지가,2014,764,34. 시도별 지가 변동률(평균),ⅩⅢ. 물가 및 가계,8)루 부명의 주퍼의 형모방 로위로 오주팅 등르트 · 1998 :,전남,col-ko,0,0.6838,-6.96,-6.96,1.0,전치·패널2,[전치] 8)루 부명의 주퍼의 형모방 로위로 오주팅 등르트 · 1998 :
지가,2014,764,34. 시도별 지가 변동률(평균),ⅩⅢ. 물가 및 가계,8)루 부명의 주퍼의 형모방 로위로 오주팅 등르트 · 1998 :,경북,col-ko,0,0.7577,-10.76,-10.76,1.0,전치·패널2,[전치] 8)루 부명의 주퍼의 형모방 로위로 오주팅 등르트 · 1998 :
지가,2014,764,34. 시도별 지가 변동률(평균),ⅩⅢ. 물가 및 가계,8)루 부명의 주퍼의 형모방 로위로 오주팅 등르트 · 1998 :,경남,col-ko,0,0.8296,-14.12,-14.12,1.0,전치·패널2,[전치] 8)루 부명의 주퍼의 형모방 로위로 오주팅 등르트 · 1998 :
지가,2014,764,34. 시도별 지가 변동률(평균),ⅩⅢ. 물가 및 가계,8)루 부명의 주퍼의 형모방 로위로 오주팅 등르트 · 1998 :,제주,col-en,0,0.9014,-8.13,-8.13,0.5,전치·패널2,[전치] 8)루 부명의 주퍼의 형모방 로위로 오주팅 등르트 · 1998 :
지가,2014,764,34. 시도별 지가 변동률(평균),ⅩⅢ. 물가 및 가계,8)루 부명의 주퍼의 형모방 로위로 오주팅 등르트 · 1999,경기,col-ko,0,0.3214,4.52,4.52,1.0,전치·패널2,[전치] 8)루 부명의 주퍼의 형모방 로위로 오주팅 등르트 · 1999
지가,2014,764,34. 시도별 지가 변동률(평균),ⅩⅢ. 물가 및 가계,8)루 부명의 주퍼의 형모방 로위로 오주팅 등르트 · 1999,충북,col-ko,0,0.4702,4.10,4.1,1.0,전치·패널2,[전치] 8)루 부명의 주퍼의 형모방 로위로 오주팅 등르트 · 1999
지가,2014,764,34. 시도별 지가 변동률(평균),ⅩⅢ. 물가 및 가계,8)루 부명의 주퍼의 형모방 로위로 오주팅 등르트 · 1999,충남,col-ko,0,0.539,3.18,3.18,1.0,전치·패널2,[전치] 8)루 부명의 주퍼의 형모방 로위로 오주팅 등르트 · 1999
지가,2014,764,34. 시도별 지가 변동률(평균),ⅩⅢ. 물가 및 가계,8)루 부명의 주퍼의 형모방 로위로 오주팅 등르트 · 1999,전북,col-ko,0,0.6119,2.17,2.17,1.0,전치·패널2,[전치] 8)루 부명의 주퍼의 형모방 로위로 오주팅 등르트 · 1999
지가,2014,764,34. 시도별 지가 변동률(평균),ⅩⅢ. 물가 및 가계,8)루 부명의 주퍼의 형모방 로위로 오주팅 등르트 · 1999,전남,col-ko,0,0.6838,4.50,4.5,1.0,전치·패널2,[전치] 8)루 부명의 주퍼의 형모방 로위로 오주팅 등르트 · 1999
지가,2014,764,34. 시도별 지가 변동률(평균),ⅩⅢ. 물가 및 가계,8)루 부명의 주퍼의 형모방 로위로 오주팅 등르트 · 1999,경북,col-ko,0,0.7577,2.73,2.73,1.0,전치·패널2,[전치] 8)루 부명의 주퍼의 형모방 로위로 오주팅 등르트 · 1999
지가,2014,764,34. 시도별 지가 변동률(평균),ⅩⅢ. 물가 및 가계,8)루 부명의 주퍼의 형모방 로위로 오주팅 등르트 · 1999,경남,col-ko,0,0.8296,2.21,2.21,1.0,전치·패널2,[전치] 8)루 부명의 주퍼의 형모방 로위로 오주팅 등르트 · 1999
지가,2014,764,34. 시도별 지가 변동률(평균),ⅩⅢ. 물가 및 가계,8)루 부명의 주퍼의 형모방 로위로 오주팅 등르트 · 1999,제주,col-en,0,0.9014,6.82,6.82,1.0,전치·패널2,[전치] 8)루 부명의 주퍼의 형모방 로위로 오주팅 등르트 · 1999
지가,2014,764,34. 시도별 지가 변동률(평균),ⅩⅢ. 물가 및 가계,8)루 부명의 주퍼의 형모방 로위로 오주팅 등르트 · 2000,경기,col-ko,0,0.3214,1.92,1.92,1.0,전치·패널2,[전치] 8)루 부명의 주퍼의 형모방 로위로 오주팅 등르트 · 2000
지가,2014,764,34. 시도별 지가 변동률(평균),ⅩⅢ. 물가 및 가계,8)루 부명의 주퍼의 형모방 로위로 오주팅 등르트 · 2000,충북,col-ko,0,0.4702,1.12,1.12,1.0,전치·패널2,[전치] 8)루 부명의 주퍼의 형모방 로위로 오주팅 등르트 · 2000
지가,2014,764,34. 시도별 지가 변동률(평균),ⅩⅢ. 물가 및 가계,8)루 부명의 주퍼의 형모방 로위로 오주팅 등르트 · 2000,충남,col-ko,0,0.539,1.18,1.18,1.0,전치·패널2,[전치] 8)루 부명의 주퍼의 형모방 로위로 오주팅 등르트 · 2000
지가,2014,764,34. 시도별 지가 변동률(평균),ⅩⅢ. 물가 및 가계,8)루 부명의 주퍼의 형모방 로위로 오주팅 등르트 · 2000,전북,col-ko,0,0.6119,1.13,1.13,1.0,전치·패널2,[전치] 8)루 부명의 주퍼의 형모방 로위로 오주팅 등르트 · 2000
지가,2014,764,34. 시도별 지가 변동률(평균),ⅩⅢ. 물가 및 가계,8)루 부명의 주퍼의 형모방 로위로 오주팅 등르트 · 2000,전남,col-ko,0,0.6838,1.94,1.94,1.0,전치·패널2,[전치] 8)루 부명의 주퍼의 형모방 로위로 오주팅 등르트 · 2000
지가,2014,764,34. 시도별 지가 변동률(평균),ⅩⅢ. 물가 및 가계,8)루 부명의 주퍼의 형모방 로위로 오주팅 등르트 · 2000,경북,col-ko,0,0.7577,0.72,0.72,0.3,전치·패널2|저신뢰,[전치] 8)루 부명의 주퍼의 형모방 로위로 오주팅 등르트 · 2000
지가,2014,764,34. 시도별 지가 변동률(평균),ⅩⅢ. 물가 및 가계,8)루 부명의 주퍼의 형모방 로위로 오주팅 등르트 · 2000,경남,col-ko,0,0.8296,1.15,1.15,1.0,전치·패널2,[전치] 8)루 부명의 주퍼의 형모방 로위로 오주팅 등르트 · 2000
지가,2014,764,34. 시도별 지가 변동률(평균),ⅩⅢ. 물가 및 가계,8)루 부명의 주퍼의 형모방 로위로 오주팅 등르트 · 2000,제주,col-en,0,0.9014,2.18,2.18,1.0,전치·패널2,[전치] 8)루 부명의 주퍼의 형모방 로위로 오주팅 등르트 · 2000
지가,2014,764,34. 시도별 지가 변동률(평균),ⅩⅢ. 물가 및 가계,"8)루 부명의 주퍼의 형모방 로위로 오주팅 등르트 · 2001 •,,",경기,col-ko,0,0.3214,1.91,1.91,1.0,전치·패널2,"[전치] 8)루 부명의 주퍼의 형모방 로위로 오주팅 등르트 · 2001 •,,"
지가,2014,764,34. 시도별 지가 변동률(평균),ⅩⅢ. 물가 및 가계,"8)루 부명의 주퍼의 형모방 로위로 오주팅 등르트 · 2001 •,,",충북,col-ko,0,0.4702,0.41,0.41,1.0,전치·패널2,"[전치] 8)루 부명의 주퍼의 형모방 로위로 오주팅 등르트 · 2001 •,,"
지가,2014,764,34. 시도별 지가 변동률(평균),ⅩⅢ. 물가 및 가계,"8)루 부명의 주퍼의 형모방 로위로 오주팅 등르트 · 2001 •,,",충남,col-ko,0,0.539,0.36,0.36,1.0,전치·패널2,"[전치] 8)루 부명의 주퍼의 형모방 로위로 오주팅 등르트 · 2001 •,,"
지가,2014,764,34. 시도별 지가 변동률(평균),ⅩⅢ. 물가 및 가계,"8)루 부명의 주퍼의 형모방 로위로 오주팅 등르트 · 2001 •,,",전북,col-ko,0,0.6119,-0.13,-0.13,1.0,전치·패널2,"[전치] 8)루 부명의 주퍼의 형모방 로위로 오주팅 등르트 · 2001 •,,"
지가,2014,764,34. 시도별 지가 변동률(평균),ⅩⅢ. 물가 및 가계,"8)루 부명의 주퍼의 형모방 로위로 오주팅 등르트 · 2001 •,,",전남,col-ko,0,0.6838,0.35,0.35,1.0,전치·패널2,"[전치] 8)루 부명의 주퍼의 형모방 로위로 오주팅 등르트 · 2001 •,,"
지가,2014,764,34. 시도별 지가 변동률(평균),ⅩⅢ. 물가 및 가계,"8)루 부명의 주퍼의 형모방 로위로 오주팅 등르트 · 2001 •,,",경북,col-ko,0,0.7577,0.51,0.51,1.0,전치·패널2,"[전치] 8)루 부명의 주퍼의 형모방 로위로 오주팅 등르트 · 2001 •,,"
지가,2014,764,34. 시도별 지가 변동률(평균),ⅩⅢ. 물가 및 가계,"8)루 부명의 주퍼의 형모방 로위로 오주팅 등르트 · 2001 •,,",경남,col-ko,0,0.8296,0.94,0.94,1.0,전치·패널2,"[전치] 8)루 부명의 주퍼의 형모방 로위로 오주팅 등르트 · 2001 •,,"
지가,2014,764,34. 시도별 지가 변동률(평균),ⅩⅢ. 물가 및 가계,"8)루 부명의 주퍼의 형모방 로위로 오주팅 등르트 · 2001 •,,",제주,col-en,0,0.9014,3.13,3.13,1.0,전치·패널2,"[전치] 8)루 부명의 주퍼의 형모방 로위로 오주팅 등르트 · 2001 •,,"
지가,2014,764,34. 시도별 지가 변동률(평균),ⅩⅢ. 물가 및 가계,8)루 부명의 주퍼의 형모방 로위로 오주팅 등르트 · 2002,경기,col-ko,0,0.3214,13.06,13.06,1.0,전치·패널2,[전치] 8)루 부명의 주퍼의 형모방 로위로 오주팅 등르트 · 2002
지가,2014,764,34. 시도별 지가 변동률(평균),ⅩⅢ. 물가 및 가계,8)루 부명의 주퍼의 형모방 로위로 오주팅 등르트 · 2002,충북,col-ko,0,0.4702,3.02,3.02,1.0,전치·패널2,[전치] 8)루 부명의 주퍼의 형모방 로위로 오주팅 등르트 · 2002
지가,2014,764,34. 시도별 지가 변동률(평균),ⅩⅢ. 물가 및 가계,8)루 부명의 주퍼의 형모방 로위로 오주팅 등르트 · 2002,충남,col-ko,0,0.539,2.48,2.48,1.0,전치·패널2,[전치] 8)루 부명의 주퍼의 형모방 로위로 오주팅 등르트 · 2002
지가,2014,764,34. 시도별 지가 변동률(평균),ⅩⅢ. 물가 및 가계,8)루 부명의 주퍼의 형모방 로위로 오주팅 등르트 · 2002,전북,col-ko,0,0.6119,0.64,0.64,1.0,전치·패널2,[전치] 8)루 부명의 주퍼의 형모방 로위로 오주팅 등르트 · 2002
지가,2014,764,34. 시도별 지가 변동률(평균),ⅩⅢ. 물가 및 가계,8)루 부명의 주퍼의 형모방 로위로 오주팅 등르트 · 2002,전남,col-ko,0,0.6838,0.95,0.95,1.0,전치·패널2,[전치] 8)루 부명의 주퍼의 형모방 로위로 오주팅 등르트 · 2002
지가,2014,764,34. 시도별 지가 변동률(평균),ⅩⅢ. 물가 및 가계,8)루 부명의 주퍼의 형모방 로위로 오주팅 등르트 · 2002,경북,col-ko,0,0.7577,2.06,2.06,1.0,전치·패널2,[전치] 8)루 부명의 주퍼의 형모방 로위로 오주팅 등르트 · 2002
지가,2014,764,34. 시도별 지가 변동률(평균),ⅩⅢ. 물가 및 가계,8)루 부명의 주퍼의 형모방 로위로 오주팅 등르트 · 2002,경남,col-ko,0,0.8296,"2,22",222,1.0,전치·패널2,[전치] 8)루 부명의 주퍼의 형모방 로위로 오주팅 등르트 · 2002
지가,2014,764,34. 시도별 지가 변동률(평균),ⅩⅢ. 물가 및 가계,8)루 부명의 주퍼의 형모방 로위로 오주팅 등르트 · 2002,제주,col-en,0,0.9014,6.01,6.01,1.0,전치·패널2,[전치] 8)루 부명의 주퍼의 형모방 로위로 오주팅 등르트 · 2002
지가,2014,764,34. 시도별 지가 변동률(평균),ⅩⅢ. 물가 및 가계,8)루 부명의 주퍼의 형모방 로위로 오주팅 등르트 · 2003,경기,col-ko,0,0.3214,5.12,5.12,1.0,전치·패널2,[전치] 8)루 부명의 주퍼의 형모방 로위로 오주팅 등르트 · 2003
지가,2014,764,34. 시도별 지가 변동률(평균),ⅩⅢ. 물가 및 가계,8)루 부명의 주퍼의 형모방 로위로 오주팅 등르트 · 2003,충북,col-ko,0,0.4702,2.54,2.54,1.0,전치·패널2,[전치] 8)루 부명의 주퍼의 형모방 로위로 오주팅 등르트 · 2003
지가,2014,764,34. 시도별 지가 변동률(평균),ⅩⅢ. 물가 및 가계,8)루 부명의 주퍼의 형모방 로위로 오주팅 등르트 · 2003,충남,col-ko,0,0.539,4.81,4.81,1.0,전치·패널2,[전치] 8)루 부명의 주퍼의 형모방 로위로 오주팅 등르트 · 2003
지가,2014,764,34. 시도별 지가 변동률(평균),ⅩⅢ. 물가 및 가계,8)루 부명의 주퍼의 형모방 로위로 오주팅 등르트 · 2003,전북,col-ko,0,0.6119,0.96,0.96,1.0,전치·패널2,[전치] 8)루 부명의 주퍼의 형모방 로위로 오주팅 등르트 · 2003
지가,2014,764,34. 시도별 지가 변동률(평균),ⅩⅢ. 물가 및 가계,8)루 부명의 주퍼의 형모방 로위로 오주팅 등르트 · 2003,전남,col-ko,0,0.6838,0.50,0.5,1.0,전치·패널2,[전치] 8)루 부명의 주퍼의 형모방 로위로 오주팅 등르트 · 2003
지가,2014,764,34. 시도별 지가 변동률(평균),ⅩⅢ. 물가 및 가계,8)루 부명의 주퍼의 형모방 로위로 오주팅 등르트 · 2003,경북,col-ko,0,0.7577,0.15,0.15,1.0,전치·패널2,[전치] 8)루 부명의 주퍼의 형모방 로위로 오주팅 등르트 · 2003
지가,2014,764,34. 시도별 지가 변동률(평균),ⅩⅢ. 물가 및 가계,8)루 부명의 주퍼의 형모방 로위로 오주팅 등르트 · 2003,경남,col-ko,0,0.8296,1.38,1.38,1.0,전치·패널2,[전치] 8)루 부명의 주퍼의 형모방 로위로 오주팅 등르트 · 2003
지가,2014,764,34. 시도별 지가 변동률(평균),ⅩⅢ. 물가 및 가계,8)루 부명의 주퍼의 형모방 로위로 오주팅 등르트 · 2003,제주,col-en,0,0.9014,1.25,1.25,1.0,전치·패널2,[전치] 8)루 부명의 주퍼의 형모방 로위로 오주팅 등르트 · 2003
지가,2014,764,34. 시도별 지가 변동률(평균),ⅩⅢ. 물가 및 가계,"8)루 부명의 주퍼의 형모방 로위로 오주팅 등르트 · 2004 •.,",경기,col-ko,0,0.3214,6.12,6.12,0.5,전치·패널2,"[전치] 8)루 부명의 주퍼의 형모방 로위로 오주팅 등르트 · 2004 •.,"
지가,2014,764,34. 시도별 지가 변동률(평균),ⅩⅢ. 물가 및 가계,"8)루 부명의 주퍼의 형모방 로위로 오주팅 등르트 · 2004 •.,",충북,col-ko,0,0.4702,3.83,3.83,1.0,전치·패널2,"[전치] 8)루 부명의 주퍼의 형모방 로위로 오주팅 등르트 · 2004 •.,"
지가,2014,764,34. 시도별 지가 변동률(평균),ⅩⅢ. 물가 및 가계,"8)루 부명의 주퍼의 형모방 로위로 오주팅 등르트 · 2004 •.,",충남,col-ko,0,0.539,11.65,11.65,1.0,전치·패널2,"[전치] 8)루 부명의 주퍼의 형모방 로위로 오주팅 등르트 · 2004 •.,"
지가,2014,764,34. 시도별 지가 변동률(평균),ⅩⅢ. 물가 및 가계,"8)루 부명의 주퍼의 형모방 로위로 오주팅 등르트 · 2004 •.,",전북,col-ko,0,0.6119,0.70,0.7,1.0,전치·패널2,"[전치] 8)루 부명의 주퍼의 형모방 로위로 오주팅 등르트 · 2004 •.,"
지가,2014,764,34. 시도별 지가 변동률(평균),ⅩⅢ. 물가 및 가계,"8)루 부명의 주퍼의 형모방 로위로 오주팅 등르트 · 2004 •.,",전남,col-ko,0,0.6838,0.93,0.93,1.0,전치·패널2,"[전치] 8)루 부명의 주퍼의 형모방 로위로 오주팅 등르트 · 2004 •.,"
지가,2014,764,34. 시도별 지가 변동률(평균),ⅩⅢ. 물가 및 가계,"8)루 부명의 주퍼의 형모방 로위로 오주팅 등르트 · 2004 •.,",경북,col-ko,0,0.7577,2.11,2.11,1.0,전치·패널2,"[전치] 8)루 부명의 주퍼의 형모방 로위로 오주팅 등르트 · 2004 •.,"
지가,2014,764,34. 시도별 지가 변동률(평균),ⅩⅢ. 물가 및 가계,"8)루 부명의 주퍼의 형모방 로위로 오주팅 등르트 · 2004 •.,",경남,col-ko,0,0.8296,3.09,3.09,1.0,전치·패널2,"[전치] 8)루 부명의 주퍼의 형모방 로위로 오주팅 등르트 · 2004 •.,"
지가,2014,764,34. 시도별 지가 변동률(평균),ⅩⅢ. 물가 및 가계,"8)루 부명의 주퍼의 형모방 로위로 오주팅 등르트 · 2004 •.,",제주,col-en,0,0.9014,1.96,1.96,1.0,전치·패널2,"[전치] 8)루 부명의 주퍼의 형모방 로위로 오주팅 등르트 · 2004 •.,"
지가,2014,764,34. 시도별 지가 변동률(평균),ⅩⅢ. 물가 및 가계,8)루 부명의 주퍼의 형모방 로위로 오주팅 등르트 · 2005,경기,col-ko,0,0.3214,5.69,5.69,1.0,전치·패널2,[전치] 8)루 부명의 주퍼의 형모방 로위로 오주팅 등르트 · 2005
지가,2014,764,34. 시도별 지가 변동률(평균),ⅩⅢ. 물가 및 가계,8)루 부명의 주퍼의 형모방 로위로 오주팅 등르트 · 2005,충북,col-ko,0,0.4702,4.98,4.98,1.0,전치·패널2,[전치] 8)루 부명의 주퍼의 형모방 로위로 오주팅 등르트 · 2005
지가,2014,764,34. 시도별 지가 변동률(평균),ⅩⅢ. 물가 및 가계,8)루 부명의 주퍼의 형모방 로위로 오주팅 등르트 · 2005,충남,col-ko,0,0.539,8.32,8.32,1.0,전치·패널2,[전치] 8)루 부명의 주퍼의 형모방 로위로 오주팅 등르트 · 2005
지가,2014,764,34. 시도별 지가 변동률(평균),ⅩⅢ. 물가 및 가계,8)루 부명의 주퍼의 형모방 로위로 오주팅 등르트 · 2005,전북,col-ko,0,0.6119,1.38,1.38,1.0,전치·패널2,[전치] 8)루 부명의 주퍼의 형모방 로위로 오주팅 등르트 · 2005
지가,2014,764,34. 시도별 지가 변동률(평균),ⅩⅢ. 물가 및 가계,8)루 부명의 주퍼의 형모방 로위로 오주팅 등르트 · 2005,전남,col-ko,0,0.6838,2.45,2.45,1.0,전치·패널2,[전치] 8)루 부명의 주퍼의 형모방 로위로 오주팅 등르트 · 2005
지가,2014,764,34. 시도별 지가 변동률(평균),ⅩⅢ. 물가 및 가계,8)루 부명의 주퍼의 형모방 로위로 오주팅 등르트 · 2005,경북,col-ko,0,0.7577,2.19,2.19,1.0,전치·패널2,[전치] 8)루 부명의 주퍼의 형모방 로위로 오주팅 등르트 · 2005
지가,2014,764,34. 시도별 지가 변동률(평균),ⅩⅢ. 물가 및 가계,8)루 부명의 주퍼의 형모방 로위로 오주팅 등르트 · 2005,경남,col-ko,0,0.8296,2.81,2.81,1.0,전치·패널2,[전치] 8)루 부명의 주퍼의 형모방 로위로 오주팅 등르트 · 2005
지가,2014,764,34. 시도별 지가 변동률(평균),ⅩⅢ. 물가 및 가계,8)루 부명의 주퍼의 형모방 로위로 오주팅 등르트 · 2005,제주,col-en,0,0.9014,2.12,2.12,0.5,전치·패널2,[전치] 8)루 부명의 주퍼의 형모방 로위로 오주팅 등르트 · 2005
지가,2014,764,34. 시도별 지가 변동률(평균),ⅩⅢ. 물가 및 가계,8)루 부명의 주퍼의 형모방 로위로 오주팅 등르트 · 2006,경기,col-ko,0,0.3214,5.07,5.07,1.0,전치·패널2,[전치] 8)루 부명의 주퍼의 형모방 로위로 오주팅 등르트 · 2006
지가,2014,764,34. 시도별 지가 변동률(평균),ⅩⅢ. 물가 및 가계,8)루 부명의 주퍼의 형모방 로위로 오주팅 등르트 · 2006,충북,col-ko,0,0.4702,4.37,4.37,1.0,전치·패널2,[전치] 8)루 부명의 주퍼의 형모방 로위로 오주팅 등르트 · 2006
지가,2014,764,34. 시도별 지가 변동률(평균),ⅩⅢ. 물가 및 가계,8)루 부명의 주퍼의 형모방 로위로 오주팅 등르트 · 2006,충남,col-ko,0,0.539,5.55,5.55,1.0,전치·패널2,[전치] 8)루 부명의 주퍼의 형모방 로위로 오주팅 등르트 · 2006
지가,2014,764,34. 시도별 지가 변동률(평균),ⅩⅢ. 물가 및 가계,8)루 부명의 주퍼의 형모방 로위로 오주팅 등르트 · 2006,전북,col-ko,0,0.6119,1.29,1.29,1.0,전치·패널2,[전치] 8)루 부명의 주퍼의 형모방 로위로 오주팅 등르트 · 2006
지가,2014,764,34. 시도별 지가 변동률(평균),ⅩⅢ. 물가 및 가계,8)루 부명의 주퍼의 형모방 로위로 오주팅 등르트 · 2006,전남,col-ko,0,0.6838,1.91,1.91,1.0,전치·패널2,[전치] 8)루 부명의 주퍼의 형모방 로위로 오주팅 등르트 · 2006
지가,2014,764,34. 시도별 지가 변동률(평균),ⅩⅢ. 물가 및 가계,8)루 부명의 주퍼의 형모방 로위로 오주팅 등르트 · 2006,경북,col-ko,0,0.7577,2.52,2.52,1.0,전치·패널2,[전치] 8)루 부명의 주퍼의 형모방 로위로 오주팅 등르트 · 2006
지가,2014,764,34. 시도별 지가 변동률(평균),ⅩⅢ. 물가 및 가계,8)루 부명의 주퍼의 형모방 로위로 오주팅 등르트 · 2006,경남,col-ko,0,0.8296,2.56,2.56,1.0,전치·패널2,[전치] 8)루 부명의 주퍼의 형모방 로위로 오주팅 등르트 · 2006
지가,2014,764,34. 시도별 지가 변동률(평균),ⅩⅢ. 물가 및 가계,8)루 부명의 주퍼의 형모방 로위로 오주팅 등르트 · 2006,제주,col-en,0,0.9014,2.10,2.1,0.5,전치·패널2,[전치] 8)루 부명의 주퍼의 형모방 로위로 오주팅 등르트 · 2006
지가,2014,764,34. 시도별 지가 변동률(평균),ⅩⅢ. 물가 및 가계,8)루 부명의 주퍼의 형모방 로위로 오주팅 등르트 · 2007 -..,경기,col-ko,0,0.3214,4.23,4.23,1.0,전치·패널2,[전치] 8)루 부명의 주퍼의 형모방 로위로 오주팅 등르트 · 2007 -..
지가,2014,764,34. 시도별 지가 변동률(평균),ⅩⅢ. 물가 및 가계,8)루 부명의 주퍼의 형모방 로위로 오주팅 등르트 · 2007 -..,충북,col-ko,0,0.4702,1.27,1.27,1.0,전치·패널2,[전치] 8)루 부명의 주퍼의 형모방 로위로 오주팅 등르트 · 2007 -..
지가,2014,764,34. 시도별 지가 변동률(평균),ⅩⅢ. 물가 및 가계,8)루 부명의 주퍼의 형모방 로위로 오주팅 등르트 · 2007 -..,충남,col-ko,0,0.539,2.03,2.03,1.0,전치·패널2,[전치] 8)루 부명의 주퍼의 형모방 로위로 오주팅 등르트 · 2007 -..
지가,2014,764,34. 시도별 지가 변동률(평균),ⅩⅢ. 물가 및 가계,8)루 부명의 주퍼의 형모방 로위로 오주팅 등르트 · 2007 -..,전북,col-ko,0,0.6119,1.21,1.21,1.0,전치·패널2,[전치] 8)루 부명의 주퍼의 형모방 로위로 오주팅 등르트 · 2007 -..
지가,2014,764,34. 시도별 지가 변동률(평균),ⅩⅢ. 물가 및 가계,8)루 부명의 주퍼의 형모방 로위로 오주팅 등르트 · 2007 -..,전남,col-ko,0,0.6838,1.31,1.31,1.0,전치·패널2,[전치] 8)루 부명의 주퍼의 형모방 로위로 오주팅 등르트 · 2007 -..
지가,2014,764,34. 시도별 지가 변동률(평균),ⅩⅢ. 물가 및 가계,8)루 부명의 주퍼의 형모방 로위로 오주팅 등르트 · 2007 -..,경북,col-ko,0,0.7577,1.68,1.68,1.0,전치·패널2,[전치] 8)루 부명의 주퍼의 형모방 로위로 오주팅 등르트 · 2007 -..
지가,2014,764,34. 시도별 지가 변동률(평균),ⅩⅢ. 물가 및 가계,8)루 부명의 주퍼의 형모방 로위로 오주팅 등르트 · 2007 -..,경남,col-ko,0,0.8296,2.22,2.22,1.0,전치·패널2,[전치] 8)루 부명의 주퍼의 형모방 로위로 오주팅 등르트 · 2007 -..
지가,2014,764,34. 시도별 지가 변동률(평균),ⅩⅢ. 물가 및 가계,8)루 부명의 주퍼의 형모방 로위로 오주팅 등르트 · 2007 -..,제주,col-en,0,0.9014,1.67,1.67,1.0,전치·패널2,[전치] 8)루 부명의 주퍼의 형모방 로위로 오주팅 등르트 · 2007 -..
지가,2014,764,34. 시도별 지가 변동률(평균),ⅩⅢ. 물가 및 가계,8)루 부명의 주퍼의 형모방 로위로 오주팅 등르트 · 2008,경기,col-ko,0,0.3214,-0.27,-0.27,1.0,전치·패널2,[전치] 8)루 부명의 주퍼의 형모방 로위로 오주팅 등르트 · 2008
지가,2014,764,34. 시도별 지가 변동률(평균),ⅩⅢ. 물가 및 가계,8)루 부명의 주퍼의 형모방 로위로 오주팅 등르트 · 2008,충북,col-ko,0,0.4702,-0.36,-0.36,1.0,전치·패널2,[전치] 8)루 부명의 주퍼의 형모방 로위로 오주팅 등르트 · 2008
지가,2014,764,34. 시도별 지가 변동률(평균),ⅩⅢ. 물가 및 가계,8)루 부명의 주퍼의 형모방 로위로 오주팅 등르트 · 2008,충남,col-ko,0,0.539,-0.12,-0.12,1.0,전치·패널2,[전치] 8)루 부명의 주퍼의 형모방 로위로 오주팅 등르트 · 2008
지가,2014,764,34. 시도별 지가 변동률(평균),ⅩⅢ. 물가 및 가계,8)루 부명의 주퍼의 형모방 로위로 오주팅 등르트 · 2008,전북,col-ko,0,0.6119,2.58,2.58,1.0,전치·패널2,[전치] 8)루 부명의 주퍼의 형모방 로위로 오주팅 등르트 · 2008
지가,2014,764,34. 시도별 지가 변동률(평균),ⅩⅢ. 물가 및 가계,8)루 부명의 주퍼의 형모방 로위로 오주팅 등르트 · 2008,전남,col-ko,0,0.6838,0.26,0.26,1.0,전치·패널2,[전치] 8)루 부명의 주퍼의 형모방 로위로 오주팅 등르트 · 2008
지가,2014,764,34. 시도별 지가 변동률(평균),ⅩⅢ. 물가 및 가계,8)루 부명의 주퍼의 형모방 로위로 오주팅 등르트 · 2008,경북,col-ko,0,0.7577,-0.13,-0.13,1.0,전치·패널2,[전치] 8)루 부명의 주퍼의 형모방 로위로 오주팅 등르트 · 2008
지가,2014,764,34. 시도별 지가 변동률(평균),ⅩⅢ. 물가 및 가계,8)루 부명의 주퍼의 형모방 로위로 오주팅 등르트 · 2008,경남,col-ko,0,0.8296,0.11,0.11,1.0,전치·패널2,[전치] 8)루 부명의 주퍼의 형모방 로위로 오주팅 등르트 · 2008
지가,2014,764,34. 시도별 지가 변동률(평균),ⅩⅢ. 물가 및 가계,8)루 부명의 주퍼의 형모방 로위로 오주팅 등르트 · 2008,제주,col-en,0,0.9014,-0.02,-0.02,1.0,전치·패널2,[전치] 8)루 부명의 주퍼의 형모방 로위로 오주팅 등르트 · 2008
지가,2014,764,34. 시도별 지가 변동률(평균),ⅩⅢ. 물가 및 가계,8)루 부명의 주퍼의 형모방 로위로 오주팅 등르트 · 2009,경기,col-ko,0,0.3214,1.22,1.22,1.0,전치·패널2,[전치] 8)루 부명의 주퍼의 형모방 로위로 오주팅 등르트 · 2009
지가,2014,764,34. 시도별 지가 변동률(평균),ⅩⅢ. 물가 및 가계,8)루 부명의 주퍼의 형모방 로위로 오주팅 등르트 · 2009,충북,col-ko,0,0.4702,0.11,0.11,1.0,전치·패널2,[전치] 8)루 부명의 주퍼의 형모방 로위로 오주팅 등르트 · 2009
지가,2014,764,34. 시도별 지가 변동률(평균),ⅩⅢ. 물가 및 가계,8)루 부명의 주퍼의 형모방 로위로 오주팅 등르트 · 2009,충남,col-ko,0,0.539,0.26,0.26,1.0,전치·패널2,[전치] 8)루 부명의 주퍼의 형모방 로위로 오주팅 등르트 · 2009
지가,2014,764,34. 시도별 지가 변동률(평균),ⅩⅢ. 물가 및 가계,8)루 부명의 주퍼의 형모방 로위로 오주팅 등르트 · 2009,전북,col-ko,0,0.6119,-0.53,-0.53,1.0,전치·패널2,[전치] 8)루 부명의 주퍼의 형모방 로위로 오주팅 등르트 · 2009
지가,2014,764,34. 시도별 지가 변동률(평균),ⅩⅢ. 물가 및 가계,8)루 부명의 주퍼의 형모방 로위로 오주팅 등르트 · 2009,전남,col-ko,0,0.6838,0.35,0.35,1.0,전치·패널2,[전치] 8)루 부명의 주퍼의 형모방 로위로 오주팅 등르트 · 2009
지가,2014,764,34. 시도별 지가 변동률(평균),ⅩⅢ. 물가 및 가계,8)루 부명의 주퍼의 형모방 로위로 오주팅 등르트 · 2009,경북,col-ko,0,0.7577,0.48,0.48,1.0,전치·패널2,[전치] 8)루 부명의 주퍼의 형모방 로위로 오주팅 등르트 · 2009
지가,2014,764,34. 시도별 지가 변동률(평균),ⅩⅢ. 물가 및 가계,8)루 부명의 주퍼의 형모방 로위로 오주팅 등르트 · 2009,경남,col-ko,0,0.8296,0.44,0.44,1.0,전치·패널2,[전치] 8)루 부명의 주퍼의 형모방 로위로 오주팅 등르트 · 2009
지가,2014,764,34. 시도별 지가 변동률(평균),ⅩⅢ. 물가 및 가계,8)루 부명의 주퍼의 형모방 로위로 오주팅 등르트 · 2009,제주,col-en,0,0.9014,0.20,0.2,1.0,전치·패널2,[전치] 8)루 부명의 주퍼의 형모방 로위로 오주팅 등르트 · 2009
지가,2014,764,34. 시도별 지가 변동률(평균),ⅩⅢ. 물가 및 가계,8)루 부명의 주퍼의 형모방 로위로 오주팅 등르트 · 2010,경기,col-ko,0,0.3214,1.49,1.49,1.0,전치·패널2,[전치] 8)루 부명의 주퍼의 형모방 로위로 오주팅 등르트 · 2010
지가,2014,764,34. 시도별 지가 변동률(평균),ⅩⅢ. 물가 및 가계,8)루 부명의 주퍼의 형모방 로위로 오주팅 등르트 · 2010,충북,col-ko,0,0.4702,0.65,0.65,1.0,전치·패널2,[전치] 8)루 부명의 주퍼의 형모방 로위로 오주팅 등르트 · 2010
지가,2014,764,34. 시도별 지가 변동률(평균),ⅩⅢ. 물가 및 가계,8)루 부명의 주퍼의 형모방 로위로 오주팅 등르트 · 2010,충남,col-ko,0,0.539,1.16,1.16,1.0,전치·패널2,[전치] 8)루 부명의 주퍼의 형모방 로위로 오주팅 등르트 · 2010
지가,2014,764,34. 시도별 지가 변동률(평균),ⅩⅢ. 물가 및 가계,8)루 부명의 주퍼의 형모방 로위로 오주팅 등르트 · 2010,전북,col-ko,0,0.6119,0.66,0.66,1.0,전치·패널2,[전치] 8)루 부명의 주퍼의 형모방 로위로 오주팅 등르트 · 2010
지가,2014,764,34. 시도별 지가 변동률(평균),ⅩⅢ. 물가 및 가계,8)루 부명의 주퍼의 형모방 로위로 오주팅 등르트 · 2010,전남,col-ko,0,0.6838,1.13,1.13,1.0,전치·패널2,[전치] 8)루 부명의 주퍼의 형모방 로위로 오주팅 등르트 · 2010
지가,2014,764,34. 시도별 지가 변동률(평균),ⅩⅢ. 물가 및 가계,8)루 부명의 주퍼의 형모방 로위로 오주팅 등르트 · 2010,경북,col-ko,0,0.7577,1.14,1.14,1.0,전치·패널2,[전치] 8)루 부명의 주퍼의 형모방 로위로 오주팅 등르트 · 2010
지가,2014,764,34. 시도별 지가 변동률(평균),ⅩⅢ. 물가 및 가계,8)루 부명의 주퍼의 형모방 로위로 오주팅 등르트 · 2010,경남,col-ko,0,0.8296,1.29,1.29,1.0,전치·패널2,[전치] 8)루 부명의 주퍼의 형모방 로위로 오주팅 등르트 · 2010
지가,2014,764,34. 시도별 지가 변동률(평균),ⅩⅢ. 물가 및 가계,8)루 부명의 주퍼의 형모방 로위로 오주팅 등르트 · 2010,제주,col-en,0,0.9014,1.07,1.07,1.0,전치·패널2,[전치] 8)루 부명의 주퍼의 형모방 로위로 오주팅 등르트 · 2010
지가,2014,764,34. 시도별 지가 변동률(평균),ⅩⅢ. 물가 및 가계,8)루 부명의 주퍼의 형모방 로위로 오주팅 등르트 · 2011,경기,col-ko,0,0.3214,1.47,1.47,0.3,전치·패널2|저신뢰,[전치] 8)루 부명의 주퍼의 형모방 로위로 오주팅 등르트 · 2011
지가,2014,764,34. 시도별 지가 변동률(평균),ⅩⅢ. 물가 및 가계,8)루 부명의 주퍼의 형모방 로위로 오주팅 등르트 · 2011,충북,col-ko,0,0.4702,0.59,0.59,1.0,전치·패널2,[전치] 8)루 부명의 주퍼의 형모방 로위로 오주팅 등르트 · 2011
지가,2014,764,34. 시도별 지가 변동률(평균),ⅩⅢ. 물가 및 가계,8)루 부명의 주퍼의 형모방 로위로 오주팅 등르트 · 2011,충남,col-ko,0,0.539,0.76,0.76,1.0,전치·패널2,[전치] 8)루 부명의 주퍼의 형모방 로위로 오주팅 등르트 · 2011
지가,2014,764,34. 시도별 지가 변동률(평균),ⅩⅢ. 물가 및 가계,8)루 부명의 주퍼의 형모방 로위로 오주팅 등르트 · 2011,전북,col-ko,0,0.6119,0.7,0.7,0.5,전치·패널2,[전치] 8)루 부명의 주퍼의 형모방 로위로 오주팅 등르트 · 2011
지가,2014,764,34. 시도별 지가 변동률(평균),ⅩⅢ. 물가 및 가계,8)루 부명의 주퍼의 형모방 로위로 오주팅 등르트 · 2011,전남,col-ko,0,0.6838,0.95,0.95,1.0,전치·패널2,[전치] 8)루 부명의 주퍼의 형모방 로위로 오주팅 등르트 · 2011
지가,2014,764,34. 시도별 지가 변동률(평균),ⅩⅢ. 물가 및 가계,8)루 부명의 주퍼의 형모방 로위로 오주팅 등르트 · 2011,경북,col-ko,0,0.7577,1.11,1.11,1.0,전치·패널2,[전치] 8)루 부명의 주퍼의 형모방 로위로 오주팅 등르트 · 2011
지가,2014,764,34. 시도별 지가 변동률(평균),ⅩⅢ. 물가 및 가계,8)루 부명의 주퍼의 형모방 로위로 오주팅 등르트 · 2011,경남,col-ko,0,0.8296,1.63,1.63,1.0,전치·패널2,[전치] 8)루 부명의 주퍼의 형모방 로위로 오주팅 등르트 · 2011
지가,2014,764,34. 시도별 지가 변동률(평균),ⅩⅢ. 물가 및 가계,8)루 부명의 주퍼의 형모방 로위로 오주팅 등르트 · 2011,제주,col-en,0,0.9014,0.92,0.92,1.0,전치·패널2,[전치] 8)루 부명의 주퍼의 형모방 로위로 오주팅 등르트 · 2011
지가,2014,764,34. 시도별 지가 변동률(평균),ⅩⅢ. 물가 및 가계,8)루 부명의 주퍼의 형모방 로위로 오주팅 등르트 · 2012,경기,col-ko,0,0.3214,1.04,1.04,1.0,전치·패널2,[전치] 8)루 부명의 주퍼의 형모방 로위로 오주팅 등르트 · 2012
지가,2014,764,34. 시도별 지가 변동률(평균),ⅩⅢ. 물가 및 가계,8)루 부명의 주퍼의 형모방 로위로 오주팅 등르트 · 2012,충북,col-ko,0,0.4702,1.09,1.09,1.0,전치·패널2,[전치] 8)루 부명의 주퍼의 형모방 로위로 오주팅 등르트 · 2012
지가,2014,764,34. 시도별 지가 변동률(평균),ⅩⅢ. 물가 및 가계,8)루 부명의 주퍼의 형모방 로위로 오주팅 등르트 · 2012,충남,col-ko,0,0.539,0.88,0.88,1.0,전치·패널2,[전치] 8)루 부명의 주퍼의 형모방 로위로 오주팅 등르트 · 2012
지가,2014,764,34. 시도별 지가 변동률(평균),ⅩⅢ. 물가 및 가계,8)루 부명의 주퍼의 형모방 로위로 오주팅 등르트 · 2012,전북,col-ko,0,0.6119,1.43,1.43,1.0,전치·패널2,[전치] 8)루 부명의 주퍼의 형모방 로위로 오주팅 등르트 · 2012
지가,2014,764,34. 시도별 지가 변동률(평균),ⅩⅢ. 물가 및 가계,8)루 부명의 주퍼의 형모방 로위로 오주팅 등르트 · 2012,전남,col-ko,0,0.6838,1.35,1.35,1.0,전치·패널2,[전치] 8)루 부명의 주퍼의 형모방 로위로 오주팅 등르트 · 2012
지가,2014,764,34. 시도별 지가 변동률(평균),ⅩⅢ. 물가 및 가계,8)루 부명의 주퍼의 형모방 로위로 오주팅 등르트 · 2012,경북,col-ko,0,0.7577,1.40,1.4,1.0,전치·패널2,[전치] 8)루 부명의 주퍼의 형모방 로위로 오주팅 등르트 · 2012
지가,2014,764,34. 시도별 지가 변동률(평균),ⅩⅢ. 물가 및 가계,8)루 부명의 주퍼의 형모방 로위로 오주팅 등르트 · 2012,경남,col-ko,0,0.8296,1.67,1.67,1.0,전치·패널2,[전치] 8)루 부명의 주퍼의 형모방 로위로 오주팅 등르트 · 2012
지가,2014,764,34. 시도별 지가 변동률(평균),ⅩⅢ. 물가 및 가계,8)루 부명의 주퍼의 형모방 로위로 오주팅 등르트 · 2012,제주,col-en,0,0.9014,1.25,1.25,1.0,전치·패널2,[전치] 8)루 부명의 주퍼의 형모방 로위로 오주팅 등르트 · 2012
지가,2014,764,34. 시도별 지가 변동률(평균),ⅩⅢ. 물가 및 가계,8)루 부명의 주퍼의 형모방 로위로 오주팅 등르트 · 2013,울산,col-ko,0,0.1776,1.37,1.37,1.0,전치·패널2,[전치] 8)루 부명의 주퍼의 형모방 로위로 오주팅 등르트 · 2013
지가,2014,764,34. 시도별 지가 변동률(평균),ⅩⅢ. 물가 및 가계,8)루 부명의 주퍼의 형모방 로위로 오주팅 등르트 · 2013,경기,col-ko,0,0.3214,0.91,0.91,1.0,전치·패널2,[전치] 8)루 부명의 주퍼의 형모방 로위로 오주팅 등르트 · 2013
지가,2014,764,34. 시도별 지가 변동률(평균),ⅩⅢ. 물가 및 가계,8)루 부명의 주퍼의 형모방 로위로 오주팅 등르트 · 2013,강원,col-ko,0,0.3932,1.29,1.29,1.0,전치·패널2,[전치] 8)루 부명의 주퍼의 형모방 로위로 오주팅 등르트 · 2013
지가,2014,764,34. 시도별 지가 변동률(평균),ⅩⅢ. 물가 및 가계,8)루 부명의 주퍼의 형모방 로위로 오주팅 등르트 · 2013,충북,col-ko,0,0.4702,1.02,1.02,1.0,전치·패널2,[전치] 8)루 부명의 주퍼의 형모방 로위로 오주팅 등르트 · 2013
지가,2014,764,34. 시도별 지가 변동률(평균),ⅩⅢ. 물가 및 가계,8)루 부명의 주퍼의 형모방 로위로 오주팅 등르트 · 2013,충남,col-ko,0,0.539,0.78,0.78,1.0,전치·패널2,[전치] 8)루 부명의 주퍼의 형모방 로위로 오주팅 등르트 · 2013
지가,2014,764,34. 시도별 지가 변동률(평균),ⅩⅢ. 물가 및 가계,8)루 부명의 주퍼의 형모방 로위로 오주팅 등르트 · 2013,전북,col-ko,0,0.6119,1.04,1.04,1.0,전치·패널2,[전치] 8)루 부명의 주퍼의 형모방 로위로 오주팅 등르트 · 2013
지가,2014,764,34. 시도별 지가 변동률(평균),ⅩⅢ. 물가 및 가계,8)루 부명의 주퍼의 형모방 로위로 오주팅 등르트 · 2013,전남,col-ko,0,0.6838,0.96,0.96,1.0,전치·패널2,[전치] 8)루 부명의 주퍼의 형모방 로위로 오주팅 등르트 · 2013
지가,2014,764,34. 시도별 지가 변동률(평균),ⅩⅢ. 물가 및 가계,8)루 부명의 주퍼의 형모방 로위로 오주팅 등르트 · 2013,경북,col-ko,0,0.7577,1.49,1.49,1.0,전치·패널2,[전치] 8)루 부명의 주퍼의 형모방 로위로 오주팅 등르트 · 2013
지가,2014,764,34. 시도별 지가 변동률(평균),ⅩⅢ. 물가 및 가계,8)루 부명의 주퍼의 형모방 로위로 오주팅 등르트 · 2013,경남,col-ko,0,0.8296,1.49,1.49,1.0,전치·패널2,[전치] 8)루 부명의 주퍼의 형모방 로위로 오주팅 등르트 · 2013
지가,2014,764,34. 시도별 지가 변동률(평균),ⅩⅢ. 물가 및 가계,8)루 부명의 주퍼의 형모방 로위로 오주팅 등르트 · 2013,제주,col-en,0,0.9014,1.42,1.42,1.0,전치·패널2,[전치] 8)루 부명의 주퍼의 형모방 로위로 오주팅 등르트 · 2013
지가,2015,345,34.시도별 지가 변동률(평균),Ⅲ. 물가·가계,1994,전국,col-ko,0,0.1663,-0.57,-0.57,1.0,전치·패널1,[전치] 34. 시도별 지가 변동률(평균) | 1994
지가,2015,345,34.시도별 지가 변동률(평균),Ⅲ. 물가·가계,1994,서울,col-ko,0,0.6047,-1. 36,-1.36,0.5,전치·패널1,[전치] 34. 시도별 지가 변동률(평균) | 1994
지가,2015,345,34.시도별 지가 변동률(평균),Ⅲ. 물가·가계,1994,부산,col-ko,0,0.6766,-0. 35,-0.35,1.0,전치·패널1,[전치] 34. 시도별 지가 변동률(평균) | 1994
지가,2015,345,34.시도별 지가 변동률(평균),Ⅲ. 물가·가계,1994,대구,col-ko,0,0.7485,0.87,0.87,1.0,전치·패널1,[전치] 34. 시도별 지가 변동률(평균) | 1994
지가,2015,345,34.시도별 지가 변동률(평균),Ⅲ. 물가·가계,1994,인천,col-ko,0,0.8183,0.07,0.07,1.0,전치·패널1,[전치] 34. 시도별 지가 변동률(평균) | 1994
지가,2015,345,34.시도별 지가 변동률(평균),Ⅲ. 물가·가계,1994,광주,col-ko,0,0.8912,-0.26,-0.26,1.0,전치·패널1,[전치] 34. 시도별 지가 변동률(평균) | 1994
지가,2015,345,34.시도별 지가 변동률(평균),Ⅲ. 물가·가계,1995,전국,col-ko,0,0.1663,0.55,0.55,0.5,전치·패널1,[전치] 34. 시도별 지가 변동률(평균) | 1995
지가,2015,345,34.시도별 지가 변동률(평균),Ⅲ. 물가·가계,1995,서울,col-ko,0,0.6047,0. 18,0.18,0.5,전치·패널1,[전치] 34. 시도별 지가 변동률(평균) | 1995
지가,2015,345,34.시도별 지가 변동률(평균),Ⅲ. 물가·가계,1995,부산,col-ko,0,0.6766,0. 14,0.14,1.0,전치·패널1,[전치] 34. 시도별 지가 변동률(평균) | 1995
지가,2015,345,34.시도별 지가 변동률(평균),Ⅲ. 물가·가계,1995,대구,col-ko,0,0.7485,1.27,1.27,1.0,전치·패널1,[전치] 34. 시도별 지가 변동률(평균) | 1995
지가,2015,345,34.시도별 지가 변동률(평균),Ⅲ. 물가·가계,1995,인천,col-ko,0,0.8183,0.58,0.58,1.0,전치·패널1,[전치] 34. 시도별 지가 변동률(평균) | 1995
지가,2015,345,34.시도별 지가 변동률(평균),Ⅲ. 물가·가계,1995,광주,col-ko,0,0.8912,1.44,1.44,1.0,전치·패널1,[전치] 34. 시도별 지가 변동률(평균) | 1995
지가,2015,345,34.시도별 지가 변동률(평균),Ⅲ. 물가·가계,1996,전국,col-ko,0,0.1663,0.95,0.95,1.0,전치·패널1,[전치] 34. 시도별 지가 변동률(평균) | 1996
지가,2015,345,34.시도별 지가 변동률(평균),Ⅲ. 물가·가계,1996,서울,col-ko,0,0.6047,0.94,0.94,0.5,전치·패널1,[전치] 34. 시도별 지가 변동률(평균) | 1996
지가,2015,345,34.시도별 지가 변동률(평균),Ⅲ. 물가·가계,1996,부산,col-ko,0,0.6766,0.40,0.4,1.0,전치·패널1,[전치] 34. 시도별 지가 변동률(평균) | 1996
지가,2015,345,34.시도별 지가 변동률(평균),Ⅲ. 물가·가계,1996,대구,col-ko,0,0.7485,1.09,1.09,1.0,전치·패널1,[전치] 34. 시도별 지가 변동률(평균) | 1996
지가,2015,345,34.시도별 지가 변동률(평균),Ⅲ. 물가·가계,1996,인천,col-ko,0,0.8183,0.78,0.78,1.0,전치·패널1,[전치] 34. 시도별 지가 변동률(평균) | 1996
지가,2015,345,34.시도별 지가 변동률(평균),Ⅲ. 물가·가계,1996,광주,col-ko,0,0.8912,1.16,1.16,1.0,전치·패널1,[전치] 34. 시도별 지가 변동률(평균) | 1996
지가,2015,345,34.시도별 지가 변동률(평균),Ⅲ. 물가·가계,1997,전국,col-ko,0,0.1663,0.31,0.31,1.0,전치·패널1,[전치] 34. 시도별 지가 변동률(평균) | 1997
지가,2015,345,34.시도별 지가 변동률(평균),Ⅲ. 물가·가계,1997,서울,col-ko,0,0.6047,0.29,0.29,1.0,전치·패널1,[전치] 34. 시도별 지가 변동률(평균) | 1997
지가,2015,345,34.시도별 지가 변동률(평균),Ⅲ. 물가·가계,1997,부산,col-ko,0,0.6766,-0. 90,-0.9,0.5,전치·패널1,[전치] 34. 시도별 지가 변동률(평균) | 1997
지가,2015,345,34.시도별 지가 변동률(평균),Ⅲ. 물가·가계,1997,인천,col-ko,0,0.8183,0.28,0.28,1.0,전치·패널1,[전치] 34. 시도별 지가 변동률(평균) | 1997
지가,2015,345,34.시도별 지가 변동률(평균),Ⅲ. 물가·가계,1997,광주,col-ko,0,0.8912,0.67,0.67,1.0,전치·패널1,[전치] 34. 시도별 지가 변동률(평균) | 1997
지가,2015,345,34.시도별 지가 변동률(평균),Ⅲ. 물가·가계,1999,전국,col-ko,0,0.1663,2.94,2.94,0.5,전치·패널1,[전치] 34. 시도별 지가 변동률(평균) | 1999
지가,2015,345,34.시도별 지가 변동률(평균),Ⅲ. 물가·가계,1999,서울,col-ko,0,0.6047,2.66,2.66,1.0,전치·패널1,[전치] 34. 시도별 지가 변동률(평균) | 1999
지가,2015,345,34.시도별 지가 변동률(평균),Ⅲ. 물가·가계,1999,부산,col-ko,0,0.6766,1.24,1.24,1.0,전치·패널1,[전치] 34. 시도별 지가 변동률(평균) | 1999
지가,2015,345,34.시도별 지가 변동률(평균),Ⅲ. 물가·가계,1999,대구,col-ko,0,0.7485,1.93,1.93,1.0,전치·패널1,[전치] 34. 시도별 지가 변동률(평균) | 1999
지가,2015,345,34.시도별 지가 변동률(평균),Ⅲ. 물가·가계,1999,인천,col-ko,0,0.8183,3.51,3.51,1.0,전치·패널1,[전치] 34. 시도별 지가 변동률(평균) | 1999
지가,2015,345,34.시도별 지가 변동률(평균),Ⅲ. 물가·가계,1999,광주,col-ko,0,0.8912,1.30,1.3,0.3,전치·패널1|저신뢰,[전치] 34. 시도별 지가 변동률(평균) | 1999
지가,2015,345,34.시도별 지가 변동률(평균),Ⅲ. 물가·가계,2000,전국,col-ko,0,0.1663,0.67,0.67,1.0,전치·패널1,[전치] 34. 시도별 지가 변동률(평균) | 2000
지가,2015,345,34.시도별 지가 변동률(평균),Ⅲ. 물가·가계,2000,서울,col-ko,0,0.6047,0.05,0.05,1.0,전치·패널1,[전치] 34. 시도별 지가 변동률(평균) | 2000
지가,2015,345,34.시도별 지가 변동률(평균),Ⅲ. 물가·가계,2000,부산,col-ko,0,0.6766,-0. 53,-0.53,0.3,전치·패널1|저신뢰,[전치] 34. 시도별 지가 변동률(평균) | 2000
지가,2015,345,34.시도별 지가 변동률(평균),Ⅲ. 물가·가계,2000,대구,col-ko,0,0.7485,-1.05,-1.05,1.0,전치·패널1,[전치] 34. 시도별 지가 변동률(평균) | 2000
지가,2015,345,34.시도별 지가 변동률(평균),Ⅲ. 물가·가계,2000,인천,col-ko,0,0.8183,1.07,1.07,1.0,전치·패널1,[전치] 34. 시도별 지가 변동률(평균) | 2000
지가,2015,345,34.시도별 지가 변동률(평균),Ⅲ. 물가·가계,2000,광주,col-ko,0,0.8912,-0.31,-0.31,1.0,전치·패널1,[전치] 34. 시도별 지가 변동률(평균) | 2000
지가,2015,345,34.시도별 지가 변동률(평균),Ⅲ. 물가·가계,2001,전국,col-ko,0,0.1663,1.32,1.32,1.0,전치·패널1,[전치] 34. 시도별 지가 변동률(평균) | 2001
지가,2015,345,34.시도별 지가 변동률(평균),Ⅲ. 물가·가계,2001,서울,col-ko,0,0.6047,1.89,1.89,0.5,전치·패널1,[전치] 34. 시도별 지가 변동률(평균) | 2001
지가,2015,345,34.시도별 지가 변동률(평균),Ⅲ. 물가·가계,2001,부산,col-ko,0,0.6766,0.49,0.49,1.0,전치·패널1,[전치] 34. 시도별 지가 변동률(평균) | 2001
지가,2015,345,34.시도별 지가 변동률(평균),Ⅲ. 물가·가계,2001,대구,col-ko,0,0.7485,0.42,0.42,1.0,전치·패널1,[전치] 34. 시도별 지가 변동률(평균) | 2001
지가,2015,345,34.시도별 지가 변동률(평균),Ⅲ. 물가·가계,2001,인천,col-ko,0,0.8183,1.77,1.77,0.3,전치·패널1|저신뢰,[전치] 34. 시도별 지가 변동률(평균) | 2001
지가,2015,345,34.시도별 지가 변동률(평균),Ⅲ. 물가·가계,2001,광주,col-ko,0,0.8912,-0.37,-0.37,1.0,전치·패널1,[전치] 34. 시도별 지가 변동률(평균) | 2001
지가,2015,345,34.시도별 지가 변동률(평균),Ⅲ. 물가·가계,2002,전국,col-ko,0,0.1663,8.98,8.98,0.5,전치·패널1,[전치] 34. 시도별 지가 변동률(평균) | 2002
지가,2015,345,34.시도별 지가 변동률(평균),Ⅲ. 물가·가계,2002,서울,col-ko,0,0.6047,15.81,15.81,1.0,전치·패널1,[전치] 34. 시도별 지가 변동률(평균) | 2002
지가,2015,345,34.시도별 지가 변동률(평균),Ⅲ. 물가·가계,2002,부산,col-ko,0,0.6766,3.28,3.28,1.0,전치·패널1,[전치] 34. 시도별 지가 변동률(평균) | 2002
지가,2015,345,34.시도별 지가 변동률(평균),Ⅲ. 물가·가계,2002,대구,col-ko,0,0.7485,2.09,2.09,1.0,전치·패널1,[전치] 34. 시도별 지가 변동률(평균) | 2002
지가,2015,345,34.시도별 지가 변동률(평균),Ⅲ. 물가·가계,2002,광주,col-ko,0,0.8912,1.03,1.03,1.0,전치·패널1,[전치] 34. 시도별 지가 변동률(평균) | 2002
지가,2015,345,34.시도별 지가 변동률(평균),Ⅲ. 물가·가계,2003,전국,col-ko,0,0.1663,3.43,3.43,1.0,전치·패널1,[전치] 34. 시도별 지가 변동률(평균) | 2003
지가,2015,345,34.시도별 지가 변동률(평균),Ⅲ. 물가·가계,2003,서울,col-ko,0,0.6047,5.23,5.23,1.0,전치·패널1,[전치] 34. 시도별 지가 변동률(평균) | 2003
지가,2015,345,34.시도별 지가 변동률(평균),Ⅲ. 물가·가계,2003,부산,col-ko,0,0.6766,1.09,1.09,1.0,전치·패널1,[전치] 34. 시도별 지가 변동률(평균) | 2003
지가,2015,345,34.시도별 지가 변동률(평균),Ⅲ. 물가·가계,2003,대구,col-ko,0,0.7485,1.54,1.54,1.0,전치·패널1,[전치] 34. 시도별 지가 변동률(평균) | 2003
지가,2015,345,34.시도별 지가 변동률(평균),Ⅲ. 물가·가계,2003,인천,col-ko,0,0.8183,2.50,2.5,1.0,전치·패널1,[전치] 34. 시도별 지가 변동률(평균) | 2003
지가,2015,345,34.시도별 지가 변동률(평균),Ⅲ. 물가·가계,2003,광주,col-ko,0,0.8912,0.91,0.91,1.0,전치·패널1,[전치] 34. 시도별 지가 변동률(평균) | 2003
지가,2015,345,34.시도별 지가 변동률(평균),Ⅲ. 물가·가계,2004,전국,col-ko,0,0.1663,3.86,3.86,1.0,전치·패널1,[전치] 34. 시도별 지가 변동률(평균) | 2004
지가,2015,345,34.시도별 지가 변동률(평균),Ⅲ. 물가·가계,2004,서울,col-ko,0,0.6047,4.09,4.09,0.5,전치·패널1,[전치] 34. 시도별 지가 변동률(평균) | 2004
지가,2015,345,34.시도별 지가 변동률(평균),Ⅲ. 물가·가계,2004,부산,col-ko,0,0.6766,0.89,0.89,1.0,전치·패널1,[전치] 34. 시도별 지가 변동률(평균) | 2004
지가,2015,345,34.시도별 지가 변동률(평균),Ⅲ. 물가·가계,2004,대구,col-ko,0,0.7485,1.58,1.58,1.0,전치·패널1,[전치] 34. 시도별 지가 변동률(평균) | 2004
지가,2015,345,34.시도별 지가 변동률(평균),Ⅲ. 물가·가계,2004,인천,col-ko,0,0.8183,4.32,4.32,0.5,전치·패널1,[전치] 34. 시도별 지가 변동률(평균) | 2004
지가,2015,345,34.시도별 지가 변동률(평균),Ⅲ. 물가·가계,2004,광주,col-ko,0,0.8912,0.68,0.68,1.0,전치·패널1,[전치] 34. 시도별 지가 변동률(평균) | 2004
지가,2015,345,34.시도별 지가 변동률(평균),Ⅲ. 물가·가계,2005,전국,col-ko,0,0.1663,4. 99,4.99,0.5,전치·패널1,[전치] 34. 시도별 지가 변동률(평균) | 2005
지가,2015,345,34.시도별 지가 변동률(평균),Ⅲ. 물가·가계,2005,서울,col-ko,0,0.6047,6.56,6.56,1.0,전치·패널1,[전치] 34. 시도별 지가 변동률(평균) | 2005
지가,2015,345,34.시도별 지가 변동률(평균),Ⅲ. 물가·가계,2005,부산,col-ko,0,0.6766,1.86,1.86,0.5,전치·패널1,[전치] 34. 시도별 지가 변동률(평균) | 2005
지가,2015,345,34.시도별 지가 변동률(평균),Ⅲ. 물가·가계,2005,대구,col-ko,0,0.7485,3.32,3.32,0.5,전치·패널1,[전치] 34. 시도별 지가 변동률(평균) | 2005
지가,2015,345,34.시도별 지가 변동률(평균),Ⅲ. 물가·가계,2005,인천,col-ko,0,0.8183,4. 94,4.94,0.5,전치·패널1,[전치] 34. 시도별 지가 변동률(평균) | 2005
지가,2015,345,34.시도별 지가 변동률(평균),Ⅲ. 물가·가계,2005,광주,col-ko,0,0.8912,1.87,1.87,1.0,전치·패널1,[전치] 34. 시도별 지가 변동률(평균) | 2005
지가,2015,345,34.시도별 지가 변동률(평균),Ⅲ. 물가·가계,2006,전국,col-ko,0,0.1663,5.62,5.62,1.0,전치·패널1,[전치] 34. 시도별 지가 변동률(평균) | 2006
지가,2015,345,34.시도별 지가 변동률(평균),Ⅲ. 물가·가계,2006,서울,col-ko,0,0.6047,9.1,9.1,0.3,전치·패널1|저신뢰,[전치] 34. 시도별 지가 변동률(평균) | 2006
지가,2015,345,34.시도별 지가 변동률(평균),Ⅲ. 물가·가계,2006,부산,col-ko,0,0.6766,2.50,2.5,1.0,전치·패널1,[전치] 34. 시도별 지가 변동률(평균) | 2006
지가,2015,345,34.시도별 지가 변동률(평균),Ⅲ. 물가·가계,2006,대구,col-ko,0,0.7485,4. 19,4.19,0.5,전치·패널1,[전치] 34. 시도별 지가 변동률(평균) | 2006
지가,2015,345,34.시도별 지가 변동률(평균),Ⅲ. 물가·가계,2006,인천,col-ko,0,0.8183,5.58,5.58,1.0,전치·패널1,[전치] 34. 시도별 지가 변동률(평균) | 2006
지가,2015,345,34.시도별 지가 변동률(평균),Ⅲ. 물가·가계,2006,광주,col-ko,0,0.8912,1.44,1.44,1.0,전치·패널1,[전치] 34. 시도별 지가 변동률(평균) | 2006
지가,2015,345,34.시도별 지가 변동률(평균),Ⅲ. 물가·가계,2007,전국,col-ko,0,0.1663,3.89,3.89,1.0,전치·패널1,[전치] 34. 시도별 지가 변동률(평균) | 2007
지가,2015,345,34.시도별 지가 변동률(평균),Ⅲ. 물가·가계,2007,서울,col-ko,0,0.6047,5.88,5.88,1.0,전치·패널1,[전치] 34. 시도별 지가 변동률(평균) | 2007
지가,2015,345,34.시도별 지가 변동률(평균),Ⅲ. 물가·가계,2007,부산,col-ko,0,0.6766,2.16,2.16,1.0,전치·패널1,[전치] 34. 시도별 지가 변동률(평균) | 2007
지가,2015,345,34.시도별 지가 변동률(평균),Ⅲ. 물가·가계,2007,대구,col-ko,0,0.7485,2.91,2.91,1.0,전치·패널1,[전치] 34. 시도별 지가 변동률(평균) | 2007
지가,2015,345,34.시도별 지가 변동률(평균),Ⅲ. 물가·가계,2007,인천,col-ko,0,0.8183,4.85,4.85,0.5,전치·패널1,[전치] 34. 시도별 지가 변동률(평균) | 2007
지가,2015,345,34.시도별 지가 변동률(평균),Ⅲ. 물가·가계,2007,광주,col-ko,0,0.8912,0. 94,0.94,1.0,전치·패널1,[전치] 34. 시도별 지가 변동률(평균) | 2007
지가,2015,345,34.시도별 지가 변동률(평균),Ⅲ. 물가·가계,2008,전국,col-ko,0,0.1663,-0. 32,-0.32,0.5,전치·패널1,[전치] 34. 시도별 지가 변동률(평균) | 2008
지가,2015,345,34.시도별 지가 변동률(평균),Ⅲ. 물가·가계,2008,서울,col-ko,0,0.6047,-1.0,-1.0,0.5,전치·패널1,[전치] 34. 시도별 지가 변동률(평균) | 2008
지가,2015,345,34.시도별 지가 변동률(평균),Ⅲ. 물가·가계,2008,부산,col-ko,0,0.6766,-0. 17,-0.17,0.5,전치·패널1,[전치] 34. 시도별 지가 변동률(평균) | 2008
지가,2015,345,34.시도별 지가 변동률(평균),Ⅲ. 물가·가계,2008,대구,col-ko,0,0.7485,-0. 45,-0.45,0.5,전치·패널1,[전치] 34. 시도별 지가 변동률(평균) | 2008
지가,2015,345,34.시도별 지가 변동률(평균),Ⅲ. 물가·가계,2008,인천,col-ko,0,0.8183,1.37,1.37,1.0,전치·패널1,[전치] 34. 시도별 지가 변동률(평균) | 2008
지가,2015,345,34.시도별 지가 변동률(평균),Ⅲ. 물가·가계,2008,광주,col-ko,0,0.8912,-0. 90,-0.9,0.5,전치·패널1,[전치] 34. 시도별 지가 변동률(평균) | 2008
지가,2015,345,34.시도별 지가 변동률(평균),Ⅲ. 물가·가계,2009,전국,col-ko,0,0.1663,0.96,0.96,1.0,전치·패널1,[전치] 34. 시도별 지가 변동률(평균) | 2009
지가,2015,345,34.시도별 지가 변동률(평균),Ⅲ. 물가·가계,2009,서울,col-ko,0,0.6047,1.40,1.4,1.0,전치·패널1,[전치] 34. 시도별 지가 변동률(평균) | 2009
지가,2015,345,34.시도별 지가 변동률(평균),Ⅲ. 물가·가계,2009,대구,col-ko,0,0.7485,0.28,0.28,1.0,전치·패널1,[전치] 34. 시도별 지가 변동률(평균) | 2009
지가,2015,345,34.시도별 지가 변동률(평균),Ⅲ. 물가·가계,2009,인천,col-ko,0,0.8183,1. 99,1.99,0.5,전치·패널1,[전치] 34. 시도별 지가 변동률(평균) | 2009
지가,2015,345,34.시도별 지가 변동률(평균),Ⅲ. 물가·가계,2009,광주,col-ko,0,0.8912,0. 33,0.33,1.0,전치·패널1,[전치] 34. 시도별 지가 변동률(평균) | 2009
지가,2015,345,34.시도별 지가 변동률(평균),Ⅲ. 물가·가계,2010,전국,col-ko,0,0.1663,1. 05,1.05,0.5,전치·패널1,[전치] 34. 시도별 지가 변동률(평균) | 2010
지가,2015,345,34.시도별 지가 변동률(평균),Ⅲ. 물가·가계,2010,서울,col-ko,0,0.6047,0.53,0.53,0.5,전치·패널1,[전치] 34. 시도별 지가 변동률(평균) | 2010
지가,2015,345,34.시도별 지가 변동률(평균),Ⅲ. 물가·가계,2010,부산,col-ko,0,0.6766,1.22,1.22,1.0,전치·패널1,[전치] 34. 시도별 지가 변동률(평균) | 2010
지가,2015,345,34.시도별 지가 변동률(평균),Ⅲ. 물가·가계,2010,대구,col-ko,0,0.7485,1.40,1.4,1.0,전치·패널1,[전치] 34. 시도별 지가 변동률(평균) | 2010
지가,2015,345,34.시도별 지가 변동률(평균),Ⅲ. 물가·가계,2010,인천,col-ko,0,0.8183,1.43,1.43,1.0,전치·패널1,[전치] 34. 시도별 지가 변동률(평균) | 2010
지가,2015,345,34.시도별 지가 변동률(평균),Ⅲ. 물가·가계,2010,광주,col-ko,0,0.8912,0.67,0.67,1.0,전치·패널1,[전치] 34. 시도별 지가 변동률(평균) | 2010
지가,2015,345,34.시도별 지가 변동률(평균),Ⅲ. 물가·가계,2011,전국,col-ko,0,0.1663,1. 17,1.17,0.5,전치·패널1,[전치] 34. 시도별 지가 변동률(평균) | 2011
지가,2015,345,34.시도별 지가 변동률(평균),Ⅲ. 물가·가계,2011,서울,col-ko,0,0.6047,0.97,0.97,1.0,전치·패널1,[전치] 34. 시도별 지가 변동률(평균) | 2011
지가,2015,345,34.시도별 지가 변동률(평균),Ⅲ. 물가·가계,2011,부산,col-ko,0,0.6766,1.58,1.58,0.5,전치·패널1,[전치] 34. 시도별 지가 변동률(평균) | 2011
지가,2015,345,34.시도별 지가 변동률(평균),Ⅲ. 물가·가계,2011,대구,col-ko,0,0.7485,1.40,1.4,1.0,전치·패널1,[전치] 34. 시도별 지가 변동률(평균) | 2011
지가,2015,345,34.시도별 지가 변동률(평균),Ⅲ. 물가·가계,2011,인천,col-ko,0,0.8183,0.66,0.66,1.0,전치·패널1,[전치] 34. 시도별 지가 변동률(평균) | 2011
지가,2015,345,34.시도별 지가 변동률(평균),Ⅲ. 물가·가계,2011,광주,col-ko,0,0.8912,0.75,0.75,1.0,전치·패널1,[전치] 34. 시도별 지가 변동률(평균) | 2011
지가,2015,345,34.시도별 지가 변동률(평균),Ⅲ. 물가·가계,2012,전국,col-ko,0,0.1663,0.96,0.96,0.5,전치·패널1,[전치] 34. 시도별 지가 변동률(평균) | 2012
지가,2015,345,34.시도별 지가 변동률(평균),Ⅲ. 물가·가계,2012,서울,col-ko,0,0.6047,0. 38,0.38,0.5,전치·패널1,[전치] 34. 시도별 지가 변동률(평균) | 2012
지가,2015,345,34.시도별 지가 변동률(평균),Ⅲ. 물가·가계,2012,부산,col-ko,0,0.6766,1.73,1.73,1.0,전치·패널1,[전치] 34. 시도별 지가 변동률(평균) | 2012
지가,2015,345,34.시도별 지가 변동률(평균),Ⅲ. 물가·가계,2012,대구,col-ko,0,0.7485,1.58,1.58,1.0,전치·패널1,[전치] 34. 시도별 지가 변동률(평균) | 2012
지가,2015,345,34.시도별 지가 변동률(평균),Ⅲ. 물가·가계,2012,인천,col-ko,0,0.8183,0.46,0.46,1.0,전치·패널1,[전치] 34. 시도별 지가 변동률(평균) | 2012
지가,2015,345,34.시도별 지가 변동률(평균),Ⅲ. 물가·가계,2012,광주,col-ko,0,0.8912,1. 15,1.15,1.0,전치·패널1,[전치] 34. 시도별 지가 변동률(평균) | 2012
지가,2015,345,34.시도별 지가 변동률(평균),Ⅲ. 물가·가계,2013,전국,col-ko,0,0.1663,1. 14,1.14,0.5,전치·패널1,[전치] 34. 시도별 지가 변동률(평균) | 2013
지가,2015,345,34.시도별 지가 변동률(평균),Ⅲ. 물가·가계,2013,서울,col-ko,0,0.6047,1.21,1.21,1.0,전치·패널1,[전치] 34. 시도별 지가 변동률(평균) | 2013
지가,2015,345,34.시도별 지가 변동률(평균),Ⅲ. 물가·가계,2013,부산,col-ko,0,0.6766,1.57,1.57,1.0,전치·패널1,[전치] 34. 시도별 지가 변동률(평균) | 2013
지가,2015,345,34.시도별 지가 변동률(평균),Ⅲ. 물가·가계,2013,대구,col-ko,0,0.7485,1.68,1.68,0.5,전치·패널1,[전치] 34. 시도별 지가 변동률(평균) | 2013
지가,2015,345,34.시도별 지가 변동률(평균),Ⅲ. 물가·가계,2013,인천,col-ko,0,0.8183,0.87,0.87,1.0,전치·패널1,[전치] 34. 시도별 지가 변동률(평균) | 2013
지가,2015,345,34.시도별 지가 변동률(평균),Ⅲ. 물가·가계,2013,광주,col-ko,0,0.8912,0.75,0.75,1.0,전치·패널1,[전치] 34. 시도별 지가 변동률(평균) | 2013
지가,2015,345,34.시도별 지가 변동률(평균),Ⅲ. 물가·가계,2014,전국,col-ko,0,0.1663,1.96,1.96,0.5,전치·패널1,[전치] 34. 시도별 지가 변동률(평균) | 2014
지가,2015,345,34.시도별 지가 변동률(평균),Ⅲ. 물가·가계,2014,서울,col-ko,0,0.6047,2.66,2.66,1.0,전치·패널1,[전치] 34. 시도별 지가 변동률(평균) | 2014
지가,2015,345,34.시도별 지가 변동률(평균),Ⅲ. 물가·가계,2014,부산,col-ko,0,0.6766,2.28,2.28,1.0,전치·패널1,[전치] 34. 시도별 지가 변동률(평균) | 2014
지가,2015,345,34.시도별 지가 변동률(평균),Ⅲ. 물가·가계,2014,대구,col-ko,0,0.7485,3. 15,3.15,0.5,전치·패널1,[전치] 34. 시도별 지가 변동률(평균) | 2014
지가,2015,345,34.시도별 지가 변동률(평균),Ⅲ. 물가·가계,2014,인천,col-ko,0,0.8183,1.35,1.35,1.0,전치·패널1,[전치] 34. 시도별 지가 변동률(평균) | 2014
지가,2015,345,34.시도별 지가 변동률(평균),Ⅲ. 물가·가계,2014,광주,col-ko,0,0.8912,1.31,1.31,1.0,전치·패널1,[전치] 34. 시도별 지가 변동률(평균) | 2014
지가,2015,345,34.시도별 지가 변동률(평균),Ⅲ. 물가·가계,2015,전국,col-ko,0,0.1663,2.40,2.4,1.0,전치·패널1,[전치] 34. 시도별 지가 변동률(평균) | 2015
지가,2015,345,34.시도별 지가 변동률(평균),Ⅲ. 물가·가계,2015,서울,col-ko,0,0.6047,2.69,2.69,1.0,전치·패널1,[전치] 34. 시도별 지가 변동률(평균) | 2015
지가,2015,345,34.시도별 지가 변동률(평균),Ⅲ. 물가·가계,2015,부산,col-ko,0,0.6766,3. 09,3.09,0.5,전치·패널1,[전치] 34. 시도별 지가 변동률(평균) | 2015
지가,2015,345,34.시도별 지가 변동률(평균),Ⅲ. 물가·가계,2015,대구,col-ko,0,0.7485,4.06,4.06,1.0,전치·패널1,[전치] 34. 시도별 지가 변동률(평균) | 2015
지가,2015,345,34.시도별 지가 변동률(평균),Ⅲ. 물가·가계,2015,인천,col-ko,0,0.8183,1.95,1.95,1.0,전치·패널1,[전치] 34. 시도별 지가 변동률(평균) | 2015
지가,2015,345,34.시도별 지가 변동률(평균),Ⅲ. 물가·가계,2015,광주,col-ko,0,0.8912,2.87,2.87,1.0,전치·패널1,[전치] 34. 시도별 지가 변동률(평균) | 2015
지가,2015,345,34.시도별 지가 변동률(평균),Ⅲ. 물가·가계,1994 이미피 피리어 없니다 애미터 대애의 미어요,강원,col-ko,0,0.4333,-0.11,-0.11,1.0,전치·패널2,[전치] 1994 이미피 피리어 없니다 애미터 대애의 미어요
지가,2015,345,34.시도별 지가 변동률(평균),Ⅲ. 물가·가계,1994 이미피 피리어 없니다 애미터 대애의 미어요,충북,col-ko,0,0.5,-0. 40,-0.4,1.0,전치·패널2,[전치] 1994 이미피 피리어 없니다 애미터 대애의 미어요
지가,2015,345,34.시도별 지가 변동률(평균),Ⅲ. 물가·가계,1994 이미피 피리어 없니다 애미터 대애의 미어요,충남,col-ko,0,0.5657,-0. 48,-0.48,1.0,전치·패널2,[전치] 1994 이미피 피리어 없니다 애미터 대애의 미어요
지가,2015,345,34.시도별 지가 변동률(평균),Ⅲ. 물가·가계,1994 이미피 피리어 없니다 애미터 대애의 미어요,전북,col-ko,0,0.6314,-0. 60,-0.6,0.5,전치·패널2,[전치] 1994 이미피 피리어 없니다 애미터 대애의 미어요
지가,2015,345,34.시도별 지가 변동률(평균),Ⅲ. 물가·가계,1994 이미피 피리어 없니다 애미터 대애의 미어요,전남,col-ko,0,0.6971,-0.54,-0.54,1.0,전치·패널2,[전치] 1994 이미피 피리어 없니다 애미터 대애의 미어요
지가,2015,345,34.시도별 지가 변동률(평균),Ⅲ. 물가·가계,1994 이미피 피리어 없니다 애미터 대애의 미어요,경북,col-ko,0,0.7628,0.63,0.63,1.0,전치·패널2,[전치] 1994 이미피 피리어 없니다 애미터 대애의 미어요
지가,2015,345,34.시도별 지가 변동률(평균),Ⅲ. 물가·가계,1994 이미피 피리어 없니다 애미터 대애의 미어요,경남,col-ko,0,0.8285,-0. 64,-0.64,0.5,전치·패널2,[전치] 1994 이미피 피리어 없니다 애미터 대애의 미어요
지가,2015,345,34.시도별 지가 변동률(평균),Ⅲ. 물가·가계,1994 이미피 피리어 없니다 애미터 대애의 미어요,제주,col-ko,0,0.8942,-0.39,-0.39,1.0,전치·패널2,[전치] 1994 이미피 피리어 없니다 애미터 대애의 미어요
지가,2015,345,34.시도별 지가 변동률(평균),Ⅲ. 물가·가계,1995,강원,col-ko,0,0.4333,1. 13,1.13,0.5,전치·패널2,[전치] 1995
지가,2015,345,34.시도별 지가 변동률(평균),Ⅲ. 물가·가계,1995,충북,col-ko,0,0.5,0.39,0.39,0.5,전치·패널2,[전치] 1995
지가,2015,345,34.시도별 지가 변동률(평균),Ⅲ. 물가·가계,1995,충남,col-ko,0,0.5657,-0.27,-0.27,1.0,전치·패널2,[전치] 1995
지가,2015,345,34.시도별 지가 변동률(평균),Ⅲ. 물가·가계,1995,전북,col-ko,0,0.6314,0.48,0.48,1.0,전치·패널2,[전치] 1995
지가,2015,345,34.시도별 지가 변동률(평균),Ⅲ. 물가·가계,1995,전남,col-ko,0,0.6971,0.20,0.2,1.0,전치·패널2,[전치] 1995
지가,2015,345,34.시도별 지가 변동률(평균),Ⅲ. 물가·가계,1995,경북,col-ko,0,0.7628,0. 72,0.72,0.5,전치·패널2,[전치] 1995
지가,2015,345,34.시도별 지가 변동률(평균),Ⅲ. 물가·가계,1995,경남,col-ko,0,0.8285,0. 56,0.56,0.5,전치·패널2,[전치] 1995
지가,2015,345,34.시도별 지가 변동률(평균),Ⅲ. 물가·가계,1995,제주,col-ko,0,0.8942,-0. 15,-0.15,0.5,전치·패널2,[전치] 1995
지가,2015,345,34.시도별 지가 변동률(평균),Ⅲ. 물가·가계,1996,강원,col-ko,0,0.4333,1.26,1.26,0.5,전치·패널2,[전치] 1996
지가,2015,345,34.시도별 지가 변동률(평균),Ⅲ. 물가·가계,1996,충남,col-ko,0,0.5657,1. 08,1.08,1.0,전치·패널2,[전치] 1996
지가,2015,345,34.시도별 지가 변동률(평균),Ⅲ. 물가·가계,1996,전북,col-ko,0,0.6314,1. 13,1.13,0.5,전치·패널2,[전치] 1996
지가,2015,345,34.시도별 지가 변동률(평균),Ⅲ. 물가·가계,1996,전남,col-ko,0,0.6971,0.83,0.83,1.0,전치·패널2,[전치] 1996
지가,2015,345,34.시도별 지가 변동률(평균),Ⅲ. 물가·가계,1996,경북,col-ko,0,0.7628,1.25,1.25,1.0,전치·패널2,[전치] 1996
지가,2015,345,34.시도별 지가 변동률(평균),Ⅲ. 물가·가계,1996,경남,col-ko,0,0.8285,0. 98,0.98,0.5,전치·패널2,[전치] 1996
지가,2015,345,34.시도별 지가 변동률(평균),Ⅲ. 물가·가계,1996,제주,col-ko,0,0.8942,0.30,0.3,1.0,전치·패널2,[전치] 1996
지가,2015,345,34.시도별 지가 변동률(평균),Ⅲ. 물가·가계,1997 •• ㆀ.ㄲ,충북,col-ko,0,0.5,1.02,1.02,1.0,전치·패널2,[전치] 1997 •• ㆀ.ㄲ
지가,2015,345,34.시도별 지가 변동률(평균),Ⅲ. 물가·가계,1997 •• ㆀ.ㄲ,충남,col-ko,0,0.5657,1. 13,1.13,1.0,전치·패널2,[전치] 1997 •• ㆀ.ㄲ
지가,2015,345,34.시도별 지가 변동률(평균),Ⅲ. 물가·가계,1997 •• ㆀ.ㄲ,전북,col-ko,0,0.6314,0. 57,0.57,0.5,전치·패널2,[전치] 1997 •• ㆀ.ㄲ
지가,2015,345,34.시도별 지가 변동률(평균),Ⅲ. 물가·가계,1997 •• ㆀ.ㄲ,전남,col-ko,0,0.6971,0. 69,0.69,1.0,전치·패널2,[전치] 1997 •• ㆀ.ㄲ
지가,2015,345,34.시도별 지가 변동률(평균),Ⅲ. 물가·가계,1997 •• ㆀ.ㄲ,경북,col-ko,0,0.7628,0. 38,0.38,1.0,전치·패널2,[전치] 1997 •• ㆀ.ㄲ
지가,2015,345,34.시도별 지가 변동률(평균),Ⅲ. 물가·가계,1997 •• ㆀ.ㄲ,경남,col-ko,0,0.8285,0. 26,0.26,0.5,전치·패널2,[전치] 1997 •• ㆀ.ㄲ
지가,2015,345,34.시도별 지가 변동률(평균),Ⅲ. 물가·가계,1997 •• ㆀ.ㄲ,제주,col-ko,0,0.8942,0. 38,0.38,1.0,전치·패널2,[전치] 1997 •• ㆀ.ㄲ
지가,2015,345,34.시도별 지가 변동률(평균),Ⅲ. 물가·가계,1998 - 8. 30,충북,col-ko,0,0.5,-7.13,-7.13,0.3,전치·패널2|저신뢰,[전치] 1998 - 8. 30
지가,2015,345,34.시도별 지가 변동률(평균),Ⅲ. 물가·가계,1998 - 8. 30,충남,col-ko,0,0.5657,-7.11,-7.11,1.0,전치·패널2,[전치] 1998 - 8. 30
지가,2015,345,34.시도별 지가 변동률(평균),Ⅲ. 물가·가계,1998 - 8. 30,전남,col-ko,0,0.6971,-6. 96,-6.96,0.5,전치·패널2,[전치] 1998 - 8. 30
지가,2015,345,34.시도별 지가 변동률(평균),Ⅲ. 물가·가계,1998 - 8. 30,제주,col-ko,0,0.8942,-8. 13,-8.13,0.5,전치·패널2,[전치] 1998 - 8. 30
지가,2015,345,34.시도별 지가 변동률(평균),Ⅲ. 물가·가계,1999,강원,col-ko,0,0.4333,2.50,2.5,0.5,전치·패널2,[전치] 1999
지가,2015,345,34.시도별 지가 변동률(평균),Ⅲ. 물가·가계,1999,충북,col-ko,0,0.5,4. 10,4.1,0.5,전치·패널2,[전치] 1999
지가,2015,345,34.시도별 지가 변동률(평균),Ⅲ. 물가·가계,1999,충남,col-ko,0,0.5657,3. 18,3.18,0.5,전치·패널2,[전치] 1999
지가,2015,345,34.시도별 지가 변동률(평균),Ⅲ. 물가·가계,1999,전북,col-ko,0,0.6314,2. 17,2.17,0.5,전치·패널2,[전치] 1999
지가,2015,345,34.시도별 지가 변동률(평균),Ⅲ. 물가·가계,1999,전남,col-ko,0,0.6971,4. 50,4.5,1.0,전치·패널2,[전치] 1999
지가,2015,345,34.시도별 지가 변동률(평균),Ⅲ. 물가·가계,1999,경북,col-ko,0,0.7628,2. 73,2.73,1.0,전치·패널2,[전치] 1999
지가,2015,345,34.시도별 지가 변동률(평균),Ⅲ. 물가·가계,1999,경남,col-ko,0,0.8285,2. 21,2.21,0.5,전치·패널2,[전치] 1999
지가,2015,345,34.시도별 지가 변동률(평균),Ⅲ. 물가·가계,1999,제주,col-ko,0,0.8942,6. 82,6.82,1.0,전치·패널2,[전치] 1999
지가,2015,345,34.시도별 지가 변동률(평균),Ⅲ. 물가·가계,2000,강원,col-ko,0,0.4333,1. 39,1.39,1.0,전치·패널2,[전치] 2000
지가,2015,345,34.시도별 지가 변동률(평균),Ⅲ. 물가·가계,2000,충북,col-ko,0,0.5,1. 12,1.12,0.5,전치·패널2,[전치] 2000
지가,2015,345,34.시도별 지가 변동률(평균),Ⅲ. 물가·가계,2000,충남,col-ko,0,0.5657,1. 18,1.18,0.5,전치·패널2,[전치] 2000
지가,2015,345,34.시도별 지가 변동률(평균),Ⅲ. 물가·가계,2000,전북,col-ko,0,0.6314,1.13,1.13,0.5,전치·패널2,[전치] 2000
지가,2015,345,34.시도별 지가 변동률(평균),Ⅲ. 물가·가계,2000,전남,col-ko,0,0.6971,1. 94,1.94,0.5,전치·패널2,[전치] 2000
지가,2015,345,34.시도별 지가 변동률(평균),Ⅲ. 물가·가계,2000,경북,col-ko,0,0.7628,0. 72,0.72,0.5,전치·패널2,[전치] 2000
지가,2015,345,34.시도별 지가 변동률(평균),Ⅲ. 물가·가계,2000,경남,col-ko,0,0.8285,1.15,1.15,0.5,전치·패널2,[전치] 2000
지가,2015,345,34.시도별 지가 변동률(평균),Ⅲ. 물가·가계,2000,제주,col-ko,0,0.8942,2.18,2.18,0.5,전치·패널2,[전치] 2000
지가,2015,345,34.시도별 지가 변동률(평균),Ⅲ. 물가·가계,2001,강원,col-ko,0,0.4333,2.29,2.29,1.0,전치·패널2,[전치] 2001
지가,2015,345,34.시도별 지가 변동률(평균),Ⅲ. 물가·가계,2001,충북,col-ko,0,0.5,0.41,0.41,0.3,전치·패널2|저신뢰,[전치] 2001
지가,2015,345,34.시도별 지가 변동률(평균),Ⅲ. 물가·가계,2001,충남,col-ko,0,0.5657,0. 36,0.36,0.5,전치·패널2,[전치] 2001
지가,2015,345,34.시도별 지가 변동률(평균),Ⅲ. 물가·가계,2001,전북,col-ko,0,0.6314,0. 13,0.13,1.0,전치·패널2,[전치] 2001
지가,2015,345,34.시도별 지가 변동률(평균),Ⅲ. 물가·가계,2001,전남,col-ko,0,0.6971,0. 35,0.35,1.0,전치·패널2,[전치] 2001
지가,2015,345,34.시도별 지가 변동률(평균),Ⅲ. 물가·가계,2001,경북,col-ko,0,0.7628,0. 51,0.51,0.5,전치·패널2,[전치] 2001
지가,2015,345,34.시도별 지가 변동률(평균),Ⅲ. 물가·가계,2001,경남,col-ko,0,0.8285,0. 94,0.94,1.0,전치·패널2,[전치] 2001
지가,2015,345,34.시도별 지가 변동률(평균),Ⅲ. 물가·가계,2001,제주,col-ko,0,0.8942,3. 13,3.13,0.5,전치·패널2,[전치] 2001
지가,2015,345,34.시도별 지가 변동률(평균),Ⅲ. 물가·가계,2002,강원,col-ko,0,0.4333,1. 88,1.88,0.5,전치·패널2,[전치] 2002
지가,2015,345,34.시도별 지가 변동률(평균),Ⅲ. 물가·가계,2002,충북,col-ko,0,0.5,3. 02,3.02,0.3,전치·패널2|저신뢰,[전치] 2002
지가,2015,345,34.시도별 지가 변동률(평균),Ⅲ. 물가·가계,2002,충남,col-ko,0,0.5657,2.48,2.48,0.5,전치·패널2,[전치] 2002
지가,2015,345,34.시도별 지가 변동률(평균),Ⅲ. 물가·가계,2002,전북,col-ko,0,0.6314,0. 64,0.64,0.5,전치·패널2,[전치] 2002
지가,2015,345,34.시도별 지가 변동률(평균),Ⅲ. 물가·가계,2002,전남,col-ko,0,0.6971,0. 95,0.95,1.0,전치·패널2,[전치] 2002
지가,2015,345,34.시도별 지가 변동률(평균),Ⅲ. 물가·가계,2002,경북,col-ko,0,0.7628,2. 06,2.06,0.5,전치·패널2,[전치] 2002
지가,2015,345,34.시도별 지가 변동률(평균),Ⅲ. 물가·가계,2002,경남,col-ko,0,0.8285,2.22,2.22,0.5,전치·패널2,[전치] 2002
지가,2015,345,34.시도별 지가 변동률(평균),Ⅲ. 물가·가계,2002,제주,col-ko,0,0.8942,6. 01,6.01,0.3,전치·패널2|저신뢰,[전치] 2002
지가,2015,345,34.시도별 지가 변동률(평균),Ⅲ. 물가·가계,2003,강원,col-ko,0,0.4333,1.79,1.79,0.5,전치·패널2,[전치] 2003
지가,2015,345,34.시도별 지가 변동률(평균),Ⅲ. 물가·가계,2003,충북,col-ko,0,0.5,2. 54,2.54,0.5,전치·패널2,[전치] 2003
지가,2015,345,34.시도별 지가 변동률(평균),Ⅲ. 물가·가계,2003,충남,col-ko,0,0.5657,4. 81,4.81,0.3,전치·패널2|저신뢰,[전치] 2003
지가,2015,345,34.시도별 지가 변동률(평균),Ⅲ. 물가·가계,2003,전북,col-ko,0,0.6314,0. 96,0.96,1.0,전치·패널2,[전치] 2003
지가,2015,345,34.시도별 지가 변동률(평균),Ⅲ. 물가·가계,2003,전남,col-ko,0,0.6971,0. 50,0.5,0.5,전치·패널2,[전치] 2003
지가,2015,345,34.시도별 지가 변동률(평균),Ⅲ. 물가·가계,2003,경북,col-ko,0,0.7628,0. 15,0.15,0.5,전치·패널2,[전치] 2003
지가,2015,345,34.시도별 지가 변동률(평균),Ⅲ. 물가·가계,2003,경남,col-ko,0,0.8285,1. 38,1.38,1.0,전치·패널2,[전치] 2003
지가,2015,345,34.시도별 지가 변동률(평균),Ⅲ. 물가·가계,2003,제주,col-ko,0,0.8942,1. 25,1.25,1.0,전치·패널2,[전치] 2003
지가,2015,345,34.시도별 지가 변동률(평균),Ⅲ. 물가·가계,2004,강원,col-ko,0,0.4333,2. 27,2.27,1.0,전치·패널2,[전치] 2004
지가,2015,345,34.시도별 지가 변동률(평균),Ⅲ. 물가·가계,2004,충북,col-ko,0,0.5,3.83,3.83,1.0,전치·패널2,[전치] 2004
지가,2015,345,34.시도별 지가 변동률(평균),Ⅲ. 물가·가계,2004,충남,col-ko,0,0.5657,11. 65,11.65,1.0,전치·패널2,[전치] 2004
지가,2015,345,34.시도별 지가 변동률(평균),Ⅲ. 물가·가계,2004,전북,col-ko,0,0.6314,0. 70,0.7,0.5,전치·패널2,[전치] 2004
지가,2015,345,34.시도별 지가 변동률(평균),Ⅲ. 물가·가계,2004,전남,col-ko,0,0.6971,0. 93,0.93,0.3,전치·패널2|저신뢰,[전치] 2004
지가,2015,345,34.시도별 지가 변동률(평균),Ⅲ. 물가·가계,2004,경북,col-ko,0,0.7628,2.11,2.11,1.0,전치·패널2,[전치] 2004
지가,2015,345,34.시도별 지가 변동률(평균),Ⅲ. 물가·가계,2004,경남,col-ko,0,0.8285,3. 09,3.09,0.5,전치·패널2,[전치] 2004
지가,2015,345,34.시도별 지가 변동률(평균),Ⅲ. 물가·가계,2004,제주,col-ko,0,0.8942,1. 96,1.96,1.0,전치·패널2,[전치] 2004
지가,2015,345,34.시도별 지가 변동률(평균),Ⅲ. 물가·가계,2005,강원,col-ko,0,0.4333,2. 63,2.63,1.0,전치·패널2,[전치] 2005
지가,2015,345,34.시도별 지가 변동률(평균),Ⅲ. 물가·가계,2005,충북,col-ko,0,0.5,4. 98,4.98,0.5,전치·패널2,[전치] 2005
지가,2015,345,34.시도별 지가 변동률(평균),Ⅲ. 물가·가계,2005,충남,col-ko,0,0.5657,8. 32,8.32,1.0,전치·패널2,[전치] 2005
지가,2015,345,34.시도별 지가 변동률(평균),Ⅲ. 물가·가계,2005,전북,col-ko,0,0.6314,1. 38,1.38,0.5,전치·패널2,[전치] 2005
지가,2015,345,34.시도별 지가 변동률(평균),Ⅲ. 물가·가계,2005,전남,col-ko,0,0.6971,2.45,2.45,0.3,전치·패널2|저신뢰,[전치] 2005
지가,2015,345,34.시도별 지가 변동률(평균),Ⅲ. 물가·가계,2005,경북,col-ko,0,0.7628,2.19,2.19,0.5,전치·패널2,[전치] 2005
지가,2015,345,34.시도별 지가 변동률(평균),Ⅲ. 물가·가계,2005,경남,col-ko,0,0.8285,2.81,2.81,1.0,전치·패널2,[전치] 2005
지가,2015,345,34.시도별 지가 변동률(평균),Ⅲ. 물가·가계,2005,제주,col-ko,0,0.8942,2. 12,2.12,1.0,전치·패널2,[전치] 2005
지가,2015,345,34.시도별 지가 변동률(평균),Ⅲ. 물가·가계,2006,강원,col-ko,0,0.4333,2.52,2.52,0.5,전치·패널2,[전치] 2006
지가,2015,345,34.시도별 지가 변동률(평균),Ⅲ. 물가·가계,2006,충남,col-ko,0,0.5657,5.55,5.55,0.5,전치·패널2,[전치] 2006
지가,2015,345,34.시도별 지가 변동률(평균),Ⅲ. 물가·가계,2006,전북,col-ko,0,0.6314,1. 29,1.29,1.0,전치·패널2,[전치] 2006
지가,2015,345,34.시도별 지가 변동률(평균),Ⅲ. 물가·가계,2006,전남,col-ko,0,0.6971,1. 91,1.91,1.0,전치·패널2,[전치] 2006
지가,2015,345,34.시도별 지가 변동률(평균),Ⅲ. 물가·가계,2006,경북,col-ko,0,0.7628,2.52,2.52,0.5,전치·패널2,[전치] 2006
지가,2015,345,34.시도별 지가 변동률(평균),Ⅲ. 물가·가계,2006,경남,col-ko,0,0.8285,2. 56,2.56,0.5,전치·패널2,[전치] 2006
지가,2015,345,34.시도별 지가 변동률(평균),Ⅲ. 물가·가계,2006,제주,col-ko,0,0.8942,2. 10,2.1,0.5,전치·패널2,[전치] 2006
지가,2015,345,34.시도별 지가 변동률(평균),Ⅲ. 물가·가계,2007,강원,col-ko,0,0.4333,1.67,1.67,1.0,전치·패널2,[전치] 2007
지가,2015,345,34.시도별 지가 변동률(평균),Ⅲ. 물가·가계,2007,충북,col-ko,0,0.5,1. 27,1.27,0.5,전치·패널2,[전치] 2007
지가,2015,345,34.시도별 지가 변동률(평균),Ⅲ. 물가·가계,2007,충남,col-ko,0,0.5657,2.03,2.03,0.5,전치·패널2,[전치] 2007
지가,2015,345,34.시도별 지가 변동률(평균),Ⅲ. 물가·가계,2007,전북,col-ko,0,0.6314,1. 21,1.21,0.5,전치·패널2,[전치] 2007
지가,2015,345,34.시도별 지가 변동률(평균),Ⅲ. 물가·가계,2007,전남,col-ko,0,0.6971,1. 31,1.31,0.5,전치·패널2,[전치] 2007
지가,2015,345,34.시도별 지가 변동률(평균),Ⅲ. 물가·가계,2007,경북,col-ko,0,0.7628,1. 68,1.68,0.5,전치·패널2,[전치] 2007
지가,2015,345,34.시도별 지가 변동률(평균),Ⅲ. 물가·가계,2007,경남,col-ko,0,0.8285,2.22,2.22,0.3,전치·패널2|저신뢰,[전치] 2007
지가,2015,345,34.시도별 지가 변동률(평균),Ⅲ. 물가·가계,2007,제주,col-ko,0,0.8942,1.67,1.67,0.3,전치·패널2|저신뢰,[전치] 2007
지가,2015,345,34.시도별 지가 변동률(평균),Ⅲ. 물가·가계,2008,강원,col-ko,0,0.4333,0. 38,0.38,0.5,전치·패널2,[전치] 2008
지가,2015,345,34.시도별 지가 변동률(평균),Ⅲ. 물가·가계,2008,충북,col-ko,0,0.5,-0. 36,-0.36,0.5,전치·패널2,[전치] 2008
지가,2015,345,34.시도별 지가 변동률(평균),Ⅲ. 물가·가계,2008,전북,col-ko,0,0.6314,2. 58,2.58,0.5,전치·패널2,[전치] 2008
지가,2015,345,34.시도별 지가 변동률(평균),Ⅲ. 물가·가계,2008,전남,col-ko,0,0.6971,0. 26,0.26,1.0,전치·패널2,[전치] 2008
지가,2015,345,34.시도별 지가 변동률(평균),Ⅲ. 물가·가계,2008,경남,col-ko,0,0.8285,0. 11,0.11,0.5,전치·패널2,[전치] 2008
지가,2015,345,34.시도별 지가 변동률(평균),Ⅲ. 물가·가계,2009,강원,col-ko,0,0.4333,0. 34,0.34,1.0,전치·패널2,[전치] 2009
지가,2015,345,34.시도별 지가 변동률(평균),Ⅲ. 물가·가계,2009,충북,col-ko,0,0.5,0. 11,0.11,0.5,전치·패널2,[전치] 2009
지가,2015,345,34.시도별 지가 변동률(평균),Ⅲ. 물가·가계,2009,충남,col-ko,0,0.5657,0. 26,0.26,0.5,전치·패널2,[전치] 2009
지가,2015,345,34.시도별 지가 변동률(평균),Ⅲ. 물가·가계,2009,전남,col-ko,0,0.6971,0. 35,0.35,1.0,전치·패널2,[전치] 2009
지가,2015,345,34.시도별 지가 변동률(평균),Ⅲ. 물가·가계,2009,경북,col-ko,0,0.7628,0. 48,0.48,0.3,전치·패널2|저신뢰,[전치] 2009
지가,2015,345,34.시도별 지가 변동률(평균),Ⅲ. 물가·가계,2009,경남,col-ko,0,0.8285,0. 44,0.44,1.0,전치·패널2,[전치] 2009
지가,2015,345,34.시도별 지가 변동률(평균),Ⅲ. 물가·가계,2009,제주,col-ko,0,0.8942,0. 20,0.2,1.0,전치·패널2,[전치] 2009
지가,2015,345,34.시도별 지가 변동률(평균),Ⅲ. 물가·가계,2010,강원,col-ko,0,0.4333,0. 84,0.84,0.5,전치·패널2,[전치] 2010
지가,2015,345,34.시도별 지가 변동률(평균),Ⅲ. 물가·가계,2010,충북,col-ko,0,0.5,0. 65,0.65,1.0,전치·패널2,[전치] 2010
지가,2015,345,34.시도별 지가 변동률(평균),Ⅲ. 물가·가계,2010,충남,col-ko,0,0.5657,1. 16,1.16,1.0,전치·패널2,[전치] 2010
지가,2015,345,34.시도별 지가 변동률(평균),Ⅲ. 물가·가계,2010,전북,col-ko,0,0.6314,0. 66,0.66,1.0,전치·패널2,[전치] 2010
지가,2015,345,34.시도별 지가 변동률(평균),Ⅲ. 물가·가계,2010,전남,col-ko,0,0.6971,1. 13,1.13,0.5,전치·패널2,[전치] 2010
지가,2015,345,34.시도별 지가 변동률(평균),Ⅲ. 물가·가계,2010,경북,col-ko,0,0.7628,1. 14,1.14,0.5,전치·패널2,[전치] 2010
지가,2015,345,34.시도별 지가 변동률(평균),Ⅲ. 물가·가계,2010,경남,col-ko,0,0.8285,1. 29,1.29,1.0,전치·패널2,[전치] 2010
지가,2015,345,34.시도별 지가 변동률(평균),Ⅲ. 물가·가계,2010,제주,col-ko,0,0.8942,1. 07,1.07,1.0,전치·패널2,[전치] 2010
지가,2015,345,34.시도별 지가 변동률(평균),Ⅲ. 물가·가계,2011,강원,col-ko,0,0.4333,1.42,1.42,1.0,전치·패널2,[전치] 2011
지가,2015,345,34.시도별 지가 변동률(평균),Ⅲ. 물가·가계,2011,충북,col-ko,0,0.5,0. 59,0.59,1.0,전치·패널2,[전치] 2011
지가,2015,345,34.시도별 지가 변동률(평균),Ⅲ. 물가·가계,2011,충남,col-ko,0,0.5657,0. 76,0.76,0.5,전치·패널2,[전치] 2011
지가,2015,345,34.시도별 지가 변동률(평균),Ⅲ. 물가·가계,2011,전북,col-ko,0,0.6314,0. 77,0.77,0.5,전치·패널2,[전치] 2011
지가,2015,345,34.시도별 지가 변동률(평균),Ⅲ. 물가·가계,2011,전남,col-ko,0,0.6971,0. 95,0.95,0.5,전치·패널2,[전치] 2011
지가,2015,345,34.시도별 지가 변동률(평균),Ⅲ. 물가·가계,2011,경북,col-ko,0,0.7628,1.11,1.11,0.3,전치·패널2|저신뢰,[전치] 2011
지가,2015,345,34.시도별 지가 변동률(평균),Ⅲ. 물가·가계,2011,경남,col-ko,0,0.8285,1. 63,1.63,0.3,전치·패널2|저신뢰,[전치] 2011
지가,2015,345,34.시도별 지가 변동률(평균),Ⅲ. 물가·가계,2011,제주,col-ko,0,0.8942,0. 92,0.92,0.5,전치·패널2,[전치] 2011
지가,2015,345,34.시도별 지가 변동률(평균),Ⅲ. 물가·가계,2012,경기,col-ko,0,0.3655,1. 04,1.04,1.0,전치·패널2,[전치] 2012
지가,2015,345,34.시도별 지가 변동률(평균),Ⅲ. 물가·가계,2012,강원,col-ko,0,0.4333,1. 79,1.79,0.5,전치·패널2,[전치] 2012
지가,2015,345,34.시도별 지가 변동률(평균),Ⅲ. 물가·가계,2012,충북,col-ko,0,0.5,1. 09,1.09,0.5,전치·패널2,[전치] 2012
지가,2015,345,34.시도별 지가 변동률(평균),Ⅲ. 물가·가계,2012,충남,col-ko,0,0.5657,0. 88,0.88,0.5,전치·패널2,[전치] 2012
지가,2015,345,34.시도별 지가 변동률(평균),Ⅲ. 물가·가계,2012,전북,col-ko,0,0.6314,1.43,1.43,1.0,전치·패널2,[전치] 2012
지가,2015,345,34.시도별 지가 변동률(평균),Ⅲ. 물가·가계,2012,전남,col-ko,0,0.6971,1.35,1.35,0.5,전치·패널2,[전치] 2012
지가,2015,345,34.시도별 지가 변동률(평균),Ⅲ. 물가·가계,2012,경북,col-ko,0,0.7628,1. 40,1.4,1.0,전치·패널2,[전치] 2012
지가,2015,345,34.시도별 지가 변동률(평균),Ⅲ. 물가·가계,2012,경남,col-ko,0,0.8285,1.67,1.67,1.0,전치·패널2,[전치] 2012
지가,2015,345,34.시도별 지가 변동률(평균),Ⅲ. 물가·가계,2012,제주,col-ko,0,0.8942,1. 25,1.25,0.5,전치·패널2,[전치] 2012
지가,2015,345,34.시도별 지가 변동률(평균),Ⅲ. 물가·가계,2013,경기,col-ko,0,0.3655,0. 91,0.91,1.0,전치·패널2,[전치] 2013
지가,2015,345,34.시도별 지가 변동률(평균),Ⅲ. 물가·가계,2013,강원,col-ko,0,0.4333,1. 29,1.29,0.3,전치·패널2|저신뢰,[전치] 2013
지가,2015,345,34.시도별 지가 변동률(평균),Ⅲ. 물가·가계,2013,충북,col-ko,0,0.5,1.02,1.02,0.3,전치·패널2|저신뢰,[전치] 2013
지가,2015,345,34.시도별 지가 변동률(평균),Ⅲ. 물가·가계,2013,충남,col-ko,0,0.5657,0. 78,0.78,1.0,전치·패널2,[전치] 2013
지가,2015,345,34.시도별 지가 변동률(평균),Ⅲ. 물가·가계,2013,전북,col-ko,0,0.6314,1. 04,1.04,1.0,전치·패널2,[전치] 2013
지가,2015,345,34.시도별 지가 변동률(평균),Ⅲ. 물가·가계,2013,전남,col-ko,0,0.6971,0. 96,0.96,1.0,전치·패널2,[전치] 2013
지가,2015,345,34.시도별 지가 변동률(평균),Ⅲ. 물가·가계,2013,경북,col-ko,0,0.7628,1. 49,1.49,1.0,전치·패널2,[전치] 2013
지가,2015,345,34.시도별 지가 변동률(평균),Ⅲ. 물가·가계,2013,경남,col-ko,0,0.8285,1.,1.0,1.0,전치·패널2,[전치] 2013
지가,2015,345,34.시도별 지가 변동률(평균),Ⅲ. 물가·가계,2013,제주,col-ko,0,0.8942,1. 42,1.42,1.0,전치·패널2,[전치] 2013
지가,2015,345,34.시도별 지가 변동률(평균),Ⅲ. 물가·가계,2014,경기,col-ko,0,0.3655,1. 24,1.24,0.5,전치·패널2,[전치] 2014
지가,2015,345,34.시도별 지가 변동률(평균),Ⅲ. 물가·가계,2014,강원,col-ko,0,0.4333,1.76,1.76,0.5,전치·패널2,[전치] 2014
지가,2015,345,34.시도별 지가 변동률(평균),Ⅲ. 물가·가계,2014,충북,col-ko,0,0.5,1.69,1.69,0.5,전치·패널2,[전치] 2014
지가,2015,345,34.시도별 지가 변동률(평균),Ⅲ. 물가·가계,2014,충남,col-ko,0,0.5657,1. 39,1.39,0.5,전치·패널2,[전치] 2014
지가,2015,345,34.시도별 지가 변동률(평균),Ⅲ. 물가·가계,2014,전북,col-ko,0,0.6314,1.58,1.58,0.3,전치·패널2|저신뢰,[전치] 2014
지가,2015,345,34.시도별 지가 변동률(평균),Ⅲ. 물가·가계,2014,전남,col-ko,0,0.6971,1. 80,1.8,1.0,전치·패널2,[전치] 2014
지가,2015,345,34.시도별 지가 변동률(평균),Ⅲ. 물가·가계,2014,경북,col-ko,0,0.7628,2.42,2.42,1.0,전치·패널2,[전치] 2014
지가,2015,345,34.시도별 지가 변동률(평균),Ⅲ. 물가·가계,2014,경남,col-ko,0,0.8285,1. 97,1.97,1.0,전치·패널2,[전치] 2014
지가,2015,345,34.시도별 지가 변동률(평균),Ⅲ. 물가·가계,2014,제주,col-ko,0,0.8942,3.73,3.73,1.0,전치·패널2,[전치] 2014
지가,2015,345,34.시도별 지가 변동률(평균),Ⅲ. 물가·가계,2015,대전,col-ko,0,0.1622,3.11,3.11,0.5,전치·패널2,[전치] 2015
지가,2015,345,34.시도별 지가 변동률(평균),Ⅲ. 물가·가계,2015,울산,col-ko,0,0.231,2.52,2.52,0.5,전치·패널2,[전치] 2015
지가,2015,345,34.시도별 지가 변동률(평균),Ⅲ. 물가·가계,2015,경기,col-ko,0,0.3655,1. 73,1.73,1.0,전치·패널2,[전치] 2015
지가,2015,345,34.시도별 지가 변동률(평균),Ⅲ. 물가·가계,2015,강원,col-ko,0,0.4333,2. 64,2.64,0.5,전치·패널2,[전치] 2015
지가,2015,345,34.시도별 지가 변동률(평균),Ⅲ. 물가·가계,2015,충북,col-ko,0,0.5,1. 90,1.9,1.0,전치·패널2,[전치] 2015
지가,2015,345,34.시도별 지가 변동률(평균),Ⅲ. 물가·가계,2015,충남,col-ko,0,0.5657,1.51,1.51,1.0,전치·패널2,[전치] 2015
지가,2015,345,34.시도별 지가 변동률(평균),Ⅲ. 물가·가계,2015,전북,col-ko,0,0.6314,2.31,2.31,1.0,전치·패널2,[전치] 2015
지가,2015,345,34.시도별 지가 변동률(평균),Ⅲ. 물가·가계,2015,전남,col-ko,0,0.6971,2. 80,2.8,0.5,전치·패널2,[전치] 2015
지가,2015,345,34.시도별 지가 변동률(평균),Ⅲ. 물가·가계,2015,경북,col-ko,0,0.7628,2.65,2.65,0.5,전치·패널2,[전치] 2015
지가,2015,345,34.시도별 지가 변동률(평균),Ⅲ. 물가·가계,2015,경남,col-ko,0,0.8285,2. 23,2.23,1.0,전치·패널2,[전치] 2015
지가,2015,345,34.시도별 지가 변동률(평균),Ⅲ. 물가·가계,2015,제주,col-ko,0,0.8942,7.57,7.57,1.0,전치·패널2,[전치] 2015
지가,2016,351,34.시도별 지가 변동률(평균),Ⅲ. 물가·가계,1995,전국,col-ko,0,0.1663,0.55,0.55,1.0,전치·패널1,[전치] 34. 시도별 지가 변동률(평균) | 1995
지가,2016,351,34.시도별 지가 변동률(평균),Ⅲ. 물가·가계,1995,서울,col-ko,0,0.6037,0. 18,0.18,0.5,전치·패널1,[전치] 34. 시도별 지가 변동률(평균) | 1995
지가,2016,351,34.시도별 지가 변동률(평균),Ⅲ. 물가·가계,1995,부산,col-ko,0,0.6766,0. 14,0.14,1.0,전치·패널1,[전치] 34. 시도별 지가 변동률(평균) | 1995
지가,2016,351,34.시도별 지가 변동률(평균),Ⅲ. 물가·가계,1995,대구,col-ko,0,0.7485,1.27,1.27,1.0,전치·패널1,[전치] 34. 시도별 지가 변동률(평균) | 1995
지가,2016,351,34.시도별 지가 변동률(평균),Ⅲ. 물가·가계,1995,인천,col-ko,0,0.8183,0.58,0.58,1.0,전치·패널1,[전치] 34. 시도별 지가 변동률(평균) | 1995
지가,2016,351,34.시도별 지가 변동률(평균),Ⅲ. 물가·가계,1995,광주,col-ko,0,0.8912,1.44,1.44,1.0,전치·패널1,[전치] 34. 시도별 지가 변동률(평균) | 1995
지가,2016,351,34.시도별 지가 변동률(평균),Ⅲ. 물가·가계,1996,전국,col-ko,0,0.1663,0.95,0.95,0.5,전치·패널1,[전치] 34. 시도별 지가 변동률(평균) | 1996
지가,2016,351,34.시도별 지가 변동률(평균),Ⅲ. 물가·가계,1996,서울,col-ko,0,0.6037,0.94,0.94,0.5,전치·패널1,[전치] 34. 시도별 지가 변동률(평균) | 1996
지가,2016,351,34.시도별 지가 변동률(평균),Ⅲ. 물가·가계,1996,부산,col-ko,0,0.6766,0.40,0.4,0.5,전치·패널1,[전치] 34. 시도별 지가 변동률(평균) | 1996
지가,2016,351,34.시도별 지가 변동률(평균),Ⅲ. 물가·가계,1996,대구,col-ko,0,0.7485,1.09,1.09,1.0,전치·패널1,[전치] 34. 시도별 지가 변동률(평균) | 1996
지가,2016,351,34.시도별 지가 변동률(평균),Ⅲ. 물가·가계,1996,인천,col-ko,0,0.8183,0.78,0.78,1.0,전치·패널1,[전치] 34. 시도별 지가 변동률(평균) | 1996
지가,2016,351,34.시도별 지가 변동률(평균),Ⅲ. 물가·가계,1996,광주,col-ko,0,0.8912,1. 16,1.16,0.5,전치·패널1,[전치] 34. 시도별 지가 변동률(평균) | 1996
지가,2016,351,34.시도별 지가 변동률(평균),Ⅲ. 물가·가계,1997,전국,col-ko,0,0.1663,0.31,0.31,1.0,전치·패널1,[전치] 34. 시도별 지가 변동률(평균) | 1997
지가,2016,351,34.시도별 지가 변동률(평균),Ⅲ. 물가·가계,1997,서울,col-ko,0,0.6037,0.29,0.29,1.0,전치·패널1,[전치] 34. 시도별 지가 변동률(평균) | 1997
지가,2016,351,34.시도별 지가 변동률(평균),Ⅲ. 물가·가계,1997,부산,col-ko,0,0.6766,-0. 90,-0.9,0.5,전치·패널1,[전치] 34. 시도별 지가 변동률(평균) | 1997
지가,2016,351,34.시도별 지가 변동률(평균),Ⅲ. 물가·가계,1997,인천,col-ko,0,0.8183,0.28,0.28,1.0,전치·패널1,[전치] 34. 시도별 지가 변동률(평균) | 1997
지가,2016,351,34.시도별 지가 변동률(평균),Ⅲ. 물가·가계,1997,광주,col-ko,0,0.8912,0.67,0.67,1.0,전치·패널1,[전치] 34. 시도별 지가 변동률(평균) | 1997
지가,2016,351,34.시도별 지가 변동률(평균),Ⅲ. 물가·가계,1999,전국,col-ko,0,0.1663,2.94,2.94,1.0,전치·패널1,[전치] 34. 시도별 지가 변동률(평균) | 1999
지가,2016,351,34.시도별 지가 변동률(평균),Ⅲ. 물가·가계,1999,서울,col-ko,0,0.6037,2.66,2.66,1.0,전치·패널1,[전치] 34. 시도별 지가 변동률(평균) | 1999
지가,2016,351,34.시도별 지가 변동률(평균),Ⅲ. 물가·가계,1999,부산,col-ko,0,0.6766,1.24,1.24,1.0,전치·패널1,[전치] 34. 시도별 지가 변동률(평균) | 1999
지가,2016,351,34.시도별 지가 변동률(평균),Ⅲ. 물가·가계,1999,대구,col-ko,0,0.7485,1.93,1.93,0.5,전치·패널1,[전치] 34. 시도별 지가 변동률(평균) | 1999
지가,2016,351,34.시도별 지가 변동률(평균),Ⅲ. 물가·가계,1999,인천,col-ko,0,0.8183,3.51,3.51,1.0,전치·패널1,[전치] 34. 시도별 지가 변동률(평균) | 1999
지가,2016,351,34.시도별 지가 변동률(평균),Ⅲ. 물가·가계,1999,광주,col-ko,0,0.8912,1.30,1.3,1.0,전치·패널1,[전치] 34. 시도별 지가 변동률(평균) | 1999
지가,2016,351,34.시도별 지가 변동률(평균),Ⅲ. 물가·가계,2000,전국,col-ko,0,0.1663,0.67,0.67,1.0,전치·패널1,[전치] 34. 시도별 지가 변동률(평균) | 2000
지가,2016,351,34.시도별 지가 변동률(평균),Ⅲ. 물가·가계,2000,서울,col-ko,0,0.6037,0.05,0.05,1.0,전치·패널1,[전치] 34. 시도별 지가 변동률(평균) | 2000
지가,2016,351,34.시도별 지가 변동률(평균),Ⅲ. 물가·가계,2000,부산,col-ko,0,0.6766,-0.53,-0.53,0.5,전치·패널1,[전치] 34. 시도별 지가 변동률(평균) | 2000
지가,2016,351,34.시도별 지가 변동률(평균),Ⅲ. 물가·가계,2000,대구,col-ko,0,0.7485,-1.05,-1.05,1.0,전치·패널1,[전치] 34. 시도별 지가 변동률(평균) | 2000
지가,2016,351,34.시도별 지가 변동률(평균),Ⅲ. 물가·가계,2000,인천,col-ko,0,0.8183,1.07,1.07,1.0,전치·패널1,[전치] 34. 시도별 지가 변동률(평균) | 2000
지가,2016,351,34.시도별 지가 변동률(평균),Ⅲ. 물가·가계,2000,광주,col-ko,0,0.8912,-0.31,-0.31,1.0,전치·패널1,[전치] 34. 시도별 지가 변동률(평균) | 2000
지가,2016,351,34.시도별 지가 변동률(평균),Ⅲ. 물가·가계,2001,전국,col-ko,0,0.1663,1.32,1.32,1.0,전치·패널1,[전치] 34. 시도별 지가 변동률(평균) | 2001
지가,2016,351,34.시도별 지가 변동률(평균),Ⅲ. 물가·가계,2001,서울,col-ko,0,0.6037,1.89,1.89,1.0,전치·패널1,[전치] 34. 시도별 지가 변동률(평균) | 2001
지가,2016,351,34.시도별 지가 변동률(평균),Ⅲ. 물가·가계,2001,광주,col-ko,0,0.8912,-0.37,-0.37,1.0,전치·패널1,[전치] 34. 시도별 지가 변동률(평균) | 2001
지가,2016,351,34.시도별 지가 변동률(평균),Ⅲ. 물가·가계,2002,전국,col-ko,0,0.1663,8.98,8.98,0.5,전치·패널1,[전치] 34. 시도별 지가 변동률(평균) | 2002
지가,2016,351,34.시도별 지가 변동률(평균),Ⅲ. 물가·가계,2002,서울,col-ko,0,0.6037,15.81,15.81,1.0,전치·패널1,[전치] 34. 시도별 지가 변동률(평균) | 2002
지가,2016,351,34.시도별 지가 변동률(평균),Ⅲ. 물가·가계,2002,인천,col-ko,0,0.8183,11.51,11.51,1.0,전치·패널1,[전치] 34. 시도별 지가 변동률(평균) | 2002
지가,2016,351,34.시도별 지가 변동률(평균),Ⅲ. 물가·가계,2002,광주,col-ko,0,0.8912,1.03,1.03,1.0,전치·패널1,[전치] 34. 시도별 지가 변동률(평균) | 2002
지가,2016,351,34.시도별 지가 변동률(평균),Ⅲ. 물가·가계,2003,전국,col-ko,0,0.1663,3.43,3.43,1.0,전치·패널1,[전치] 34. 시도별 지가 변동률(평균) | 2003
지가,2016,351,34.시도별 지가 변동률(평균),Ⅲ. 물가·가계,2003,서울,col-ko,0,0.6037,5.23,5.23,1.0,전치·패널1,[전치] 34. 시도별 지가 변동률(평균) | 2003
지가,2016,351,34.시도별 지가 변동률(평균),Ⅲ. 물가·가계,2003,인천,col-ko,0,0.8183,2.50,2.5,1.0,전치·패널1,[전치] 34. 시도별 지가 변동률(평균) | 2003
지가,2016,351,34.시도별 지가 변동률(평균),Ⅲ. 물가·가계,2003,광주,col-ko,0,0.8912,0.91,0.91,1.0,전치·패널1,[전치] 34. 시도별 지가 변동률(평균) | 2003
지가,2016,351,34.시도별 지가 변동률(평균),Ⅲ. 물가·가계,2004,전국,col-ko,0,0.1663,3.86,3.86,1.0,전치·패널1,[전치] 34. 시도별 지가 변동률(평균) | 2004
지가,2016,351,34.시도별 지가 변동률(평균),Ⅲ. 물가·가계,2004,서울,col-ko,0,0.6037,4.09,4.09,0.5,전치·패널1,[전치] 34. 시도별 지가 변동률(평균) | 2004
지가,2016,351,34.시도별 지가 변동률(평균),Ⅲ. 물가·가계,2004,인천,col-ko,0,0.8183,4.32,4.32,1.0,전치·패널1,[전치] 34. 시도별 지가 변동률(평균) | 2004
지가,2016,351,34.시도별 지가 변동률(평균),Ⅲ. 물가·가계,2004,광주,col-ko,0,0.8912,0.68,0.68,1.0,전치·패널1,[전치] 34. 시도별 지가 변동률(평균) | 2004
지가,2016,351,34.시도별 지가 변동률(평균),Ⅲ. 물가·가계,2005,전국,col-ko,0,0.1663,4. 99,4.99,0.5,전치·패널1,[전치] 34. 시도별 지가 변동률(평균) | 2005
지가,2016,351,34.시도별 지가 변동률(평균),Ⅲ. 물가·가계,2005,서울,col-ko,0,0.6037,6.56,6.56,1.0,전치·패널1,[전치] 34. 시도별 지가 변동률(평균) | 2005
지가,2016,351,34.시도별 지가 변동률(평균),Ⅲ. 물가·가계,2005,인천,col-ko,0,0.8183,4. 94,4.94,0.5,전치·패널1,[전치] 34. 시도별 지가 변동률(평균) | 2005
지가,2016,351,34.시도별 지가 변동률(평균),Ⅲ. 물가·가계,2005,광주,col-ko,0,0.8912,1.87,1.87,1.0,전치·패널1,[전치] 34. 시도별 지가 변동률(평균) | 2005
지가,2016,351,34.시도별 지가 변동률(평균),Ⅲ. 물가·가계,2006,전국,col-ko,0,0.1663,5.62,5.62,1.0,전치·패널1,[전치] 34. 시도별 지가 변동률(평균) | 2006
지가,2016,351,34.시도별 지가 변동률(평균),Ⅲ. 물가·가계,2006,서울,col-ko,0,0.6037,9.17,9.17,0.3,전치·패널1|저신뢰,[전치] 34. 시도별 지가 변동률(평균) | 2006
지가,2016,351,34.시도별 지가 변동률(평균),Ⅲ. 물가·가계,2006,인천,col-ko,0,0.8183,5.58,5.58,0.5,전치·패널1,[전치] 34. 시도별 지가 변동률(평균) | 2006
지가,2016,351,34.시도별 지가 변동률(평균),Ⅲ. 물가·가계,2006,광주,col-ko,0,0.8912,1.44,1.44,1.0,전치·패널1,[전치] 34. 시도별 지가 변동률(평균) | 2006
지가,2016,351,34.시도별 지가 변동률(평균),Ⅲ. 물가·가계,2007,전국,col-ko,0,0.1663,3. 89,3.89,1.0,전치·패널1,[전치] 34. 시도별 지가 변동률(평균) | 2007
지가,2016,351,34.시도별 지가 변동률(평균),Ⅲ. 물가·가계,2007,서울,col-ko,0,0.6037,5. 88,5.88,0.5,전치·패널1,[전치] 34. 시도별 지가 변동률(평균) | 2007
지가,2016,351,34.시도별 지가 변동률(평균),Ⅲ. 물가·가계,2007,인천,col-ko,0,0.8183,4. 85,4.85,0.5,전치·패널1,[전치] 34. 시도별 지가 변동률(평균) | 2007
지가,2016,351,34.시도별 지가 변동률(평균),Ⅲ. 물가·가계,2007,광주,col-ko,0,0.8912,0. 94,0.94,0.5,전치·패널1,[전치] 34. 시도별 지가 변동률(평균) | 2007
지가,2016,351,34.시도별 지가 변동률(평균),Ⅲ. 물가·가계,2008 - 0. 32 - 0. 63 - 1. 00,인천,col-ko,0,0.8183,1.37,1.37,1.0,전치·패널1,[전치] 34. 시도별 지가 변동률(평균) | 2008 - 0. 32 - 0. 63 - 1. 00
지가,2016,351,34.시도별 지가 변동률(평균),Ⅲ. 물가·가계,2009,전국,col-ko,0,0.1663,0. 96,0.96,1.0,전치·패널1,[전치] 34. 시도별 지가 변동률(평균) | 2009
지가,2016,351,34.시도별 지가 변동률(평균),Ⅲ. 물가·가계,2009,서울,col-ko,0,0.6037,1. 40,1.4,0.5,전치·패널1,[전치] 34. 시도별 지가 변동률(평균) | 2009
지가,2016,351,34.시도별 지가 변동률(평균),Ⅲ. 물가·가계,2009,인천,col-ko,0,0.8183,1. 99,1.99,1.0,전치·패널1,[전치] 34. 시도별 지가 변동률(평균) | 2009
지가,2016,351,34.시도별 지가 변동률(평균),Ⅲ. 물가·가계,2009,광주,col-ko,0,0.8912,0. 33,0.33,1.0,전치·패널1,[전치] 34. 시도별 지가 변동률(평균) | 2009
지가,2016,351,34.시도별 지가 변동률(평균),Ⅲ. 물가·가계,2010,전국,col-ko,0,0.1663,1.05,1.05,1.0,전치·패널1,[전치] 34. 시도별 지가 변동률(평균) | 2010
지가,2016,351,34.시도별 지가 변동률(평균),Ⅲ. 물가·가계,2010,서울,col-ko,0,0.6037,0. 53,0.53,0.5,전치·패널1,[전치] 34. 시도별 지가 변동률(평균) | 2010
지가,2016,351,34.시도별 지가 변동률(평균),Ⅲ. 물가·가계,2010,인천,col-ko,0,0.8183,1.43,1.43,1.0,전치·패널1,[전치] 34. 시도별 지가 변동률(평균) | 2010
지가,2016,351,34.시도별 지가 변동률(평균),Ⅲ. 물가·가계,2010,광주,col-ko,0,0.8912,0. 67,0.67,1.0,전치·패널1,[전치] 34. 시도별 지가 변동률(평균) | 2010
지가,2016,351,34.시도별 지가 변동률(평균),Ⅲ. 물가·가계,2011,전국,col-ko,0,0.1663,1.17,1.17,0.5,전치·패널1,[전치] 34. 시도별 지가 변동률(평균) | 2011
지가,2016,351,34.시도별 지가 변동률(평균),Ⅲ. 물가·가계,2011,서울,col-ko,0,0.6037,0. 97,0.97,1.0,전치·패널1,[전치] 34. 시도별 지가 변동률(평균) | 2011
지가,2016,351,34.시도별 지가 변동률(평균),Ⅲ. 물가·가계,2011,인천,col-ko,0,0.8183,0. 66,0.66,1.0,전치·패널1,[전치] 34. 시도별 지가 변동률(평균) | 2011
지가,2016,351,34.시도별 지가 변동률(평균),Ⅲ. 물가·가계,2011,광주,col-ko,0,0.8912,0. 75,0.75,1.0,전치·패널1,[전치] 34. 시도별 지가 변동률(평균) | 2011
지가,2016,351,34.시도별 지가 변동률(평균),Ⅲ. 물가·가계,2012,전국,col-ko,0,0.1663,0.96,0.96,1.0,전치·패널1,[전치] 34. 시도별 지가 변동률(평균) | 2012
지가,2016,351,34.시도별 지가 변동률(평균),Ⅲ. 물가·가계,2012,서울,col-ko,0,0.6037,0. 38,0.38,0.3,전치·패널1|저신뢰,[전치] 34. 시도별 지가 변동률(평균) | 2012
지가,2016,351,34.시도별 지가 변동률(평균),Ⅲ. 물가·가계,2012,인천,col-ko,0,0.8183,0. 46,0.46,1.0,전치·패널1,[전치] 34. 시도별 지가 변동률(평균) | 2012
지가,2016,351,34.시도별 지가 변동률(평균),Ⅲ. 물가·가계,2012,광주,col-ko,0,0.8912,1. 15,1.15,0.5,전치·패널1,[전치] 34. 시도별 지가 변동률(평균) | 2012
지가,2016,351,34.시도별 지가 변동률(평균),Ⅲ. 물가·가계,2013,전국,col-ko,0,0.1663,1. 14,1.14,1.0,전치·패널1,[전치] 34. 시도별 지가 변동률(평균) | 2013
지가,2016,351,34.시도별 지가 변동률(평균),Ⅲ. 물가·가계,2013,서울,col-ko,0,0.6037,1.21,1.21,1.0,전치·패널1,[전치] 34. 시도별 지가 변동률(평균) | 2013
지가,2016,351,34.시도별 지가 변동률(평균),Ⅲ. 물가·가계,2013,인천,col-ko,0,0.8183,0. 87,0.87,1.0,전치·패널1,[전치] 34. 시도별 지가 변동률(평균) | 2013
지가,2016,351,34.시도별 지가 변동률(평균),Ⅲ. 물가·가계,2013,광주,col-ko,0,0.8912,0. 75,0.75,1.0,전치·패널1,[전치] 34. 시도별 지가 변동률(평균) | 2013
지가,2016,351,34.시도별 지가 변동률(평균),Ⅲ. 물가·가계,2014,전국,col-ko,0,0.1663,1.96,1.96,1.0,전치·패널1,[전치] 34. 시도별 지가 변동률(평균) | 2014
지가,2016,351,34.시도별 지가 변동률(평균),Ⅲ. 물가·가계,2014,서울,col-ko,0,0.6037,2.66,2.66,1.0,전치·패널1,[전치] 34. 시도별 지가 변동률(평균) | 2014
지가,2016,351,34.시도별 지가 변동률(평균),Ⅲ. 물가·가계,2014,인천,col-ko,0,0.8183,1. 35,1.35,0.5,전치·패널1,[전치] 34. 시도별 지가 변동률(평균) | 2014
지가,2016,351,34.시도별 지가 변동률(평균),Ⅲ. 물가·가계,2014,광주,col-ko,0,0.8912,1.31,1.31,0.5,전치·패널1,[전치] 34. 시도별 지가 변동률(평균) | 2014
지가,2016,351,34.시도별 지가 변동률(평균),Ⅲ. 물가·가계,2015,전국,col-ko,0,0.1663,2.40,2.4,0.5,전치·패널1,[전치] 34. 시도별 지가 변동률(평균) | 2015
지가,2016,351,34.시도별 지가 변동률(평균),Ⅲ. 물가·가계,2015,서울,col-ko,0,0.6037,2.69,2.69,1.0,전치·패널1,[전치] 34. 시도별 지가 변동률(평균) | 2015
지가,2016,351,34.시도별 지가 변동률(평균),Ⅲ. 물가·가계,2015,인천,col-ko,0,0.8183,1. 95,1.95,0.5,전치·패널1,[전치] 34. 시도별 지가 변동률(평균) | 2015
지가,2016,351,34.시도별 지가 변동률(평균),Ⅲ. 물가·가계,2015,광주,col-ko,0,0.8912,2.87,2.87,1.0,전치·패널1,[전치] 34. 시도별 지가 변동률(평균) | 2015
지가,2016,351,34.시도별 지가 변동률(평균),Ⅲ. 물가·가계,2016,전국,col-ko,0,0.1663,2.70,2.7,0.5,전치·패널1,[전치] 34. 시도별 지가 변동률(평균) | 2016
지가,2016,351,34.시도별 지가 변동률(평균),Ⅲ. 물가·가계,2016,서울,col-ko,0,0.6037,2.97,2.97,0.5,전치·패널1,[전치] 34. 시도별 지가 변동률(평균) | 2016
지가,2016,351,34.시도별 지가 변동률(평균),Ⅲ. 물가·가계,2016,인천,col-ko,0,0.8183,1. 74,1.74,0.5,전치·패널1,[전치] 34. 시도별 지가 변동률(평균) | 2016
지가,2016,351,34.시도별 지가 변동률(평균),Ⅲ. 물가·가계,2016,광주,col-ko,0,0.8912,2. 82,2.82,1.0,전치·패널1,[전치] 34. 시도별 지가 변동률(평균) | 2016
지가,2016,351,34.시도별 지가 변동률(평균),Ⅲ. 물가·가계,1995,충북,col-ko,0,0.501,0. 39,0.39,0.5,전치·패널2,[전치] 1995
지가,2016,351,34.시도별 지가 변동률(평균),Ⅲ. 물가·가계,1995,충남,col-ko,0,0.5657,-0. 27,-0.27,0.3,전치·패널2|저신뢰,[전치] 1995
지가,2016,351,34.시도별 지가 변동률(평균),Ⅲ. 물가·가계,1995,전북,col-ko,0,0.6314,0. 48,0.48,0.5,전치·패널2,[전치] 1995
지가,2016,351,34.시도별 지가 변동률(평균),Ⅲ. 물가·가계,1995,경남,col-ko,0,0.8285,0.56,0.56,1.0,전치·패널2,[전치] 1995
지가,2016,351,34.시도별 지가 변동률(평균),Ⅲ. 물가·가계,1996 0.ㄲ,충남,col-ko,0,0.5657,1. 08,1.08,1.0,전치·패널2,[전치] 1996 0.ㄲ
지가,2016,351,34.시도별 지가 변동률(평균),Ⅲ. 물가·가계,1996 0.ㄲ,전북,col-ko,0,0.6314,1. 13,1.13,1.0,전치·패널2,[전치] 1996 0.ㄲ
지가,2016,351,34.시도별 지가 변동률(평균),Ⅲ. 물가·가계,1996 0.ㄲ,경남,col-ko,0,0.8285,0. 98,0.98,1.0,전치·패널2,[전치] 1996 0.ㄲ
지가,2016,351,34.시도별 지가 변동률(평균),Ⅲ. 물가·가계,1996 0.ㄲ,제주,col-ko,0,0.8942,0. 30,0.3,1.0,전치·패널2,[전치] 1996 0.ㄲ
지가,2016,351,34.시도별 지가 변동률(평균),Ⅲ. 물가·가계,1997 -,충북,col-ko,0,0.501,1. 02,1.02,0.5,전치·패널2,[전치] 1997 -
지가,2016,351,34.시도별 지가 변동률(평균),Ⅲ. 물가·가계,1997 -,충남,col-ko,0,0.5657,1. 13,1.13,0.5,전치·패널2,[전치] 1997 -
지가,2016,351,34.시도별 지가 변동률(평균),Ⅲ. 물가·가계,1997 -,전북,col-ko,0,0.6314,0.57,0.57,1.0,전치·패널2,[전치] 1997 -
지가,2016,351,34.시도별 지가 변동률(평균),Ⅲ. 물가·가계,1997 -,경남,col-ko,0,0.8285,0.26,0.26,1.0,전치·패널2,[전치] 1997 -
지가,2016,351,34.시도별 지가 변동률(평균),Ⅲ. 물가·가계,1997 -,제주,col-ko,0,0.8942,0. 38,0.38,1.0,전치·패널2,[전치] 1997 -
지가,2016,351,34.시도별 지가 변동률(평균),Ⅲ. 물가·가계,1998 -,충북,col-ko,0,0.501,-7.13,-7.13,0.3,전치·패널2|저신뢰,[전치] 1998 -
지가,2016,351,34.시도별 지가 변동률(평균),Ⅲ. 물가·가계,1998 -,충남,col-ko,0,0.5657,-7.11,-7.11,0.5,전치·패널2,[전치] 1998 -
지가,2016,351,34.시도별 지가 변동률(평균),Ⅲ. 물가·가계,1999 • .,충북,col-ko,0,0.501,4. 10,4.1,0.5,전치·패널2,[전치] 1999 • .
지가,2016,351,34.시도별 지가 변동률(평균),Ⅲ. 물가·가계,1999 • .,충남,col-ko,0,0.5657,3. 18,3.18,0.5,전치·패널2,[전치] 1999 • .
지가,2016,351,34.시도별 지가 변동률(평균),Ⅲ. 물가·가계,1999 • .,전북,col-ko,0,0.6314,2. 17,2.17,1.0,전치·패널2,[전치] 1999 • .
지가,2016,351,34.시도별 지가 변동률(평균),Ⅲ. 물가·가계,1999 • .,경남,col-ko,0,0.8285,2.21,2.21,0.5,전치·패널2,[전치] 1999 • .
지가,2016,351,34.시도별 지가 변동률(평균),Ⅲ. 물가·가계,1999 • .,제주,col-ko,0,0.8942,6. 82,6.82,0.5,전치·패널2,[전치] 1999 • .
지가,2016,351,34.시도별 지가 변동률(평균),Ⅲ. 물가·가계,2000,충북,col-ko,0,0.501,1. 12,1.12,0.5,전치·패널2,[전치] 2000
지가,2016,351,34.시도별 지가 변동률(평균),Ⅲ. 물가·가계,2000,충남,col-ko,0,0.5657,1. 18,1.18,0.5,전치·패널2,[전치] 2000
지가,2016,351,34.시도별 지가 변동률(평균),Ⅲ. 물가·가계,2000,전북,col-ko,0,0.6314,1. 13,1.13,1.0,전치·패널2,[전치] 2000
지가,2016,351,34.시도별 지가 변동률(평균),Ⅲ. 물가·가계,2000,경남,col-ko,0,0.8285,1. 15,1.15,0.5,전치·패널2,[전치] 2000
지가,2016,351,34.시도별 지가 변동률(평균),Ⅲ. 물가·가계,2000,제주,col-ko,0,0.8942,2. 18,2.18,0.5,전치·패널2,[전치] 2000
지가,2016,351,34.시도별 지가 변동률(평균),Ⅲ. 물가·가계,2001,충북,col-ko,0,0.501,0. 41,0.41,0.5,전치·패널2,[전치] 2001
지가,2016,351,34.시도별 지가 변동률(평균),Ⅲ. 물가·가계,2001,충남,col-ko,0,0.5657,0. 36,0.36,1.0,전치·패널2,[전치] 2001
지가,2016,351,34.시도별 지가 변동률(평균),Ⅲ. 물가·가계,2001,전북,col-ko,0,0.6314,-0. 13,-0.13,0.3,전치·패널2|저신뢰,[전치] 2001
지가,2016,351,34.시도별 지가 변동률(평균),Ⅲ. 물가·가계,2001,경남,col-ko,0,0.8285,0. 94,0.94,1.0,전치·패널2,[전치] 2001
지가,2016,351,34.시도별 지가 변동률(평균),Ⅲ. 물가·가계,2001,제주,col-ko,0,0.8942,3. 13,3.13,0.5,전치·패널2,[전치] 2001
지가,2016,351,34.시도별 지가 변동률(평균),Ⅲ. 물가·가계,2002,충북,col-ko,0,0.501,3. 02,3.02,1.0,전치·패널2,[전치] 2002
지가,2016,351,34.시도별 지가 변동률(평균),Ⅲ. 물가·가계,2002,충남,col-ko,0,0.5657,2.48,2.48,0.3,전치·패널2|저신뢰,[전치] 2002
지가,2016,351,34.시도별 지가 변동률(평균),Ⅲ. 물가·가계,2002,전북,col-ko,0,0.6314,0. 64,0.64,1.0,전치·패널2,[전치] 2002
지가,2016,351,34.시도별 지가 변동률(평균),Ⅲ. 물가·가계,2002,경남,col-ko,0,0.8285,2.22,2.22,1.0,전치·패널2,[전치] 2002
지가,2016,351,34.시도별 지가 변동률(평균),Ⅲ. 물가·가계,2002,제주,col-ko,0,0.8942,6. 01,6.01,0.5,전치·패널2,[전치] 2002
지가,2016,351,34.시도별 지가 변동률(평균),Ⅲ. 물가·가계,2003,충북,col-ko,0,0.501,2. 54,2.54,1.0,전치·패널2,[전치] 2003
지가,2016,351,34.시도별 지가 변동률(평균),Ⅲ. 물가·가계,2003,충남,col-ko,0,0.5657,4. 81,4.81,0.5,전치·패널2,[전치] 2003
지가,2016,351,34.시도별 지가 변동률(평균),Ⅲ. 물가·가계,2003,전북,col-ko,0,0.6314,0.96,0.96,0.3,전치·패널2|저신뢰,[전치] 2003
지가,2016,351,34.시도별 지가 변동률(평균),Ⅲ. 물가·가계,2003,경남,col-ko,0,0.8285,1. 38,1.38,0.3,전치·패널2|저신뢰,[전치] 2003
지가,2016,351,34.시도별 지가 변동률(평균),Ⅲ. 물가·가계,2003,제주,col-ko,0,0.8942,1. 25,1.25,0.5,전치·패널2,[전치] 2003
지가,2016,351,34.시도별 지가 변동률(평균),Ⅲ. 물가·가계,2004,충북,col-ko,0,0.501,3.83,3.83,1.0,전치·패널2,[전치] 2004
지가,2016,351,34.시도별 지가 변동률(평균),Ⅲ. 물가·가계,2004,충남,col-ko,0,0.5657,11. 65,11.65,1.0,전치·패널2,[전치] 2004
지가,2016,351,34.시도별 지가 변동률(평균),Ⅲ. 물가·가계,2004,전북,col-ko,0,0.6314,0. 70,0.7,0.5,전치·패널2,[전치] 2004
지가,2016,351,34.시도별 지가 변동률(평균),Ⅲ. 물가·가계,2004,경남,col-ko,0,0.8285,3. 09,3.09,0.5,전치·패널2,[전치] 2004
지가,2016,351,34.시도별 지가 변동률(평균),Ⅲ. 물가·가계,2004,제주,col-ko,0,0.8942,1. 96,1.96,1.0,전치·패널2,[전치] 2004
지가,2016,351,34.시도별 지가 변동률(평균),Ⅲ. 물가·가계,2005,충북,col-ko,0,0.501,4. 98,4.98,0.5,전치·패널2,[전치] 2005
지가,2016,351,34.시도별 지가 변동률(평균),Ⅲ. 물가·가계,2005,충남,col-ko,0,0.5657,8. 32,8.32,1.0,전치·패널2,[전치] 2005
지가,2016,351,34.시도별 지가 변동률(평균),Ⅲ. 물가·가계,2005,전북,col-ko,0,0.6314,1. 38,1.38,0.5,전치·패널2,[전치] 2005
지가,2016,351,34.시도별 지가 변동률(평균),Ⅲ. 물가·가계,2005,경남,col-ko,0,0.8285,2. 81,2.81,0.5,전치·패널2,[전치] 2005
지가,2016,351,34.시도별 지가 변동률(평균),Ⅲ. 물가·가계,2005,제주,col-ko,0,0.8942,2. 12,2.12,0.5,전치·패널2,[전치] 2005
지가,2016,351,34.시도별 지가 변동률(평균),Ⅲ. 물가·가계,2006,충북,col-ko,0,0.501,4. 37,4.37,0.5,전치·패널2,[전치] 2006
지가,2016,351,34.시도별 지가 변동률(평균),Ⅲ. 물가·가계,2006,충남,col-ko,0,0.5657,5.55,5.55,0.3,전치·패널2|저신뢰,[전치] 2006
지가,2016,351,34.시도별 지가 변동률(평균),Ⅲ. 물가·가계,2006,전북,col-ko,0,0.6314,1. 29,1.29,0.5,전치·패널2,[전치] 2006
지가,2016,351,34.시도별 지가 변동률(평균),Ⅲ. 물가·가계,2006,경남,col-ko,0,0.8285,2.56,2.56,1.0,전치·패널2,[전치] 2006
지가,2016,351,34.시도별 지가 변동률(평균),Ⅲ. 물가·가계,2006,제주,col-ko,0,0.8942,2. 10,2.1,1.0,전치·패널2,[전치] 2006
지가,2016,351,34.시도별 지가 변동률(평균),Ⅲ. 물가·가계,2007,충북,col-ko,0,0.501,1.,1.0,1.0,전치·패널2,[전치] 2007
지가,2016,351,34.시도별 지가 변동률(평균),Ⅲ. 물가·가계,2007,충남,col-ko,0,0.5657,2. 03,2.03,1.0,전치·패널2,[전치] 2007
지가,2016,351,34.시도별 지가 변동률(평균),Ⅲ. 물가·가계,2007,전북,col-ko,0,0.6314,1.21,1.21,0.5,전치·패널2,[전치] 2007
지가,2016,351,34.시도별 지가 변동률(평균),Ⅲ. 물가·가계,2007,경남,col-ko,0,0.8285,2.22,2.22,1.0,전치·패널2,[전치] 2007
지가,2016,351,34.시도별 지가 변동률(평균),Ⅲ. 물가·가계,2007,제주,col-ko,0,0.8942,1.67,1.67,1.0,전치·패널2,[전치] 2007
지가,2016,351,34.시도별 지가 변동률(평균),Ⅲ. 물가·가계,2008 •• - 0. - 0. 12,전북,col-ko,0,0.6314,2.58,2.58,0.5,전치·패널2,[전치] 2008 •• - 0. - 0. 12
지가,2016,351,34.시도별 지가 변동률(평균),Ⅲ. 물가·가계,2008 •• - 0. - 0. 12,경남,col-ko,0,0.8285,0. 11,0.11,0.5,전치·패널2,[전치] 2008 •• - 0. - 0. 12
지가,2016,351,34.시도별 지가 변동률(평균),Ⅲ. 물가·가계,2009,충북,col-ko,0,0.501,0.,0.0,1.0,전치·패널2,[전치] 2009
지가,2016,351,34.시도별 지가 변동률(평균),Ⅲ. 물가·가계,2009,충남,col-ko,0,0.5657,0. 26,0.26,1.0,전치·패널2,[전치] 2009
지가,2016,351,34.시도별 지가 변동률(평균),Ⅲ. 물가·가계,2009,경남,col-ko,0,0.8285,0. 44,0.44,1.0,전치·패널2,[전치] 2009
지가,2016,351,34.시도별 지가 변동률(평균),Ⅲ. 물가·가계,2009,제주,col-ko,0,0.8942,0. 20,0.2,1.0,전치·패널2,[전치] 2009
지가,2016,351,34.시도별 지가 변동률(평균),Ⅲ. 물가·가계,2010,충북,col-ko,0,0.501,0.65,0.65,1.0,전치·패널2,[전치] 2010
지가,2016,351,34.시도별 지가 변동률(평균),Ⅲ. 물가·가계,2010,충남,col-ko,0,0.5657,1. 16,1.16,0.5,전치·패널2,[전치] 2010
지가,2016,351,34.시도별 지가 변동률(평균),Ⅲ. 물가·가계,2010,전북,col-ko,0,0.6314,0. 66,0.66,0.5,전치·패널2,[전치] 2010
지가,2016,351,34.시도별 지가 변동률(평균),Ⅲ. 물가·가계,2010,경남,col-ko,0,0.8285,1. 29,1.29,0.3,전치·패널2|저신뢰,[전치] 2010
지가,2016,351,34.시도별 지가 변동률(평균),Ⅲ. 물가·가계,2010,제주,col-ko,0,0.8942,1. 07,1.07,0.3,전치·패널2|저신뢰,[전치] 2010
지가,2016,351,34.시도별 지가 변동률(평균),Ⅲ. 물가·가계,2011,충북,col-ko,0,0.501,0. 59,0.59,0.5,전치·패널2,[전치] 2011
지가,2016,351,34.시도별 지가 변동률(평균),Ⅲ. 물가·가계,2011,충남,col-ko,0,0.5657,0. 76,0.76,0.5,전치·패널2,[전치] 2011
지가,2016,351,34.시도별 지가 변동률(평균),Ⅲ. 물가·가계,2011,전북,col-ko,0,0.6314,0. 77,0.77,1.0,전치·패널2,[전치] 2011
지가,2016,351,34.시도별 지가 변동률(평균),Ⅲ. 물가·가계,2011,경남,col-ko,0,0.8285,1. 63,1.63,1.0,전치·패널2,[전치] 2011
지가,2016,351,34.시도별 지가 변동률(평균),Ⅲ. 물가·가계,2011,제주,col-ko,0,0.8942,0. 92,0.92,0.5,전치·패널2,[전치] 2011
지가,2016,351,34.시도별 지가 변동률(평균),Ⅲ. 물가·가계,2012,충북,col-ko,0,0.501,1. 09,1.09,0.5,전치·패널2,[전치] 2012
지가,2016,351,34.시도별 지가 변동률(평균),Ⅲ. 물가·가계,2012,충남,col-ko,0,0.5657,0. 88,0.88,1.0,전치·패널2,[전치] 2012
지가,2016,351,34.시도별 지가 변동률(평균),Ⅲ. 물가·가계,2012,전북,col-ko,0,0.6314,1.43,1.43,1.0,전치·패널2,[전치] 2012
지가,2016,351,34.시도별 지가 변동률(평균),Ⅲ. 물가·가계,2012,경남,col-ko,0,0.8285,1.67,1.67,1.0,전치·패널2,[전치] 2012
지가,2016,351,34.시도별 지가 변동률(평균),Ⅲ. 물가·가계,2012,제주,col-ko,0,0.8942,1. 25,1.25,1.0,전치·패널2,[전치] 2012
지가,2016,351,34.시도별 지가 변동률(평균),Ⅲ. 물가·가계,2013,대전,col-ko,0,0.1632,1.01,1.01,1.0,전치·패널2,[전치] 2013
지가,2016,351,34.시도별 지가 변동률(평균),Ⅲ. 물가·가계,2013,충북,col-ko,0,0.501,1.02,1.02,0.5,전치·패널2,[전치] 2013
지가,2016,351,34.시도별 지가 변동률(평균),Ⅲ. 물가·가계,2013,충남,col-ko,0,0.5657,0. 78,0.78,0.5,전치·패널2,[전치] 2013
지가,2016,351,34.시도별 지가 변동률(평균),Ⅲ. 물가·가계,2013,전북,col-ko,0,0.6314,1. 04,1.04,0.5,전치·패널2,[전치] 2013
지가,2016,351,34.시도별 지가 변동률(평균),Ⅲ. 물가·가계,2013,경남,col-ko,0,0.8285,1. 49,1.49,1.0,전치·패널2,[전치] 2013
지가,2016,351,34.시도별 지가 변동률(평균),Ⅲ. 물가·가계,2013,제주,col-ko,0,0.8942,1.42,1.42,0.5,전치·패널2,[전치] 2013
지가,2016,351,34.시도별 지가 변동률(평균),Ⅲ. 물가·가계,2014,대전,col-ko,0,0.1632,1. 84,1.84,1.0,전치·패널2,[전치] 2014
지가,2016,351,34.시도별 지가 변동률(평균),Ⅲ. 물가·가계,2014,충북,col-ko,0,0.501,1.69,1.69,1.0,전치·패널2,[전치] 2014
지가,2016,351,34.시도별 지가 변동률(평균),Ⅲ. 물가·가계,2014,충남,col-ko,0,0.5657,1.39,1.39,0.3,전치·패널2|저신뢰,[전치] 2014
지가,2016,351,34.시도별 지가 변동률(평균),Ⅲ. 물가·가계,2014,전북,col-ko,0,0.6314,1. 58,1.58,1.0,전치·패널2,[전치] 2014
지가,2016,351,34.시도별 지가 변동률(평균),Ⅲ. 물가·가계,2014,경남,col-ko,0,0.8285,1.,1.0,1.0,전치·패널2,[전치] 2014
지가,2016,351,34.시도별 지가 변동률(평균),Ⅲ. 물가·가계,2014,제주,col-ko,0,0.8942,3. 73,3.73,1.0,전치·패널2,[전치] 2014
지가,2016,351,34.시도별 지가 변동률(평균),Ⅲ. 물가·가계,2015,대전,col-ko,0,0.1632,3. 11,3.11,1.0,전치·패널2,[전치] 2015
지가,2016,351,34.시도별 지가 변동률(평균),Ⅲ. 물가·가계,2015,충북,col-ko,0,0.501,1. 90,1.9,1.0,전치·패널2,[전치] 2015
지가,2016,351,34.시도별 지가 변동률(평균),Ⅲ. 물가·가계,2015,충남,col-ko,0,0.5657,1.51,1.51,1.0,전치·패널2,[전치] 2015
지가,2016,351,34.시도별 지가 변동률(평균),Ⅲ. 물가·가계,2015,전북,col-ko,0,0.6314,2.31,2.31,0.5,전치·패널2,[전치] 2015
지가,2016,351,34.시도별 지가 변동률(평균),Ⅲ. 물가·가계,2015,경남,col-ko,0,0.8285,2. 23,2.23,1.0,전치·패널2,[전치] 2015
지가,2016,351,34.시도별 지가 변동률(평균),Ⅲ. 물가·가계,2015,제주,col-ko,0,0.8942,7.57,7.57,1.0,전치·패널2,[전치] 2015
지가,2016,351,34.시도별 지가 변동률(평균),Ⅲ. 물가·가계,2016,대전,col-ko,0,0.1632,3.45,3.45,1.0,전치·패널2,[전치] 2016
지가,2016,351,34.시도별 지가 변동률(평균),Ⅲ. 물가·가계,2016,울산,col-ko,0,0.231,2. 35,2.35,0.5,전치·패널2,[전치] 2016
지가,2016,351,34.시도별 지가 변동률(평균),Ⅲ. 물가·가계,2016,충북,col-ko,0,0.501,1. 92,1.92,0.3,전치·패널2|저신뢰,[전치] 2016
지가,2016,351,34.시도별 지가 변동률(평균),Ⅲ. 물가·가계,2016,충남,col-ko,0,0.5657,1. 90,1.9,0.3,전치·패널2|저신뢰,[전치] 2016
지가,2016,351,34.시도별 지가 변동률(평균),Ⅲ. 물가·가계,2016,전북,col-ko,0,0.6314,2. 15,2.15,0.5,전치·패널2,[전치] 2016
지가,2016,351,34.시도별 지가 변동률(평균),Ⅲ. 물가·가계,2016,경남,col-ko,0,0.8285,2.36,2.36,1.0,전치·패널2,[전치] 2016
지가,2016,351,34.시도별 지가 변동률(평균),Ⅲ. 물가·가계,2016,제주,col-ko,0,0.8942,8. 33,8.33,0.5,전치·패널2,[전치] 2016
지가,2017,223,14.시도별 지가 변동률(평균),Ⅲ. 물가·가계,1996,전국,col-ko,0,0.1663,0.95,0.95,1.0,전치,[전치] 14. 시도별 지가 변동률(평균) | 1996
지가,2017,223,14.시도별 지가 변동률(평균),Ⅲ. 물가·가계,1996,서울,col-ko,0,0.6047,0. 94,0.94,0.5,전치,[전치] 14. 시도별 지가 변동률(평균) | 1996
지가,2017,223,14.시도별 지가 변동률(평균),Ⅲ. 물가·가계,1996,부산,col-ko,0,0.6766,0. 40,0.4,1.0,전치,[전치] 14. 시도별 지가 변동률(평균) | 1996
지가,2017,223,14.시도별 지가 변동률(평균),Ⅲ. 물가·가계,1996,대구,col-ko,0,0.7464,1. 09,1.09,1.0,전치,[전치] 14. 시도별 지가 변동률(평균) | 1996
지가,2017,223,14.시도별 지가 변동률(평균),Ⅲ. 물가·가계,1996,인천,col-ko,0,0.8183,0.78,0.78,1.0,전치,[전치] 14. 시도별 지가 변동률(평균) | 1996
지가,2017,223,14.시도별 지가 변동률(평균),Ⅲ. 물가·가계,1996,광주,col-ko,0,0.8901,1. 16,1.16,1.0,전치,[전치] 14. 시도별 지가 변동률(평균) | 1996
지가,2017,223,14.시도별 지가 변동률(평균),Ⅲ. 물가·가계,1997,전국,col-ko,0,0.1663,0.31,0.31,1.0,전치,[전치] 14. 시도별 지가 변동률(평균) | 1997
지가,2017,223,14.시도별 지가 변동률(평균),Ⅲ. 물가·가계,1997,서울,col-ko,0,0.6047,0. 29,0.29,0.3,전치|저신뢰,[전치] 14. 시도별 지가 변동률(평균) | 1997
지가,2017,223,14.시도별 지가 변동률(평균),Ⅲ. 물가·가계,1997,인천,col-ko,0,0.8183,0.28,0.28,0.5,전치,[전치] 14. 시도별 지가 변동률(평균) | 1997
지가,2017,223,14.시도별 지가 변동률(평균),Ⅲ. 물가·가계,1997,광주,col-ko,0,0.8901,0. 67,0.67,0.5,전치,[전치] 14. 시도별 지가 변동률(평균) | 1997
지가,2017,223,14.시도별 지가 변동률(평균),Ⅲ. 물가·가계,1999,전국,col-ko,0,0.1663,2.94,2.94,1.0,전치,[전치] 14. 시도별 지가 변동률(평균) | 1999
지가,2017,223,14.시도별 지가 변동률(평균),Ⅲ. 물가·가계,1999,서울,col-ko,0,0.6047,2.66,2.66,0.5,전치,[전치] 14. 시도별 지가 변동률(평균) | 1999
지가,2017,223,14.시도별 지가 변동률(평균),Ⅲ. 물가·가계,1999,부산,col-ko,0,0.6766,1.24,1.24,1.0,전치,[전치] 14. 시도별 지가 변동률(평균) | 1999
지가,2017,223,14.시도별 지가 변동률(평균),Ⅲ. 물가·가계,1999,대구,col-ko,0,0.7464,1. 93,1.93,0.3,전치|저신뢰,[전치] 14. 시도별 지가 변동률(평균) | 1999
지가,2017,223,14.시도별 지가 변동률(평균),Ⅲ. 물가·가계,1999,인천,col-ko,0,0.8183,3. 51,3.51,0.5,전치,[전치] 14. 시도별 지가 변동률(평균) | 1999
지가,2017,223,14.시도별 지가 변동률(평균),Ⅲ. 물가·가계,1999,광주,col-ko,0,0.8901,1. 30,1.3,0.3,전치|저신뢰,[전치] 14. 시도별 지가 변동률(평균) | 1999
지가,2017,223,14.시도별 지가 변동률(평균),Ⅲ. 물가·가계,2000,전국,col-ko,0,0.1663,0.67,0.67,1.0,전치,[전치] 14. 시도별 지가 변동률(평균) | 2000
지가,2017,223,14.시도별 지가 변동률(평균),Ⅲ. 물가·가계,2000,서울,col-ko,0,0.6047,0. 05,0.05,1.0,전치,[전치] 14. 시도별 지가 변동률(평균) | 2000
지가,2017,223,14.시도별 지가 변동률(평균),Ⅲ. 물가·가계,2000,인천,col-ko,0,0.8183,1.07,1.07,1.0,전치,[전치] 14. 시도별 지가 변동률(평균) | 2000
지가,2017,223,14.시도별 지가 변동률(평균),Ⅲ. 물가·가계,2001,전국,col-ko,0,0.1663,1.32,1.32,0.5,전치,[전치] 14. 시도별 지가 변동률(평균) | 2001
지가,2017,223,14.시도별 지가 변동률(평균),Ⅲ. 물가·가계,2001,서울,col-ko,0,0.6047,1.89,1.89,1.0,전치,[전치] 14. 시도별 지가 변동률(평균) | 2001
지가,2017,223,14.시도별 지가 변동률(평균),Ⅲ. 물가·가계,2001,부산,col-ko,0,0.6766,0.49,0.49,0.5,전치,[전치] 14. 시도별 지가 변동률(평균) | 2001
지가,2017,223,14.시도별 지가 변동률(평균),Ⅲ. 물가·가계,2001,대구,col-ko,0,0.7464,0. 42,0.42,0.5,전치,[전치] 14. 시도별 지가 변동률(평균) | 2001
지가,2017,223,14.시도별 지가 변동률(평균),Ⅲ. 물가·가계,2001,광주,col-ko,0,0.8901,-0. 37,-0.37,0.5,전치,[전치] 14. 시도별 지가 변동률(평균) | 2001
지가,2017,223,14.시도별 지가 변동률(평균),Ⅲ. 물가·가계,2002,전국,col-ko,0,0.1663,8.98,8.98,1.0,전치,[전치] 14. 시도별 지가 변동률(평균) | 2002
지가,2017,223,14.시도별 지가 변동률(평균),Ⅲ. 물가·가계,2002,서울,col-ko,0,0.6047,15.81,15.81,1.0,전치,[전치] 14. 시도별 지가 변동률(평균) | 2002
지가,2017,223,14.시도별 지가 변동률(평균),Ⅲ. 물가·가계,2002,부산,col-ko,0,0.6766,3.28,3.28,1.0,전치,[전치] 14. 시도별 지가 변동률(평균) | 2002
지가,2017,223,14.시도별 지가 변동률(평균),Ⅲ. 물가·가계,2002,대구,col-ko,0,0.7464,2. 09,2.09,0.5,전치,[전치] 14. 시도별 지가 변동률(평균) | 2002
지가,2017,223,14.시도별 지가 변동률(평균),Ⅲ. 물가·가계,2002,인천,col-ko,0,0.8183,11.51,11.51,0.3,전치|저신뢰,[전치] 14. 시도별 지가 변동률(평균) | 2002
지가,2017,223,14.시도별 지가 변동률(평균),Ⅲ. 물가·가계,2002,광주,col-ko,0,0.8901,1. 03,1.03,0.5,전치,[전치] 14. 시도별 지가 변동률(평균) | 2002
지가,2017,223,14.시도별 지가 변동률(평균),Ⅲ. 물가·가계,2003,전국,col-ko,0,0.1663,3.43,3.43,0.5,전치,[전치] 14. 시도별 지가 변동률(평균) | 2003
지가,2017,223,14.시도별 지가 변동률(평균),Ⅲ. 물가·가계,2003,서울,col-ko,0,0.6047,5.23,5.23,1.0,전치,[전치] 14. 시도별 지가 변동률(평균) | 2003
지가,2017,223,14.시도별 지가 변동률(평균),Ⅲ. 물가·가계,2003,부산,col-ko,0,0.6766,1.09,1.09,1.0,전치,[전치] 14. 시도별 지가 변동률(평균) | 2003
지가,2017,223,14.시도별 지가 변동률(평균),Ⅲ. 물가·가계,2003,대구,col-ko,0,0.7464,1.54,1.54,1.0,전치,[전치] 14. 시도별 지가 변동률(평균) | 2003
지가,2017,223,14.시도별 지가 변동률(평균),Ⅲ. 물가·가계,2003,인천,col-ko,0,0.8183,2.50,2.5,1.0,전치,[전치] 14. 시도별 지가 변동률(평균) | 2003
지가,2017,223,14.시도별 지가 변동률(평균),Ⅲ. 물가·가계,2003,광주,col-ko,0,0.8901,0.91,0.91,1.0,전치,[전치] 14. 시도별 지가 변동률(평균) | 2003
지가,2017,223,14.시도별 지가 변동률(평균),Ⅲ. 물가·가계,2004,전국,col-ko,0,0.1663,3.86,3.86,1.0,전치,[전치] 14. 시도별 지가 변동률(평균) | 2004
지가,2017,223,14.시도별 지가 변동률(평균),Ⅲ. 물가·가계,2004,서울,col-ko,0,0.6047,4.09,4.09,1.0,전치,[전치] 14. 시도별 지가 변동률(평균) | 2004
지가,2017,223,14.시도별 지가 변동률(평균),Ⅲ. 물가·가계,2004,부산,col-ko,0,0.6766,0. 89,0.89,1.0,전치,[전치] 14. 시도별 지가 변동률(평균) | 2004
지가,2017,223,14.시도별 지가 변동률(평균),Ⅲ. 물가·가계,2004,대구,col-ko,0,0.7464,1. 58,1.58,0.5,전치,[전치] 14. 시도별 지가 변동률(평균) | 2004
지가,2017,223,14.시도별 지가 변동률(평균),Ⅲ. 물가·가계,2004,인천,col-ko,0,0.8183,4. 32,4.32,1.0,전치,[전치] 14. 시도별 지가 변동률(평균) | 2004
지가,2017,223,14.시도별 지가 변동률(평균),Ⅲ. 물가·가계,2004,광주,col-ko,0,0.8901,0. 68,0.68,1.0,전치,[전치] 14. 시도별 지가 변동률(평균) | 2004
지가,2017,223,14.시도별 지가 변동률(평균),Ⅲ. 물가·가계,2005,전국,col-ko,0,0.1663,4.99,4.99,1.0,전치,[전치] 14. 시도별 지가 변동률(평균) | 2005
지가,2017,223,14.시도별 지가 변동률(평균),Ⅲ. 물가·가계,2005,서울,col-ko,0,0.6047,6.56,6.56,0.5,전치,[전치] 14. 시도별 지가 변동률(평균) | 2005
지가,2017,223,14.시도별 지가 변동률(평균),Ⅲ. 물가·가계,2005,부산,col-ko,0,0.6766,1.86,1.86,0.3,전치|저신뢰,[전치] 14. 시도별 지가 변동률(평균) | 2005
지가,2017,223,14.시도별 지가 변동률(평균),Ⅲ. 물가·가계,2005,대구,col-ko,0,0.7464,3.32,3.32,0.5,전치,[전치] 14. 시도별 지가 변동률(평균) | 2005
지가,2017,223,14.시도별 지가 변동률(평균),Ⅲ. 물가·가계,2005,인천,col-ko,0,0.8183,4. 94,4.94,1.0,전치,[전치] 14. 시도별 지가 변동률(평균) | 2005
지가,2017,223,14.시도별 지가 변동률(평균),Ⅲ. 물가·가계,2005,광주,col-ko,0,0.8901,1.87,1.87,1.0,전치,[전치] 14. 시도별 지가 변동률(평균) | 2005
지가,2017,223,14.시도별 지가 변동률(평균),Ⅲ. 물가·가계,2006,전국,col-ko,0,0.1663,5.62,5.62,1.0,전치,[전치] 14. 시도별 지가 변동률(평균) | 2006
지가,2017,223,14.시도별 지가 변동률(평균),Ⅲ. 물가·가계,2006,서울,col-ko,0,0.6047,9. 17,9.17,0.5,전치,[전치] 14. 시도별 지가 변동률(평균) | 2006
지가,2017,223,14.시도별 지가 변동률(평균),Ⅲ. 물가·가계,2006,부산,col-ko,0,0.6766,2.50,2.5,0.5,전치,[전치] 14. 시도별 지가 변동률(평균) | 2006
지가,2017,223,14.시도별 지가 변동률(평균),Ⅲ. 물가·가계,2006,대구,col-ko,0,0.7464,4. 19,4.19,0.5,전치,[전치] 14. 시도별 지가 변동률(평균) | 2006
지가,2017,223,14.시도별 지가 변동률(평균),Ⅲ. 물가·가계,2006,인천,col-ko,0,0.8183,5.58,5.58,1.0,전치,[전치] 14. 시도별 지가 변동률(평균) | 2006
지가,2017,223,14.시도별 지가 변동률(평균),Ⅲ. 물가·가계,2006,광주,col-ko,0,0.8901,1.44,1.44,1.0,전치,[전치] 14. 시도별 지가 변동률(평균) | 2006
지가,2017,223,14.시도별 지가 변동률(평균),Ⅲ. 물가·가계,2007,전국,col-ko,0,0.1663,3.89,3.89,1.0,전치,[전치] 14. 시도별 지가 변동률(평균) | 2007
지가,2017,223,14.시도별 지가 변동률(평균),Ⅲ. 물가·가계,2007,서울,col-ko,0,0.6047,5. 88,5.88,1.0,전치,[전치] 14. 시도별 지가 변동률(평균) | 2007
지가,2017,223,14.시도별 지가 변동률(평균),Ⅲ. 물가·가계,2007,부산,col-ko,0,0.6766,2.16,2.16,1.0,전치,[전치] 14. 시도별 지가 변동률(평균) | 2007
지가,2017,223,14.시도별 지가 변동률(평균),Ⅲ. 물가·가계,2007,대구,col-ko,0,0.7464,2.91,2.91,1.0,전치,[전치] 14. 시도별 지가 변동률(평균) | 2007
지가,2017,223,14.시도별 지가 변동률(평균),Ⅲ. 물가·가계,2007,인천,col-ko,0,0.8183,4.85,4.85,0.5,전치,[전치] 14. 시도별 지가 변동률(평균) | 2007
지가,2017,223,14.시도별 지가 변동률(평균),Ⅲ. 물가·가계,2007,광주,col-ko,0,0.8901,0. 94,0.94,0.5,전치,[전치] 14. 시도별 지가 변동률(평균) | 2007
지가,2017,223,14.시도별 지가 변동률(평균),Ⅲ. 물가·가계,2008,전국,col-ko,0,0.1663,-0. 32,-0.32,0.5,전치,[전치] 14. 시도별 지가 변동률(평균) | 2008
지가,2017,223,14.시도별 지가 변동률(평균),Ⅲ. 물가·가계,2008,대구,col-ko,0,0.7464,-0.45,-0.45,0.5,전치,[전치] 14. 시도별 지가 변동률(평균) | 2008
지가,2017,223,14.시도별 지가 변동률(평균),Ⅲ. 물가·가계,2008,인천,col-ko,0,0.8183,1.37,1.37,1.0,전치,[전치] 14. 시도별 지가 변동률(평균) | 2008
지가,2017,223,14.시도별 지가 변동률(평균),Ⅲ. 물가·가계,2008,광주,col-ko,0,0.8901,-0. 90,-0.9,1.0,전치,[전치] 14. 시도별 지가 변동률(평균) | 2008
지가,2017,223,14.시도별 지가 변동률(평균),Ⅲ. 물가·가계,2009,전국,col-ko,0,0.1663,0.96,0.96,1.0,전치,[전치] 14. 시도별 지가 변동률(평균) | 2009
지가,2017,223,14.시도별 지가 변동률(평균),Ⅲ. 물가·가계,2009,서울,col-ko,0,0.6047,1.40,1.4,1.0,전치,[전치] 14. 시도별 지가 변동률(평균) | 2009
지가,2017,223,14.시도별 지가 변동률(평균),Ⅲ. 물가·가계,2009,부산,col-ko,0,0.6766,0.1,0.1,0.3,전치|저신뢰,[전치] 14. 시도별 지가 변동률(평균) | 2009
지가,2017,223,14.시도별 지가 변동률(평균),Ⅲ. 물가·가계,2009,대구,col-ko,0,0.7464,0.28,0.28,1.0,전치,[전치] 14. 시도별 지가 변동률(평균) | 2009
지가,2017,223,14.시도별 지가 변동률(평균),Ⅲ. 물가·가계,2009,인천,col-ko,0,0.8183,1.99,1.99,0.5,전치,[전치] 14. 시도별 지가 변동률(평균) | 2009
지가,2017,223,14.시도별 지가 변동률(평균),Ⅲ. 물가·가계,2009,광주,col-ko,0,0.8901,0. 33,0.33,0.5,전치,[전치] 14. 시도별 지가 변동률(평균) | 2009
지가,2017,223,14.시도별 지가 변동률(평균),Ⅲ. 물가·가계,2010,전국,col-ko,0,0.1663,1.05,1.05,1.0,전치,[전치] 14. 시도별 지가 변동률(평균) | 2010
지가,2017,223,14.시도별 지가 변동률(평균),Ⅲ. 물가·가계,2010,서울,col-ko,0,0.6047,0. 53,0.53,0.5,전치,[전치] 14. 시도별 지가 변동률(평균) | 2010
지가,2017,223,14.시도별 지가 변동률(평균),Ⅲ. 물가·가계,2010,부산,col-ko,0,0.6766,1.22,1.22,0.5,전치,[전치] 14. 시도별 지가 변동률(평균) | 2010
지가,2017,223,14.시도별 지가 변동률(평균),Ⅲ. 물가·가계,2010,대구,col-ko,0,0.7464,1.40,1.4,1.0,전치,[전치] 14. 시도별 지가 변동률(평균) | 2010
지가,2017,223,14.시도별 지가 변동률(평균),Ⅲ. 물가·가계,2010,인천,col-ko,0,0.8183,1.43,1.43,0.5,전치,[전치] 14. 시도별 지가 변동률(평균) | 2010
지가,2017,223,14.시도별 지가 변동률(평균),Ⅲ. 물가·가계,2010,광주,col-ko,0,0.8901,0.67,0.67,1.0,전치,[전치] 14. 시도별 지가 변동률(평균) | 2010
지가,2017,223,14.시도별 지가 변동률(평균),Ⅲ. 물가·가계,2011,전국,col-ko,0,0.1663,1.1,1.1,0.5,전치,[전치] 14. 시도별 지가 변동률(평균) | 2011
지가,2017,223,14.시도별 지가 변동률(평균),Ⅲ. 물가·가계,2011,서울,col-ko,0,0.6047,0.97,0.97,1.0,전치,[전치] 14. 시도별 지가 변동률(평균) | 2011
지가,2017,223,14.시도별 지가 변동률(평균),Ⅲ. 물가·가계,2011,부산,col-ko,0,0.6766,1. 58,1.58,0.5,전치,[전치] 14. 시도별 지가 변동률(평균) | 2011
지가,2017,223,14.시도별 지가 변동률(평균),Ⅲ. 물가·가계,2011,대구,col-ko,0,0.7464,1.40,1.4,0.5,전치,[전치] 14. 시도별 지가 변동률(평균) | 2011
지가,2017,223,14.시도별 지가 변동률(평균),Ⅲ. 물가·가계,2011,인천,col-ko,0,0.8183,0.66,0.66,1.0,전치,[전치] 14. 시도별 지가 변동률(평균) | 2011
지가,2017,223,14.시도별 지가 변동률(평균),Ⅲ. 물가·가계,2011,광주,col-ko,0,0.8901,0.75,0.75,1.0,전치,[전치] 14. 시도별 지가 변동률(평균) | 2011
지가,2017,223,14.시도별 지가 변동률(평균),Ⅲ. 물가·가계,2012,전국,col-ko,0,0.1663,0.96,0.96,0.5,전치,[전치] 14. 시도별 지가 변동률(평균) | 2012
지가,2017,223,14.시도별 지가 변동률(평균),Ⅲ. 물가·가계,2012,서울,col-ko,0,0.6047,0. 38,0.38,0.5,전치,[전치] 14. 시도별 지가 변동률(평균) | 2012
지가,2017,223,14.시도별 지가 변동률(평균),Ⅲ. 물가·가계,2012,부산,col-ko,0,0.6766,1.73,1.73,1.0,전치,[전치] 14. 시도별 지가 변동률(평균) | 2012
지가,2017,223,14.시도별 지가 변동률(평균),Ⅲ. 물가·가계,2012,대구,col-ko,0,0.7464,1.58,1.58,1.0,전치,[전치] 14. 시도별 지가 변동률(평균) | 2012
지가,2017,223,14.시도별 지가 변동률(평균),Ⅲ. 물가·가계,2012,인천,col-ko,0,0.8183,0.46,0.46,1.0,전치,[전치] 14. 시도별 지가 변동률(평균) | 2012
지가,2017,223,14.시도별 지가 변동률(평균),Ⅲ. 물가·가계,2012,광주,col-ko,0,0.8901,1.15,1.15,1.0,전치,[전치] 14. 시도별 지가 변동률(평균) | 2012
지가,2017,223,14.시도별 지가 변동률(평균),Ⅲ. 물가·가계,2013,전국,col-ko,0,0.1663,1. 14,1.14,1.0,전치,[전치] 14. 시도별 지가 변동률(평균) | 2013
지가,2017,223,14.시도별 지가 변동률(평균),Ⅲ. 물가·가계,2013,서울,col-ko,0,0.6047,1.21,1.21,1.0,전치,[전치] 14. 시도별 지가 변동률(평균) | 2013
지가,2017,223,14.시도별 지가 변동률(평균),Ⅲ. 물가·가계,2013,부산,col-ko,0,0.6766,1.57,1.57,0.5,전치,[전치] 14. 시도별 지가 변동률(평균) | 2013
지가,2017,223,14.시도별 지가 변동률(평균),Ⅲ. 물가·가계,2013,대구,col-ko,0,0.7464,1. 68,1.68,1.0,전치,[전치] 14. 시도별 지가 변동률(평균) | 2013
지가,2017,223,14.시도별 지가 변동률(평균),Ⅲ. 물가·가계,2013,인천,col-ko,0,0.8183,0.87,0.87,1.0,전치,[전치] 14. 시도별 지가 변동률(평균) | 2013
지가,2017,223,14.시도별 지가 변동률(평균),Ⅲ. 물가·가계,2013,광주,col-ko,0,0.8901,0.75,0.75,1.0,전치,[전치] 14. 시도별 지가 변동률(평균) | 2013
지가,2017,223,14.시도별 지가 변동률(평균),Ⅲ. 물가·가계,2014,전국,col-ko,0,0.1663,1.96,1.96,1.0,전치,[전치] 14. 시도별 지가 변동률(평균) | 2014
지가,2017,223,14.시도별 지가 변동률(평균),Ⅲ. 물가·가계,2014,서울,col-ko,0,0.6047,2.66,2.66,1.0,전치,[전치] 14. 시도별 지가 변동률(평균) | 2014
지가,2017,223,14.시도별 지가 변동률(평균),Ⅲ. 물가·가계,2014,부산,col-ko,0,0.6766,2.28,2.28,0.5,전치,[전치] 14. 시도별 지가 변동률(평균) | 2014
지가,2017,223,14.시도별 지가 변동률(평균),Ⅲ. 물가·가계,2014,대구,col-ko,0,0.7464,3. 15,3.15,0.5,전치,[전치] 14. 시도별 지가 변동률(평균) | 2014
지가,2017,223,14.시도별 지가 변동률(평균),Ⅲ. 물가·가계,2014,인천,col-ko,0,0.8183,1.35,1.35,0.3,전치|저신뢰,[전치] 14. 시도별 지가 변동률(평균) | 2014
지가,2017,223,14.시도별 지가 변동률(평균),Ⅲ. 물가·가계,2014,광주,col-ko,0,0.8901,1.31,1.31,1.0,전치,[전치] 14. 시도별 지가 변동률(평균) | 2014
지가,2017,223,14.시도별 지가 변동률(평균),Ⅲ. 물가·가계,2015,전국,col-ko,0,0.1663,2.40,2.4,1.0,전치,[전치] 14. 시도별 지가 변동률(평균) | 2015
지가,2017,223,14.시도별 지가 변동률(평균),Ⅲ. 물가·가계,2015,서울,col-ko,0,0.6047,2. 69,2.69,0.5,전치,[전치] 14. 시도별 지가 변동률(평균) | 2015
지가,2017,223,14.시도별 지가 변동률(평균),Ⅲ. 물가·가계,2015,부산,col-ko,0,0.6766,3. 09,3.09,0.5,전치,[전치] 14. 시도별 지가 변동률(평균) | 2015
지가,2017,223,14.시도별 지가 변동률(평균),Ⅲ. 물가·가계,2015,대구,col-ko,0,0.7464,4. 06,4.06,1.0,전치,[전치] 14. 시도별 지가 변동률(평균) | 2015
지가,2017,223,14.시도별 지가 변동률(평균),Ⅲ. 물가·가계,2015,인천,col-ko,0,0.8183,1.95,1.95,0.5,전치,[전치] 14. 시도별 지가 변동률(평균) | 2015
지가,2017,223,14.시도별 지가 변동률(평균),Ⅲ. 물가·가계,2015,광주,col-ko,0,0.8901,2.87,2.87,1.0,전치,[전치] 14. 시도별 지가 변동률(평균) | 2015
지가,2017,223,14.시도별 지가 변동률(평균),Ⅲ. 물가·가계,2016,전국,col-ko,0,0.1663,2.70,2.7,1.0,전치,[전치] 14. 시도별 지가 변동률(평균) | 2016
지가,2017,223,14.시도별 지가 변동률(평균),Ⅲ. 물가·가계,2016,서울,col-ko,0,0.6047,2. 97,2.97,0.5,전치,[전치] 14. 시도별 지가 변동률(평균) | 2016
지가,2017,223,14.시도별 지가 변동률(평균),Ⅲ. 물가·가계,2016,부산,col-ko,0,0.6766,4. 17,4.17,0.5,전치,[전치] 14. 시도별 지가 변동률(평균) | 2016
지가,2017,223,14.시도별 지가 변동률(평균),Ⅲ. 물가·가계,2016,대구,col-ko,0,0.7464,3. 93,3.93,0.5,전치,[전치] 14. 시도별 지가 변동률(평균) | 2016
지가,2017,223,14.시도별 지가 변동률(평균),Ⅲ. 물가·가계,2016,인천,col-ko,0,0.8183,1.74,1.74,1.0,전치,[전치] 14. 시도별 지가 변동률(평균) | 2016
지가,2017,223,14.시도별 지가 변동률(평균),Ⅲ. 물가·가계,2016,광주,col-ko,0,0.8901,2.82,2.82,1.0,전치,[전치] 14. 시도별 지가 변동률(평균) | 2016
지가,2017,223,14.시도별 지가 변동률(평균),Ⅲ. 물가·가계,2017,전국,col-ko,0,0.1663,3.88,3.88,0.5,전치,[전치] 14. 시도별 지가 변동률(평균) | 2017
지가,2017,223,14.시도별 지가 변동률(평균),Ⅲ. 물가·가계,2017,서울,col-ko,0,0.6047,4. 32,4.32,0.5,전치,[전치] 14. 시도별 지가 변동률(평균) | 2017
지가,2017,223,14.시도별 지가 변동률(평균),Ⅲ. 물가·가계,2017,부산,col-ko,0,0.6766,6.51,6.51,1.0,전치,[전치] 14. 시도별 지가 변동률(평균) | 2017
지가,2017,223,14.시도별 지가 변동률(평균),Ⅲ. 물가·가계,2017,대구,col-ko,0,0.7464,4. 58,4.58,1.0,전치,[전치] 14. 시도별 지가 변동률(평균) | 2017
지가,2017,223,14.시도별 지가 변동률(평균),Ⅲ. 물가·가계,2017,인천,col-ko,0,0.8183,3. 10,3.1,0.3,전치|저신뢰,[전치] 14. 시도별 지가 변동률(평균) | 2017
지가,2017,223,14.시도별 지가 변동률(평균),Ⅲ. 물가·가계,2017,광주,col-ko,0,0.8901,4. 17,4.17,1.0,전치,[전치] 14. 시도별 지가 변동률(평균) | 2017
지가,2017,224,14.시도별 지가 변동률(평균) (계속),Ⅲ. 물가·가계,0. 16 • 1. 20,강원,col-en,0,0.3583,1.26,1.26,0.5,전치,[전치] 14. Change of Land Price by Province (Average) | 0. 16 • 1. 20
지가,2017,224,14.시도별 지가 변동률(평균) (계속),Ⅲ. 물가·가계,0. 16 • 1. 20,충북,col-en,0,0.4248,0.77,0.77,0.5,전치,[전치] 14. Change of Land Price by Province (Average) | 0. 16 • 1. 20
지가,2017,224,14.시도별 지가 변동률(평균) (계속),Ⅲ. 물가·가계,0. 16 • 1. 20,충남,col-en,0,0.4889,1. 08,1.08,0.5,전치,[전치] 14. Change of Land Price by Province (Average) | 0. 16 • 1. 20
지가,2017,224,14.시도별 지가 변동률(평균) (계속),Ⅲ. 물가·가계,0. 16 • 1. 20,전북,col-en,0,0.5524,1.13,1.13,1.0,전치,[전치] 14. Change of Land Price by Province (Average) | 0. 16 • 1. 20
지가,2017,224,14.시도별 지가 변동률(평균) (계속),Ⅲ. 물가·가계,0. 16 • 1. 20,제주,col-en,0,0.8172,0. 30,0.3,0.5,전치,[전치] 14. Change of Land Price by Province (Average) | 0. 16 • 1. 20
지가,2017,224,14.시도별 지가 변동률(평균) (계속),Ⅲ. 물가·가계,0. 12 0. 03 - 0. 65,강원,col-en,0,0.3583,0.77,0.77,1.0,전치,[전치] 14. Change of Land Price by Province (Average) | 0. 12 0. 03 - 0. 65
지가,2017,224,14.시도별 지가 변동률(평균) (계속),Ⅲ. 물가·가계,0. 12 0. 03 - 0. 65,충북,col-en,0,0.4248,1. 02,1.02,1.0,전치,[전치] 14. Change of Land Price by Province (Average) | 0. 12 0. 03 - 0. 65
지가,2017,224,14.시도별 지가 변동률(평균) (계속),Ⅲ. 물가·가계,0. 12 0. 03 - 0. 65,충남,col-en,0,0.4889,1. 13,1.13,0.5,전치,[전치] 14. Change of Land Price by Province (Average) | 0. 12 0. 03 - 0. 65
지가,2017,224,14.시도별 지가 변동률(평균) (계속),Ⅲ. 물가·가계,0. 12 0. 03 - 0. 65,전북,col-en,0,0.5524,0.57,0.57,1.0,전치,[전치] 14. Change of Land Price by Province (Average) | 0. 12 0. 03 - 0. 65
지가,2017,224,14.시도별 지가 변동률(평균) (계속),Ⅲ. 물가·가계,0. 12 0. 03 - 0. 65,제주,col-en,0,0.8172,0. 38,0.38,0.5,전치,[전치] 14. Change of Land Price by Province (Average) | 0. 12 0. 03 - 0. 65
지가,2017,224,14.시도별 지가 변동률(평균) (계속),Ⅲ. 물가·가계,- 8. 36 - 13. 54 - 14. 65 - 8. 30 - 7.13,충남,col-en,0,0.4889,-7.11,-7.11,1.0,전치,[전치] 14. Change of Land Price by Province (Average) | - 8. 36 - 13. 54 - 14. 65 - 8. 30 - 7.13
지가,2017,224,14.시도별 지가 변동률(평균) (계속),Ⅲ. 물가·가계,0. 38 1.50 4.52,강원,col-en,0,0.3583,2. 50,2.5,0.5,전치,[전치] 14. Change of Land Price by Province (Average) | 0. 38 1.50 4.52
지가,2017,224,14.시도별 지가 변동률(평균) (계속),Ⅲ. 물가·가계,0. 38 1.50 4.52,충북,col-en,0,0.4248,4. 10,4.1,1.0,전치,[전치] 14. Change of Land Price by Province (Average) | 0. 38 1.50 4.52
지가,2017,224,14.시도별 지가 변동률(평균) (계속),Ⅲ. 물가·가계,0. 38 1.50 4.52,충남,col-en,0,0.4889,3. 18,3.18,1.0,전치,[전치] 14. Change of Land Price by Province (Average) | 0. 38 1.50 4.52
지가,2017,224,14.시도별 지가 변동률(평균) (계속),Ⅲ. 물가·가계,0. 38 1.50 4.52,전북,col-en,0,0.5524,2.17,2.17,1.0,전치,[전치] 14. Change of Land Price by Province (Average) | 0. 38 1.50 4.52
지가,2017,224,14.시도별 지가 변동률(평균) (계속),Ⅲ. 물가·가계,0. 38 1.50 4.52,제주,col-en,0,0.8172,6.82,6.82,1.0,전치,[전치] 14. Change of Land Price by Province (Average) | 0. 38 1.50 4.52
지가,2017,224,14.시도별 지가 변동률(평균) (계속),Ⅲ. 물가·가계,- 0. 24 - 0. 26 - 1.92,강원,col-en,0,0.3583,1. 39,1.39,0.5,전치,[전치] 14. Change of Land Price by Province (Average) | - 0. 24 - 0. 26 - 1.92
지가,2017,224,14.시도별 지가 변동률(평균) (계속),Ⅲ. 물가·가계,- 0. 24 - 0. 26 - 1.92,충북,col-en,0,0.4248,1. 12,1.12,0.5,전치,[전치] 14. Change of Land Price by Province (Average) | - 0. 24 - 0. 26 - 1.92
지가,2017,224,14.시도별 지가 변동률(평균) (계속),Ⅲ. 물가·가계,- 0. 24 - 0. 26 - 1.92,충남,col-en,0,0.4889,1. 18,1.18,1.0,전치,[전치] 14. Change of Land Price by Province (Average) | - 0. 24 - 0. 26 - 1.92
지가,2017,224,14.시도별 지가 변동률(평균) (계속),Ⅲ. 물가·가계,- 0. 24 - 0. 26 - 1.92,전북,col-en,0,0.5524,1. 13,1.13,0.5,전치,[전치] 14. Change of Land Price by Province (Average) | - 0. 24 - 0. 26 - 1.92
지가,2017,224,14.시도별 지가 변동률(평균) (계속),Ⅲ. 물가·가계,- 0. 24 - 0. 26 - 1.92,제주,col-en,0,0.8172,2. 18,2.18,0.5,전치,[전치] 14. Change of Land Price by Province (Average) | - 0. 24 - 0. 26 - 1.92
지가,2017,224,14.시도별 지가 변동률(평균) (계속),Ⅲ. 물가·가계,1. 00 0. 38 1.91,강원,col-en,0,0.3583,2.29,2.29,0.5,전치,[전치] 14. Change of Land Price by Province (Average) | 1. 00 0. 38 1.91
지가,2017,224,14.시도별 지가 변동률(평균) (계속),Ⅲ. 물가·가계,1. 00 0. 38 1.91,충북,col-en,0,0.4248,0.41,0.41,0.3,전치|저신뢰,[전치] 14. Change of Land Price by Province (Average) | 1. 00 0. 38 1.91
지가,2017,224,14.시도별 지가 변동률(평균) (계속),Ⅲ. 물가·가계,1. 00 0. 38 1.91,충남,col-en,0,0.4889,0. 36,0.36,0.5,전치,[전치] 14. Change of Land Price by Province (Average) | 1. 00 0. 38 1.91
지가,2017,224,14.시도별 지가 변동률(평균) (계속),Ⅲ. 물가·가계,1. 00 0. 38 1.91,전북,col-en,0,0.5524,-0. 13,-0.13,0.5,전치,[전치] 14. Change of Land Price by Province (Average) | 1. 00 0. 38 1.91
지가,2017,224,14.시도별 지가 변동률(평균) (계속),Ⅲ. 물가·가계,1. 00 0. 38 1.91,제주,col-en,0,0.8172,3. 13,3.13,0.5,전치,[전치] 14. Change of Land Price by Province (Average) | 1. 00 0. 38 1.91
지가,2017,224,14.시도별 지가 변동률(평균) (계속),Ⅲ. 물가·가계,3. 24 1.75 13 06,강원,col-en,0,0.3583,1. 88,1.88,0.5,전치,[전치] 14. Change of Land Price by Province (Average) | 3. 24 1.75 13 06
지가,2017,224,14.시도별 지가 변동률(평균) (계속),Ⅲ. 물가·가계,3. 24 1.75 13 06,충북,col-en,0,0.4248,3.02,3.02,0.5,전치,[전치] 14. Change of Land Price by Province (Average) | 3. 24 1.75 13 06
지가,2017,224,14.시도별 지가 변동률(평균) (계속),Ⅲ. 물가·가계,3. 24 1.75 13 06,충남,col-en,0,0.4889,2.48,2.48,0.5,전치,[전치] 14. Change of Land Price by Province (Average) | 3. 24 1.75 13 06
지가,2017,224,14.시도별 지가 변동률(평균) (계속),Ⅲ. 물가·가계,3. 24 1.75 13 06,전북,col-en,0,0.5524,0. 64,0.64,1.0,전치,[전치] 14. Change of Land Price by Province (Average) | 3. 24 1.75 13 06
지가,2017,224,14.시도별 지가 변동률(평균) (계속),Ⅲ. 물가·가계,3. 24 1.75 13 06,제주,col-en,0,0.8172,6. 01,6.01,0.5,전치,[전치] 14. Change of Land Price by Province (Average) | 3. 24 1.75 13 06
지가,2017,224,14.시도별 지가 변동률(평균) (계속),Ⅲ. 물가·가계,5.47 0.66 5. 12,강원,col-en,0,0.3583,1.79,1.79,1.0,전치,[전치] 14. Change of Land Price by Province (Average) | 5.47 0.66 5. 12
지가,2017,224,14.시도별 지가 변동률(평균) (계속),Ⅲ. 물가·가계,5.47 0.66 5. 12,충북,col-en,0,0.4248,2.54,2.54,1.0,전치,[전치] 14. Change of Land Price by Province (Average) | 5.47 0.66 5. 12
지가,2017,224,14.시도별 지가 변동률(평균) (계속),Ⅲ. 물가·가계,5.47 0.66 5. 12,충남,col-en,0,0.4889,4. 81,4.81,0.5,전치,[전치] 14. Change of Land Price by Province (Average) | 5.47 0.66 5. 12
지가,2017,224,14.시도별 지가 변동률(평균) (계속),Ⅲ. 물가·가계,5.47 0.66 5. 12,전북,col-en,0,0.5524,0.96,0.96,1.0,전치,[전치] 14. Change of Land Price by Province (Average) | 5.47 0.66 5. 12
지가,2017,224,14.시도별 지가 변동률(평균) (계속),Ⅲ. 물가·가계,5.47 0.66 5. 12,제주,col-en,0,0.8172,1.25,1.25,1.0,전치,[전치] 14. Change of Land Price by Province (Average) | 5.47 0.66 5. 12
지가,2017,224,14.시도별 지가 변동률(평균) (계속),Ⅲ. 물가·가계,2.25 1.79 6. 12,강원,col-en,0,0.3583,2.27,2.27,1.0,전치,[전치] 14. Change of Land Price by Province (Average) | 2.25 1.79 6. 12
지가,2017,224,14.시도별 지가 변동률(평균) (계속),Ⅲ. 물가·가계,2.25 1.79 6. 12,충북,col-en,0,0.4248,3.83,3.83,1.0,전치,[전치] 14. Change of Land Price by Province (Average) | 2.25 1.79 6. 12
지가,2017,224,14.시도별 지가 변동률(평균) (계속),Ⅲ. 물가·가계,2.25 1.79 6. 12,충남,col-en,0,0.4889,11.65,11.65,0.5,전치,[전치] 14. Change of Land Price by Province (Average) | 2.25 1.79 6. 12
지가,2017,224,14.시도별 지가 변동률(평균) (계속),Ⅲ. 물가·가계,2.25 1.79 6. 12,전북,col-en,0,0.5524,0. 70,0.7,1.0,전치,[전치] 14. Change of Land Price by Province (Average) | 2.25 1.79 6. 12
지가,2017,224,14.시도별 지가 변동률(평균) (계속),Ⅲ. 물가·가계,2.25 1.79 6. 12,제주,col-en,0,0.8172,1.96,1.96,0.5,전치,[전치] 14. Change of Land Price by Province (Average) | 2.25 1.79 6. 12
지가,2017,224,14.시도별 지가 변동률(평균) (계속),Ⅲ. 물가·가계,6.80 2.06 - 5.69,강원,col-en,0,0.3583,2.63,2.63,1.0,전치,[전치] 14. Change of Land Price by Province (Average) | 6.80 2.06 - 5.69
지가,2017,224,14.시도별 지가 변동률(평균) (계속),Ⅲ. 물가·가계,6.80 2.06 - 5.69,충북,col-en,0,0.4248,4. 98,4.98,1.0,전치,[전치] 14. Change of Land Price by Province (Average) | 6.80 2.06 - 5.69
지가,2017,224,14.시도별 지가 변동률(평균) (계속),Ⅲ. 물가·가계,6.80 2.06 - 5.69,충남,col-en,0,0.4889,8. 32,8.32,1.0,전치,[전치] 14. Change of Land Price by Province (Average) | 6.80 2.06 - 5.69
지가,2017,224,14.시도별 지가 변동률(평균) (계속),Ⅲ. 물가·가계,6.80 2.06 - 5.69,전북,col-en,0,0.5524,1. 38,1.38,0.3,전치|저신뢰,[전치] 14. Change of Land Price by Province (Average) | 6.80 2.06 - 5.69
지가,2017,224,14.시도별 지가 변동률(평균) (계속),Ⅲ. 물가·가계,6.80 2.06 - 5.69,제주,col-en,0,0.8172,2. 12,2.12,1.0,전치,[전치] 14. Change of Land Price by Province (Average) | 6.80 2.06 - 5.69
지가,2017,224,14.시도별 지가 변동률(평균) (계속),Ⅲ. 물가·가계,4. 15 2.94 - 5. 07,강원,col-en,0,0.3583,2.52,2.52,0.5,전치,[전치] 14. Change of Land Price by Province (Average) | 4. 15 2.94 - 5. 07
지가,2017,224,14.시도별 지가 변동률(평균) (계속),Ⅲ. 물가·가계,4. 15 2.94 - 5. 07,충북,col-en,0,0.4248,4.37,4.37,0.5,전치,[전치] 14. Change of Land Price by Province (Average) | 4. 15 2.94 - 5. 07
지가,2017,224,14.시도별 지가 변동률(평균) (계속),Ⅲ. 물가·가계,4. 15 2.94 - 5. 07,충남,col-en,0,0.4889,5. 55,5.55,0.5,전치,[전치] 14. Change of Land Price by Province (Average) | 4. 15 2.94 - 5. 07
지가,2017,224,14.시도별 지가 변동률(평균) (계속),Ⅲ. 물가·가계,4. 15 2.94 - 5. 07,제주,col-en,0,0.8172,2. 10,2.1,0.5,전치,[전치] 14. Change of Land Price by Province (Average) | 4. 15 2.94 - 5. 07
지가,2017,224,14.시도별 지가 변동률(평균) (계속),Ⅲ. 물가·가계,1. 48 2.90 4.23,강원,col-en,0,0.3583,1.67,1.67,1.0,전치,[전치] 14. Change of Land Price by Province (Average) | 1. 48 2.90 4.23
지가,2017,224,14.시도별 지가 변동률(평균) (계속),Ⅲ. 물가·가계,1. 48 2.90 4.23,충북,col-en,0,0.4248,1.27,1.27,1.0,전치,[전치] 14. Change of Land Price by Province (Average) | 1. 48 2.90 4.23
지가,2017,224,14.시도별 지가 변동률(평균) (계속),Ⅲ. 물가·가계,1. 48 2.90 4.23,충남,col-en,0,0.4889,2.03,2.03,0.3,전치|저신뢰,[전치] 14. Change of Land Price by Province (Average) | 1. 48 2.90 4.23
지가,2017,224,14.시도별 지가 변동률(평균) (계속),Ⅲ. 물가·가계,1. 48 2.90 4.23,전북,col-en,0,0.5524,1.21,1.21,0.3,전치|저신뢰,[전치] 14. Change of Land Price by Province (Average) | 1. 48 2.90 4.23
지가,2017,224,14.시도별 지가 변동률(평균) (계속),Ⅲ. 물가·가계,1. 48 2.90 4.23,제주,col-en,0,0.8172,1.67,1.67,1.0,전치,[전치] 14. Change of Land Price by Province (Average) | 1. 48 2.90 4.23
지가,2017,224,14.시도별 지가 변동률(평균) (계속),Ⅲ. 물가·가계,-0. 97 - 0. 28 -0.27,강원,col-en,0,0.3583,0. 38,0.38,0.3,전치|저신뢰,[전치] 14. Change of Land Price by Province (Average) | -0. 97 - 0. 28 -0.27
지가,2017,224,14.시도별 지가 변동률(평균) (계속),Ⅲ. 물가·가계,-0. 97 - 0. 28 -0.27,충남,col-en,0,0.4889,-0. 12,-0.12,0.5,전치,[전치] 14. Change of Land Price by Province (Average) | -0. 97 - 0. 28 -0.27
지가,2017,224,14.시도별 지가 변동률(평균) (계속),Ⅲ. 물가·가계,-0. 97 - 0. 28 -0.27,전북,col-en,0,0.5524,2.58,2.58,0.5,전치,[전치] 14. Change of Land Price by Province (Average) | -0. 97 - 0. 28 -0.27
지가,2017,224,14.시도별 지가 변동률(평균) (계속),Ⅲ. 물가·가계,0.26 0.31 1.22,강원,col-en,0,0.3583,0.34,0.34,0.5,전치,[전치] 14. Change of Land Price by Province (Average) | 0.26 0.31 1.22
지가,2017,224,14.시도별 지가 변동률(평균) (계속),Ⅲ. 물가·가계,0.26 0.31 1.22,충남,col-en,0,0.4889,0. 26,0.26,1.0,전치,[전치] 14. Change of Land Price by Province (Average) | 0.26 0.31 1.22
지가,2017,224,14.시도별 지가 변동률(평균) (계속),Ⅲ. 물가·가계,0.26 0.31 1.22,전북,col-en,0,0.5524,-0.53,-0.53,0.5,전치,[전치] 14. Change of Land Price by Province (Average) | 0.26 0.31 1.22
지가,2017,224,14.시도별 지가 변동률(평균) (계속),Ⅲ. 물가·가계,0.26 0.31 1.22,제주,col-en,0,0.8172,0.20,0.2,0.5,전치,[전치] 14. Change of Land Price by Province (Average) | 0.26 0.31 1.22
지가,2017,224,14.시도별 지가 변동률(평균) (계속),Ⅲ. 물가·가계,1.55 0. 74 1. 49,강원,col-en,0,0.3583,0.84,0.84,1.0,전치,[전치] 14. Change of Land Price by Province (Average) | 1.55 0. 74 1. 49
지가,2017,224,14.시도별 지가 변동률(평균) (계속),Ⅲ. 물가·가계,1.55 0. 74 1. 49,충북,col-en,0,0.4248,0.65,0.65,1.0,전치,[전치] 14. Change of Land Price by Province (Average) | 1.55 0. 74 1. 49
지가,2017,224,14.시도별 지가 변동률(평균) (계속),Ⅲ. 물가·가계,1.55 0. 74 1. 49,충남,col-en,0,0.4889,1. 16,1.16,1.0,전치,[전치] 14. Change of Land Price by Province (Average) | 1.55 0. 74 1. 49
지가,2017,224,14.시도별 지가 변동률(평균) (계속),Ⅲ. 물가·가계,1.55 0. 74 1. 49,전북,col-en,0,0.5524,0. 66,0.66,0.5,전치,[전치] 14. Change of Land Price by Province (Average) | 1.55 0. 74 1. 49
지가,2017,224,14.시도별 지가 변동률(평균) (계속),Ⅲ. 물가·가계,1.55 0. 74 1. 49,제주,col-en,0,0.8172,1.07,1.07,1.0,전치,[전치] 14. Change of Land Price by Province (Average) | 1.55 0. 74 1. 49
지가,2017,224,14.시도별 지가 변동률(평균) (계속),Ⅲ. 물가·가계,1.47 1.09 - 1.47,강원,col-en,0,0.3583,1. 42,1.42,0.5,전치,[전치] 14. Change of Land Price by Province (Average) | 1.47 1.09 - 1.47
지가,2017,224,14.시도별 지가 변동률(평균) (계속),Ⅲ. 물가·가계,1.47 1.09 - 1.47,충북,col-en,0,0.4248,0.59,0.59,0.5,전치,[전치] 14. Change of Land Price by Province (Average) | 1.47 1.09 - 1.47
지가,2017,224,14.시도별 지가 변동률(평균) (계속),Ⅲ. 물가·가계,1.47 1.09 - 1.47,충남,col-en,0,0.4889,0.76,0.76,1.0,전치,[전치] 14. Change of Land Price by Province (Average) | 1.47 1.09 - 1.47
지가,2017,224,14.시도별 지가 변동률(평균) (계속),Ⅲ. 물가·가계,1.47 1.09 - 1.47,전북,col-en,0,0.5524,0.77,0.77,0.3,전치|저신뢰,[전치] 14. Change of Land Price by Province (Average) | 1.47 1.09 - 1.47
지가,2017,224,14.시도별 지가 변동률(평균) (계속),Ⅲ. 물가·가계,1.47 1.09 - 1.47,제주,col-en,0,0.8172,0. 92,0.92,0.5,전치,[전치] 14. Change of Land Price by Province (Average) | 1.47 1.09 - 1.47
지가,2017,224,14.시도별 지가 변동률(평균) (계속),Ⅲ. 물가·가계,1.25 1.65 3.19 1. 04,강원,col-en,0,0.3583,1.79,1.79,0.5,전치,[전치] 14. Change of Land Price by Province (Average) | 1.25 1.65 3.19 1. 04
지가,2017,224,14.시도별 지가 변동률(평균) (계속),Ⅲ. 물가·가계,1.25 1.65 3.19 1. 04,충북,col-en,0,0.4248,1. 09,1.09,1.0,전치,[전치] 14. Change of Land Price by Province (Average) | 1.25 1.65 3.19 1. 04
지가,2017,224,14.시도별 지가 변동률(평균) (계속),Ⅲ. 물가·가계,1.25 1.65 3.19 1. 04,충남,col-en,0,0.4889,0. 88,0.88,1.0,전치,[전치] 14. Change of Land Price by Province (Average) | 1.25 1.65 3.19 1. 04
지가,2017,224,14.시도별 지가 변동률(평균) (계속),Ⅲ. 물가·가계,1.25 1.65 3.19 1. 04,전북,col-en,0,0.5524,1. 43,1.43,0.5,전치,[전치] 14. Change of Land Price by Province (Average) | 1.25 1.65 3.19 1. 04
지가,2017,224,14.시도별 지가 변동률(평균) (계속),Ⅲ. 물가·가계,1.25 1.65 3.19 1. 04,제주,col-en,0,0.8172,1.25,1.25,1.0,전치,[전치] 14. Change of Land Price by Province (Average) | 1.25 1.65 3.19 1. 04
지가,2017,224,14.시도별 지가 변동률(평균) (계속),Ⅲ. 물가·가계,1.01 1.37 5. 50 0.91,강원,col-en,0,0.3583,1.29,1.29,1.0,전치,[전치] 14. Change of Land Price by Province (Average) | 1.01 1.37 5. 50 0.91
지가,2017,224,14.시도별 지가 변동률(평균) (계속),Ⅲ. 물가·가계,1.01 1.37 5. 50 0.91,충북,col-en,0,0.4248,1. 02,1.02,0.5,전치,[전치] 14. Change of Land Price by Province (Average) | 1.01 1.37 5. 50 0.91
지가,2017,224,14.시도별 지가 변동률(평균) (계속),Ⅲ. 물가·가계,1.01 1.37 5. 50 0.91,충남,col-en,0,0.4889,0. 78,0.78,1.0,전치,[전치] 14. Change of Land Price by Province (Average) | 1.01 1.37 5. 50 0.91
지가,2017,224,14.시도별 지가 변동률(평균) (계속),Ⅲ. 물가·가계,1.01 1.37 5. 50 0.91,전북,col-en,0,0.5524,1. 04,1.04,1.0,전치,[전치] 14. Change of Land Price by Province (Average) | 1.01 1.37 5. 50 0.91
지가,2017,224,14.시도별 지가 변동률(평균) (계속),Ⅲ. 물가·가계,1.01 1.37 5. 50 0.91,제주,col-en,0,0.8172,1. 42,1.42,0.5,전치,[전치] 14. Change of Land Price by Province (Average) | 1.01 1.37 5. 50 0.91
지가,2017,224,14.시도별 지가 변동률(평균) (계속),Ⅲ. 물가·가계,1. 84 1.85 4. 53 1.24,강원,col-en,0,0.3583,1. 76,1.76,0.5,전치,[전치] 14. Change of Land Price by Province (Average) | 1. 84 1.85 4. 53 1.24
지가,2017,224,14.시도별 지가 변동률(평균) (계속),Ⅲ. 물가·가계,1. 84 1.85 4. 53 1.24,충북,col-en,0,0.4248,1.69,1.69,1.0,전치,[전치] 14. Change of Land Price by Province (Average) | 1. 84 1.85 4. 53 1.24
지가,2017,224,14.시도별 지가 변동률(평균) (계속),Ⅲ. 물가·가계,1. 84 1.85 4. 53 1.24,충남,col-en,0,0.4889,1.39,1.39,0.5,전치,[전치] 14. Change of Land Price by Province (Average) | 1. 84 1.85 4. 53 1.24
지가,2017,224,14.시도별 지가 변동률(평균) (계속),Ⅲ. 물가·가계,1. 84 1.85 4. 53 1.24,전북,col-en,0,0.5524,1. 58,1.58,1.0,전치,[전치] 14. Change of Land Price by Province (Average) | 1. 84 1.85 4. 53 1.24
지가,2017,224,14.시도별 지가 변동률(평균) (계속),Ⅲ. 물가·가계,1. 84 1.85 4. 53 1.24,제주,col-en,0,0.8172,3.73,3.73,1.0,전치,[전치] 14. Change of Land Price by Province (Average) | 1. 84 1.85 4. 53 1.24
지가,2017,224,14.시도별 지가 변동률(평균) (계속),Ⅲ. 물가·가계,3.11 2.52 4.57 1. 73,강원,col-en,0,0.3583,2.64,2.64,1.0,전치,[전치] 14. Change of Land Price by Province (Average) | 3.11 2.52 4.57 1. 73
지가,2017,224,14.시도별 지가 변동률(평균) (계속),Ⅲ. 물가·가계,3.11 2.52 4.57 1. 73,충북,col-en,0,0.4248,1. 90,1.9,1.0,전치,[전치] 14. Change of Land Price by Province (Average) | 3.11 2.52 4.57 1. 73
지가,2017,224,14.시도별 지가 변동률(평균) (계속),Ⅲ. 물가·가계,3.11 2.52 4.57 1. 73,충남,col-en,0,0.4889,1.51,1.51,0.5,전치,[전치] 14. Change of Land Price by Province (Average) | 3.11 2.52 4.57 1. 73
지가,2017,224,14.시도별 지가 변동률(평균) (계속),Ⅲ. 물가·가계,3.11 2.52 4.57 1. 73,전북,col-en,0,0.5524,2.31,2.31,1.0,전치,[전치] 14. Change of Land Price by Province (Average) | 3.11 2.52 4.57 1. 73
지가,2017,224,14.시도별 지가 변동률(평균) (계속),Ⅲ. 물가·가계,3.11 2.52 4.57 1. 73,제주,col-en,0,0.8172,7.57,7.57,0.3,전치|저신뢰,[전치] 14. Change of Land Price by Province (Average) | 3.11 2.52 4.57 1. 73
지가,2017,224,14.시도별 지가 변동률(평균) (계속),Ⅲ. 물가·가계,3. 45 2.35 4. 78 2.23,강원,col-en,0,0.3583,2.92,2.92,0.5,전치,[전치] 14. Change of Land Price by Province (Average) | 3. 45 2.35 4. 78 2.23
지가,2017,224,14.시도별 지가 변동률(평균) (계속),Ⅲ. 물가·가계,3. 45 2.35 4. 78 2.23,충북,col-en,0,0.4248,1. 92,1.92,0.5,전치,[전치] 14. Change of Land Price by Province (Average) | 3. 45 2.35 4. 78 2.23
지가,2017,224,14.시도별 지가 변동률(평균) (계속),Ⅲ. 물가·가계,3. 45 2.35 4. 78 2.23,충남,col-en,0,0.4889,1. 90,1.9,1.0,전치,[전치] 14. Change of Land Price by Province (Average) | 3. 45 2.35 4. 78 2.23
지가,2017,224,14.시도별 지가 변동률(평균) (계속),Ⅲ. 물가·가계,3. 45 2.35 4. 78 2.23,전북,col-en,0,0.5524,2. 15,2.15,0.5,전치,[전치] 14. Change of Land Price by Province (Average) | 3. 45 2.35 4. 78 2.23
지가,2017,224,14.시도별 지가 변동률(평균) (계속),Ⅲ. 물가·가계,3. 45 2.35 4. 78 2.23,제주,col-en,0,0.8172,833,833,0.5,전치,[전치] 14. Change of Land Price by Province (Average) | 3. 45 2.35 4. 78 2.23
지가,2017,224,14.시도별 지가 변동률(평균) (계속),Ⅲ. 물가·가계,3. 36 3.54 7.02 3.45,강원,col-en,0,0.3583,3.82,3.82,1.0,전치,[전치] 14. Change of Land Price by Province (Average) | 3. 36 3.54 7.02 3.45
지가,2017,224,14.시도별 지가 변동률(평균) (계속),Ⅲ. 물가·가계,3. 36 3.54 7.02 3.45,충북,col-en,0,0.4248,3. 08,3.08,0.5,전치,[전치] 14. Change of Land Price by Province (Average) | 3. 36 3.54 7.02 3.45
지가,2017,224,14.시도별 지가 변동률(평균) (계속),Ⅲ. 물가·가계,3. 36 3.54 7.02 3.45,충남,col-en,0,0.4889,2. 98,2.98,1.0,전치,[전치] 14. Change of Land Price by Province (Average) | 3. 36 3.54 7.02 3.45
지가,2017,224,14.시도별 지가 변동률(평균) (계속),Ⅲ. 물가·가계,3. 36 3.54 7.02 3.45,전북,col-en,0,0.5524,3.33,3.33,0.3,전치|저신뢰,[전치] 14. Change of Land Price by Province (Average) | 3. 36 3.54 7.02 3.45
지가,2017,224,14.시도별 지가 변동률(평균) (계속),Ⅲ. 물가·가계,3. 36 3.54 7.02 3.45,제주,col-en,0,0.8172,5.46,5.46,1.0,전치,[전치] 14. Change of Land Price by Province (Average) | 3. 36 3.54 7.02 3.45
지가,2018,207,14.시도별 지가 변동률(평균),Ⅲ. 물가·가계,1997,전국,col-ko,0,0.1663,0.31,0.31,1.0,전치,[전치] 14. 시도별 지가 변동률(평균) | 1997
지가,2018,207,14.시도별 지가 변동률(평균),Ⅲ. 물가·가계,1997,서울,col-ko,0,0.6047,0.29,0.29,1.0,전치,[전치] 14. 시도별 지가 변동률(평균) | 1997
지가,2018,207,14.시도별 지가 변동률(평균),Ⅲ. 물가·가계,1997,인천,col-ko,0,0.8183,0.28,0.28,0.5,전치,[전치] 14. 시도별 지가 변동률(평균) | 1997
지가,2018,207,14.시도별 지가 변동률(평균),Ⅲ. 물가·가계,1997,광주,col-ko,0,0.8901,0. 67,0.67,1.0,전치,[전치] 14. 시도별 지가 변동률(평균) | 1997
지가,2018,207,14.시도별 지가 변동률(평균),Ⅲ. 물가·가계,1999,전국,col-ko,0,0.1663,2.94,2.94,1.0,전치,[전치] 14. 시도별 지가 변동률(평균) | 1999
지가,2018,207,14.시도별 지가 변동률(평균),Ⅲ. 물가·가계,1999,서울,col-ko,0,0.6047,2.66,2.66,0.5,전치,[전치] 14. 시도별 지가 변동률(평균) | 1999
지가,2018,207,14.시도별 지가 변동률(평균),Ⅲ. 물가·가계,1999,부산,col-ko,0,0.6766,1. 24,1.24,0.5,전치,[전치] 14. 시도별 지가 변동률(평균) | 1999
지가,2018,207,14.시도별 지가 변동률(평균),Ⅲ. 물가·가계,1999,대구,col-ko,0,0.7464,1. 93,1.93,0.5,전치,[전치] 14. 시도별 지가 변동률(평균) | 1999
지가,2018,207,14.시도별 지가 변동률(평균),Ⅲ. 물가·가계,1999,인천,col-ko,0,0.8183,3.51,3.51,1.0,전치,[전치] 14. 시도별 지가 변동률(평균) | 1999
지가,2018,207,14.시도별 지가 변동률(평균),Ⅲ. 물가·가계,1999,광주,col-ko,0,0.8901,1. 30,1.3,0.3,전치|저신뢰,[전치] 14. 시도별 지가 변동률(평균) | 1999
지가,2018,207,14.시도별 지가 변동률(평균),Ⅲ. 물가·가계,2000,전국,col-ko,0,0.1663,0.67,0.67,1.0,전치,[전치] 14. 시도별 지가 변동률(평균) | 2000
지가,2018,207,14.시도별 지가 변동률(평균),Ⅲ. 물가·가계,2000,서울,col-ko,0,0.6047,0. 05,0.05,0.5,전치,[전치] 14. 시도별 지가 변동률(평균) | 2000
지가,2018,207,14.시도별 지가 변동률(평균),Ⅲ. 물가·가계,2000,인천,col-ko,0,0.8183,1.07,1.07,1.0,전치,[전치] 14. 시도별 지가 변동률(평균) | 2000
지가,2018,207,14.시도별 지가 변동률(평균),Ⅲ. 물가·가계,2000,광주,col-ko,0,0.8901,-0. 31,-0.31,0.5,전치,[전치] 14. 시도별 지가 변동률(평균) | 2000
지가,2018,207,14.시도별 지가 변동률(평균),Ⅲ. 물가·가계,2001,전국,col-ko,0,0.1663,1.32,1.32,0.5,전치,[전치] 14. 시도별 지가 변동률(평균) | 2001
지가,2018,207,14.시도별 지가 변동률(평균),Ⅲ. 물가·가계,2001,서울,col-ko,0,0.6047,1.89,1.89,1.0,전치,[전치] 14. 시도별 지가 변동률(평균) | 2001
지가,2018,207,14.시도별 지가 변동률(평균),Ⅲ. 물가·가계,2001,부산,col-ko,0,0.6766,0. 49,0.49,0.5,전치,[전치] 14. 시도별 지가 변동률(평균) | 2001
지가,2018,207,14.시도별 지가 변동률(평균),Ⅲ. 물가·가계,2001,대구,col-ko,0,0.7464,0. 42,0.42,0.5,전치,[전치] 14. 시도별 지가 변동률(평균) | 2001
지가,2018,207,14.시도별 지가 변동률(평균),Ⅲ. 물가·가계,2001,광주,col-ko,0,0.8901,-0. 37,-0.37,1.0,전치,[전치] 14. 시도별 지가 변동률(평균) | 2001
지가,2018,207,14.시도별 지가 변동률(평균),Ⅲ. 물가·가계,2002,전국,col-ko,0,0.1663,8.98,8.98,1.0,전치,[전치] 14. 시도별 지가 변동률(평균) | 2002
지가,2018,207,14.시도별 지가 변동률(평균),Ⅲ. 물가·가계,2002,서울,col-ko,0,0.6047,15.81,15.81,1.0,전치,[전치] 14. 시도별 지가 변동률(평균) | 2002
지가,2018,207,14.시도별 지가 변동률(평균),Ⅲ. 물가·가계,2002,부산,col-ko,0,0.6766,3.28,3.28,1.0,전치,[전치] 14. 시도별 지가 변동률(평균) | 2002
지가,2018,207,14.시도별 지가 변동률(평균),Ⅲ. 물가·가계,2002,대구,col-ko,0,0.7464,2.09,2.09,1.0,전치,[전치] 14. 시도별 지가 변동률(평균) | 2002
지가,2018,207,14.시도별 지가 변동률(평균),Ⅲ. 물가·가계,2002,인천,col-ko,0,0.8183,11.51,11.51,0.5,전치,[전치] 14. 시도별 지가 변동률(평균) | 2002
지가,2018,207,14.시도별 지가 변동률(평균),Ⅲ. 물가·가계,2002,광주,col-ko,0,0.8901,1.03,1.03,1.0,전치,[전치] 14. 시도별 지가 변동률(평균) | 2002
지가,2018,207,14.시도별 지가 변동률(평균),Ⅲ. 물가·가계,2003,전국,col-ko,0,0.1663,3.43,3.43,1.0,전치,[전치] 14. 시도별 지가 변동률(평균) | 2003
지가,2018,207,14.시도별 지가 변동률(평균),Ⅲ. 물가·가계,2003,서울,col-ko,0,0.6047,5.23,5.23,1.0,전치,[전치] 14. 시도별 지가 변동률(평균) | 2003
지가,2018,207,14.시도별 지가 변동률(평균),Ⅲ. 물가·가계,2003,부산,col-ko,0,0.6766,1. 09,1.09,1.0,전치,[전치] 14. 시도별 지가 변동률(평균) | 2003
지가,2018,207,14.시도별 지가 변동률(평균),Ⅲ. 물가·가계,2003,대구,col-ko,0,0.7464,1.54,1.54,1.0,전치,[전치] 14. 시도별 지가 변동률(평균) | 2003
지가,2018,207,14.시도별 지가 변동률(평균),Ⅲ. 물가·가계,2003,인천,col-ko,0,0.8183,2.50,2.5,1.0,전치,[전치] 14. 시도별 지가 변동률(평균) | 2003
지가,2018,207,14.시도별 지가 변동률(평균),Ⅲ. 물가·가계,2003,광주,col-ko,0,0.8901,0.91,0.91,1.0,전치,[전치] 14. 시도별 지가 변동률(평균) | 2003
지가,2018,207,14.시도별 지가 변동률(평균),Ⅲ. 물가·가계,2004,전국,col-ko,0,0.1663,3.86,3.86,1.0,전치,[전치] 14. 시도별 지가 변동률(평균) | 2004
지가,2018,207,14.시도별 지가 변동률(평균),Ⅲ. 물가·가계,2004,서울,col-ko,0,0.6047,4.09,4.09,0.5,전치,[전치] 14. 시도별 지가 변동률(평균) | 2004
지가,2018,207,14.시도별 지가 변동률(평균),Ⅲ. 물가·가계,2004,부산,col-ko,0,0.6766,0.89,0.89,0.5,전치,[전치] 14. 시도별 지가 변동률(평균) | 2004
지가,2018,207,14.시도별 지가 변동률(평균),Ⅲ. 물가·가계,2004,대구,col-ko,0,0.7464,1.58,1.58,0.5,전치,[전치] 14. 시도별 지가 변동률(평균) | 2004
지가,2018,207,14.시도별 지가 변동률(평균),Ⅲ. 물가·가계,2004,인천,col-ko,0,0.8183,4.32,4.32,0.5,전치,[전치] 14. 시도별 지가 변동률(평균) | 2004
지가,2018,207,14.시도별 지가 변동률(평균),Ⅲ. 물가·가계,2004,광주,col-ko,0,0.8901,0.68,0.68,1.0,전치,[전치] 14. 시도별 지가 변동률(평균) | 2004
지가,2018,207,14.시도별 지가 변동률(평균),Ⅲ. 물가·가계,2005,전국,col-ko,0,0.1663,4.99,4.99,0.3,전치|저신뢰,[전치] 14. 시도별 지가 변동률(평균) | 2005
지가,2018,207,14.시도별 지가 변동률(평균),Ⅲ. 물가·가계,2005,서울,col-ko,0,0.6047,6. 56,6.56,0.3,전치|저신뢰,[전치] 14. 시도별 지가 변동률(평균) | 2005
지가,2018,207,14.시도별 지가 변동률(평균),Ⅲ. 물가·가계,2005,부산,col-ko,0,0.6766,1.86,1.86,1.0,전치,[전치] 14. 시도별 지가 변동률(평균) | 2005
지가,2018,207,14.시도별 지가 변동률(평균),Ⅲ. 물가·가계,2005,대구,col-ko,0,0.7464,3.32,3.32,0.5,전치,[전치] 14. 시도별 지가 변동률(평균) | 2005
지가,2018,207,14.시도별 지가 변동률(평균),Ⅲ. 물가·가계,2005,인천,col-ko,0,0.8183,4.94,4.94,1.0,전치,[전치] 14. 시도별 지가 변동률(평균) | 2005
지가,2018,207,14.시도별 지가 변동률(평균),Ⅲ. 물가·가계,2005,광주,col-ko,0,0.8901,1.87,1.87,1.0,전치,[전치] 14. 시도별 지가 변동률(평균) | 2005
지가,2018,207,14.시도별 지가 변동률(평균),Ⅲ. 물가·가계,2006,전국,col-ko,0,0.1663,5.62,5.62,1.0,전치,[전치] 14. 시도별 지가 변동률(평균) | 2006
지가,2018,207,14.시도별 지가 변동률(평균),Ⅲ. 물가·가계,2006,서울,col-ko,0,0.6047,9. 17,9.17,0.5,전치,[전치] 14. 시도별 지가 변동률(평균) | 2006
지가,2018,207,14.시도별 지가 변동률(평균),Ⅲ. 물가·가계,2006,부산,col-ko,0,0.6766,2.50,2.5,0.3,전치|저신뢰,[전치] 14. 시도별 지가 변동률(평균) | 2006
지가,2018,207,14.시도별 지가 변동률(평균),Ⅲ. 물가·가계,2006,대구,col-ko,0,0.7464,4. 19,4.19,1.0,전치,[전치] 14. 시도별 지가 변동률(평균) | 2006
지가,2018,207,14.시도별 지가 변동률(평균),Ⅲ. 물가·가계,2006,인천,col-ko,0,0.8183,5. 58,5.58,0.5,전치,[전치] 14. 시도별 지가 변동률(평균) | 2006
지가,2018,207,14.시도별 지가 변동률(평균),Ⅲ. 물가·가계,2006,광주,col-ko,0,0.8901,1.44,1.44,0.5,전치,[전치] 14. 시도별 지가 변동률(평균) | 2006
지가,2018,207,14.시도별 지가 변동률(평균),Ⅲ. 물가·가계,2007,전국,col-ko,0,0.1663,3.89,3.89,1.0,전치,[전치] 14. 시도별 지가 변동률(평균) | 2007
지가,2018,207,14.시도별 지가 변동률(평균),Ⅲ. 물가·가계,2007,서울,col-ko,0,0.6047,5. 88,5.88,1.0,전치,[전치] 14. 시도별 지가 변동률(평균) | 2007
지가,2018,207,14.시도별 지가 변동률(평균),Ⅲ. 물가·가계,2007,부산,col-ko,0,0.6766,2.16,2.16,0.3,전치|저신뢰,[전치] 14. 시도별 지가 변동률(평균) | 2007
지가,2018,207,14.시도별 지가 변동률(평균),Ⅲ. 물가·가계,2007,대구,col-ko,0,0.7464,2.91,2.91,1.0,전치,[전치] 14. 시도별 지가 변동률(평균) | 2007
지가,2018,207,14.시도별 지가 변동률(평균),Ⅲ. 물가·가계,2007,인천,col-ko,0,0.8183,4.85,4.85,1.0,전치,[전치] 14. 시도별 지가 변동률(평균) | 2007
지가,2018,207,14.시도별 지가 변동률(평균),Ⅲ. 물가·가계,2007,광주,col-ko,0,0.8901,0.94,0.94,1.0,전치,[전치] 14. 시도별 지가 변동률(평균) | 2007
지가,2018,207,14.시도별 지가 변동률(평균),Ⅲ. 물가·가계,2008,전국,col-ko,0,0.1663,-0. 32,-0.32,1.0,전치,[전치] 14. 시도별 지가 변동률(평균) | 2008
지가,2018,207,14.시도별 지가 변동률(평균),Ⅲ. 물가·가계,2008,부산,col-ko,0,0.6766,-0. 17,-0.17,0.5,전치,[전치] 14. 시도별 지가 변동률(평균) | 2008
지가,2018,207,14.시도별 지가 변동률(평균),Ⅲ. 물가·가계,2008,대구,col-ko,0,0.7464,-0.45,-0.45,0.5,전치,[전치] 14. 시도별 지가 변동률(평균) | 2008
지가,2018,207,14.시도별 지가 변동률(평균),Ⅲ. 물가·가계,2008,인천,col-ko,0,0.8183,1.37,1.37,1.0,전치,[전치] 14. 시도별 지가 변동률(평균) | 2008
지가,2018,207,14.시도별 지가 변동률(평균),Ⅲ. 물가·가계,2008,광주,col-ko,0,0.8901,-0. 90,-0.9,0.5,전치,[전치] 14. 시도별 지가 변동률(평균) | 2008
지가,2018,207,14.시도별 지가 변동률(평균),Ⅲ. 물가·가계,2009,전국,col-ko,0,0.1663,0.96,0.96,1.0,전치,[전치] 14. 시도별 지가 변동률(평균) | 2009
지가,2018,207,14.시도별 지가 변동률(평균),Ⅲ. 물가·가계,2009,서울,col-ko,0,0.6047,1.40,1.4,0.3,전치|저신뢰,[전치] 14. 시도별 지가 변동률(평균) | 2009
지가,2018,207,14.시도별 지가 변동률(평균),Ⅲ. 물가·가계,2009,대구,col-ko,0,0.7464,0.28,0.28,1.0,전치,[전치] 14. 시도별 지가 변동률(평균) | 2009
지가,2018,207,14.시도별 지가 변동률(평균),Ⅲ. 물가·가계,2009,인천,col-ko,0,0.8183,1.99,1.99,0.5,전치,[전치] 14. 시도별 지가 변동률(평균) | 2009
지가,2018,207,14.시도별 지가 변동률(평균),Ⅲ. 물가·가계,2009,광주,col-ko,0,0.8901,0.33,0.33,0.5,전치,[전치] 14. 시도별 지가 변동률(평균) | 2009
지가,2018,207,14.시도별 지가 변동률(평균),Ⅲ. 물가·가계,2010,전국,col-ko,0,0.1663,1.05,1.05,1.0,전치,[전치] 14. 시도별 지가 변동률(평균) | 2010
지가,2018,207,14.시도별 지가 변동률(평균),Ⅲ. 물가·가계,2010,서울,col-ko,0,0.6047,0. 53,0.53,0.5,전치,[전치] 14. 시도별 지가 변동률(평균) | 2010
지가,2018,207,14.시도별 지가 변동률(평균),Ⅲ. 물가·가계,2010,부산,col-ko,0,0.6766,1.22,1.22,0.5,전치,[전치] 14. 시도별 지가 변동률(평균) | 2010
지가,2018,207,14.시도별 지가 변동률(평균),Ⅲ. 물가·가계,2010,대구,col-ko,0,0.7464,1.40,1.4,1.0,전치,[전치] 14. 시도별 지가 변동률(평균) | 2010
지가,2018,207,14.시도별 지가 변동률(평균),Ⅲ. 물가·가계,2010,인천,col-ko,0,0.8183,1.43,1.43,1.0,전치,[전치] 14. 시도별 지가 변동률(평균) | 2010
지가,2018,207,14.시도별 지가 변동률(평균),Ⅲ. 물가·가계,2010,광주,col-ko,0,0.8901,0.6,0.6,0.5,전치,[전치] 14. 시도별 지가 변동률(평균) | 2010
지가,2018,207,14.시도별 지가 변동률(평균),Ⅲ. 물가·가계,2011,전국,col-ko,0,0.1663,1.17,1.17,1.0,전치,[전치] 14. 시도별 지가 변동률(평균) | 2011
지가,2018,207,14.시도별 지가 변동률(평균),Ⅲ. 물가·가계,2011,서울,col-ko,0,0.6047,0.97,0.97,0.5,전치,[전치] 14. 시도별 지가 변동률(평균) | 2011
지가,2018,207,14.시도별 지가 변동률(평균),Ⅲ. 물가·가계,2011,부산,col-ko,0,0.6766,1.58,1.58,1.0,전치,[전치] 14. 시도별 지가 변동률(평균) | 2011
지가,2018,207,14.시도별 지가 변동률(평균),Ⅲ. 물가·가계,2011,대구,col-ko,0,0.7464,1.40,1.4,1.0,전치,[전치] 14. 시도별 지가 변동률(평균) | 2011
지가,2018,207,14.시도별 지가 변동률(평균),Ⅲ. 물가·가계,2011,인천,col-ko,0,0.8183,0.66,0.66,1.0,전치,[전치] 14. 시도별 지가 변동률(평균) | 2011
지가,2018,207,14.시도별 지가 변동률(평균),Ⅲ. 물가·가계,2011,광주,col-ko,0,0.8901,0.75,0.75,1.0,전치,[전치] 14. 시도별 지가 변동률(평균) | 2011
지가,2018,207,14.시도별 지가 변동률(평균),Ⅲ. 물가·가계,2012,전국,col-ko,0,0.1663,0.96,0.96,1.0,전치,[전치] 14. 시도별 지가 변동률(평균) | 2012
지가,2018,207,14.시도별 지가 변동률(평균),Ⅲ. 물가·가계,2012,서울,col-ko,0,0.6047,0. 38,0.38,1.0,전치,[전치] 14. 시도별 지가 변동률(평균) | 2012
지가,2018,207,14.시도별 지가 변동률(평균),Ⅲ. 물가·가계,2012,부산,col-ko,0,0.6766,1.73,1.73,0.5,전치,[전치] 14. 시도별 지가 변동률(평균) | 2012
지가,2018,207,14.시도별 지가 변동률(평균),Ⅲ. 물가·가계,2012,대구,col-ko,0,0.7464,1.58,1.58,1.0,전치,[전치] 14. 시도별 지가 변동률(평균) | 2012
지가,2018,207,14.시도별 지가 변동률(평균),Ⅲ. 물가·가계,2012,인천,col-ko,0,0.8183,0.46,0.46,1.0,전치,[전치] 14. 시도별 지가 변동률(평균) | 2012
지가,2018,207,14.시도별 지가 변동률(평균),Ⅲ. 물가·가계,2012,광주,col-ko,0,0.8901,1.15,1.15,0.5,전치,[전치] 14. 시도별 지가 변동률(평균) | 2012
지가,2018,207,14.시도별 지가 변동률(평균),Ⅲ. 물가·가계,2013,전국,col-ko,0,0.1663,1.14,1.14,1.0,전치,[전치] 14. 시도별 지가 변동률(평균) | 2013
지가,2018,207,14.시도별 지가 변동률(평균),Ⅲ. 물가·가계,2013,서울,col-ko,0,0.6047,1.21,1.21,1.0,전치,[전치] 14. 시도별 지가 변동률(평균) | 2013
지가,2018,207,14.시도별 지가 변동률(평균),Ⅲ. 물가·가계,2013,부산,col-ko,0,0.6766,1.57,1.57,1.0,전치,[전치] 14. 시도별 지가 변동률(평균) | 2013
지가,2018,207,14.시도별 지가 변동률(평균),Ⅲ. 물가·가계,2013,대구,col-ko,0,0.7464,1.68,1.68,1.0,전치,[전치] 14. 시도별 지가 변동률(평균) | 2013
지가,2018,207,14.시도별 지가 변동률(평균),Ⅲ. 물가·가계,2013,인천,col-ko,0,0.8183,0.87,0.87,0.5,전치,[전치] 14. 시도별 지가 변동률(평균) | 2013
지가,2018,207,14.시도별 지가 변동률(평균),Ⅲ. 물가·가계,2013,광주,col-ko,0,0.8901,0.75,0.75,1.0,전치,[전치] 14. 시도별 지가 변동률(평균) | 2013
지가,2018,207,14.시도별 지가 변동률(평균),Ⅲ. 물가·가계,2014,전국,col-ko,0,0.1663,1.96,1.96,1.0,전치,[전치] 14. 시도별 지가 변동률(평균) | 2014
지가,2018,207,14.시도별 지가 변동률(평균),Ⅲ. 물가·가계,2014,서울,col-ko,0,0.6047,2. 66,2.66,0.5,전치,[전치] 14. 시도별 지가 변동률(평균) | 2014
지가,2018,207,14.시도별 지가 변동률(평균),Ⅲ. 물가·가계,2014,부산,col-ko,0,0.6766,2.28,2.28,0.5,전치,[전치] 14. 시도별 지가 변동률(평균) | 2014
지가,2018,207,14.시도별 지가 변동률(평균),Ⅲ. 물가·가계,2014,대구,col-ko,0,0.7464,3. 15,3.15,0.5,전치,[전치] 14. 시도별 지가 변동률(평균) | 2014
지가,2018,207,14.시도별 지가 변동률(평균),Ⅲ. 물가·가계,2014,인천,col-ko,0,0.8183,1.35,1.35,1.0,전치,[전치] 14. 시도별 지가 변동률(평균) | 2014
지가,2018,207,14.시도별 지가 변동률(평균),Ⅲ. 물가·가계,2014,광주,col-ko,0,0.8901,1.31,1.31,1.0,전치,[전치] 14. 시도별 지가 변동률(평균) | 2014
지가,2018,207,14.시도별 지가 변동률(평균),Ⅲ. 물가·가계,2015,전국,col-ko,0,0.1663,2.40,2.4,1.0,전치,[전치] 14. 시도별 지가 변동률(평균) | 2015
지가,2018,207,14.시도별 지가 변동률(평균),Ⅲ. 물가·가계,2015,서울,col-ko,0,0.6047,2.69,2.69,1.0,전치,[전치] 14. 시도별 지가 변동률(평균) | 2015
지가,2018,207,14.시도별 지가 변동률(평균),Ⅲ. 물가·가계,2015,부산,col-ko,0,0.6766,3. 09,3.09,1.0,전치,[전치] 14. 시도별 지가 변동률(평균) | 2015
지가,2018,207,14.시도별 지가 변동률(평균),Ⅲ. 물가·가계,2015,대구,col-ko,0,0.7464,4. 06,4.06,1.0,전치,[전치] 14. 시도별 지가 변동률(평균) | 2015
지가,2018,207,14.시도별 지가 변동률(평균),Ⅲ. 물가·가계,2015,인천,col-ko,0,0.8183,1.95,1.95,0.5,전치,[전치] 14. 시도별 지가 변동률(평균) | 2015
지가,2018,207,14.시도별 지가 변동률(평균),Ⅲ. 물가·가계,2015,광주,col-ko,0,0.8901,2.87,2.87,1.0,전치,[전치] 14. 시도별 지가 변동률(평균) | 2015
지가,2018,207,14.시도별 지가 변동률(평균),Ⅲ. 물가·가계,2016,전국,col-ko,0,0.1663,2.70,2.7,1.0,전치,[전치] 14. 시도별 지가 변동률(평균) | 2016
지가,2018,207,14.시도별 지가 변동률(평균),Ⅲ. 물가·가계,2016,서울,col-ko,0,0.6047,2. 97,2.97,0.5,전치,[전치] 14. 시도별 지가 변동률(평균) | 2016
지가,2018,207,14.시도별 지가 변동률(평균),Ⅲ. 물가·가계,2016,부산,col-ko,0,0.6766,4. 17,4.17,0.5,전치,[전치] 14. 시도별 지가 변동률(평균) | 2016
지가,2018,207,14.시도별 지가 변동률(평균),Ⅲ. 물가·가계,2016,대구,col-ko,0,0.7464,3.93,3.93,0.5,전치,[전치] 14. 시도별 지가 변동률(평균) | 2016
지가,2018,207,14.시도별 지가 변동률(평균),Ⅲ. 물가·가계,2016,인천,col-ko,0,0.8183,1.74,1.74,1.0,전치,[전치] 14. 시도별 지가 변동률(평균) | 2016
지가,2018,207,14.시도별 지가 변동률(평균),Ⅲ. 물가·가계,2016,광주,col-ko,0,0.8901,2.82,2.82,1.0,전치,[전치] 14. 시도별 지가 변동률(평균) | 2016
지가,2018,207,14.시도별 지가 변동률(평균),Ⅲ. 물가·가계,2017,전국,col-ko,0,0.1663,3.88,3.88,1.0,전치,[전치] 14. 시도별 지가 변동률(평균) | 2017
지가,2018,207,14.시도별 지가 변동률(평균),Ⅲ. 물가·가계,2017,서울,col-ko,0,0.6047,4. 32,4.32,1.0,전치,[전치] 14. 시도별 지가 변동률(평균) | 2017
지가,2018,207,14.시도별 지가 변동률(평균),Ⅲ. 물가·가계,2017,부산,col-ko,0,0.6766,6.51,6.51,1.0,전치,[전치] 14. 시도별 지가 변동률(평균) | 2017
지가,2018,207,14.시도별 지가 변동률(평균),Ⅲ. 물가·가계,2017,대구,col-ko,0,0.7464,4. 58,4.58,0.5,전치,[전치] 14. 시도별 지가 변동률(평균) | 2017
지가,2018,207,14.시도별 지가 변동률(평균),Ⅲ. 물가·가계,2017,인천,col-ko,0,0.8183,3. 10,3.1,1.0,전치,[전치] 14. 시도별 지가 변동률(평균) | 2017
지가,2018,207,14.시도별 지가 변동률(평균),Ⅲ. 물가·가계,2017,광주,col-ko,0,0.8901,4.17,4.17,1.0,전치,[전치] 14. 시도별 지가 변동률(평균) | 2017
지가,2018,207,14.시도별 지가 변동률(평균),Ⅲ. 물가·가계,2018,전국,col-ko,0,0.1663,4. 58,4.58,1.0,전치,[전치] 14. 시도별 지가 변동률(평균) | 2018
지가,2018,207,14.시도별 지가 변동률(평균),Ⅲ. 물가·가계,2018,서울,col-ko,0,0.6047,6.1,6.1,0.3,전치|저신뢰,[전치] 14. 시도별 지가 변동률(평균) | 2018
지가,2018,207,14.시도별 지가 변동률(평균),Ⅲ. 물가·가계,2018,부산,col-ko,0,0.6766,5.74,5.74,1.0,전치,[전치] 14. 시도별 지가 변동률(평균) | 2018
지가,2018,207,14.시도별 지가 변동률(평균),Ⅲ. 물가·가계,2018,대구,col-ko,0,0.7464,5.01,5.01,0.5,전치,[전치] 14. 시도별 지가 변동률(평균) | 2018
지가,2018,207,14.시도별 지가 변동률(평균),Ⅲ. 물가·가계,2018,인천,col-ko,0,0.8183,3. 59,3.59,0.3,전치|저신뢰,[전치] 14. 시도별 지가 변동률(평균) | 2018
지가,2018,207,14.시도별 지가 변동률(평균),Ⅲ. 물가·가계,2018,광주,col-ko,0,0.8901,5.26,5.26,1.0,전치,[전치] 14. 시도별 지가 변동률(평균) | 2018
지가,2018,208,14.시도별 지가 변동률(평균) (계속),Ⅲ. 물가·가계,?,대전,col-ko,0,0.0852,0. 12,0.12,1.0,전치,[전치] 14. Change of Land Price by Province (Average) | 
지가,2018,208,14.시도별 지가 변동률(평균) (계속),Ⅲ. 물가·가계,?,울산,col-ko,0,0.153,0. 03,0.03,0.5,전치,[전치] 14. Change of Land Price by Province (Average) | 
지가,2018,208,14.시도별 지가 변동률(평균) (계속),Ⅲ. 물가·가계,?,경기,col-ko,0,0.2885,0. 65,0.65,0.5,전치,[전치] 14. Change of Land Price by Province (Average) | 
지가,2018,208,14.시도별 지가 변동률(평균) (계속),Ⅲ. 물가·가계,?,충북,col-ko,0,0.422,1.02,1.02,1.0,전치,[전치] 14. Change of Land Price by Province (Average) | 
지가,2018,208,14.시도별 지가 변동률(평균) (계속),Ⅲ. 물가·가계,?,충남,col-ko,0,0.4846,1. 13,1.13,0.5,전치,[전치] 14. Change of Land Price by Province (Average) | 
지가,2018,208,14.시도별 지가 변동률(평균) (계속),Ⅲ. 물가·가계,?,전북,col-ko,0,0.5534,0.57,0.57,1.0,전치,[전치] 14. Change of Land Price by Province (Average) | 
지가,2018,208,14.시도별 지가 변동률(평균) (계속),Ⅲ. 물가·가계,?,전남,col-ko,0,0.6201,0.69,0.69,1.0,전치,[전치] 14. Change of Land Price by Province (Average) | 
지가,2018,208,14.시도별 지가 변동률(평균) (계속),Ⅲ. 물가·가계,?,경북,col-ko,0,0.6848,0. 38,0.38,1.0,전치,[전치] 14. Change of Land Price by Province (Average) | 
지가,2018,208,14.시도별 지가 변동률(평균) (계속),Ⅲ. 물가·가계,?,경남,col-ko,0,0.7515,0. 26,0.26,1.0,전치,[전치] 14. Change of Land Price by Province (Average) | 
지가,2018,208,14.시도별 지가 변동률(평균) (계속),Ⅲ. 물가·가계,?,제주,col-en,0,0.8172,0. 38,0.38,0.5,전치,[전치] 14. Change of Land Price by Province (Average) | 
지가,2018,208,14.시도별 지가 변동률(평균) (계속),Ⅲ. 물가·가계,- 8.36 - 13. 54 - 14. 65 - 8. 30,충북,col-ko,0,0.422,-7.13,-7.13,0.3,전치|저신뢰,[전치] 14. Change of Land Price by Province (Average) | - 8.36 - 13. 54 - 14. 65 - 8. 30
지가,2018,208,14.시도별 지가 변동률(평균) (계속),Ⅲ. 물가·가계,- 8.36 - 13. 54 - 14. 65 - 8. 30,충남,col-ko,0,0.4846,-7.11,-7.11,1.0,전치,[전치] 14. Change of Land Price by Province (Average) | - 8.36 - 13. 54 - 14. 65 - 8. 30
지가,2018,208,14.시도별 지가 변동률(평균) (계속),Ⅲ. 물가·가계,- 8.36 - 13. 54 - 14. 65 - 8. 30,제주,col-en,0,0.8172,-8. 13,-8.13,0.3,전치|저신뢰,[전치] 14. Change of Land Price by Province (Average) | - 8.36 - 13. 54 - 14. 65 - 8. 30
지가,2018,208,14.시도별 지가 변동률(평균) (계속),Ⅲ. 물가·가계,?,대전,col-ko,0,0.0852,0. 38,0.38,1.0,전치,[전치] 14. Change of Land Price by Province (Average) | 
지가,2018,208,14.시도별 지가 변동률(평균) (계속),Ⅲ. 물가·가계,?,울산,col-ko,0,0.153,1. 50,1.5,0.3,전치|저신뢰,[전치] 14. Change of Land Price by Province (Average) | 
지가,2018,208,14.시도별 지가 변동률(평균) (계속),Ⅲ. 물가·가계,?,경기,col-ko,0,0.2885,4. 52,4.52,0.3,전치|저신뢰,[전치] 14. Change of Land Price by Province (Average) | 
지가,2018,208,14.시도별 지가 변동률(평균) (계속),Ⅲ. 물가·가계,?,강원,col-ko,0,0.3542,2. 50,2.5,0.5,전치,[전치] 14. Change of Land Price by Province (Average) | 
지가,2018,208,14.시도별 지가 변동률(평균) (계속),Ⅲ. 물가·가계,?,충북,col-ko,0,0.422,4. 10,4.1,0.5,전치,[전치] 14. Change of Land Price by Province (Average) | 
지가,2018,208,14.시도별 지가 변동률(평균) (계속),Ⅲ. 물가·가계,?,충남,col-ko,0,0.4846,3. 18,3.18,1.0,전치,[전치] 14. Change of Land Price by Province (Average) | 
지가,2018,208,14.시도별 지가 변동률(평균) (계속),Ⅲ. 물가·가계,?,전북,col-ko,0,0.5534,2.17,2.17,1.0,전치,[전치] 14. Change of Land Price by Province (Average) | 
지가,2018,208,14.시도별 지가 변동률(평균) (계속),Ⅲ. 물가·가계,?,전남,col-ko,0,0.6201,4. 50,4.5,1.0,전치,[전치] 14. Change of Land Price by Province (Average) | 
지가,2018,208,14.시도별 지가 변동률(평균) (계속),Ⅲ. 물가·가계,?,경북,col-ko,0,0.6848,2.73,2.73,1.0,전치,[전치] 14. Change of Land Price by Province (Average) | 
지가,2018,208,14.시도별 지가 변동률(평균) (계속),Ⅲ. 물가·가계,?,경남,col-ko,0,0.7515,2.21,2.21,1.0,전치,[전치] 14. Change of Land Price by Province (Average) | 
지가,2018,208,14.시도별 지가 변동률(평균) (계속),Ⅲ. 물가·가계,?,제주,col-en,0,0.8172,6. 82,6.82,0.5,전치,[전치] 14. Change of Land Price by Province (Average) | 
지가,2018,208,14.시도별 지가 변동률(평균) (계속),Ⅲ. 물가·가계,- 0. 24 - 0. 26 -,경기,col-ko,0,0.2885,1.92,1.92,0.5,전치,[전치] 14. Change of Land Price by Province (Average) | - 0. 24 - 0. 26 -
지가,2018,208,14.시도별 지가 변동률(평균) (계속),Ⅲ. 물가·가계,- 0. 24 - 0. 26 -,강원,col-ko,0,0.3542,1.39,1.39,1.0,전치,[전치] 14. Change of Land Price by Province (Average) | - 0. 24 - 0. 26 -
지가,2018,208,14.시도별 지가 변동률(평균) (계속),Ⅲ. 물가·가계,- 0. 24 - 0. 26 -,충북,col-ko,0,0.422,1. 12,1.12,0.5,전치,[전치] 14. Change of Land Price by Province (Average) | - 0. 24 - 0. 26 -
지가,2018,208,14.시도별 지가 변동률(평균) (계속),Ⅲ. 물가·가계,- 0. 24 - 0. 26 -,충남,col-ko,0,0.4846,1. 18,1.18,0.5,전치,[전치] 14. Change of Land Price by Province (Average) | - 0. 24 - 0. 26 -
지가,2018,208,14.시도별 지가 변동률(평균) (계속),Ⅲ. 물가·가계,- 0. 24 - 0. 26 -,전북,col-ko,0,0.5534,1.13,1.13,0.5,전치,[전치] 14. Change of Land Price by Province (Average) | - 0. 24 - 0. 26 -
지가,2018,208,14.시도별 지가 변동률(평균) (계속),Ⅲ. 물가·가계,- 0. 24 - 0. 26 -,전남,col-ko,0,0.6201,1. 94,1.94,0.5,전치,[전치] 14. Change of Land Price by Province (Average) | - 0. 24 - 0. 26 -
지가,2018,208,14.시도별 지가 변동률(평균) (계속),Ⅲ. 물가·가계,- 0. 24 - 0. 26 -,경북,col-ko,0,0.6848,0.72,0.72,0.5,전치,[전치] 14. Change of Land Price by Province (Average) | - 0. 24 - 0. 26 -
지가,2018,208,14.시도별 지가 변동률(평균) (계속),Ⅲ. 물가·가계,- 0. 24 - 0. 26 -,경남,col-ko,0,0.7515,1. 15,1.15,1.0,전치,[전치] 14. Change of Land Price by Province (Average) | - 0. 24 - 0. 26 -
지가,2018,208,14.시도별 지가 변동률(평균) (계속),Ⅲ. 물가·가계,?,대전,col-ko,0,0.0852,1. 00,1.0,0.5,전치,[전치] 14. Change of Land Price by Province (Average) | 
지가,2018,208,14.시도별 지가 변동률(평균) (계속),Ⅲ. 물가·가계,?,울산,col-ko,0,0.153,0. 38,0.38,0.5,전치,[전치] 14. Change of Land Price by Province (Average) | 
지가,2018,208,14.시도별 지가 변동률(평균) (계속),Ⅲ. 물가·가계,?,경기,col-ko,0,0.2885,1.91,1.91,1.0,전치,[전치] 14. Change of Land Price by Province (Average) | 
지가,2018,208,14.시도별 지가 변동률(평균) (계속),Ⅲ. 물가·가계,?,강원,col-ko,0,0.3542,2.29,2.29,1.0,전치,[전치] 14. Change of Land Price by Province (Average) | 
지가,2018,208,14.시도별 지가 변동률(평균) (계속),Ⅲ. 물가·가계,?,충북,col-ko,0,0.422,0.41,0.41,1.0,전치,[전치] 14. Change of Land Price by Province (Average) | 
지가,2018,208,14.시도별 지가 변동률(평균) (계속),Ⅲ. 물가·가계,?,충남,col-ko,0,0.4846,0. 36,0.36,0.5,전치,[전치] 14. Change of Land Price by Province (Average) | 
지가,2018,208,14.시도별 지가 변동률(평균) (계속),Ⅲ. 물가·가계,?,전북,col-ko,0,0.5534,-0. 13,-0.13,0.3,전치|저신뢰,[전치] 14. Change of Land Price by Province (Average) | 
지가,2018,208,14.시도별 지가 변동률(평균) (계속),Ⅲ. 물가·가계,?,전남,col-ko,0,0.6201,0.35,0.35,0.5,전치,[전치] 14. Change of Land Price by Province (Average) | 
지가,2018,208,14.시도별 지가 변동률(평균) (계속),Ⅲ. 물가·가계,?,경북,col-ko,0,0.6848,0.51,0.51,0.5,전치,[전치] 14. Change of Land Price by Province (Average) | 
지가,2018,208,14.시도별 지가 변동률(평균) (계속),Ⅲ. 물가·가계,?,경남,col-ko,0,0.7515,0. 94,0.94,1.0,전치,[전치] 14. Change of Land Price by Province (Average) | 
지가,2018,208,14.시도별 지가 변동률(평균) (계속),Ⅲ. 물가·가계,?,제주,col-en,0,0.8172,3. 13,3.13,1.0,전치,[전치] 14. Change of Land Price by Province (Average) | 
지가,2018,208,14.시도별 지가 변동률(평균) (계속),Ⅲ. 물가·가계,?,대전,col-ko,0,0.0852,3.24,3.24,0.3,전치|저신뢰,[전치] 14. Change of Land Price by Province (Average) | 
지가,2018,208,14.시도별 지가 변동률(평균) (계속),Ⅲ. 물가·가계,?,울산,col-ko,0,0.153,1.75,1.75,0.5,전치,[전치] 14. Change of Land Price by Province (Average) | 
지가,2018,208,14.시도별 지가 변동률(평균) (계속),Ⅲ. 물가·가계,?,경기,col-ko,0,0.2885,13. 06,13.06,1.0,전치,[전치] 14. Change of Land Price by Province (Average) | 
지가,2018,208,14.시도별 지가 변동률(평균) (계속),Ⅲ. 물가·가계,?,강원,col-ko,0,0.3542,1. 88,1.88,0.5,전치,[전치] 14. Change of Land Price by Province (Average) | 
지가,2018,208,14.시도별 지가 변동률(평균) (계속),Ⅲ. 물가·가계,?,충북,col-ko,0,0.422,3.02,3.02,0.5,전치,[전치] 14. Change of Land Price by Province (Average) | 
지가,2018,208,14.시도별 지가 변동률(평균) (계속),Ⅲ. 물가·가계,?,충남,col-ko,0,0.4846,2.48,2.48,0.5,전치,[전치] 14. Change of Land Price by Province (Average) | 
지가,2018,208,14.시도별 지가 변동률(평균) (계속),Ⅲ. 물가·가계,?,전북,col-ko,0,0.5534,0. 64,0.64,1.0,전치,[전치] 14. Change of Land Price by Province (Average) | 
지가,2018,208,14.시도별 지가 변동률(평균) (계속),Ⅲ. 물가·가계,?,전남,col-ko,0,0.6201,0. 95,0.95,0.5,전치,[전치] 14. Change of Land Price by Province (Average) | 
지가,2018,208,14.시도별 지가 변동률(평균) (계속),Ⅲ. 물가·가계,?,경북,col-ko,0,0.6848,2. 06,2.06,1.0,전치,[전치] 14. Change of Land Price by Province (Average) | 
지가,2018,208,14.시도별 지가 변동률(평균) (계속),Ⅲ. 물가·가계,?,경남,col-ko,0,0.7515,2. 22,2.22,0.5,전치,[전치] 14. Change of Land Price by Province (Average) | 
지가,2018,208,14.시도별 지가 변동률(평균) (계속),Ⅲ. 물가·가계,?,제주,col-en,0,0.8172,6. 01,6.01,0.5,전치,[전치] 14. Change of Land Price by Province (Average) | 
지가,2018,208,14.시도별 지가 변동률(평균) (계속),Ⅲ. 물가·가계,?,대전,col-ko,0,0.0852,5. 47,5.47,0.5,전치,[전치] 14. Change of Land Price by Province (Average) | 
지가,2018,208,14.시도별 지가 변동률(평균) (계속),Ⅲ. 물가·가계,?,울산,col-ko,0,0.153,0.66,0.66,0.5,전치,[전치] 14. Change of Land Price by Province (Average) | 
지가,2018,208,14.시도별 지가 변동률(평균) (계속),Ⅲ. 물가·가계,?,경기,col-ko,0,0.2885,5. 12,5.12,1.0,전치,[전치] 14. Change of Land Price by Province (Average) | 
지가,2018,208,14.시도별 지가 변동률(평균) (계속),Ⅲ. 물가·가계,?,강원,col-ko,0,0.3542,1.79,1.79,1.0,전치,[전치] 14. Change of Land Price by Province (Average) | 
지가,2018,208,14.시도별 지가 변동률(평균) (계속),Ⅲ. 물가·가계,?,충북,col-ko,0,0.422,2.54,2.54,1.0,전치,[전치] 14. Change of Land Price by Province (Average) | 
지가,2018,208,14.시도별 지가 변동률(평균) (계속),Ⅲ. 물가·가계,?,충남,col-ko,0,0.4846,4.81,4.81,0.5,전치,[전치] 14. Change of Land Price by Province (Average) | 
지가,2018,208,14.시도별 지가 변동률(평균) (계속),Ⅲ. 물가·가계,?,전북,col-ko,0,0.5534,0.96,0.96,0.5,전치,[전치] 14. Change of Land Price by Province (Average) | 
지가,2018,208,14.시도별 지가 변동률(평균) (계속),Ⅲ. 물가·가계,?,전남,col-ko,0,0.6201,0. 50,0.5,1.0,전치,[전치] 14. Change of Land Price by Province (Average) | 
지가,2018,208,14.시도별 지가 변동률(평균) (계속),Ⅲ. 물가·가계,?,경북,col-ko,0,0.6848,0. 15,0.15,0.5,전치,[전치] 14. Change of Land Price by Province (Average) | 
지가,2018,208,14.시도별 지가 변동률(평균) (계속),Ⅲ. 물가·가계,?,경남,col-ko,0,0.7515,1. 38,1.38,0.5,전치,[전치] 14. Change of Land Price by Province (Average) | 
지가,2018,208,14.시도별 지가 변동률(평균) (계속),Ⅲ. 물가·가계,?,제주,col-en,0,0.8172,1.25,1.25,1.0,전치,[전치] 14. Change of Land Price by Province (Average) | 
지가,2018,208,14.시도별 지가 변동률(평균) (계속),Ⅲ. 물가·가계,?,대전,col-ko,0,0.0852,2.25,2.25,1.0,전치,[전치] 14. Change of Land Price by Province (Average) | 
지가,2018,208,14.시도별 지가 변동률(평균) (계속),Ⅲ. 물가·가계,?,울산,col-ko,0,0.153,1.79,1.79,1.0,전치,[전치] 14. Change of Land Price by Province (Average) | 
지가,2018,208,14.시도별 지가 변동률(평균) (계속),Ⅲ. 물가·가계,?,경기,col-ko,0,0.2885,6.12,6.12,0.5,전치,[전치] 14. Change of Land Price by Province (Average) | 
지가,2018,208,14.시도별 지가 변동률(평균) (계속),Ⅲ. 물가·가계,?,강원,col-ko,0,0.3542,2.27,2.27,1.0,전치,[전치] 14. Change of Land Price by Province (Average) | 
지가,2018,208,14.시도별 지가 변동률(평균) (계속),Ⅲ. 물가·가계,?,충북,col-ko,0,0.422,3.83,3.83,1.0,전치,[전치] 14. Change of Land Price by Province (Average) | 
지가,2018,208,14.시도별 지가 변동률(평균) (계속),Ⅲ. 물가·가계,?,충남,col-ko,0,0.4846,11.65,11.65,1.0,전치,[전치] 14. Change of Land Price by Province (Average) | 
지가,2018,208,14.시도별 지가 변동률(평균) (계속),Ⅲ. 물가·가계,?,전북,col-ko,0,0.5534,0. 70,0.7,1.0,전치,[전치] 14. Change of Land Price by Province (Average) | 
지가,2018,208,14.시도별 지가 변동률(평균) (계속),Ⅲ. 물가·가계,?,전남,col-ko,0,0.6201,0.93,0.93,0.5,전치,[전치] 14. Change of Land Price by Province (Average) | 
지가,2018,208,14.시도별 지가 변동률(평균) (계속),Ⅲ. 물가·가계,?,경북,col-ko,0,0.6848,2. 11,2.11,0.5,전치,[전치] 14. Change of Land Price by Province (Average) | 
지가,2018,208,14.시도별 지가 변동률(평균) (계속),Ⅲ. 물가·가계,?,경남,col-ko,0,0.7515,3. 09,3.09,1.0,전치,[전치] 14. Change of Land Price by Province (Average) | 
지가,2018,208,14.시도별 지가 변동률(평균) (계속),Ⅲ. 물가·가계,?,제주,col-en,0,0.8172,1.96,1.96,0.5,전치,[전치] 14. Change of Land Price by Province (Average) | 
지가,2018,208,14.시도별 지가 변동률(평균) (계속),Ⅲ. 물가·가계,?,대전,col-ko,0,0.0852,6. 80,6.8,0.5,전치,[전치] 14. Change of Land Price by Province (Average) | 
지가,2018,208,14.시도별 지가 변동률(평균) (계속),Ⅲ. 물가·가계,?,울산,col-ko,0,0.153,2.06,2.06,0.5,전치,[전치] 14. Change of Land Price by Province (Average) | 
지가,2018,208,14.시도별 지가 변동률(평균) (계속),Ⅲ. 물가·가계,?,경기,col-ko,0,0.2885,5. 69,5.69,1.0,전치,[전치] 14. Change of Land Price by Province (Average) | 
지가,2018,208,14.시도별 지가 변동률(평균) (계속),Ⅲ. 물가·가계,?,강원,col-ko,0,0.3542,2.63,2.63,1.0,전치,[전치] 14. Change of Land Price by Province (Average) | 
지가,2018,208,14.시도별 지가 변동률(평균) (계속),Ⅲ. 물가·가계,?,충북,col-ko,0,0.422,4. 98,4.98,1.0,전치,[전치] 14. Change of Land Price by Province (Average) | 
지가,2018,208,14.시도별 지가 변동률(평균) (계속),Ⅲ. 물가·가계,?,충남,col-ko,0,0.4846,8.32,8.32,0.3,전치|저신뢰,[전치] 14. Change of Land Price by Province (Average) | 
지가,2018,208,14.시도별 지가 변동률(평균) (계속),Ⅲ. 물가·가계,?,전북,col-ko,0,0.5534,1. 38,1.38,1.0,전치,[전치] 14. Change of Land Price by Province (Average) | 
지가,2018,208,14.시도별 지가 변동률(평균) (계속),Ⅲ. 물가·가계,?,전남,col-ko,0,0.6201,2.45,2.45,1.0,전치,[전치] 14. Change of Land Price by Province (Average) | 
지가,2018,208,14.시도별 지가 변동률(평균) (계속),Ⅲ. 물가·가계,?,경북,col-ko,0,0.6848,2. 19,2.19,1.0,전치,[전치] 14. Change of Land Price by Province (Average) | 
지가,2018,208,14.시도별 지가 변동률(평균) (계속),Ⅲ. 물가·가계,?,경남,col-ko,0,0.7515,2.81,2.81,1.0,전치,[전치] 14. Change of Land Price by Province (Average) | 
지가,2018,208,14.시도별 지가 변동률(평균) (계속),Ⅲ. 물가·가계,?,제주,col-en,0,0.8172,2. 12,2.12,0.5,전치,[전치] 14. Change of Land Price by Province (Average) | 
지가,2018,208,14.시도별 지가 변동률(평균) (계속),Ⅲ. 물가·가계,?,대전,col-ko,0,0.0852,4. 15,4.15,1.0,전치,[전치] 14. Change of Land Price by Province (Average) | 
지가,2018,208,14.시도별 지가 변동률(평균) (계속),Ⅲ. 물가·가계,?,울산,col-ko,0,0.153,2.94,2.94,0.5,전치,[전치] 14. Change of Land Price by Province (Average) | 
지가,2018,208,14.시도별 지가 변동률(평균) (계속),Ⅲ. 물가·가계,?,경기,col-ko,0,0.2885,5.07,5.07,1.0,전치,[전치] 14. Change of Land Price by Province (Average) | 
지가,2018,208,14.시도별 지가 변동률(평균) (계속),Ⅲ. 물가·가계,?,강원,col-ko,0,0.3542,2.52,2.52,0.5,전치,[전치] 14. Change of Land Price by Province (Average) | 
지가,2018,208,14.시도별 지가 변동률(평균) (계속),Ⅲ. 물가·가계,?,충북,col-ko,0,0.422,4. 37,4.37,1.0,전치,[전치] 14. Change of Land Price by Province (Average) | 
지가,2018,208,14.시도별 지가 변동률(평균) (계속),Ⅲ. 물가·가계,?,충남,col-ko,0,0.4846,5. 55,5.55,0.5,전치,[전치] 14. Change of Land Price by Province (Average) | 
지가,2018,208,14.시도별 지가 변동률(평균) (계속),Ⅲ. 물가·가계,?,전북,col-ko,0,0.5534,1.29,1.29,1.0,전치,[전치] 14. Change of Land Price by Province (Average) | 
지가,2018,208,14.시도별 지가 변동률(평균) (계속),Ⅲ. 물가·가계,?,전남,col-ko,0,0.6201,1.91,1.91,1.0,전치,[전치] 14. Change of Land Price by Province (Average) | 
지가,2018,208,14.시도별 지가 변동률(평균) (계속),Ⅲ. 물가·가계,?,경북,col-ko,0,0.6848,2. 52,2.52,1.0,전치,[전치] 14. Change of Land Price by Province (Average) | 
지가,2018,208,14.시도별 지가 변동률(평균) (계속),Ⅲ. 물가·가계,?,경남,col-ko,0,0.7515,2.56,2.56,1.0,전치,[전치] 14. Change of Land Price by Province (Average) | 
지가,2018,208,14.시도별 지가 변동률(평균) (계속),Ⅲ. 물가·가계,?,대전,col-ko,0,0.0852,1.48,1.48,0.3,전치|저신뢰,[전치] 14. Change of Land Price by Province (Average) | 
지가,2018,208,14.시도별 지가 변동률(평균) (계속),Ⅲ. 물가·가계,?,울산,col-ko,0,0.153,2.90,2.9,0.5,전치,[전치] 14. Change of Land Price by Province (Average) | 
지가,2018,208,14.시도별 지가 변동률(평균) (계속),Ⅲ. 물가·가계,?,경기,col-ko,0,0.2885,4.23,4.23,1.0,전치,[전치] 14. Change of Land Price by Province (Average) | 
지가,2018,208,14.시도별 지가 변동률(평균) (계속),Ⅲ. 물가·가계,?,강원,col-ko,0,0.3542,1.67,1.67,1.0,전치,[전치] 14. Change of Land Price by Province (Average) | 
지가,2018,208,14.시도별 지가 변동률(평균) (계속),Ⅲ. 물가·가계,?,충북,col-ko,0,0.422,1.27,1.27,1.0,전치,[전치] 14. Change of Land Price by Province (Average) | 
지가,2018,208,14.시도별 지가 변동률(평균) (계속),Ⅲ. 물가·가계,?,충남,col-ko,0,0.4846,2. 03,2.03,0.5,전치,[전치] 14. Change of Land Price by Province (Average) | 
지가,2018,208,14.시도별 지가 변동률(평균) (계속),Ⅲ. 물가·가계,?,전북,col-ko,0,0.5534,1.21,1.21,1.0,전치,[전치] 14. Change of Land Price by Province (Average) | 
지가,2018,208,14.시도별 지가 변동률(평균) (계속),Ⅲ. 물가·가계,?,전남,col-ko,0,0.6201,1.31,1.31,1.0,전치,[전치] 14. Change of Land Price by Province (Average) | 
지가,2018,208,14.시도별 지가 변동률(평균) (계속),Ⅲ. 물가·가계,?,경북,col-ko,0,0.6848,1. 68,1.68,1.0,전치,[전치] 14. Change of Land Price by Province (Average) | 
지가,2018,208,14.시도별 지가 변동률(평균) (계속),Ⅲ. 물가·가계,?,경남,col-ko,0,0.7515,2.22,2.22,0.5,전치,[전치] 14. Change of Land Price by Province (Average) | 
지가,2018,208,14.시도별 지가 변동률(평균) (계속),Ⅲ. 물가·가계,?,제주,col-en,0,0.8172,1.67,1.67,1.0,전치,[전치] 14. Change of Land Price by Province (Average) | 
지가,2018,208,14.시도별 지가 변동률(평균) (계속),Ⅲ. 물가·가계,- 0. 97 - 0. 28 - 0. 27,강원,col-ko,0,0.3542,0. 38,0.38,0.5,전치,[전치] 14. Change of Land Price by Province (Average) | - 0. 97 - 0. 28 - 0. 27
지가,2018,208,14.시도별 지가 변동률(평균) (계속),Ⅲ. 물가·가계,- 0. 97 - 0. 28 - 0. 27,전북,col-ko,0,0.5534,2.58,2.58,1.0,전치,[전치] 14. Change of Land Price by Province (Average) | - 0. 97 - 0. 28 - 0. 27
지가,2018,208,14.시도별 지가 변동률(평균) (계속),Ⅲ. 물가·가계,- 0. 97 - 0. 28 - 0. 27,전남,col-ko,0,0.6201,0.26,0.26,0.5,전치,[전치] 14. Change of Land Price by Province (Average) | - 0. 97 - 0. 28 - 0. 27
지가,2018,208,14.시도별 지가 변동률(평균) (계속),Ⅲ. 물가·가계,- 0. 97 - 0. 28 - 0. 27,경남,col-ko,0,0.7515,0.11,0.11,1.0,전치,[전치] 14. Change of Land Price by Province (Average) | - 0. 97 - 0. 28 - 0. 27
지가,2018,208,14.시도별 지가 변동률(평균) (계속),Ⅲ. 물가·가계,?,대전,col-ko,0,0.0852,0.26,0.26,1.0,전치,[전치] 14. Change of Land Price by Province (Average) | 
지가,2018,208,14.시도별 지가 변동률(평균) (계속),Ⅲ. 물가·가계,?,울산,col-ko,0,0.153,0.31,0.31,0.5,전치,[전치] 14. Change of Land Price by Province (Average) | 
지가,2018,208,14.시도별 지가 변동률(평균) (계속),Ⅲ. 물가·가계,?,경기,col-ko,0,0.2885,1.22,1.22,1.0,전치,[전치] 14. Change of Land Price by Province (Average) | 
지가,2018,208,14.시도별 지가 변동률(평균) (계속),Ⅲ. 물가·가계,?,강원,col-ko,0,0.3542,0. 34,0.34,0.5,전치,[전치] 14. Change of Land Price by Province (Average) | 
지가,2018,208,14.시도별 지가 변동률(평균) (계속),Ⅲ. 물가·가계,?,충북,col-ko,0,0.422,0.1,0.1,0.3,전치|저신뢰,[전치] 14. Change of Land Price by Province (Average) | 
지가,2018,208,14.시도별 지가 변동률(평균) (계속),Ⅲ. 물가·가계,?,충남,col-ko,0,0.4846,0. 26,0.26,0.5,전치,[전치] 14. Change of Land Price by Province (Average) | 
지가,2018,208,14.시도별 지가 변동률(평균) (계속),Ⅲ. 물가·가계,?,전남,col-ko,0,0.6201,0.35,0.35,1.0,전치,[전치] 14. Change of Land Price by Province (Average) | 
지가,2018,208,14.시도별 지가 변동률(평균) (계속),Ⅲ. 물가·가계,?,경북,col-ko,0,0.6848,0. 48,0.48,1.0,전치,[전치] 14. Change of Land Price by Province (Average) | 
지가,2018,208,14.시도별 지가 변동률(평균) (계속),Ⅲ. 물가·가계,?,경남,col-ko,0,0.7515,0. 44,0.44,1.0,전치,[전치] 14. Change of Land Price by Province (Average) | 
지가,2018,208,14.시도별 지가 변동률(평균) (계속),Ⅲ. 물가·가계,?,대전,col-ko,0,0.0852,1. 55,1.55,0.5,전치,[전치] 14. Change of Land Price by Province (Average) | 
지가,2018,208,14.시도별 지가 변동률(평균) (계속),Ⅲ. 물가·가계,?,울산,col-ko,0,0.153,0.74,0.74,0.5,전치,[전치] 14. Change of Land Price by Province (Average) | 
지가,2018,208,14.시도별 지가 변동률(평균) (계속),Ⅲ. 물가·가계,?,경기,col-ko,0,0.2885,1. 49,1.49,1.0,전치,[전치] 14. Change of Land Price by Province (Average) | 
지가,2018,208,14.시도별 지가 변동률(평균) (계속),Ⅲ. 물가·가계,?,강원,col-ko,0,0.3542,0.84,0.84,1.0,전치,[전치] 14. Change of Land Price by Province (Average) | 
지가,2018,208,14.시도별 지가 변동률(평균) (계속),Ⅲ. 물가·가계,?,충북,col-ko,0,0.422,0.65,0.65,1.0,전치,[전치] 14. Change of Land Price by Province (Average) | 
지가,2018,208,14.시도별 지가 변동률(평균) (계속),Ⅲ. 물가·가계,?,충남,col-ko,0,0.4846,1. 16,1.16,1.0,전치,[전치] 14. Change of Land Price by Province (Average) | 
지가,2018,208,14.시도별 지가 변동률(평균) (계속),Ⅲ. 물가·가계,?,전북,col-ko,0,0.5534,0.66,0.66,1.0,전치,[전치] 14. Change of Land Price by Province (Average) | 
지가,2018,208,14.시도별 지가 변동률(평균) (계속),Ⅲ. 물가·가계,?,전남,col-ko,0,0.6201,1. 13,1.13,1.0,전치,[전치] 14. Change of Land Price by Province (Average) | 
지가,2018,208,14.시도별 지가 변동률(평균) (계속),Ⅲ. 물가·가계,?,경북,col-ko,0,0.6848,1. 14,1.14,0.5,전치,[전치] 14. Change of Land Price by Province (Average) | 
지가,2018,208,14.시도별 지가 변동률(평균) (계속),Ⅲ. 물가·가계,?,경남,col-ko,0,0.7515,1.29,1.29,0.5,전치,[전치] 14. Change of Land Price by Province (Average) | 
지가,2018,208,14.시도별 지가 변동률(평균) (계속),Ⅲ. 물가·가계,?,제주,col-en,0,0.8172,1.07,1.07,1.0,전치,[전치] 14. Change of Land Price by Province (Average) | 
지가,2018,208,14.시도별 지가 변동률(평균) (계속),Ⅲ. 물가·가계,?,대전,col-ko,0,0.0852,1.47,1.47,0.5,전치,[전치] 14. Change of Land Price by Province (Average) | 
지가,2018,208,14.시도별 지가 변동률(평균) (계속),Ⅲ. 물가·가계,?,울산,col-ko,0,0.153,1. 09,1.09,0.5,전치,[전치] 14. Change of Land Price by Province (Average) | 
지가,2018,208,14.시도별 지가 변동률(평균) (계속),Ⅲ. 물가·가계,?,경기,col-ko,0,0.2885,1. 47,1.47,1.0,전치,[전치] 14. Change of Land Price by Province (Average) | 
지가,2018,208,14.시도별 지가 변동률(평균) (계속),Ⅲ. 물가·가계,?,강원,col-ko,0,0.3542,1.42,1.42,0.5,전치,[전치] 14. Change of Land Price by Province (Average) | 
지가,2018,208,14.시도별 지가 변동률(평균) (계속),Ⅲ. 물가·가계,?,충북,col-ko,0,0.422,0. 59,0.59,0.5,전치,[전치] 14. Change of Land Price by Province (Average) | 
지가,2018,208,14.시도별 지가 변동률(평균) (계속),Ⅲ. 물가·가계,?,충남,col-ko,0,0.4846,0. 76,0.76,1.0,전치,[전치] 14. Change of Land Price by Province (Average) | 
지가,2018,208,14.시도별 지가 변동률(평균) (계속),Ⅲ. 물가·가계,?,전남,col-ko,0,0.6201,0. 95,0.95,1.0,전치,[전치] 14. Change of Land Price by Province (Average) | 
지가,2018,208,14.시도별 지가 변동률(평균) (계속),Ⅲ. 물가·가계,?,경북,col-ko,0,0.6848,1. 11,1.11,0.5,전치,[전치] 14. Change of Land Price by Province (Average) | 
지가,2018,208,14.시도별 지가 변동률(평균) (계속),Ⅲ. 물가·가계,?,경남,col-ko,0,0.7515,1. 63,1.63,1.0,전치,[전치] 14. Change of Land Price by Province (Average) | 
지가,2018,208,14.시도별 지가 변동률(평균) (계속),Ⅲ. 물가·가계,?,제주,col-en,0,0.8172,0. 92,0.92,0.5,전치,[전치] 14. Change of Land Price by Province (Average) | 
지가,2018,208,14.시도별 지가 변동률(평균) (계속),Ⅲ. 물가·가계,?,대전,col-ko,0,0.0852,1.25,1.25,0.5,전치,[전치] 14. Change of Land Price by Province (Average) | 
지가,2018,208,14.시도별 지가 변동률(평균) (계속),Ⅲ. 물가·가계,?,울산,col-ko,0,0.153,1.65,1.65,1.0,전치,[전치] 14. Change of Land Price by Province (Average) | 
지가,2018,208,14.시도별 지가 변동률(평균) (계속),Ⅲ. 물가·가계,?,경기,col-ko,0,0.2885,1. 04,1.04,1.0,전치,[전치] 14. Change of Land Price by Province (Average) | 
지가,2018,208,14.시도별 지가 변동률(평균) (계속),Ⅲ. 물가·가계,?,강원,col-ko,0,0.3542,1.79,1.79,0.5,전치,[전치] 14. Change of Land Price by Province (Average) | 
지가,2018,208,14.시도별 지가 변동률(평균) (계속),Ⅲ. 물가·가계,?,충북,col-ko,0,0.422,1. 09,1.09,0.5,전치,[전치] 14. Change of Land Price by Province (Average) | 
지가,2018,208,14.시도별 지가 변동률(평균) (계속),Ⅲ. 물가·가계,?,충남,col-ko,0,0.4846,0. 88,0.88,0.5,전치,[전치] 14. Change of Land Price by Province (Average) | 
지가,2018,208,14.시도별 지가 변동률(평균) (계속),Ⅲ. 물가·가계,?,전북,col-ko,0,0.5534,1. 43,1.43,0.5,전치,[전치] 14. Change of Land Price by Province (Average) | 
지가,2018,208,14.시도별 지가 변동률(평균) (계속),Ⅲ. 물가·가계,?,전남,col-ko,0,0.6201,1.35,1.35,1.0,전치,[전치] 14. Change of Land Price by Province (Average) | 
지가,2018,208,14.시도별 지가 변동률(평균) (계속),Ⅲ. 물가·가계,?,경북,col-ko,0,0.6848,1. 40,1.4,0.5,전치,[전치] 14. Change of Land Price by Province (Average) | 
지가,2018,208,14.시도별 지가 변동률(평균) (계속),Ⅲ. 물가·가계,?,경남,col-ko,0,0.7515,1.67,1.67,1.0,전치,[전치] 14. Change of Land Price by Province (Average) | 
지가,2018,208,14.시도별 지가 변동률(평균) (계속),Ⅲ. 물가·가계,?,제주,col-en,0,0.8172,1.25,1.25,1.0,전치,[전치] 14. Change of Land Price by Province (Average) | 
지가,2018,208,14.시도별 지가 변동률(평균) (계속),Ⅲ. 물가·가계,?,대전,col-ko,0,0.0852,1.01,1.01,1.0,전치,[전치] 14. Change of Land Price by Province (Average) | 
지가,2018,208,14.시도별 지가 변동률(평균) (계속),Ⅲ. 물가·가계,?,울산,col-ko,0,0.153,1.37,1.37,1.0,전치,[전치] 14. Change of Land Price by Province (Average) | 
지가,2018,208,14.시도별 지가 변동률(평균) (계속),Ⅲ. 물가·가계,?,경기,col-ko,0,0.2885,0.91,0.91,0.5,전치,[전치] 14. Change of Land Price by Province (Average) | 
지가,2018,208,14.시도별 지가 변동률(평균) (계속),Ⅲ. 물가·가계,?,강원,col-ko,0,0.3542,1.29,1.29,0.5,전치,[전치] 14. Change of Land Price by Province (Average) | 
지가,2018,208,14.시도별 지가 변동률(평균) (계속),Ⅲ. 물가·가계,?,충북,col-ko,0,0.422,1. 02,1.02,0.5,전치,[전치] 14. Change of Land Price by Province (Average) | 
지가,2018,208,14.시도별 지가 변동률(평균) (계속),Ⅲ. 물가·가계,?,충남,col-ko,0,0.4846,0. 78,0.78,1.0,전치,[전치] 14. Change of Land Price by Province (Average) | 
지가,2018,208,14.시도별 지가 변동률(평균) (계속),Ⅲ. 물가·가계,?,전북,col-ko,0,0.5534,1. 04,1.04,0.5,전치,[전치] 14. Change of Land Price by Province (Average) | 
지가,2018,208,14.시도별 지가 변동률(평균) (계속),Ⅲ. 물가·가계,?,전남,col-ko,0,0.6201,0. 96,0.96,0.5,전치,[전치] 14. Change of Land Price by Province (Average) | 
지가,2018,208,14.시도별 지가 변동률(평균) (계속),Ⅲ. 물가·가계,?,경북,col-ko,0,0.6848,1. 49,1.49,0.5,전치,[전치] 14. Change of Land Price by Province (Average) | 
지가,2018,208,14.시도별 지가 변동률(평균) (계속),Ⅲ. 물가·가계,?,경남,col-ko,0,0.7515,1.49,1.49,1.0,전치,[전치] 14. Change of Land Price by Province (Average) | 
지가,2018,208,14.시도별 지가 변동률(평균) (계속),Ⅲ. 물가·가계,?,제주,col-en,0,0.8172,1.42,1.42,0.3,전치|저신뢰,[전치] 14. Change of Land Price by Province (Average) | 
지가,2018,208,14.시도별 지가 변동률(평균) (계속),Ⅲ. 물가·가계,?,대전,col-ko,0,0.0852,1. 84,1.84,0.5,전치,[전치] 14. Change of Land Price by Province (Average) | 
지가,2018,208,14.시도별 지가 변동률(평균) (계속),Ⅲ. 물가·가계,?,울산,col-ko,0,0.153,1.85,1.85,1.0,전치,[전치] 14. Change of Land Price by Province (Average) | 
지가,2018,208,14.시도별 지가 변동률(평균) (계속),Ⅲ. 물가·가계,?,경기,col-ko,0,0.2885,1.24,1.24,0.5,전치,[전치] 14. Change of Land Price by Province (Average) | 
지가,2018,208,14.시도별 지가 변동률(평균) (계속),Ⅲ. 물가·가계,?,강원,col-ko,0,0.3542,1.76,1.76,1.0,전치,[전치] 14. Change of Land Price by Province (Average) | 
지가,2018,208,14.시도별 지가 변동률(평균) (계속),Ⅲ. 물가·가계,?,충북,col-ko,0,0.422,1. 69,1.69,1.0,전치,[전치] 14. Change of Land Price by Province (Average) | 
지가,2018,208,14.시도별 지가 변동률(평균) (계속),Ⅲ. 물가·가계,?,충남,col-ko,0,0.4846,1.39,1.39,0.3,전치|저신뢰,[전치] 14. Change of Land Price by Province (Average) | 
지가,2018,208,14.시도별 지가 변동률(평균) (계속),Ⅲ. 물가·가계,?,전북,col-ko,0,0.5534,1. 58,1.58,1.0,전치,[전치] 14. Change of Land Price by Province (Average) | 
지가,2018,208,14.시도별 지가 변동률(평균) (계속),Ⅲ. 물가·가계,?,전남,col-ko,0,0.6201,1. 80,1.8,0.5,전치,[전치] 14. Change of Land Price by Province (Average) | 
지가,2018,208,14.시도별 지가 변동률(평균) (계속),Ⅲ. 물가·가계,?,경북,col-ko,0,0.6848,2.42,2.42,1.0,전치,[전치] 14. Change of Land Price by Province (Average) | 
지가,2018,208,14.시도별 지가 변동률(평균) (계속),Ⅲ. 물가·가계,?,경남,col-ko,0,0.7515,1.97,1.97,1.0,전치,[전치] 14. Change of Land Price by Province (Average) | 
지가,2018,208,14.시도별 지가 변동률(평균) (계속),Ⅲ. 물가·가계,?,제주,col-en,0,0.8172,3.73,3.73,1.0,전치,[전치] 14. Change of Land Price by Province (Average) | 
지가,2018,208,14.시도별 지가 변동률(평균) (계속),Ⅲ. 물가·가계,?,대전,col-ko,0,0.0852,3.11,3.11,0.3,전치|저신뢰,[전치] 14. Change of Land Price by Province (Average) | 
지가,2018,208,14.시도별 지가 변동률(평균) (계속),Ⅲ. 물가·가계,?,울산,col-ko,0,0.153,2.52,2.52,0.3,전치|저신뢰,[전치] 14. Change of Land Price by Province (Average) | 
지가,2018,208,14.시도별 지가 변동률(평균) (계속),Ⅲ. 물가·가계,?,경기,col-ko,0,0.2885,1.73,1.73,0.5,전치,[전치] 14. Change of Land Price by Province (Average) | 
지가,2018,208,14.시도별 지가 변동률(평균) (계속),Ⅲ. 물가·가계,?,강원,col-ko,0,0.3542,2.64,2.64,1.0,전치,[전치] 14. Change of Land Price by Province (Average) | 
지가,2018,208,14.시도별 지가 변동률(평균) (계속),Ⅲ. 물가·가계,?,충북,col-ko,0,0.422,1. 90,1.9,1.0,전치,[전치] 14. Change of Land Price by Province (Average) | 
지가,2018,208,14.시도별 지가 변동률(평균) (계속),Ⅲ. 물가·가계,?,충남,col-ko,0,0.4846,1.51,1.51,1.0,전치,[전치] 14. Change of Land Price by Province (Average) | 
지가,2018,208,14.시도별 지가 변동률(평균) (계속),Ⅲ. 물가·가계,?,전북,col-ko,0,0.5534,2.31,2.31,1.0,전치,[전치] 14. Change of Land Price by Province (Average) | 
지가,2018,208,14.시도별 지가 변동률(평균) (계속),Ⅲ. 물가·가계,?,전남,col-ko,0,0.6201,2.80,2.8,1.0,전치,[전치] 14. Change of Land Price by Province (Average) | 
지가,2018,208,14.시도별 지가 변동률(평균) (계속),Ⅲ. 물가·가계,?,경북,col-ko,0,0.6848,2.65,2.65,1.0,전치,[전치] 14. Change of Land Price by Province (Average) | 
지가,2018,208,14.시도별 지가 변동률(평균) (계속),Ⅲ. 물가·가계,?,경남,col-ko,0,0.7515,2.23,2.23,1.0,전치,[전치] 14. Change of Land Price by Province (Average) | 
지가,2018,208,14.시도별 지가 변동률(평균) (계속),Ⅲ. 물가·가계,?,제주,col-en,0,0.8172,7.57,7.57,1.0,전치,[전치] 14. Change of Land Price by Province (Average) | 
지가,2018,208,14.시도별 지가 변동률(평균) (계속),Ⅲ. 물가·가계,?,대전,col-ko,0,0.0852,3.45,3.45,1.0,전치,[전치] 14. Change of Land Price by Province (Average) | 
지가,2018,208,14.시도별 지가 변동률(평균) (계속),Ⅲ. 물가·가계,?,울산,col-ko,0,0.153,2.35,2.35,1.0,전치,[전치] 14. Change of Land Price by Province (Average) | 
지가,2018,208,14.시도별 지가 변동률(평균) (계속),Ⅲ. 물가·가계,?,경기,col-ko,0,0.2885,2.23,2.23,1.0,전치,[전치] 14. Change of Land Price by Province (Average) | 
지가,2018,208,14.시도별 지가 변동률(평균) (계속),Ⅲ. 물가·가계,?,강원,col-ko,0,0.3542,2.92,2.92,1.0,전치,[전치] 14. Change of Land Price by Province (Average) | 
지가,2018,208,14.시도별 지가 변동률(평균) (계속),Ⅲ. 물가·가계,?,충북,col-ko,0,0.422,1. 92,1.92,0.5,전치,[전치] 14. Change of Land Price by Province (Average) | 
지가,2018,208,14.시도별 지가 변동률(평균) (계속),Ⅲ. 물가·가계,?,충남,col-ko,0,0.4846,1. 90,1.9,1.0,전치,[전치] 14. Change of Land Price by Province (Average) | 
지가,2018,208,14.시도별 지가 변동률(평균) (계속),Ⅲ. 물가·가계,?,전북,col-ko,0,0.5534,2.15,2.15,0.5,전치,[전치] 14. Change of Land Price by Province (Average) | 
지가,2018,208,14.시도별 지가 변동률(평균) (계속),Ⅲ. 물가·가계,?,전남,col-ko,0,0.6201,2.60,2.6,1.0,전치,[전치] 14. Change of Land Price by Province (Average) | 
지가,2018,208,14.시도별 지가 변동률(평균) (계속),Ⅲ. 물가·가계,?,경북,col-ko,0,0.6848,2.54,2.54,0.5,전치,[전치] 14. Change of Land Price by Province (Average) | 
지가,2018,208,14.시도별 지가 변동률(평균) (계속),Ⅲ. 물가·가계,?,경남,col-ko,0,0.7515,2.36,2.36,0.5,전치,[전치] 14. Change of Land Price by Province (Average) | 
지가,2018,208,14.시도별 지가 변동률(평균) (계속),Ⅲ. 물가·가계,?,제주,col-en,0,0.8172,8.33,8.33,1.0,전치,[전치] 14. Change of Land Price by Province (Average) | 
지가,2018,208,14.시도별 지가 변동률(평균) (계속),Ⅲ. 물가·가계,?,대전,col-ko,0,0.0852,3. 36,3.36,0.5,전치,[전치] 14. Change of Land Price by Province (Average) | 
지가,2018,208,14.시도별 지가 변동률(평균) (계속),Ⅲ. 물가·가계,?,울산,col-ko,0,0.153,3. 54,3.54,0.5,전치,[전치] 14. Change of Land Price by Province (Average) | 
지가,2018,208,14.시도별 지가 변동률(평균) (계속),Ⅲ. 물가·가계,?,경기,col-ko,0,0.2885,3.45,3.45,1.0,전치,[전치] 14. Change of Land Price by Province (Average) | 
지가,2018,208,14.시도별 지가 변동률(평균) (계속),Ⅲ. 물가·가계,?,강원,col-ko,0,0.3542,3.82,3.82,1.0,전치,[전치] 14. Change of Land Price by Province (Average) | 
지가,2018,208,14.시도별 지가 변동률(평균) (계속),Ⅲ. 물가·가계,?,충북,col-ko,0,0.422,3. 08,3.08,0.5,전치,[전치] 14. Change of Land Price by Province (Average) | 
지가,2018,208,14.시도별 지가 변동률(평균) (계속),Ⅲ. 물가·가계,?,충남,col-ko,0,0.4846,2.98,2.98,0.3,전치|저신뢰,[전치] 14. Change of Land Price by Province (Average) | 
지가,2018,208,14.시도별 지가 변동률(평균) (계속),Ⅲ. 물가·가계,?,전북,col-ko,0,0.5534,3.33,3.33,0.5,전치,[전치] 14. Change of Land Price by Province (Average) | 
지가,2018,208,14.시도별 지가 변동률(평균) (계속),Ⅲ. 물가·가계,?,전남,col-ko,0,0.6201,3. 90,3.9,0.5,전치,[전치] 14. Change of Land Price by Province (Average) | 
지가,2018,208,14.시도별 지가 변동률(평균) (계속),Ⅲ. 물가·가계,?,경북,col-ko,0,0.6848,3. 09,3.09,1.0,전치,[전치] 14. Change of Land Price by Province (Average) | 
지가,2018,208,14.시도별 지가 변동률(평균) (계속),Ⅲ. 물가·가계,?,경남,col-ko,0,0.7515,3. 09,3.09,0.5,전치,[전치] 14. Change of Land Price by Province (Average) | 
지가,2018,208,14.시도별 지가 변동률(평균) (계속),Ⅲ. 물가·가계,?,제주,col-en,0,0.8172,5.46,5.46,1.0,전치,[전치] 14. Change of Land Price by Province (Average) | 
지가,2018,208,14.시도별 지가 변동률(평균) (계속),Ⅲ. 물가·가계,?,대전,col-ko,0,0.0852,3. 34,3.34,0.5,전치,[전치] 14. Change of Land Price by Province (Average) | 
지가,2018,208,14.시도별 지가 변동률(평균) (계속),Ⅲ. 물가·가계,?,울산,col-ko,0,0.153,2.65,2.65,0.3,전치|저신뢰,[전치] 14. Change of Land Price by Province (Average) | 
지가,2018,208,14.시도별 지가 변동률(평균) (계속),Ⅲ. 물가·가계,?,경기,col-ko,0,0.2885,4. 42,4.42,0.5,전치,[전치] 14. Change of Land Price by Province (Average) | 
지가,2018,208,14.시도별 지가 변동률(평균) (계속),Ⅲ. 물가·가계,?,강원,col-ko,0,0.3542,3.58,3.58,0.3,전치|저신뢰,[전치] 14. Change of Land Price by Province (Average) | 
지가,2018,208,14.시도별 지가 변동률(평균) (계속),Ⅲ. 물가·가계,?,충북,col-ko,0,0.422,3. 16,3.16,0.5,전치,[전치] 14. Change of Land Price by Province (Average) | 
지가,2018,208,14.시도별 지가 변동률(평균) (계속),Ⅲ. 물가·가계,?,충남,col-ko,0,0.4846,2.28,2.28,0.5,전치,[전치] 14. Change of Land Price by Province (Average) | 
지가,2018,208,14.시도별 지가 변동률(평균) (계속),Ⅲ. 물가·가계,?,전북,col-ko,0,0.5534,2.72,2.72,1.0,전치,[전치] 14. Change of Land Price by Province (Average) | 
지가,2018,208,14.시도별 지가 변동률(평균) (계속),Ⅲ. 물가·가계,?,전남,col-ko,0,0.6201,4. 00,4.0,1.0,전치,[전치] 14. Change of Land Price by Province (Average) | 
지가,2018,208,14.시도별 지가 변동률(평균) (계속),Ⅲ. 물가·가계,?,경북,col-ko,0,0.6848,2.86,2.86,0.5,전치,[전치] 14. Change of Land Price by Province (Average) | 
지가,2018,208,14.시도별 지가 변동률(평균) (계속),Ⅲ. 물가·가계,?,경남,col-ko,0,0.7515,2. 20,2.2,0.5,전치,[전치] 14. Change of Land Price by Province (Average) | 
지가,2018,208,14.시도별 지가 변동률(평균) (계속),Ⅲ. 물가·가계,?,제주,col-en,0,0.8172,4. 99,4.99,1.0,전치,[전치] 14. Change of Land Price by Province (Average) | 
지가,2019,207,13. 시도별 지가 변동률(평균),Ⅲ. 물가·가계,1999,전국,col-ko,0,0.1663,2. 94,2.94,1.0,전치,[전치] 13. 시도별 지가 변동률(평균) | 1999
지가,2019,207,13. 시도별 지가 변동률(평균),Ⅲ. 물가·가계,1999,서울,col-ko,0,0.6047,2.66,2.66,0.5,전치,[전치] 13. 시도별 지가 변동률(평균) | 1999
지가,2019,207,13. 시도별 지가 변동률(평균),Ⅲ. 물가·가계,1999,부산,col-ko,0,0.6766,1.24,1.24,1.0,전치,[전치] 13. 시도별 지가 변동률(평균) | 1999
지가,2019,207,13. 시도별 지가 변동률(평균),Ⅲ. 물가·가계,1999,대구,col-ko,0,0.7454,1. 93,1.93,0.5,전치,[전치] 13. 시도별 지가 변동률(평균) | 1999
지가,2019,207,13. 시도별 지가 변동률(평균),Ⅲ. 물가·가계,1999,인천,col-ko,0,0.8183,3. 51,3.51,0.5,전치,[전치] 13. 시도별 지가 변동률(평균) | 1999
지가,2019,207,13. 시도별 지가 변동률(평균),Ⅲ. 물가·가계,1999,광주,col-ko,0,0.8901,1. 30,1.3,1.0,전치,[전치] 13. 시도별 지가 변동률(평균) | 1999
지가,2019,207,13. 시도별 지가 변동률(평균),Ⅲ. 물가·가계,2000,전국,col-ko,0,0.1663,0. 67,0.67,1.0,전치,[전치] 13. 시도별 지가 변동률(평균) | 2000
지가,2019,207,13. 시도별 지가 변동률(평균),Ⅲ. 물가·가계,2000,서울,col-ko,0,0.6047,0. 05,0.05,1.0,전치,[전치] 13. 시도별 지가 변동률(평균) | 2000
지가,2019,207,13. 시도별 지가 변동률(평균),Ⅲ. 물가·가계,2000,인천,col-ko,0,0.8183,1.07,1.07,0.5,전치,[전치] 13. 시도별 지가 변동률(평균) | 2000
지가,2019,207,13. 시도별 지가 변동률(평균),Ⅲ. 물가·가계,2001,전국,col-ko,0,0.1663,1.32,1.32,1.0,전치,[전치] 13. 시도별 지가 변동률(평균) | 2001
지가,2019,207,13. 시도별 지가 변동률(평균),Ⅲ. 물가·가계,2001,서울,col-ko,0,0.6047,1.89,1.89,1.0,전치,[전치] 13. 시도별 지가 변동률(평균) | 2001
지가,2019,207,13. 시도별 지가 변동률(평균),Ⅲ. 물가·가계,2001,부산,col-ko,0,0.6766,0. 49,0.49,0.5,전치,[전치] 13. 시도별 지가 변동률(평균) | 2001
지가,2019,207,13. 시도별 지가 변동률(평균),Ⅲ. 물가·가계,2001,대구,col-ko,0,0.7454,0.42,0.42,0.5,전치,[전치] 13. 시도별 지가 변동률(평균) | 2001
지가,2019,207,13. 시도별 지가 변동률(평균),Ⅲ. 물가·가계,2001,광주,col-ko,0,0.8901,-0. 37,-0.37,0.5,전치,[전치] 13. 시도별 지가 변동률(평균) | 2001
지가,2019,207,13. 시도별 지가 변동률(평균),Ⅲ. 물가·가계,2002,전국,col-ko,0,0.1663,8.98,8.98,1.0,전치,[전치] 13. 시도별 지가 변동률(평균) | 2002
지가,2019,207,13. 시도별 지가 변동률(평균),Ⅲ. 물가·가계,2002,서울,col-ko,0,0.6047,15.81,15.81,1.0,전치,[전치] 13. 시도별 지가 변동률(평균) | 2002
지가,2019,207,13. 시도별 지가 변동률(평균),Ⅲ. 물가·가계,2002,부산,col-ko,0,0.6766,3. 28,3.28,0.5,전치,[전치] 13. 시도별 지가 변동률(평균) | 2002
지가,2019,207,13. 시도별 지가 변동률(평균),Ⅲ. 물가·가계,2002,대구,col-ko,0,0.7454,2. 09,2.09,0.5,전치,[전치] 13. 시도별 지가 변동률(평균) | 2002
지가,2019,207,13. 시도별 지가 변동률(평균),Ⅲ. 물가·가계,2002,인천,col-ko,0,0.8183,11.51,11.51,1.0,전치,[전치] 13. 시도별 지가 변동률(평균) | 2002
지가,2019,207,13. 시도별 지가 변동률(평균),Ⅲ. 물가·가계,2002,광주,col-ko,0,0.8901,1.03,1.03,0.5,전치,[전치] 13. 시도별 지가 변동률(평균) | 2002
지가,2019,207,13. 시도별 지가 변동률(평균),Ⅲ. 물가·가계,2003,전국,col-ko,0,0.1663,3.43,3.43,1.0,전치,[전치] 13. 시도별 지가 변동률(평균) | 2003
지가,2019,207,13. 시도별 지가 변동률(평균),Ⅲ. 물가·가계,2003,서울,col-ko,0,0.6047,5.23,5.23,1.0,전치,[전치] 13. 시도별 지가 변동률(평균) | 2003
지가,2019,207,13. 시도별 지가 변동률(평균),Ⅲ. 물가·가계,2003,부산,col-ko,0,0.6766,1.09,1.09,1.0,전치,[전치] 13. 시도별 지가 변동률(평균) | 2003
지가,2019,207,13. 시도별 지가 변동률(평균),Ⅲ. 물가·가계,2003,대구,col-ko,0,0.7454,1.54,1.54,1.0,전치,[전치] 13. 시도별 지가 변동률(평균) | 2003
지가,2019,207,13. 시도별 지가 변동률(평균),Ⅲ. 물가·가계,2003,인천,col-ko,0,0.8183,2.50,2.5,1.0,전치,[전치] 13. 시도별 지가 변동률(평균) | 2003
지가,2019,207,13. 시도별 지가 변동률(평균),Ⅲ. 물가·가계,2003,광주,col-ko,0,0.8901,0.91,0.91,1.0,전치,[전치] 13. 시도별 지가 변동률(평균) | 2003
지가,2019,207,13. 시도별 지가 변동률(평균),Ⅲ. 물가·가계,2004,전국,col-ko,0,0.1663,3.86,3.86,1.0,전치,[전치] 13. 시도별 지가 변동률(평균) | 2004
지가,2019,207,13. 시도별 지가 변동률(평균),Ⅲ. 물가·가계,2004,서울,col-ko,0,0.6047,4.09,4.09,1.0,전치,[전치] 13. 시도별 지가 변동률(평균) | 2004
지가,2019,207,13. 시도별 지가 변동률(평균),Ⅲ. 물가·가계,2004,부산,col-ko,0,0.6766,0.89,0.89,0.5,전치,[전치] 13. 시도별 지가 변동률(평균) | 2004
지가,2019,207,13. 시도별 지가 변동률(평균),Ⅲ. 물가·가계,2004,대구,col-ko,0,0.7454,1.58,1.58,0.5,전치,[전치] 13. 시도별 지가 변동률(평균) | 2004
지가,2019,207,13. 시도별 지가 변동률(평균),Ⅲ. 물가·가계,2004,인천,col-ko,0,0.8183,4.32,4.32,0.5,전치,[전치] 13. 시도별 지가 변동률(평균) | 2004
지가,2019,207,13. 시도별 지가 변동률(평균),Ⅲ. 물가·가계,2004,광주,col-ko,0,0.8901,0.68,0.68,1.0,전치,[전치] 13. 시도별 지가 변동률(평균) | 2004
지가,2019,207,13. 시도별 지가 변동률(평균),Ⅲ. 물가·가계,2005,전국,col-ko,0,0.1663,4.99,4.99,1.0,전치,[전치] 13. 시도별 지가 변동률(평균) | 2005
지가,2019,207,13. 시도별 지가 변동률(평균),Ⅲ. 물가·가계,2005,서울,col-ko,0,0.6047,6.56,6.56,1.0,전치,[전치] 13. 시도별 지가 변동률(평균) | 2005
지가,2019,207,13. 시도별 지가 변동률(평균),Ⅲ. 물가·가계,2005,부산,col-ko,0,0.6766,1.86,1.86,0.5,전치,[전치] 13. 시도별 지가 변동률(평균) | 2005
지가,2019,207,13. 시도별 지가 변동률(평균),Ⅲ. 물가·가계,2005,대구,col-ko,0,0.7454,3. 32,3.32,0.5,전치,[전치] 13. 시도별 지가 변동률(평균) | 2005
지가,2019,207,13. 시도별 지가 변동률(평균),Ⅲ. 물가·가계,2005,인천,col-ko,0,0.8183,4. 94,4.94,1.0,전치,[전치] 13. 시도별 지가 변동률(평균) | 2005
지가,2019,207,13. 시도별 지가 변동률(평균),Ⅲ. 물가·가계,2005,광주,col-ko,0,0.8901,1.87,1.87,1.0,전치,[전치] 13. 시도별 지가 변동률(평균) | 2005
지가,2019,207,13. 시도별 지가 변동률(평균),Ⅲ. 물가·가계,2006,전국,col-ko,0,0.1663,5.62,5.62,1.0,전치,[전치] 13. 시도별 지가 변동률(평균) | 2006
지가,2019,207,13. 시도별 지가 변동률(평균),Ⅲ. 물가·가계,2006,서울,col-ko,0,0.6047,9. 17,9.17,0.5,전치,[전치] 13. 시도별 지가 변동률(평균) | 2006
지가,2019,207,13. 시도별 지가 변동률(평균),Ⅲ. 물가·가계,2006,부산,col-ko,0,0.6766,2. 50,2.5,0.5,전치,[전치] 13. 시도별 지가 변동률(평균) | 2006
지가,2019,207,13. 시도별 지가 변동률(평균),Ⅲ. 물가·가계,2006,대구,col-ko,0,0.7454,4. 19,4.19,0.5,전치,[전치] 13. 시도별 지가 변동률(평균) | 2006
지가,2019,207,13. 시도별 지가 변동률(평균),Ⅲ. 물가·가계,2006,인천,col-ko,0,0.8183,5.58,5.58,0.5,전치,[전치] 13. 시도별 지가 변동률(평균) | 2006
지가,2019,207,13. 시도별 지가 변동률(평균),Ⅲ. 물가·가계,2006,광주,col-ko,0,0.8901,1. 44,1.44,0.3,전치|저신뢰,[전치] 13. 시도별 지가 변동률(평균) | 2006
지가,2019,207,13. 시도별 지가 변동률(평균),Ⅲ. 물가·가계,2007,전국,col-ko,0,0.1663,3.89,3.89,0.5,전치,[전치] 13. 시도별 지가 변동률(평균) | 2007
지가,2019,207,13. 시도별 지가 변동률(평균),Ⅲ. 물가·가계,2007,서울,col-ko,0,0.6047,5.88,5.88,1.0,전치,[전치] 13. 시도별 지가 변동률(평균) | 2007
지가,2019,207,13. 시도별 지가 변동률(평균),Ⅲ. 물가·가계,2007,부산,col-ko,0,0.6766,2.16,2.16,0.3,전치|저신뢰,[전치] 13. 시도별 지가 변동률(평균) | 2007
지가,2019,207,13. 시도별 지가 변동률(평균),Ⅲ. 물가·가계,2007,대구,col-ko,0,0.7454,2.91,2.91,1.0,전치,[전치] 13. 시도별 지가 변동률(평균) | 2007
지가,2019,207,13. 시도별 지가 변동률(평균),Ⅲ. 물가·가계,2007,인천,col-ko,0,0.8183,4.85,4.85,1.0,전치,[전치] 13. 시도별 지가 변동률(평균) | 2007
지가,2019,207,13. 시도별 지가 변동률(평균),Ⅲ. 물가·가계,2007,광주,col-ko,0,0.8901,0.94,0.94,1.0,전치,[전치] 13. 시도별 지가 변동률(평균) | 2007
지가,2019,207,13. 시도별 지가 변동률(평균),Ⅲ. 물가·가계,2008,전국,col-ko,0,0.1663,-0. 32,-0.32,0.3,전치|저신뢰,[전치] 13. 시도별 지가 변동률(평균) | 2008
지가,2019,207,13. 시도별 지가 변동률(평균),Ⅲ. 물가·가계,2008,대구,col-ko,0,0.7454,-0.45,-0.45,0.5,전치,[전치] 13. 시도별 지가 변동률(평균) | 2008
지가,2019,207,13. 시도별 지가 변동률(평균),Ⅲ. 물가·가계,2008,인천,col-ko,0,0.8183,1.37,1.37,1.0,전치,[전치] 13. 시도별 지가 변동률(평균) | 2008
지가,2019,207,13. 시도별 지가 변동률(평균),Ⅲ. 물가·가계,2008,광주,col-ko,0,0.8901,-0. 90,-0.9,0.5,전치,[전치] 13. 시도별 지가 변동률(평균) | 2008
지가,2019,207,13. 시도별 지가 변동률(평균),Ⅲ. 물가·가계,2009,전국,col-ko,0,0.1663,0.96,0.96,1.0,전치,[전치] 13. 시도별 지가 변동률(평균) | 2009
지가,2019,207,13. 시도별 지가 변동률(평균),Ⅲ. 물가·가계,2009,서울,col-ko,0,0.6047,1.40,1.4,1.0,전치,[전치] 13. 시도별 지가 변동률(평균) | 2009
지가,2019,207,13. 시도별 지가 변동률(평균),Ⅲ. 물가·가계,2009,부산,col-ko,0,0.6766,0.1,0.1,0.3,전치|저신뢰,[전치] 13. 시도별 지가 변동률(평균) | 2009
지가,2019,207,13. 시도별 지가 변동률(평균),Ⅲ. 물가·가계,2009,대구,col-ko,0,0.7454,0.28,0.28,0.5,전치,[전치] 13. 시도별 지가 변동률(평균) | 2009
지가,2019,207,13. 시도별 지가 변동률(평균),Ⅲ. 물가·가계,2009,인천,col-ko,0,0.8183,1.99,1.99,1.0,전치,[전치] 13. 시도별 지가 변동률(평균) | 2009
지가,2019,207,13. 시도별 지가 변동률(평균),Ⅲ. 물가·가계,2009,광주,col-ko,0,0.8901,0.33,0.33,1.0,전치,[전치] 13. 시도별 지가 변동률(평균) | 2009
지가,2019,207,13. 시도별 지가 변동률(평균),Ⅲ. 물가·가계,2010,전국,col-ko,0,0.1663,1.05,1.05,1.0,전치,[전치] 13. 시도별 지가 변동률(평균) | 2010
지가,2019,207,13. 시도별 지가 변동률(평균),Ⅲ. 물가·가계,2010,서울,col-ko,0,0.6047,0.53,0.53,1.0,전치,[전치] 13. 시도별 지가 변동률(평균) | 2010
지가,2019,207,13. 시도별 지가 변동률(평균),Ⅲ. 물가·가계,2010,부산,col-ko,0,0.6766,1.22,1.22,0.5,전치,[전치] 13. 시도별 지가 변동률(평균) | 2010
지가,2019,207,13. 시도별 지가 변동률(평균),Ⅲ. 물가·가계,2010,대구,col-ko,0,0.7454,1.40,1.4,1.0,전치,[전치] 13. 시도별 지가 변동률(평균) | 2010
지가,2019,207,13. 시도별 지가 변동률(평균),Ⅲ. 물가·가계,2010,인천,col-ko,0,0.8183,1.43,1.43,1.0,전치,[전치] 13. 시도별 지가 변동률(평균) | 2010
지가,2019,207,13. 시도별 지가 변동률(평균),Ⅲ. 물가·가계,2010,광주,col-ko,0,0.8901,0.6,0.6,0.5,전치,[전치] 13. 시도별 지가 변동률(평균) | 2010
지가,2019,207,13. 시도별 지가 변동률(평균),Ⅲ. 물가·가계,2011 1.ㄲ,서울,col-ko,0,0.6047,0.97,0.97,0.5,전치,[전치] 13. 시도별 지가 변동률(평균) | 2011 1.ㄲ
지가,2019,207,13. 시도별 지가 변동률(평균),Ⅲ. 물가·가계,2011 1.ㄲ,부산,col-ko,0,0.6766,1.58,1.58,0.5,전치,[전치] 13. 시도별 지가 변동률(평균) | 2011 1.ㄲ
지가,2019,207,13. 시도별 지가 변동률(평균),Ⅲ. 물가·가계,2011 1.ㄲ,대구,col-ko,0,0.7454,1.40,1.4,1.0,전치,[전치] 13. 시도별 지가 변동률(평균) | 2011 1.ㄲ
지가,2019,207,13. 시도별 지가 변동률(평균),Ⅲ. 물가·가계,2011 1.ㄲ,인천,col-ko,0,0.8183,0.66,0.66,1.0,전치,[전치] 13. 시도별 지가 변동률(평균) | 2011 1.ㄲ
지가,2019,207,13. 시도별 지가 변동률(평균),Ⅲ. 물가·가계,2011 1.ㄲ,광주,col-ko,0,0.8901,0.75,0.75,1.0,전치,[전치] 13. 시도별 지가 변동률(평균) | 2011 1.ㄲ
지가,2019,207,13. 시도별 지가 변동률(평균),Ⅲ. 물가·가계,2012,전국,col-ko,0,0.1663,0.96,0.96,1.0,전치,[전치] 13. 시도별 지가 변동률(평균) | 2012
지가,2019,207,13. 시도별 지가 변동률(평균),Ⅲ. 물가·가계,2012,서울,col-ko,0,0.6047,0. 38,0.38,1.0,전치,[전치] 13. 시도별 지가 변동률(평균) | 2012
지가,2019,207,13. 시도별 지가 변동률(평균),Ⅲ. 물가·가계,2012,부산,col-ko,0,0.6766,1.73,1.73,1.0,전치,[전치] 13. 시도별 지가 변동률(평균) | 2012
지가,2019,207,13. 시도별 지가 변동률(평균),Ⅲ. 물가·가계,2012,대구,col-ko,0,0.7454,1.58,1.58,0.3,전치|저신뢰,[전치] 13. 시도별 지가 변동률(평균) | 2012
지가,2019,207,13. 시도별 지가 변동률(평균),Ⅲ. 물가·가계,2012,인천,col-ko,0,0.8183,0.46,0.46,1.0,전치,[전치] 13. 시도별 지가 변동률(평균) | 2012
지가,2019,207,13. 시도별 지가 변동률(평균),Ⅲ. 물가·가계,2012,광주,col-ko,0,0.8901,1. 15,1.15,1.0,전치,[전치] 13. 시도별 지가 변동률(평균) | 2012
지가,2019,207,13. 시도별 지가 변동률(평균),Ⅲ. 물가·가계,2013,전국,col-ko,0,0.1663,1. 14,1.14,1.0,전치,[전치] 13. 시도별 지가 변동률(평균) | 2013
지가,2019,207,13. 시도별 지가 변동률(평균),Ⅲ. 물가·가계,2013,서울,col-ko,0,0.6047,1.21,1.21,1.0,전치,[전치] 13. 시도별 지가 변동률(평균) | 2013
지가,2019,207,13. 시도별 지가 변동률(평균),Ⅲ. 물가·가계,2013,부산,col-ko,0,0.6766,1. 57,1.57,1.0,전치,[전치] 13. 시도별 지가 변동률(평균) | 2013
지가,2019,207,13. 시도별 지가 변동률(평균),Ⅲ. 물가·가계,2013,대구,col-ko,0,0.7454,1.68,1.68,1.0,전치,[전치] 13. 시도별 지가 변동률(평균) | 2013
지가,2019,207,13. 시도별 지가 변동률(평균),Ⅲ. 물가·가계,2013,인천,col-ko,0,0.8183,0.87,0.87,1.0,전치,[전치] 13. 시도별 지가 변동률(평균) | 2013
지가,2019,207,13. 시도별 지가 변동률(평균),Ⅲ. 물가·가계,2013,광주,col-ko,0,0.8901,0.75,0.75,1.0,전치,[전치] 13. 시도별 지가 변동률(평균) | 2013
지가,2019,207,13. 시도별 지가 변동률(평균),Ⅲ. 물가·가계,2014,전국,col-ko,0,0.1663,1.96,1.96,0.5,전치,[전치] 13. 시도별 지가 변동률(평균) | 2014
지가,2019,207,13. 시도별 지가 변동률(평균),Ⅲ. 물가·가계,2014,서울,col-ko,0,0.6047,2.66,2.66,1.0,전치,[전치] 13. 시도별 지가 변동률(평균) | 2014
지가,2019,207,13. 시도별 지가 변동률(평균),Ⅲ. 물가·가계,2014,부산,col-ko,0,0.6766,2.28,2.28,1.0,전치,[전치] 13. 시도별 지가 변동률(평균) | 2014
지가,2019,207,13. 시도별 지가 변동률(평균),Ⅲ. 물가·가계,2014,대구,col-ko,0,0.7454,3. 15,3.15,1.0,전치,[전치] 13. 시도별 지가 변동률(평균) | 2014
지가,2019,207,13. 시도별 지가 변동률(평균),Ⅲ. 물가·가계,2014,인천,col-ko,0,0.8183,1.35,1.35,1.0,전치,[전치] 13. 시도별 지가 변동률(평균) | 2014
지가,2019,207,13. 시도별 지가 변동률(평균),Ⅲ. 물가·가계,2014,광주,col-ko,0,0.8901,1.31,1.31,1.0,전치,[전치] 13. 시도별 지가 변동률(평균) | 2014
지가,2019,207,13. 시도별 지가 변동률(평균),Ⅲ. 물가·가계,2015,전국,col-ko,0,0.1663,2.40,2.4,1.0,전치,[전치] 13. 시도별 지가 변동률(평균) | 2015
지가,2019,207,13. 시도별 지가 변동률(평균),Ⅲ. 물가·가계,2015,서울,col-ko,0,0.6047,2. 69,2.69,0.5,전치,[전치] 13. 시도별 지가 변동률(평균) | 2015
지가,2019,207,13. 시도별 지가 변동률(평균),Ⅲ. 물가·가계,2015,부산,col-ko,0,0.6766,3. 09,3.09,1.0,전치,[전치] 13. 시도별 지가 변동률(평균) | 2015
지가,2019,207,13. 시도별 지가 변동률(평균),Ⅲ. 물가·가계,2015,대구,col-ko,0,0.7454,4. 06,4.06,0.5,전치,[전치] 13. 시도별 지가 변동률(평균) | 2015
지가,2019,207,13. 시도별 지가 변동률(평균),Ⅲ. 물가·가계,2015,인천,col-ko,0,0.8183,1.95,1.95,0.5,전치,[전치] 13. 시도별 지가 변동률(평균) | 2015
지가,2019,207,13. 시도별 지가 변동률(평균),Ⅲ. 물가·가계,2015,광주,col-ko,0,0.8901,2.87,2.87,1.0,전치,[전치] 13. 시도별 지가 변동률(평균) | 2015
지가,2019,207,13. 시도별 지가 변동률(평균),Ⅲ. 물가·가계,2016,전국,col-ko,0,0.1663,2.70,2.7,1.0,전치,[전치] 13. 시도별 지가 변동률(평균) | 2016
지가,2019,207,13. 시도별 지가 변동률(평균),Ⅲ. 물가·가계,2016,서울,col-ko,0,0.6047,2.97,2.97,1.0,전치,[전치] 13. 시도별 지가 변동률(평균) | 2016
지가,2019,207,13. 시도별 지가 변동률(평균),Ⅲ. 물가·가계,2016,부산,col-ko,0,0.6766,4. 17,4.17,0.5,전치,[전치] 13. 시도별 지가 변동률(평균) | 2016
지가,2019,207,13. 시도별 지가 변동률(평균),Ⅲ. 물가·가계,2016,대구,col-ko,0,0.7454,3.93,3.93,1.0,전치,[전치] 13. 시도별 지가 변동률(평균) | 2016
지가,2019,207,13. 시도별 지가 변동률(평균),Ⅲ. 물가·가계,2016,인천,col-ko,0,0.8183,1.74,1.74,1.0,전치,[전치] 13. 시도별 지가 변동률(평균) | 2016
지가,2019,207,13. 시도별 지가 변동률(평균),Ⅲ. 물가·가계,2016,광주,col-ko,0,0.8901,2.82,2.82,1.0,전치,[전치] 13. 시도별 지가 변동률(평균) | 2016
지가,2019,207,13. 시도별 지가 변동률(평균),Ⅲ. 물가·가계,2017,전국,col-ko,0,0.1663,3.88,3.88,0.5,전치,[전치] 13. 시도별 지가 변동률(평균) | 2017
지가,2019,207,13. 시도별 지가 변동률(평균),Ⅲ. 물가·가계,2017,서울,col-ko,0,0.6047,4.32,4.32,0.5,전치,[전치] 13. 시도별 지가 변동률(평균) | 2017
지가,2019,207,13. 시도별 지가 변동률(평균),Ⅲ. 물가·가계,2017,부산,col-ko,0,0.6766,6.51,6.51,1.0,전치,[전치] 13. 시도별 지가 변동률(평균) | 2017
지가,2019,207,13. 시도별 지가 변동률(평균),Ⅲ. 물가·가계,2017,대구,col-ko,0,0.7454,4.58,4.58,1.0,전치,[전치] 13. 시도별 지가 변동률(평균) | 2017
지가,2019,207,13. 시도별 지가 변동률(평균),Ⅲ. 물가·가계,2017,인천,col-ko,0,0.8183,3. 10,3.1,1.0,전치,[전치] 13. 시도별 지가 변동률(평균) | 2017
지가,2019,207,13. 시도별 지가 변동률(평균),Ⅲ. 물가·가계,2017,광주,col-ko,0,0.8901,4.1,4.1,0.3,전치|저신뢰,[전치] 13. 시도별 지가 변동률(평균) | 2017
지가,2019,207,13. 시도별 지가 변동률(평균),Ⅲ. 물가·가계,2018,전국,col-ko,0,0.1663,4.58,4.58,0.5,전치,[전치] 13. 시도별 지가 변동률(평균) | 2018
지가,2019,207,13. 시도별 지가 변동률(평균),Ⅲ. 물가·가계,2018,서울,col-ko,0,0.6047,6.11,6.11,1.0,전치,[전치] 13. 시도별 지가 변동률(평균) | 2018
지가,2019,207,13. 시도별 지가 변동률(평균),Ⅲ. 물가·가계,2018,부산,col-ko,0,0.6766,5.74,5.74,1.0,전치,[전치] 13. 시도별 지가 변동률(평균) | 2018
지가,2019,207,13. 시도별 지가 변동률(평균),Ⅲ. 물가·가계,2018,대구,col-ko,0,0.7454,5. 01,5.01,0.5,전치,[전치] 13. 시도별 지가 변동률(평균) | 2018
지가,2019,207,13. 시도별 지가 변동률(평균),Ⅲ. 물가·가계,2018,인천,col-ko,0,0.8183,3. 59,3.59,0.3,전치|저신뢰,[전치] 13. 시도별 지가 변동률(평균) | 2018
지가,2019,207,13. 시도별 지가 변동률(평균),Ⅲ. 물가·가계,2018,광주,col-ko,0,0.8901,5.26,5.26,1.0,전치,[전치] 13. 시도별 지가 변동률(평균) | 2018
지가,2019,207,13. 시도별 지가 변동률(평균),Ⅲ. 물가·가계,2019,전국,col-ko,0,0.1663,3.92,3.92,1.0,전치,[전치] 13. 시도별 지가 변동률(평균) | 2019
지가,2019,207,13. 시도별 지가 변동률(평균),Ⅲ. 물가·가계,2019,서울,col-ko,0,0.6047,5.29,5.29,1.0,전치,[전치] 13. 시도별 지가 변동률(평균) | 2019
지가,2019,207,13. 시도별 지가 변동률(평균),Ⅲ. 물가·가계,2019,부산,col-ko,0,0.6766,3.76,3.76,1.0,전치,[전치] 13. 시도별 지가 변동률(평균) | 2019
지가,2019,207,13. 시도별 지가 변동률(평균),Ⅲ. 물가·가계,2019,대구,col-ko,0,0.7454,4. 55,4.55,1.0,전치,[전치] 13. 시도별 지가 변동률(평균) | 2019
지가,2019,207,13. 시도별 지가 변동률(평균),Ⅲ. 물가·가계,2019,인천,col-ko,0,0.8183,4. 03,4.03,0.5,전치,[전치] 13. 시도별 지가 변동률(평균) | 2019
지가,2019,208,13. 시도별 지가 변동률(평균) (계속),Ⅲ. 물가·가계,- 8. 36 - 13. 54 - 14. 65 - 8. 30 -7.13 -7.11 - 5. 60 - 6. 9,제주,col-en,0,0.8172,-8. 13,-8.13,0.5,전치,[전치] 13. Change of Land Price by Province (Average) | - 8. 36 - 13. 54 - 14. 65 - 8. 30 -7.13 -7.11 - 5. 60 - 6. 9
지가,2019,208,13. 시도별 지가 변동률(평균) (계속),Ⅲ. 물가·가계,0. 38 1. 50 - 4. 52,강원,col-en,0,0.3583,2. 50,2.5,0.3,전치|저신뢰,[전치] 13. Change of Land Price by Province (Average) | 0. 38 1. 50 - 4. 52
지가,2019,208,13. 시도별 지가 변동률(평균) (계속),Ⅲ. 물가·가계,0. 38 1. 50 - 4. 52,충북,col-en,0,0.4248,4. 10,4.1,0.5,전치,[전치] 13. Change of Land Price by Province (Average) | 0. 38 1. 50 - 4. 52
지가,2019,208,13. 시도별 지가 변동률(평균) (계속),Ⅲ. 물가·가계,0. 38 1. 50 - 4. 52,충남,col-en,0,0.4889,3. 18,3.18,0.5,전치,[전치] 13. Change of Land Price by Province (Average) | 0. 38 1. 50 - 4. 52
지가,2019,208,13. 시도별 지가 변동률(평균) (계속),Ⅲ. 물가·가계,0. 38 1. 50 - 4. 52,전북,col-en,0,0.5513,2.17,2.17,0.3,전치|저신뢰,[전치] 13. Change of Land Price by Province (Average) | 0. 38 1. 50 - 4. 52
지가,2019,208,13. 시도별 지가 변동률(평균) (계속),Ⅲ. 물가·가계,0. 38 1. 50 - 4. 52,제주,col-en,0,0.8172,6. 82,6.82,0.5,전치,[전치] 13. Change of Land Price by Province (Average) | 0. 38 1. 50 - 4. 52
지가,2019,208,13. 시도별 지가 변동률(평균) (계속),Ⅲ. 물가·가계,-0. 24 - 0. 26 - 1. 92,강원,col-en,0,0.3583,1.39,1.39,0.5,전치,[전치] 13. Change of Land Price by Province (Average) | -0. 24 - 0. 26 - 1. 92
지가,2019,208,13. 시도별 지가 변동률(평균) (계속),Ⅲ. 물가·가계,-0. 24 - 0. 26 - 1. 92,충북,col-en,0,0.4248,1. 12,1.12,0.5,전치,[전치] 13. Change of Land Price by Province (Average) | -0. 24 - 0. 26 - 1. 92
지가,2019,208,13. 시도별 지가 변동률(평균) (계속),Ⅲ. 물가·가계,-0. 24 - 0. 26 - 1. 92,충남,col-en,0,0.4889,1. 18,1.18,1.0,전치,[전치] 13. Change of Land Price by Province (Average) | -0. 24 - 0. 26 - 1. 92
지가,2019,208,13. 시도별 지가 변동률(평균) (계속),Ⅲ. 물가·가계,-0. 24 - 0. 26 - 1. 92,전북,col-en,0,0.5513,1. 13,1.13,0.5,전치,[전치] 13. Change of Land Price by Province (Average) | -0. 24 - 0. 26 - 1. 92
지가,2019,208,13. 시도별 지가 변동률(평균) (계속),Ⅲ. 물가·가계,-0. 24 - 0. 26 - 1. 92,제주,col-en,0,0.8172,2.18,2.18,0.3,전치|저신뢰,[전치] 13. Change of Land Price by Province (Average) | -0. 24 - 0. 26 - 1. 92
지가,2019,208,13. 시도별 지가 변동률(평균) (계속),Ⅲ. 물가·가계,1.∞0 0. 38 1.91,강원,col-en,0,0.3583,2.29,2.29,1.0,전치,[전치] 13. Change of Land Price by Province (Average) | 1.∞0 0. 38 1.91
지가,2019,208,13. 시도별 지가 변동률(평균) (계속),Ⅲ. 물가·가계,1.∞0 0. 38 1.91,충북,col-en,0,0.4248,0.41,0.41,1.0,전치,[전치] 13. Change of Land Price by Province (Average) | 1.∞0 0. 38 1.91
지가,2019,208,13. 시도별 지가 변동률(평균) (계속),Ⅲ. 물가·가계,1.∞0 0. 38 1.91,충남,col-en,0,0.4889,0.36,0.36,1.0,전치,[전치] 13. Change of Land Price by Province (Average) | 1.∞0 0. 38 1.91
지가,2019,208,13. 시도별 지가 변동률(평균) (계속),Ⅲ. 물가·가계,1.∞0 0. 38 1.91,전북,col-en,0,0.5513,-0. 13,-0.13,0.5,전치,[전치] 13. Change of Land Price by Province (Average) | 1.∞0 0. 38 1.91
지가,2019,208,13. 시도별 지가 변동률(평균) (계속),Ⅲ. 물가·가계,1.∞0 0. 38 1.91,제주,col-en,0,0.8172,3.13,3.13,1.0,전치,[전치] 13. Change of Land Price by Province (Average) | 1.∞0 0. 38 1.91
지가,2019,208,13. 시도별 지가 변동률(평균) (계속),Ⅲ. 물가·가계,3.24 1.75 13. 06,강원,col-en,0,0.3583,1. 88,1.88,1.0,전치,[전치] 13. Change of Land Price by Province (Average) | 3.24 1.75 13. 06
지가,2019,208,13. 시도별 지가 변동률(평균) (계속),Ⅲ. 물가·가계,3.24 1.75 13. 06,충북,col-en,0,0.4248,3. 02,3.02,0.5,전치,[전치] 13. Change of Land Price by Province (Average) | 3.24 1.75 13. 06
지가,2019,208,13. 시도별 지가 변동률(평균) (계속),Ⅲ. 물가·가계,3.24 1.75 13. 06,충남,col-en,0,0.4889,2.48,2.48,0.5,전치,[전치] 13. Change of Land Price by Province (Average) | 3.24 1.75 13. 06
지가,2019,208,13. 시도별 지가 변동률(평균) (계속),Ⅲ. 물가·가계,3.24 1.75 13. 06,전북,col-en,0,0.5513,0. 64,0.64,1.0,전치,[전치] 13. Change of Land Price by Province (Average) | 3.24 1.75 13. 06
지가,2019,208,13. 시도별 지가 변동률(평균) (계속),Ⅲ. 물가·가계,3.24 1.75 13. 06,제주,col-en,0,0.8172,6.01,6.01,1.0,전치,[전치] 13. Change of Land Price by Province (Average) | 3.24 1.75 13. 06
지가,2019,208,13. 시도별 지가 변동률(평균) (계속),Ⅲ. 물가·가계,5.47 0.66 5. 12,강원,col-en,0,0.3583,1.79,1.79,1.0,전치,[전치] 13. Change of Land Price by Province (Average) | 5.47 0.66 5. 12
지가,2019,208,13. 시도별 지가 변동률(평균) (계속),Ⅲ. 물가·가계,5.47 0.66 5. 12,충북,col-en,0,0.4248,2.54,2.54,1.0,전치,[전치] 13. Change of Land Price by Province (Average) | 5.47 0.66 5. 12
지가,2019,208,13. 시도별 지가 변동률(평균) (계속),Ⅲ. 물가·가계,5.47 0.66 5. 12,충남,col-en,0,0.4889,4.81,4.81,0.5,전치,[전치] 13. Change of Land Price by Province (Average) | 5.47 0.66 5. 12
지가,2019,208,13. 시도별 지가 변동률(평균) (계속),Ⅲ. 물가·가계,5.47 0.66 5. 12,전북,col-en,0,0.5513,0. 96,0.96,1.0,전치,[전치] 13. Change of Land Price by Province (Average) | 5.47 0.66 5. 12
지가,2019,208,13. 시도별 지가 변동률(평균) (계속),Ⅲ. 물가·가계,5.47 0.66 5. 12,제주,col-en,0,0.8172,1.25,1.25,1.0,전치,[전치] 13. Change of Land Price by Province (Average) | 5.47 0.66 5. 12
지가,2019,208,13. 시도별 지가 변동률(평균) (계속),Ⅲ. 물가·가계,2.25 1.79 6. 12,강원,col-en,0,0.3583,2.27,2.27,1.0,전치,[전치] 13. Change of Land Price by Province (Average) | 2.25 1.79 6. 12
지가,2019,208,13. 시도별 지가 변동률(평균) (계속),Ⅲ. 물가·가계,2.25 1.79 6. 12,충북,col-en,0,0.4248,3.83,3.83,1.0,전치,[전치] 13. Change of Land Price by Province (Average) | 2.25 1.79 6. 12
지가,2019,208,13. 시도별 지가 변동률(평균) (계속),Ⅲ. 물가·가계,2.25 1.79 6. 12,충남,col-en,0,0.4889,11.65,11.65,0.5,전치,[전치] 13. Change of Land Price by Province (Average) | 2.25 1.79 6. 12
지가,2019,208,13. 시도별 지가 변동률(평균) (계속),Ⅲ. 물가·가계,2.25 1.79 6. 12,전북,col-en,0,0.5513,0. 70,0.7,0.5,전치,[전치] 13. Change of Land Price by Province (Average) | 2.25 1.79 6. 12
지가,2019,208,13. 시도별 지가 변동률(평균) (계속),Ⅲ. 물가·가계,2.25 1.79 6. 12,제주,col-en,0,0.8172,1.96,1.96,0.5,전치,[전치] 13. Change of Land Price by Province (Average) | 2.25 1.79 6. 12
지가,2019,208,13. 시도별 지가 변동률(평균) (계속),Ⅲ. 물가·가계,6.80 2.06 5.69,강원,col-en,0,0.3583,2.63,2.63,1.0,전치,[전치] 13. Change of Land Price by Province (Average) | 6.80 2.06 5.69
지가,2019,208,13. 시도별 지가 변동률(평균) (계속),Ⅲ. 물가·가계,6.80 2.06 5.69,충북,col-en,0,0.4248,4. 98,4.98,1.0,전치,[전치] 13. Change of Land Price by Province (Average) | 6.80 2.06 5.69
지가,2019,208,13. 시도별 지가 변동률(평균) (계속),Ⅲ. 물가·가계,6.80 2.06 5.69,충남,col-en,0,0.4889,8.32,8.32,0.5,전치,[전치] 13. Change of Land Price by Province (Average) | 6.80 2.06 5.69
지가,2019,208,13. 시도별 지가 변동률(평균) (계속),Ⅲ. 물가·가계,6.80 2.06 5.69,전북,col-en,0,0.5513,1.38,1.38,0.5,전치,[전치] 13. Change of Land Price by Province (Average) | 6.80 2.06 5.69
지가,2019,208,13. 시도별 지가 변동률(평균) (계속),Ⅲ. 물가·가계,6.80 2.06 5.69,제주,col-en,0,0.8172,2. 12,2.12,0.5,전치,[전치] 13. Change of Land Price by Province (Average) | 6.80 2.06 5.69
지가,2019,208,13. 시도별 지가 변동률(평균) (계속),Ⅲ. 물가·가계,4. 15 2. 94 5. 07,강원,col-en,0,0.3583,2.52,2.52,0.5,전치,[전치] 13. Change of Land Price by Province (Average) | 4. 15 2. 94 5. 07
지가,2019,208,13. 시도별 지가 변동률(평균) (계속),Ⅲ. 물가·가계,4. 15 2. 94 5. 07,충북,col-en,0,0.4248,4.37,4.37,0.5,전치,[전치] 13. Change of Land Price by Province (Average) | 4. 15 2. 94 5. 07
지가,2019,208,13. 시도별 지가 변동률(평균) (계속),Ⅲ. 물가·가계,4. 15 2. 94 5. 07,충남,col-en,0,0.4889,5. 55,5.55,0.5,전치,[전치] 13. Change of Land Price by Province (Average) | 4. 15 2. 94 5. 07
지가,2019,208,13. 시도별 지가 변동률(평균) (계속),Ⅲ. 물가·가계,4. 15 2. 94 5. 07,전북,col-en,0,0.5513,1.29,1.29,0.5,전치,[전치] 13. Change of Land Price by Province (Average) | 4. 15 2. 94 5. 07
지가,2019,208,13. 시도별 지가 변동률(평균) (계속),Ⅲ. 물가·가계,4. 15 2. 94 5. 07,제주,col-en,0,0.8172,2. 10,2.1,0.5,전치,[전치] 13. Change of Land Price by Province (Average) | 4. 15 2. 94 5. 07
지가,2019,208,13. 시도별 지가 변동률(평균) (계속),Ⅲ. 물가·가계,1. 48 2.90 - 4.23,강원,col-en,0,0.3583,1.67,1.67,1.0,전치,[전치] 13. Change of Land Price by Province (Average) | 1. 48 2.90 - 4.23
지가,2019,208,13. 시도별 지가 변동률(평균) (계속),Ⅲ. 물가·가계,1. 48 2.90 - 4.23,충북,col-en,0,0.4248,1.27,1.27,0.5,전치,[전치] 13. Change of Land Price by Province (Average) | 1. 48 2.90 - 4.23
지가,2019,208,13. 시도별 지가 변동률(평균) (계속),Ⅲ. 물가·가계,1. 48 2.90 - 4.23,충남,col-en,0,0.4889,2. 03,2.03,1.0,전치,[전치] 13. Change of Land Price by Province (Average) | 1. 48 2.90 - 4.23
지가,2019,208,13. 시도별 지가 변동률(평균) (계속),Ⅲ. 물가·가계,1. 48 2.90 - 4.23,전북,col-en,0,0.5513,1.21,1.21,1.0,전치,[전치] 13. Change of Land Price by Province (Average) | 1. 48 2.90 - 4.23
지가,2019,208,13. 시도별 지가 변동률(평균) (계속),Ⅲ. 물가·가계,1. 48 2.90 - 4.23,제주,col-en,0,0.8172,1.67,1.67,1.0,전치,[전치] 13. Change of Land Price by Province (Average) | 1. 48 2.90 - 4.23
지가,2019,208,13. 시도별 지가 변동률(평균) (계속),Ⅲ. 물가·가계,-0. 97 - 0. 28 -0.27,강원,col-en,0,0.3583,0. 38,0.38,0.5,전치,[전치] 13. Change of Land Price by Province (Average) | -0. 97 - 0. 28 -0.27
지가,2019,208,13. 시도별 지가 변동률(평균) (계속),Ⅲ. 물가·가계,-0. 97 - 0. 28 -0.27,전북,col-en,0,0.5513,2.58,2.58,0.5,전치,[전치] 13. Change of Land Price by Province (Average) | -0. 97 - 0. 28 -0.27
지가,2019,208,13. 시도별 지가 변동률(평균) (계속),Ⅲ. 물가·가계,-0. 97 - 0. 28 -0.27,제주,col-en,0,0.8172,-0. 02,-0.02,0.5,전치,[전치] 13. Change of Land Price by Province (Average) | -0. 97 - 0. 28 -0.27
지가,2019,208,13. 시도별 지가 변동률(평균) (계속),Ⅲ. 물가·가계,0.26 0.31 1. 22,강원,col-en,0,0.3583,0. 34,0.34,0.5,전치,[전치] 13. Change of Land Price by Province (Average) | 0.26 0.31 1. 22
지가,2019,208,13. 시도별 지가 변동률(평균) (계속),Ⅲ. 물가·가계,0.26 0.31 1. 22,충북,col-en,0,0.4248,0.11,0.11,0.5,전치,[전치] 13. Change of Land Price by Province (Average) | 0.26 0.31 1. 22
지가,2019,208,13. 시도별 지가 변동률(평균) (계속),Ⅲ. 물가·가계,0.26 0.31 1. 22,충남,col-en,0,0.4889,0. 26,0.26,1.0,전치,[전치] 13. Change of Land Price by Province (Average) | 0.26 0.31 1. 22
지가,2019,208,13. 시도별 지가 변동률(평균) (계속),Ⅲ. 물가·가계,0.26 0.31 1. 22,제주,col-en,0,0.8172,0. 20,0.2,0.5,전치,[전치] 13. Change of Land Price by Province (Average) | 0.26 0.31 1. 22
지가,2019,208,13. 시도별 지가 변동률(평균) (계속),Ⅲ. 물가·가계,1.55 0. 74 1. 49,강원,col-en,0,0.3583,0. 84,0.84,1.0,전치,[전치] 13. Change of Land Price by Province (Average) | 1.55 0. 74 1. 49
지가,2019,208,13. 시도별 지가 변동률(평균) (계속),Ⅲ. 물가·가계,1.55 0. 74 1. 49,충북,col-en,0,0.4248,0.65,0.65,1.0,전치,[전치] 13. Change of Land Price by Province (Average) | 1.55 0. 74 1. 49
지가,2019,208,13. 시도별 지가 변동률(평균) (계속),Ⅲ. 물가·가계,1.55 0. 74 1. 49,충남,col-en,0,0.4889,1. 16,1.16,1.0,전치,[전치] 13. Change of Land Price by Province (Average) | 1.55 0. 74 1. 49
지가,2019,208,13. 시도별 지가 변동률(평균) (계속),Ⅲ. 물가·가계,1.55 0. 74 1. 49,전북,col-en,0,0.5513,0.66,0.66,1.0,전치,[전치] 13. Change of Land Price by Province (Average) | 1.55 0. 74 1. 49
지가,2019,208,13. 시도별 지가 변동률(평균) (계속),Ⅲ. 물가·가계,1.55 0. 74 1. 49,제주,col-en,0,0.8172,1.07,1.07,1.0,전치,[전치] 13. Change of Land Price by Province (Average) | 1.55 0. 74 1. 49
지가,2019,208,13. 시도별 지가 변동률(평균) (계속),Ⅲ. 물가·가계,1. 47 1. 09 1.47,강원,col-en,0,0.3583,1.42,1.42,0.5,전치,[전치] 13. Change of Land Price by Province (Average) | 1. 47 1. 09 1.47
지가,2019,208,13. 시도별 지가 변동률(평균) (계속),Ⅲ. 물가·가계,1. 47 1. 09 1.47,충북,col-en,0,0.4248,0.59,0.59,1.0,전치,[전치] 13. Change of Land Price by Province (Average) | 1. 47 1. 09 1.47
지가,2019,208,13. 시도별 지가 변동률(평균) (계속),Ⅲ. 물가·가계,1. 47 1. 09 1.47,충남,col-en,0,0.4889,0. 76,0.76,0.5,전치,[전치] 13. Change of Land Price by Province (Average) | 1. 47 1. 09 1.47
지가,2019,208,13. 시도별 지가 변동률(평균) (계속),Ⅲ. 물가·가계,1. 47 1. 09 1.47,제주,col-en,0,0.8172,0. 92,0.92,0.5,전치,[전치] 13. Change of Land Price by Province (Average) | 1. 47 1. 09 1.47
지가,2019,208,13. 시도별 지가 변동률(평균) (계속),Ⅲ. 물가·가계,1. 25 1.65 3. 19 1. 04,강원,col-en,0,0.3583,1.79,1.79,0.5,전치,[전치] 13. Change of Land Price by Province (Average) | 1. 25 1.65 3. 19 1. 04
지가,2019,208,13. 시도별 지가 변동률(평균) (계속),Ⅲ. 물가·가계,1. 25 1.65 3. 19 1. 04,충북,col-en,0,0.4248,1.09,1.09,1.0,전치,[전치] 13. Change of Land Price by Province (Average) | 1. 25 1.65 3. 19 1. 04
지가,2019,208,13. 시도별 지가 변동률(평균) (계속),Ⅲ. 물가·가계,1. 25 1.65 3. 19 1. 04,충남,col-en,0,0.4889,0. 88,0.88,1.0,전치,[전치] 13. Change of Land Price by Province (Average) | 1. 25 1.65 3. 19 1. 04
지가,2019,208,13. 시도별 지가 변동률(평균) (계속),Ⅲ. 물가·가계,1. 25 1.65 3. 19 1. 04,전북,col-en,0,0.5513,1. 43,1.43,0.5,전치,[전치] 13. Change of Land Price by Province (Average) | 1. 25 1.65 3. 19 1. 04
지가,2019,208,13. 시도별 지가 변동률(평균) (계속),Ⅲ. 물가·가계,1. 25 1.65 3. 19 1. 04,제주,col-en,0,0.8172,1.25,1.25,1.0,전치,[전치] 13. Change of Land Price by Province (Average) | 1. 25 1.65 3. 19 1. 04
지가,2019,208,13. 시도별 지가 변동률(평균) (계속),Ⅲ. 물가·가계,1.01 1.37 5. s0 0.91,강원,col-en,0,0.3583,1.29,1.29,0.5,전치,[전치] 13. Change of Land Price by Province (Average) | 1.01 1.37 5. s0 0.91
지가,2019,208,13. 시도별 지가 변동률(평균) (계속),Ⅲ. 물가·가계,1.01 1.37 5. s0 0.91,충북,col-en,0,0.4248,1. 02,1.02,0.3,전치|저신뢰,[전치] 13. Change of Land Price by Province (Average) | 1.01 1.37 5. s0 0.91
지가,2019,208,13. 시도별 지가 변동률(평균) (계속),Ⅲ. 물가·가계,1.01 1.37 5. s0 0.91,충남,col-en,0,0.4889,0. 78,0.78,1.0,전치,[전치] 13. Change of Land Price by Province (Average) | 1.01 1.37 5. s0 0.91
지가,2019,208,13. 시도별 지가 변동률(평균) (계속),Ⅲ. 물가·가계,1.01 1.37 5. s0 0.91,전북,col-en,0,0.5513,1. 04,1.04,1.0,전치,[전치] 13. Change of Land Price by Province (Average) | 1.01 1.37 5. s0 0.91
지가,2019,208,13. 시도별 지가 변동률(평균) (계속),Ⅲ. 물가·가계,1.84 1.85 4.53 1. 24,강원,col-en,0,0.3583,1.76,1.76,1.0,전치,[전치] 13. Change of Land Price by Province (Average) | 1.84 1.85 4.53 1. 24
지가,2019,208,13. 시도별 지가 변동률(평균) (계속),Ⅲ. 물가·가계,1.84 1.85 4.53 1. 24,충북,col-en,0,0.4248,1.69,1.69,0.5,전치,[전치] 13. Change of Land Price by Province (Average) | 1.84 1.85 4.53 1. 24
지가,2019,208,13. 시도별 지가 변동률(평균) (계속),Ⅲ. 물가·가계,1.84 1.85 4.53 1. 24,충남,col-en,0,0.4889,1.39,1.39,0.3,전치|저신뢰,[전치] 13. Change of Land Price by Province (Average) | 1.84 1.85 4.53 1. 24
지가,2019,208,13. 시도별 지가 변동률(평균) (계속),Ⅲ. 물가·가계,1.84 1.85 4.53 1. 24,전북,col-en,0,0.5513,1.58,1.58,1.0,전치,[전치] 13. Change of Land Price by Province (Average) | 1.84 1.85 4.53 1. 24
지가,2019,208,13. 시도별 지가 변동률(평균) (계속),Ⅲ. 물가·가계,1.84 1.85 4.53 1. 24,제주,col-en,0,0.8172,3.73,3.73,1.0,전치,[전치] 13. Change of Land Price by Province (Average) | 1.84 1.85 4.53 1. 24
지가,2019,208,13. 시도별 지가 변동률(평균) (계속),Ⅲ. 물가·가계,3. 11 2.52 4.57 1. 73,강원,col-en,0,0.3583,2.64,2.64,1.0,전치,[전치] 13. Change of Land Price by Province (Average) | 3. 11 2.52 4.57 1. 73
지가,2019,208,13. 시도별 지가 변동률(평균) (계속),Ⅲ. 물가·가계,3. 11 2.52 4.57 1. 73,충북,col-en,0,0.4248,1. 90,1.9,1.0,전치,[전치] 13. Change of Land Price by Province (Average) | 3. 11 2.52 4.57 1. 73
지가,2019,208,13. 시도별 지가 변동률(평균) (계속),Ⅲ. 물가·가계,3. 11 2.52 4.57 1. 73,충남,col-en,0,0.4889,1.51,1.51,0.5,전치,[전치] 13. Change of Land Price by Province (Average) | 3. 11 2.52 4.57 1. 73
지가,2019,208,13. 시도별 지가 변동률(평균) (계속),Ⅲ. 물가·가계,3. 11 2.52 4.57 1. 73,전북,col-en,0,0.5513,2.31,2.31,1.0,전치,[전치] 13. Change of Land Price by Province (Average) | 3. 11 2.52 4.57 1. 73
지가,2019,208,13. 시도별 지가 변동률(평균) (계속),Ⅲ. 물가·가계,3. 11 2.52 4.57 1. 73,제주,col-en,0,0.8172,7.57,7.57,0.5,전치,[전치] 13. Change of Land Price by Province (Average) | 3. 11 2.52 4.57 1. 73
지가,2019,208,13. 시도별 지가 변동률(평균) (계속),Ⅲ. 물가·가계,3. 45 2.35 4. 78 2.23,강원,col-en,0,0.3583,2.92,2.92,1.0,전치,[전치] 13. Change of Land Price by Province (Average) | 3. 45 2.35 4. 78 2.23
지가,2019,208,13. 시도별 지가 변동률(평균) (계속),Ⅲ. 물가·가계,3. 45 2.35 4. 78 2.23,충북,col-en,0,0.4248,1. 92,1.92,0.5,전치,[전치] 13. Change of Land Price by Province (Average) | 3. 45 2.35 4. 78 2.23
지가,2019,208,13. 시도별 지가 변동률(평균) (계속),Ⅲ. 물가·가계,3. 45 2.35 4. 78 2.23,충남,col-en,0,0.4889,1. 90,1.9,1.0,전치,[전치] 13. Change of Land Price by Province (Average) | 3. 45 2.35 4. 78 2.23
지가,2019,208,13. 시도별 지가 변동률(평균) (계속),Ⅲ. 물가·가계,3. 45 2.35 4. 78 2.23,전북,col-en,0,0.5513,2.15,2.15,0.5,전치,[전치] 13. Change of Land Price by Province (Average) | 3. 45 2.35 4. 78 2.23
지가,2019,208,13. 시도별 지가 변동률(평균) (계속),Ⅲ. 물가·가계,3. 45 2.35 4. 78 2.23,제주,col-en,0,0.8172,833,833,0.3,전치|저신뢰,[전치] 13. Change of Land Price by Province (Average) | 3. 45 2.35 4. 78 2.23
지가,2019,208,13. 시도별 지가 변동률(평균) (계속),Ⅲ. 물가·가계,3. 36 3. 54 7.02 3.45,강원,col-en,0,0.3583,3.82,3.82,1.0,전치,[전치] 13. Change of Land Price by Province (Average) | 3. 36 3. 54 7.02 3.45
지가,2019,208,13. 시도별 지가 변동률(평균) (계속),Ⅲ. 물가·가계,3. 36 3. 54 7.02 3.45,충북,col-en,0,0.4248,3. 08,3.08,1.0,전치,[전치] 13. Change of Land Price by Province (Average) | 3. 36 3. 54 7.02 3.45
지가,2019,208,13. 시도별 지가 변동률(평균) (계속),Ⅲ. 물가·가계,3. 36 3. 54 7.02 3.45,충남,col-en,0,0.4889,2.98,2.98,0.3,전치|저신뢰,[전치] 13. Change of Land Price by Province (Average) | 3. 36 3. 54 7.02 3.45
지가,2019,208,13. 시도별 지가 변동률(평균) (계속),Ⅲ. 물가·가계,3. 36 3. 54 7.02 3.45,전북,col-en,0,0.5513,3.33,3.33,0.5,전치,[전치] 13. Change of Land Price by Province (Average) | 3. 36 3. 54 7.02 3.45
지가,2019,208,13. 시도별 지가 변동률(평균) (계속),Ⅲ. 물가·가계,3. 36 3. 54 7.02 3.45,제주,col-en,0,0.8172,5.46,5.46,1.0,전치,[전치] 13. Change of Land Price by Province (Average) | 3. 36 3. 54 7.02 3.45
지가,2019,208,13. 시도별 지가 변동률(평균) (계속),Ⅲ. 물가·가계,3. 34 2.65 7.42 4.42,강원,col-en,0,0.3583,3.58,3.58,1.0,전치,[전치] 13. Change of Land Price by Province (Average) | 3. 34 2.65 7.42 4.42
지가,2019,208,13. 시도별 지가 변동률(평균) (계속),Ⅲ. 물가·가계,3. 34 2.65 7.42 4.42,충북,col-en,0,0.4248,3.16,3.16,0.5,전치,[전치] 13. Change of Land Price by Province (Average) | 3. 34 2.65 7.42 4.42
지가,2019,208,13. 시도별 지가 변동률(평균) (계속),Ⅲ. 물가·가계,3. 34 2.65 7.42 4.42,충남,col-en,0,0.4889,2.28,2.28,1.0,전치,[전치] 13. Change of Land Price by Province (Average) | 3. 34 2.65 7.42 4.42
지가,2019,208,13. 시도별 지가 변동률(평균) (계속),Ⅲ. 물가·가계,3. 34 2.65 7.42 4.42,전북,col-en,0,0.5513,2.72,2.72,1.0,전치,[전치] 13. Change of Land Price by Province (Average) | 3. 34 2.65 7.42 4.42
지가,2019,208,13. 시도별 지가 변동률(평균) (계속),Ⅲ. 물가·가계,3. 34 2.65 7.42 4.42,제주,col-en,0,0.8172,4. 99,4.99,0.5,전치,[전치] 13. Change of Land Price by Province (Average) | 3. 34 2.65 7.42 4.42
지가,2019,208,13. 시도별 지가 변동률(평균) (계속),Ⅲ. 물가·가계,4. 25 0.35 4.95 4. 29,강원,col-en,0,0.3583,2.66,2.66,1.0,전치,[전치] 13. Change of Land Price by Province (Average) | 4. 25 0.35 4.95 4. 29
지가,2019,208,13. 시도별 지가 변동률(평균) (계속),Ⅲ. 물가·가계,4. 25 0.35 4.95 4. 29,충북,col-en,0,0.4248,2.22,2.22,1.0,전치,[전치] 13. Change of Land Price by Province (Average) | 4. 25 0.35 4.95 4. 29
지가,2019,208,13. 시도별 지가 변동률(평균) (계속),Ⅲ. 물가·가계,4. 25 0.35 4.95 4. 29,충남,col-en,0,0.4889,1. 63,1.63,1.0,전치,[전치] 13. Change of Land Price by Province (Average) | 4. 25 0.35 4.95 4. 29
지가,2019,208,13. 시도별 지가 변동률(평균) (계속),Ⅲ. 물가·가계,4. 25 0.35 4.95 4. 29,전북,col-en,0,0.5513,2.60,2.6,1.0,전치,[전치] 13. Change of Land Price by Province (Average) | 4. 25 0.35 4.95 4. 29
지가,2019,208,13. 시도별 지가 변동률(평균) (계속),Ⅲ. 물가·가계,4. 25 0.35 4.95 4. 29,제주,col-en,0,0.8172,-1.77,-1.77,0.3,전치|저신뢰,[전치] 13. Change of Land Price by Province (Average) | 4. 25 0.35 4.95 4. 29
지가,2020,109,5. 시도별 지가 변동률(평균),Ⅰ. 국토/인구/가구,1999,전국,col-ko,0,0.1673,2.94,2.94,1.0,전치,[전치] 5. 시도별 지가 변동률(평균) | 1999
지가,2020,109,5. 시도별 지가 변동률(평균),Ⅰ. 국토/인구/가구,1999,서울,col-ko,0,0.6047,2.66,2.66,1.0,전치,[전치] 5. 시도별 지가 변동률(평균) | 1999
지가,2020,109,5. 시도별 지가 변동률(평균),Ⅰ. 국토/인구/가구,1999,부산,col-ko,0,0.6766,1.24,1.24,0.5,전치,[전치] 5. 시도별 지가 변동률(평균) | 1999
지가,2020,109,5. 시도별 지가 변동률(평균),Ⅰ. 국토/인구/가구,1999,대구,col-ko,0,0.7474,1. 93,1.93,0.5,전치,[전치] 5. 시도별 지가 변동률(평균) | 1999
지가,2020,109,5. 시도별 지가 변동률(평균),Ⅰ. 국토/인구/가구,1999,인천,col-ko,0,0.8183,3.51,3.51,1.0,전치,[전치] 5. 시도별 지가 변동률(평균) | 1999
지가,2020,109,5. 시도별 지가 변동률(평균),Ⅰ. 국토/인구/가구,1999,광주,col-ko,0,0.8901,1. 30,1.3,1.0,전치,[전치] 5. 시도별 지가 변동률(평균) | 1999
지가,2020,109,5. 시도별 지가 변동률(평균),Ⅰ. 국토/인구/가구,2000,전국,col-ko,0,0.1673,0.67,0.67,1.0,전치,[전치] 5. 시도별 지가 변동률(평균) | 2000
지가,2020,109,5. 시도별 지가 변동률(평균),Ⅰ. 국토/인구/가구,2000,서울,col-ko,0,0.6047,0. 05,0.05,0.3,전치|저신뢰,[전치] 5. 시도별 지가 변동률(평균) | 2000
지가,2020,109,5. 시도별 지가 변동률(평균),Ⅰ. 국토/인구/가구,2000,인천,col-ko,0,0.8183,1.07,1.07,1.0,전치,[전치] 5. 시도별 지가 변동률(평균) | 2000
지가,2020,109,5. 시도별 지가 변동률(평균),Ⅰ. 국토/인구/가구,2000,광주,col-ko,0,0.8901,-0. 31,-0.31,0.5,전치,[전치] 5. 시도별 지가 변동률(평균) | 2000
지가,2020,109,5. 시도별 지가 변동률(평균),Ⅰ. 국토/인구/가구,2001,전국,col-ko,0,0.1673,1. 32,1.32,0.5,전치,[전치] 5. 시도별 지가 변동률(평균) | 2001
지가,2020,109,5. 시도별 지가 변동률(평균),Ⅰ. 국토/인구/가구,2001,서울,col-ko,0,0.6047,1.89,1.89,1.0,전치,[전치] 5. 시도별 지가 변동률(평균) | 2001
지가,2020,109,5. 시도별 지가 변동률(평균),Ⅰ. 국토/인구/가구,2001,부산,col-ko,0,0.6766,0. 49,0.49,0.5,전치,[전치] 5. 시도별 지가 변동률(평균) | 2001
지가,2020,109,5. 시도별 지가 변동률(평균),Ⅰ. 국토/인구/가구,2001,대구,col-ko,0,0.7474,0. 42,0.42,0.3,전치|저신뢰,[전치] 5. 시도별 지가 변동률(평균) | 2001
지가,2020,109,5. 시도별 지가 변동률(평균),Ⅰ. 국토/인구/가구,2002,전국,col-ko,0,0.1673,8.98,8.98,1.0,전치,[전치] 5. 시도별 지가 변동률(평균) | 2002
지가,2020,109,5. 시도별 지가 변동률(평균),Ⅰ. 국토/인구/가구,2002,서울,col-ko,0,0.6047,15.81,15.81,1.0,전치,[전치] 5. 시도별 지가 변동률(평균) | 2002
지가,2020,109,5. 시도별 지가 변동률(평균),Ⅰ. 국토/인구/가구,2002,부산,col-ko,0,0.6766,3. 28,3.28,0.5,전치,[전치] 5. 시도별 지가 변동률(평균) | 2002
지가,2020,109,5. 시도별 지가 변동률(평균),Ⅰ. 국토/인구/가구,2002,대구,col-ko,0,0.7474,2.09,2.09,0.5,전치,[전치] 5. 시도별 지가 변동률(평균) | 2002
지가,2020,109,5. 시도별 지가 변동률(평균),Ⅰ. 국토/인구/가구,2002,인천,col-ko,0,0.8183,11.51,11.51,1.0,전치,[전치] 5. 시도별 지가 변동률(평균) | 2002
지가,2020,109,5. 시도별 지가 변동률(평균),Ⅰ. 국토/인구/가구,2002,광주,col-ko,0,0.8901,1.03,1.03,1.0,전치,[전치] 5. 시도별 지가 변동률(평균) | 2002
지가,2020,109,5. 시도별 지가 변동률(평균),Ⅰ. 국토/인구/가구,2003,전국,col-ko,0,0.1673,3.43,3.43,1.0,전치,[전치] 5. 시도별 지가 변동률(평균) | 2003
지가,2020,109,5. 시도별 지가 변동률(평균),Ⅰ. 국토/인구/가구,2003,서울,col-ko,0,0.6047,5.23,5.23,1.0,전치,[전치] 5. 시도별 지가 변동률(평균) | 2003
지가,2020,109,5. 시도별 지가 변동률(평균),Ⅰ. 국토/인구/가구,2003,부산,col-ko,0,0.6766,1.09,1.09,0.5,전치,[전치] 5. 시도별 지가 변동률(평균) | 2003
지가,2020,109,5. 시도별 지가 변동률(평균),Ⅰ. 국토/인구/가구,2003,대구,col-ko,0,0.7474,1. 54,1.54,0.3,전치|저신뢰,[전치] 5. 시도별 지가 변동률(평균) | 2003
지가,2020,109,5. 시도별 지가 변동률(평균),Ⅰ. 국토/인구/가구,2003,인천,col-ko,0,0.8183,2.50,2.5,1.0,전치,[전치] 5. 시도별 지가 변동률(평균) | 2003
지가,2020,109,5. 시도별 지가 변동률(평균),Ⅰ. 국토/인구/가구,2003,광주,col-ko,0,0.8901,0.91,0.91,0.5,전치,[전치] 5. 시도별 지가 변동률(평균) | 2003
지가,2020,109,5. 시도별 지가 변동률(평균),Ⅰ. 국토/인구/가구,2004,전국,col-ko,0,0.1673,3. 86,3.86,0.5,전치,[전치] 5. 시도별 지가 변동률(평균) | 2004
지가,2020,109,5. 시도별 지가 변동률(평균),Ⅰ. 국토/인구/가구,2004,서울,col-ko,0,0.6047,4.09,4.09,1.0,전치,[전치] 5. 시도별 지가 변동률(평균) | 2004
지가,2020,109,5. 시도별 지가 변동률(평균),Ⅰ. 국토/인구/가구,2004,부산,col-ko,0,0.6766,0. 89,0.89,1.0,전치,[전치] 5. 시도별 지가 변동률(평균) | 2004
지가,2020,109,5. 시도별 지가 변동률(평균),Ⅰ. 국토/인구/가구,2004,대구,col-ko,0,0.7474,1.58,1.58,1.0,전치,[전치] 5. 시도별 지가 변동률(평균) | 2004
지가,2020,109,5. 시도별 지가 변동률(평균),Ⅰ. 국토/인구/가구,2004,인천,col-ko,0,0.8183,4.32,4.32,1.0,전치,[전치] 5. 시도별 지가 변동률(평균) | 2004
지가,2020,109,5. 시도별 지가 변동률(평균),Ⅰ. 국토/인구/가구,2004,광주,col-ko,0,0.8901,0.68,0.68,1.0,전치,[전치] 5. 시도별 지가 변동률(평균) | 2004
지가,2020,109,5. 시도별 지가 변동률(평균),Ⅰ. 국토/인구/가구,2005,전국,col-ko,0,0.1673,4.99,4.99,0.5,전치,[전치] 5. 시도별 지가 변동률(평균) | 2005
지가,2020,109,5. 시도별 지가 변동률(평균),Ⅰ. 국토/인구/가구,2005,서울,col-ko,0,0.6047,6.56,6.56,0.5,전치,[전치] 5. 시도별 지가 변동률(평균) | 2005
지가,2020,109,5. 시도별 지가 변동률(평균),Ⅰ. 국토/인구/가구,2005,부산,col-ko,0,0.6766,1.86,1.86,0.5,전치,[전치] 5. 시도별 지가 변동률(평균) | 2005
지가,2020,109,5. 시도별 지가 변동률(평균),Ⅰ. 국토/인구/가구,2005,대구,col-ko,0,0.7474,3.32,3.32,0.5,전치,[전치] 5. 시도별 지가 변동률(평균) | 2005
지가,2020,109,5. 시도별 지가 변동률(평균),Ⅰ. 국토/인구/가구,2005,인천,col-ko,0,0.8183,4. 94,4.94,0.5,전치,[전치] 5. 시도별 지가 변동률(평균) | 2005
지가,2020,109,5. 시도별 지가 변동률(평균),Ⅰ. 국토/인구/가구,2005,광주,col-ko,0,0.8901,1.8,1.8,0.5,전치,[전치] 5. 시도별 지가 변동률(평균) | 2005
지가,2020,109,5. 시도별 지가 변동률(평균),Ⅰ. 국토/인구/가구,2006,전국,col-ko,0,0.1673,5.62,5.62,0.5,전치,[전치] 5. 시도별 지가 변동률(평균) | 2006
지가,2020,109,5. 시도별 지가 변동률(평균),Ⅰ. 국토/인구/가구,2006,서울,col-ko,0,0.6047,9. 17,9.17,0.5,전치,[전치] 5. 시도별 지가 변동률(평균) | 2006
지가,2020,109,5. 시도별 지가 변동률(평균),Ⅰ. 국토/인구/가구,2006,부산,col-ko,0,0.6766,2.50,2.5,0.5,전치,[전치] 5. 시도별 지가 변동률(평균) | 2006
지가,2020,109,5. 시도별 지가 변동률(평균),Ⅰ. 국토/인구/가구,2006,대구,col-ko,0,0.7474,4. 19,4.19,1.0,전치,[전치] 5. 시도별 지가 변동률(평균) | 2006
지가,2020,109,5. 시도별 지가 변동률(평균),Ⅰ. 국토/인구/가구,2006,인천,col-ko,0,0.8183,5.58,5.58,0.5,전치,[전치] 5. 시도별 지가 변동률(평균) | 2006
지가,2020,109,5. 시도별 지가 변동률(평균),Ⅰ. 국토/인구/가구,2006,광주,col-ko,0,0.8901,1.44,1.44,0.5,전치,[전치] 5. 시도별 지가 변동률(평균) | 2006
지가,2020,109,5. 시도별 지가 변동률(평균),Ⅰ. 국토/인구/가구,2007,전국,col-ko,0,0.1673,3.89,3.89,0.5,전치,[전치] 5. 시도별 지가 변동률(평균) | 2007
지가,2020,109,5. 시도별 지가 변동률(평균),Ⅰ. 국토/인구/가구,2007,서울,col-ko,0,0.6047,5.88,5.88,1.0,전치,[전치] 5. 시도별 지가 변동률(평균) | 2007
지가,2020,109,5. 시도별 지가 변동률(평균),Ⅰ. 국토/인구/가구,2007,부산,col-ko,0,0.6766,2.16,2.16,0.3,전치|저신뢰,[전치] 5. 시도별 지가 변동률(평균) | 2007
지가,2020,109,5. 시도별 지가 변동률(평균),Ⅰ. 국토/인구/가구,2007,대구,col-ko,0,0.7474,2.91,2.91,1.0,전치,[전치] 5. 시도별 지가 변동률(평균) | 2007
지가,2020,109,5. 시도별 지가 변동률(평균),Ⅰ. 국토/인구/가구,2007,인천,col-ko,0,0.8183,4.85,4.85,0.5,전치,[전치] 5. 시도별 지가 변동률(평균) | 2007
지가,2020,109,5. 시도별 지가 변동률(평균),Ⅰ. 국토/인구/가구,2007,광주,col-ko,0,0.8901,0. 94,0.94,0.5,전치,[전치] 5. 시도별 지가 변동률(평균) | 2007
지가,2020,109,5. 시도별 지가 변동률(평균),Ⅰ. 국토/인구/가구,2008,전국,col-ko,0,0.1673,-0. 32,-0.32,0.5,전치,[전치] 5. 시도별 지가 변동률(평균) | 2008
지가,2020,109,5. 시도별 지가 변동률(평균),Ⅰ. 국토/인구/가구,2008,대구,col-ko,0,0.7474,-0.45,-0.45,1.0,전치,[전치] 5. 시도별 지가 변동률(평균) | 2008
지가,2020,109,5. 시도별 지가 변동률(평균),Ⅰ. 국토/인구/가구,2008,인천,col-ko,0,0.8183,1.37,1.37,1.0,전치,[전치] 5. 시도별 지가 변동률(평균) | 2008
지가,2020,109,5. 시도별 지가 변동률(평균),Ⅰ. 국토/인구/가구,2008,광주,col-ko,0,0.8901,-0. 90,-0.9,0.3,전치|저신뢰,[전치] 5. 시도별 지가 변동률(평균) | 2008
지가,2020,109,5. 시도별 지가 변동률(평균),Ⅰ. 국토/인구/가구,2009,전국,col-ko,0,0.1673,0.96,0.96,1.0,전치,[전치] 5. 시도별 지가 변동률(평균) | 2009
지가,2020,109,5. 시도별 지가 변동률(평균),Ⅰ. 국토/인구/가구,2009,서울,col-ko,0,0.6047,1.40,1.4,0.5,전치,[전치] 5. 시도별 지가 변동률(평균) | 2009
지가,2020,109,5. 시도별 지가 변동률(평균),Ⅰ. 국토/인구/가구,2009,부산,col-ko,0,0.6766,0.1,0.1,0.3,전치|저신뢰,[전치] 5. 시도별 지가 변동률(평균) | 2009
지가,2020,109,5. 시도별 지가 변동률(평균),Ⅰ. 국토/인구/가구,2009,대구,col-ko,0,0.7474,0.28,0.28,1.0,전치,[전치] 5. 시도별 지가 변동률(평균) | 2009
지가,2020,109,5. 시도별 지가 변동률(평균),Ⅰ. 국토/인구/가구,2009,인천,col-ko,0,0.8183,1.99,1.99,1.0,전치,[전치] 5. 시도별 지가 변동률(평균) | 2009
지가,2020,109,5. 시도별 지가 변동률(평균),Ⅰ. 국토/인구/가구,2009,광주,col-ko,0,0.8901,0.33,0.33,1.0,전치,[전치] 5. 시도별 지가 변동률(평균) | 2009
지가,2020,109,5. 시도별 지가 변동률(평균),Ⅰ. 국토/인구/가구,2010,전국,col-ko,0,0.1673,1.05,1.05,1.0,전치,[전치] 5. 시도별 지가 변동률(평균) | 2010
지가,2020,109,5. 시도별 지가 변동률(평균),Ⅰ. 국토/인구/가구,2010,서울,col-ko,0,0.6047,0.53,0.53,1.0,전치,[전치] 5. 시도별 지가 변동률(평균) | 2010
지가,2020,109,5. 시도별 지가 변동률(평균),Ⅰ. 국토/인구/가구,2010,부산,col-ko,0,0.6766,1.22,1.22,1.0,전치,[전치] 5. 시도별 지가 변동률(평균) | 2010
지가,2020,109,5. 시도별 지가 변동률(평균),Ⅰ. 국토/인구/가구,2010,대구,col-ko,0,0.7474,1.40,1.4,1.0,전치,[전치] 5. 시도별 지가 변동률(평균) | 2010
지가,2020,109,5. 시도별 지가 변동률(평균),Ⅰ. 국토/인구/가구,2010,인천,col-ko,0,0.8183,1.43,1.43,1.0,전치,[전치] 5. 시도별 지가 변동률(평균) | 2010
지가,2020,109,5. 시도별 지가 변동률(평균),Ⅰ. 국토/인구/가구,2010,광주,col-ko,0,0.8901,0.67,0.67,0.5,전치,[전치] 5. 시도별 지가 변동률(평균) | 2010
지가,2020,109,5. 시도별 지가 변동률(평균),Ⅰ. 국토/인구/가구,2011,전국,col-ko,0,0.1673,1.17,1.17,0.5,전치,[전치] 5. 시도별 지가 변동률(평균) | 2011
지가,2020,109,5. 시도별 지가 변동률(평균),Ⅰ. 국토/인구/가구,2011,서울,col-ko,0,0.6047,0.97,0.97,1.0,전치,[전치] 5. 시도별 지가 변동률(평균) | 2011
지가,2020,109,5. 시도별 지가 변동률(평균),Ⅰ. 국토/인구/가구,2011,부산,col-ko,0,0.6766,1.58,1.58,0.5,전치,[전치] 5. 시도별 지가 변동률(평균) | 2011
지가,2020,109,5. 시도별 지가 변동률(평균),Ⅰ. 국토/인구/가구,2011,대구,col-ko,0,0.7474,1.40,1.4,1.0,전치,[전치] 5. 시도별 지가 변동률(평균) | 2011
지가,2020,109,5. 시도별 지가 변동률(평균),Ⅰ. 국토/인구/가구,2011,인천,col-ko,0,0.8183,0.66,0.66,1.0,전치,[전치] 5. 시도별 지가 변동률(평균) | 2011
지가,2020,109,5. 시도별 지가 변동률(평균),Ⅰ. 국토/인구/가구,2011,광주,col-ko,0,0.8901,0.75,0.75,1.0,전치,[전치] 5. 시도별 지가 변동률(평균) | 2011
지가,2020,109,5. 시도별 지가 변동률(평균),Ⅰ. 국토/인구/가구,2012,전국,col-ko,0,0.1673,0.96,0.96,1.0,전치,[전치] 5. 시도별 지가 변동률(평균) | 2012
지가,2020,109,5. 시도별 지가 변동률(평균),Ⅰ. 국토/인구/가구,2012,서울,col-ko,0,0.6047,0. 38,0.38,1.0,전치,[전치] 5. 시도별 지가 변동률(평균) | 2012
지가,2020,109,5. 시도별 지가 변동률(평균),Ⅰ. 국토/인구/가구,2012,부산,col-ko,0,0.6766,1.73,1.73,0.5,전치,[전치] 5. 시도별 지가 변동률(평균) | 2012
지가,2020,109,5. 시도별 지가 변동률(평균),Ⅰ. 국토/인구/가구,2012,대구,col-ko,0,0.7474,1. 58,1.58,0.5,전치,[전치] 5. 시도별 지가 변동률(평균) | 2012
지가,2020,109,5. 시도별 지가 변동률(평균),Ⅰ. 국토/인구/가구,2012,인천,col-ko,0,0.8183,0.46,0.46,1.0,전치,[전치] 5. 시도별 지가 변동률(평균) | 2012
지가,2020,109,5. 시도별 지가 변동률(평균),Ⅰ. 국토/인구/가구,2012,광주,col-ko,0,0.8901,1.15,1.15,1.0,전치,[전치] 5. 시도별 지가 변동률(평균) | 2012
지가,2020,109,5. 시도별 지가 변동률(평균),Ⅰ. 국토/인구/가구,2013,전국,col-ko,0,0.1673,1. 14,1.14,1.0,전치,[전치] 5. 시도별 지가 변동률(평균) | 2013
지가,2020,109,5. 시도별 지가 변동률(평균),Ⅰ. 국토/인구/가구,2013,서울,col-ko,0,0.6047,1.21,1.21,1.0,전치,[전치] 5. 시도별 지가 변동률(평균) | 2013
지가,2020,109,5. 시도별 지가 변동률(평균),Ⅰ. 국토/인구/가구,2013,부산,col-ko,0,0.6766,1.57,1.57,1.0,전치,[전치] 5. 시도별 지가 변동률(평균) | 2013
지가,2020,109,5. 시도별 지가 변동률(평균),Ⅰ. 국토/인구/가구,2013,대구,col-ko,0,0.7474,1.68,1.68,0.5,전치,[전치] 5. 시도별 지가 변동률(평균) | 2013
지가,2020,109,5. 시도별 지가 변동률(평균),Ⅰ. 국토/인구/가구,2013,인천,col-ko,0,0.8183,0.87,0.87,1.0,전치,[전치] 5. 시도별 지가 변동률(평균) | 2013
지가,2020,109,5. 시도별 지가 변동률(평균),Ⅰ. 국토/인구/가구,2013,광주,col-ko,0,0.8901,0.75,0.75,1.0,전치,[전치] 5. 시도별 지가 변동률(평균) | 2013
지가,2020,109,5. 시도별 지가 변동률(평균),Ⅰ. 국토/인구/가구,2014,전국,col-ko,0,0.1673,1.96,1.96,1.0,전치,[전치] 5. 시도별 지가 변동률(평균) | 2014
지가,2020,109,5. 시도별 지가 변동률(평균),Ⅰ. 국토/인구/가구,2014,서울,col-ko,0,0.6047,2.66,2.66,1.0,전치,[전치] 5. 시도별 지가 변동률(평균) | 2014
지가,2020,109,5. 시도별 지가 변동률(평균),Ⅰ. 국토/인구/가구,2014,부산,col-ko,0,0.6766,2.28,2.28,1.0,전치,[전치] 5. 시도별 지가 변동률(평균) | 2014
지가,2020,109,5. 시도별 지가 변동률(평균),Ⅰ. 국토/인구/가구,2014,대구,col-ko,0,0.7474,3.15,3.15,0.5,전치,[전치] 5. 시도별 지가 변동률(평균) | 2014
지가,2020,109,5. 시도별 지가 변동률(평균),Ⅰ. 국토/인구/가구,2014,인천,col-ko,0,0.8183,1.35,1.35,1.0,전치,[전치] 5. 시도별 지가 변동률(평균) | 2014
지가,2020,109,5. 시도별 지가 변동률(평균),Ⅰ. 국토/인구/가구,2014,광주,col-ko,0,0.8901,1.31,1.31,1.0,전치,[전치] 5. 시도별 지가 변동률(평균) | 2014
지가,2020,109,5. 시도별 지가 변동률(평균),Ⅰ. 국토/인구/가구,2015,전국,col-ko,0,0.1673,2.40,2.4,1.0,전치,[전치] 5. 시도별 지가 변동률(평균) | 2015
지가,2020,109,5. 시도별 지가 변동률(평균),Ⅰ. 국토/인구/가구,2015,서울,col-ko,0,0.6047,2.69,2.69,0.5,전치,[전치] 5. 시도별 지가 변동률(평균) | 2015
지가,2020,109,5. 시도별 지가 변동률(평균),Ⅰ. 국토/인구/가구,2015,부산,col-ko,0,0.6766,3. 09,3.09,0.5,전치,[전치] 5. 시도별 지가 변동률(평균) | 2015
지가,2020,109,5. 시도별 지가 변동률(평균),Ⅰ. 국토/인구/가구,2015,대구,col-ko,0,0.7474,4.06,4.06,0.5,전치,[전치] 5. 시도별 지가 변동률(평균) | 2015
지가,2020,109,5. 시도별 지가 변동률(평균),Ⅰ. 국토/인구/가구,2015,인천,col-ko,0,0.8183,1.95,1.95,1.0,전치,[전치] 5. 시도별 지가 변동률(평균) | 2015
지가,2020,109,5. 시도별 지가 변동률(평균),Ⅰ. 국토/인구/가구,2015,광주,col-ko,0,0.8901,2.87,2.87,1.0,전치,[전치] 5. 시도별 지가 변동률(평균) | 2015
지가,2020,109,5. 시도별 지가 변동률(평균),Ⅰ. 국토/인구/가구,2016,전국,col-ko,0,0.1673,2.70,2.7,1.0,전치,[전치] 5. 시도별 지가 변동률(평균) | 2016
지가,2020,109,5. 시도별 지가 변동률(평균),Ⅰ. 국토/인구/가구,2016,서울,col-ko,0,0.6047,2.97,2.97,1.0,전치,[전치] 5. 시도별 지가 변동률(평균) | 2016
지가,2020,109,5. 시도별 지가 변동률(평균),Ⅰ. 국토/인구/가구,2016,부산,col-ko,0,0.6766,4. 17,4.17,0.5,전치,[전치] 5. 시도별 지가 변동률(평균) | 2016
지가,2020,109,5. 시도별 지가 변동률(평균),Ⅰ. 국토/인구/가구,2016,대구,col-ko,0,0.7474,3.93,3.93,1.0,전치,[전치] 5. 시도별 지가 변동률(평균) | 2016
지가,2020,109,5. 시도별 지가 변동률(평균),Ⅰ. 국토/인구/가구,2016,인천,col-ko,0,0.8183,1.74,1.74,0.5,전치,[전치] 5. 시도별 지가 변동률(평균) | 2016
지가,2020,109,5. 시도별 지가 변동률(평균),Ⅰ. 국토/인구/가구,2016,광주,col-ko,0,0.8901,2.82,2.82,1.0,전치,[전치] 5. 시도별 지가 변동률(평균) | 2016
지가,2020,109,5. 시도별 지가 변동률(평균),Ⅰ. 국토/인구/가구,2017,전국,col-ko,0,0.1673,3.88,3.88,1.0,전치,[전치] 5. 시도별 지가 변동률(평균) | 2017
지가,2020,109,5. 시도별 지가 변동률(평균),Ⅰ. 국토/인구/가구,2017,서울,col-ko,0,0.6047,4. 32,4.32,0.5,전치,[전치] 5. 시도별 지가 변동률(평균) | 2017
지가,2020,109,5. 시도별 지가 변동률(평균),Ⅰ. 국토/인구/가구,2017,부산,col-ko,0,0.6766,6.51,6.51,1.0,전치,[전치] 5. 시도별 지가 변동률(평균) | 2017
지가,2020,109,5. 시도별 지가 변동률(평균),Ⅰ. 국토/인구/가구,2017,대구,col-ko,0,0.7474,4.58,4.58,0.5,전치,[전치] 5. 시도별 지가 변동률(평균) | 2017
지가,2020,109,5. 시도별 지가 변동률(평균),Ⅰ. 국토/인구/가구,2017,인천,col-ko,0,0.8183,3.10,3.1,1.0,전치,[전치] 5. 시도별 지가 변동률(평균) | 2017
지가,2020,109,5. 시도별 지가 변동률(평균),Ⅰ. 국토/인구/가구,2017,광주,col-ko,0,0.8901,4.1,4.1,0.3,전치|저신뢰,[전치] 5. 시도별 지가 변동률(평균) | 2017
지가,2020,109,5. 시도별 지가 변동률(평균),Ⅰ. 국토/인구/가구,2018,전국,col-ko,0,0.1673,4. 58,4.58,1.0,전치,[전치] 5. 시도별 지가 변동률(평균) | 2018
지가,2020,109,5. 시도별 지가 변동률(평균),Ⅰ. 국토/인구/가구,2018,서울,col-ko,0,0.6047,6.11,6.11,1.0,전치,[전치] 5. 시도별 지가 변동률(평균) | 2018
지가,2020,109,5. 시도별 지가 변동률(평균),Ⅰ. 국토/인구/가구,2018,부산,col-ko,0,0.6766,5.74,5.74,0.5,전치,[전치] 5. 시도별 지가 변동률(평균) | 2018
지가,2020,109,5. 시도별 지가 변동률(평균),Ⅰ. 국토/인구/가구,2018,대구,col-ko,0,0.7474,5.01,5.01,0.5,전치,[전치] 5. 시도별 지가 변동률(평균) | 2018
지가,2020,109,5. 시도별 지가 변동률(평균),Ⅰ. 국토/인구/가구,2018,인천,col-ko,0,0.8183,3.59,3.59,1.0,전치,[전치] 5. 시도별 지가 변동률(평균) | 2018
지가,2020,109,5. 시도별 지가 변동률(평균),Ⅰ. 국토/인구/가구,2018,광주,col-ko,0,0.8901,5.26,5.26,1.0,전치,[전치] 5. 시도별 지가 변동률(평균) | 2018
지가,2020,109,5. 시도별 지가 변동률(평균),Ⅰ. 국토/인구/가구,2019,전국,col-ko,0,0.1673,3.92,3.92,1.0,전치,[전치] 5. 시도별 지가 변동률(평균) | 2019
지가,2020,109,5. 시도별 지가 변동률(평균),Ⅰ. 국토/인구/가구,2019,서울,col-ko,0,0.6047,5.29,5.29,1.0,전치,[전치] 5. 시도별 지가 변동률(평균) | 2019
지가,2020,109,5. 시도별 지가 변동률(평균),Ⅰ. 국토/인구/가구,2019,부산,col-ko,0,0.6766,3.76,3.76,1.0,전치,[전치] 5. 시도별 지가 변동률(평균) | 2019
지가,2020,109,5. 시도별 지가 변동률(평균),Ⅰ. 국토/인구/가구,2019,대구,col-ko,0,0.7474,4.55,4.55,1.0,전치,[전치] 5. 시도별 지가 변동률(평균) | 2019
지가,2020,109,5. 시도별 지가 변동률(평균),Ⅰ. 국토/인구/가구,2019,인천,col-ko,0,0.8183,4. 03,4.03,0.5,전치,[전치] 5. 시도별 지가 변동률(평균) | 2019
지가,2020,109,5. 시도별 지가 변동률(평균),Ⅰ. 국토/인구/가구,2020,전국,col-ko,0,0.1673,3. 68,3.68,1.0,전치,[전치] 5. 시도별 지가 변동률(평균) | 2020
지가,2020,109,5. 시도별 지가 변동률(평균),Ⅰ. 국토/인구/가구,2020,서울,col-ko,0,0.6047,4. 80,4.8,0.5,전치,[전치] 5. 시도별 지가 변동률(평균) | 2020
지가,2020,109,5. 시도별 지가 변동률(평균),Ⅰ. 국토/인구/가구,2020,부산,col-ko,0,0.6766,3.75,3.75,1.0,전치,[전치] 5. 시도별 지가 변동률(평균) | 2020
지가,2020,109,5. 시도별 지가 변동률(평균),Ⅰ. 국토/인구/가구,2020,대구,col-ko,0,0.7474,3. 40,3.4,0.5,전치,[전치] 5. 시도별 지가 변동률(평균) | 2020
지가,2020,109,5. 시도별 지가 변동률(평균),Ⅰ. 국토/인구/가구,2020,인천,col-ko,0,0.8183,3.76,3.76,1.0,전치,[전치] 5. 시도별 지가 변동률(평균) | 2020
지가,2020,109,5. 시도별 지가 변동률(평균),Ⅰ. 국토/인구/가구,2020,광주,col-ko,0,0.8901,3. 88,3.88,0.5,전치,[전치] 5. 시도별 지가 변동률(평균) | 2020
지가,2020,110,5. 시도별 지가 변동률(평균) (계속),Ⅰ. 국토/인구/가구,?,대전,col-ko,0,0.0852,0. 38,0.38,1.0,전치,[전치] 
지가,2020,110,5. 시도별 지가 변동률(평균) (계속),Ⅰ. 국토/인구/가구,?,울산,col-ko,0,0.153,1.50,1.5,0.5,전치,[전치] 
지가,2020,110,5. 시도별 지가 변동률(평균) (계속),Ⅰ. 국토/인구/가구,?,경기,col-ko,0,0.2885,4. 52,4.52,0.5,전치,[전치] 
지가,2020,110,5. 시도별 지가 변동률(평균) (계속),Ⅰ. 국토/인구/가구,?,강원,col-ko,0,0.3542,2.50,2.5,0.3,전치|저신뢰,[전치] 
지가,2020,110,5. 시도별 지가 변동률(평균) (계속),Ⅰ. 국토/인구/가구,?,충북,col-ko,0,0.4209,4. 10,4.1,0.5,전치,[전치] 
지가,2020,110,5. 시도별 지가 변동률(평균) (계속),Ⅰ. 국토/인구/가구,?,충남,col-ko,0,0.4856,3.18,3.18,0.5,전치,[전치] 
지가,2020,110,5. 시도별 지가 변동률(평균) (계속),Ⅰ. 국토/인구/가구,?,전북,col-ko,0,0.5534,2.17,2.17,0.5,전치,[전치] 
지가,2020,110,5. 시도별 지가 변동률(평균) (계속),Ⅰ. 국토/인구/가구,?,전남,col-ko,0,0.6191,4.50,4.5,1.0,전치,[전치] 
지가,2020,110,5. 시도별 지가 변동률(평균) (계속),Ⅰ. 국토/인구/가구,?,경북,col-ko,0,0.6848,2.73,2.73,1.0,전치,[전치] 
지가,2020,110,5. 시도별 지가 변동률(평균) (계속),Ⅰ. 국토/인구/가구,?,경남,col-ko,0,0.7515,2.21,2.21,1.0,전치,[전치] 
지가,2020,110,5. 시도별 지가 변동률(평균) (계속),Ⅰ. 국토/인구/가구,?,제주,col-en,0,0.8172,6.82,6.82,1.0,전치,[전치] 
지가,2020,110,5. 시도별 지가 변동률(평균) (계속),Ⅰ. 국토/인구/가구,?,대전,col-ko,0,0.0852,-0.24,-0.24,0.5,전치,[전치] 
지가,2020,110,5. 시도별 지가 변동률(평균) (계속),Ⅰ. 국토/인구/가구,?,경기,col-ko,0,0.2885,1. 92,1.92,0.5,전치,[전치] 
지가,2020,110,5. 시도별 지가 변동률(평균) (계속),Ⅰ. 국토/인구/가구,?,강원,col-ko,0,0.3542,1.39,1.39,1.0,전치,[전치] 
지가,2020,110,5. 시도별 지가 변동률(평균) (계속),Ⅰ. 국토/인구/가구,?,충북,col-ko,0,0.4209,1. 12,1.12,0.5,전치,[전치] 
지가,2020,110,5. 시도별 지가 변동률(평균) (계속),Ⅰ. 국토/인구/가구,?,충남,col-ko,0,0.4856,1. 18,1.18,0.5,전치,[전치] 
지가,2020,110,5. 시도별 지가 변동률(평균) (계속),Ⅰ. 국토/인구/가구,?,전북,col-ko,0,0.5534,1. 13,1.13,0.5,전치,[전치] 
지가,2020,110,5. 시도별 지가 변동률(평균) (계속),Ⅰ. 국토/인구/가구,?,전남,col-ko,0,0.6191,1.94,1.94,1.0,전치,[전치] 
지가,2020,110,5. 시도별 지가 변동률(평균) (계속),Ⅰ. 국토/인구/가구,?,경남,col-ko,0,0.7515,1.15,1.15,1.0,전치,[전치] 
지가,2020,110,5. 시도별 지가 변동률(평균) (계속),Ⅰ. 국토/인구/가구,?,제주,col-en,0,0.8172,2.18,2.18,1.0,전치,[전치] 
지가,2020,110,5. 시도별 지가 변동률(평균) (계속),Ⅰ. 국토/인구/가구,?,대전,col-ko,0,0.0852,1.00,1.0,0.3,전치|저신뢰,[전치] 
지가,2020,110,5. 시도별 지가 변동률(평균) (계속),Ⅰ. 국토/인구/가구,?,울산,col-ko,0,0.153,0. 38,0.38,0.5,전치,[전치] 
지가,2020,110,5. 시도별 지가 변동률(평균) (계속),Ⅰ. 국토/인구/가구,?,경기,col-ko,0,0.2885,1.91,1.91,0.5,전치,[전치] 
지가,2020,110,5. 시도별 지가 변동률(평균) (계속),Ⅰ. 국토/인구/가구,?,강원,col-ko,0,0.3542,2.29,2.29,1.0,전치,[전치] 
지가,2020,110,5. 시도별 지가 변동률(평균) (계속),Ⅰ. 국토/인구/가구,?,충북,col-ko,0,0.4209,0.41,0.41,1.0,전치,[전치] 
지가,2020,110,5. 시도별 지가 변동률(평균) (계속),Ⅰ. 국토/인구/가구,?,충남,col-ko,0,0.4856,0. 36,0.36,0.5,전치,[전치] 
지가,2020,110,5. 시도별 지가 변동률(평균) (계속),Ⅰ. 국토/인구/가구,?,전북,col-ko,0,0.5534,-0. 13,-0.13,0.5,전치,[전치] 
지가,2020,110,5. 시도별 지가 변동률(평균) (계속),Ⅰ. 국토/인구/가구,?,전남,col-ko,0,0.6191,0.35,0.35,0.5,전치,[전치] 
지가,2020,110,5. 시도별 지가 변동률(평균) (계속),Ⅰ. 국토/인구/가구,?,경북,col-ko,0,0.6848,0.51,0.51,1.0,전치,[전치] 
지가,2020,110,5. 시도별 지가 변동률(평균) (계속),Ⅰ. 국토/인구/가구,?,경남,col-ko,0,0.7515,0. 94,0.94,0.5,전치,[전치] 
지가,2020,110,5. 시도별 지가 변동률(평균) (계속),Ⅰ. 국토/인구/가구,?,제주,col-en,0,0.8172,3.13,3.13,1.0,전치,[전치] 
지가,2020,110,5. 시도별 지가 변동률(평균) (계속),Ⅰ. 국토/인구/가구,?,대전,col-ko,0,0.0852,3.24,3.24,1.0,전치,[전치] 
지가,2020,110,5. 시도별 지가 변동률(평균) (계속),Ⅰ. 국토/인구/가구,?,울산,col-ko,0,0.153,1.75,1.75,1.0,전치,[전치] 
지가,2020,110,5. 시도별 지가 변동률(평균) (계속),Ⅰ. 국토/인구/가구,?,경기,col-ko,0,0.2885,13. 06,13.06,0.5,전치,[전치] 
지가,2020,110,5. 시도별 지가 변동률(평균) (계속),Ⅰ. 국토/인구/가구,?,강원,col-ko,0,0.3542,1.88,1.88,0.5,전치,[전치] 
지가,2020,110,5. 시도별 지가 변동률(평균) (계속),Ⅰ. 국토/인구/가구,?,충북,col-ko,0,0.4209,3. 02,3.02,0.3,전치|저신뢰,[전치] 
지가,2020,110,5. 시도별 지가 변동률(평균) (계속),Ⅰ. 국토/인구/가구,?,충남,col-ko,0,0.4856,2. 48,2.48,0.5,전치,[전치] 
지가,2020,110,5. 시도별 지가 변동률(평균) (계속),Ⅰ. 국토/인구/가구,?,전북,col-ko,0,0.5534,0.64,0.64,1.0,전치,[전치] 
지가,2020,110,5. 시도별 지가 변동률(평균) (계속),Ⅰ. 국토/인구/가구,?,전남,col-ko,0,0.6191,0.95,0.95,1.0,전치,[전치] 
지가,2020,110,5. 시도별 지가 변동률(평균) (계속),Ⅰ. 국토/인구/가구,?,경북,col-ko,0,0.6848,2.06,2.06,1.0,전치,[전치] 
지가,2020,110,5. 시도별 지가 변동률(평균) (계속),Ⅰ. 국토/인구/가구,?,경남,col-ko,0,0.7515,2.22,2.22,1.0,전치,[전치] 
지가,2020,110,5. 시도별 지가 변동률(평균) (계속),Ⅰ. 국토/인구/가구,?,제주,col-en,0,0.8172,6.01,6.01,1.0,전치,[전치] 
지가,2020,110,5. 시도별 지가 변동률(평균) (계속),Ⅰ. 국토/인구/가구,?,대전,col-ko,0,0.0852,5. 47,5.47,0.3,전치|저신뢰,[전치] 
지가,2020,110,5. 시도별 지가 변동률(평균) (계속),Ⅰ. 국토/인구/가구,?,울산,col-ko,0,0.153,0.66,0.66,1.0,전치,[전치] 
지가,2020,110,5. 시도별 지가 변동률(평균) (계속),Ⅰ. 국토/인구/가구,?,경기,col-ko,0,0.2885,5. 12,5.12,1.0,전치,[전치] 
지가,2020,110,5. 시도별 지가 변동률(평균) (계속),Ⅰ. 국토/인구/가구,?,강원,col-ko,0,0.3542,1.79,1.79,1.0,전치,[전치] 
지가,2020,110,5. 시도별 지가 변동률(평균) (계속),Ⅰ. 국토/인구/가구,?,충북,col-ko,0,0.4209,2.54,2.54,0.3,전치|저신뢰,[전치] 
지가,2020,110,5. 시도별 지가 변동률(평균) (계속),Ⅰ. 국토/인구/가구,?,충남,col-ko,0,0.4856,4.81,4.81,0.5,전치,[전치] 
지가,2020,110,5. 시도별 지가 변동률(평균) (계속),Ⅰ. 국토/인구/가구,?,전북,col-ko,0,0.5534,0.96,0.96,0.5,전치,[전치] 
지가,2020,110,5. 시도별 지가 변동률(평균) (계속),Ⅰ. 국토/인구/가구,?,전남,col-ko,0,0.6191,0. 50,0.5,1.0,전치,[전치] 
지가,2020,110,5. 시도별 지가 변동률(평균) (계속),Ⅰ. 국토/인구/가구,?,경북,col-ko,0,0.6848,0. 15,0.15,0.5,전치,[전치] 
지가,2020,110,5. 시도별 지가 변동률(평균) (계속),Ⅰ. 국토/인구/가구,?,경남,col-ko,0,0.7515,1.38,1.38,0.5,전치,[전치] 
지가,2020,110,5. 시도별 지가 변동률(평균) (계속),Ⅰ. 국토/인구/가구,?,제주,col-en,0,0.8172,1.25,1.25,1.0,전치,[전치] 
지가,2020,110,5. 시도별 지가 변동률(평균) (계속),Ⅰ. 국토/인구/가구,?,대전,col-ko,0,0.0852,2.25,2.25,1.0,전치,[전치] 
지가,2020,110,5. 시도별 지가 변동률(평균) (계속),Ⅰ. 국토/인구/가구,?,울산,col-ko,0,0.153,1.79,1.79,1.0,전치,[전치] 
지가,2020,110,5. 시도별 지가 변동률(평균) (계속),Ⅰ. 국토/인구/가구,?,경기,col-ko,0,0.2885,6. 12,6.12,1.0,전치,[전치] 
지가,2020,110,5. 시도별 지가 변동률(평균) (계속),Ⅰ. 국토/인구/가구,?,강원,col-ko,0,0.3542,2.27,2.27,1.0,전치,[전치] 
지가,2020,110,5. 시도별 지가 변동률(평균) (계속),Ⅰ. 국토/인구/가구,?,충북,col-ko,0,0.4209,3.83,3.83,1.0,전치,[전치] 
지가,2020,110,5. 시도별 지가 변동률(평균) (계속),Ⅰ. 국토/인구/가구,?,충남,col-ko,0,0.4856,11.65,11.65,0.5,전치,[전치] 
지가,2020,110,5. 시도별 지가 변동률(평균) (계속),Ⅰ. 국토/인구/가구,?,전북,col-ko,0,0.5534,0. 70,0.7,0.5,전치,[전치] 
지가,2020,110,5. 시도별 지가 변동률(평균) (계속),Ⅰ. 국토/인구/가구,?,전남,col-ko,0,0.6191,0. 93,0.93,1.0,전치,[전치] 
지가,2020,110,5. 시도별 지가 변동률(평균) (계속),Ⅰ. 국토/인구/가구,?,경북,col-ko,0,0.6848,2. 11,2.11,0.5,전치,[전치] 
지가,2020,110,5. 시도별 지가 변동률(평균) (계속),Ⅰ. 국토/인구/가구,?,경남,col-ko,0,0.7515,3. 09,3.09,1.0,전치,[전치] 
지가,2020,110,5. 시도별 지가 변동률(평균) (계속),Ⅰ. 국토/인구/가구,?,제주,col-en,0,0.8172,1.96,1.96,0.5,전치,[전치] 
지가,2020,110,5. 시도별 지가 변동률(평균) (계속),Ⅰ. 국토/인구/가구,?,대전,col-ko,0,0.0852,6.80,6.8,0.3,전치|저신뢰,[전치] 
지가,2020,110,5. 시도별 지가 변동률(평균) (계속),Ⅰ. 국토/인구/가구,?,울산,col-ko,0,0.153,2.06,2.06,0.5,전치,[전치] 
지가,2020,110,5. 시도별 지가 변동률(평균) (계속),Ⅰ. 국토/인구/가구,?,경기,col-ko,0,0.2885,5.69,5.69,1.0,전치,[전치] 
지가,2020,110,5. 시도별 지가 변동률(평균) (계속),Ⅰ. 국토/인구/가구,?,강원,col-ko,0,0.3542,2.63,2.63,1.0,전치,[전치] 
지가,2020,110,5. 시도별 지가 변동률(평균) (계속),Ⅰ. 국토/인구/가구,?,충북,col-ko,0,0.4209,4. 98,4.98,1.0,전치,[전치] 
지가,2020,110,5. 시도별 지가 변동률(평균) (계속),Ⅰ. 국토/인구/가구,?,충남,col-ko,0,0.4856,8. 32,8.32,1.0,전치,[전치] 
지가,2020,110,5. 시도별 지가 변동률(평균) (계속),Ⅰ. 국토/인구/가구,?,전북,col-ko,0,0.5534,1.38,1.38,0.5,전치,[전치] 
지가,2020,110,5. 시도별 지가 변동률(평균) (계속),Ⅰ. 국토/인구/가구,?,전남,col-ko,0,0.6191,2.45,2.45,1.0,전치,[전치] 
지가,2020,110,5. 시도별 지가 변동률(평균) (계속),Ⅰ. 국토/인구/가구,?,경북,col-ko,0,0.6848,2. 19,2.19,0.5,전치,[전치] 
지가,2020,110,5. 시도별 지가 변동률(평균) (계속),Ⅰ. 국토/인구/가구,?,경남,col-ko,0,0.7515,2.81,2.81,1.0,전치,[전치] 
지가,2020,110,5. 시도별 지가 변동률(평균) (계속),Ⅰ. 국토/인구/가구,?,대전,col-ko,0,0.0852,4. 15,4.15,1.0,전치,[전치] 
지가,2020,110,5. 시도별 지가 변동률(평균) (계속),Ⅰ. 국토/인구/가구,?,울산,col-ko,0,0.153,2.94,2.94,1.0,전치,[전치] 
지가,2020,110,5. 시도별 지가 변동률(평균) (계속),Ⅰ. 국토/인구/가구,?,경기,col-ko,0,0.2885,5.07,5.07,1.0,전치,[전치] 
지가,2020,110,5. 시도별 지가 변동률(평균) (계속),Ⅰ. 국토/인구/가구,?,강원,col-ko,0,0.3542,2.52,2.52,1.0,전치,[전치] 
지가,2020,110,5. 시도별 지가 변동률(평균) (계속),Ⅰ. 국토/인구/가구,?,충북,col-ko,0,0.4209,4.37,4.37,1.0,전치,[전치] 
지가,2020,110,5. 시도별 지가 변동률(평균) (계속),Ⅰ. 국토/인구/가구,?,충남,col-ko,0,0.4856,5. 55,5.55,0.5,전치,[전치] 
지가,2020,110,5. 시도별 지가 변동률(평균) (계속),Ⅰ. 국토/인구/가구,?,전북,col-ko,0,0.5534,1.29,1.29,1.0,전치,[전치] 
지가,2020,110,5. 시도별 지가 변동률(평균) (계속),Ⅰ. 국토/인구/가구,?,전남,col-ko,0,0.6191,1.91,1.91,1.0,전치,[전치] 
지가,2020,110,5. 시도별 지가 변동률(평균) (계속),Ⅰ. 국토/인구/가구,?,경북,col-ko,0,0.6848,2.52,2.52,1.0,전치,[전치] 
지가,2020,110,5. 시도별 지가 변동률(평균) (계속),Ⅰ. 국토/인구/가구,?,경남,col-ko,0,0.7515,2.56,2.56,1.0,전치,[전치] 
지가,2020,110,5. 시도별 지가 변동률(평균) (계속),Ⅰ. 국토/인구/가구,?,제주,col-en,0,0.8172,2. 10,2.1,0.5,전치,[전치] 
지가,2020,110,5. 시도별 지가 변동률(평균) (계속),Ⅰ. 국토/인구/가구,?,대전,col-ko,0,0.0852,1. 48,1.48,0.5,전치,[전치] 
지가,2020,110,5. 시도별 지가 변동률(평균) (계속),Ⅰ. 국토/인구/가구,?,울산,col-ko,0,0.153,2.90,2.9,0.5,전치,[전치] 
지가,2020,110,5. 시도별 지가 변동률(평균) (계속),Ⅰ. 국토/인구/가구,?,경기,col-ko,0,0.2885,4.23,4.23,1.0,전치,[전치] 
지가,2020,110,5. 시도별 지가 변동률(평균) (계속),Ⅰ. 국토/인구/가구,?,강원,col-ko,0,0.3542,1.67,1.67,1.0,전치,[전치] 
지가,2020,110,5. 시도별 지가 변동률(평균) (계속),Ⅰ. 국토/인구/가구,?,충북,col-ko,0,0.4209,1.27,1.27,1.0,전치,[전치] 
지가,2020,110,5. 시도별 지가 변동률(평균) (계속),Ⅰ. 국토/인구/가구,?,충남,col-ko,0,0.4856,2. 03,2.03,0.5,전치,[전치] 
지가,2020,110,5. 시도별 지가 변동률(평균) (계속),Ⅰ. 국토/인구/가구,?,전북,col-ko,0,0.5534,1.21,1.21,0.3,전치|저신뢰,[전치] 
지가,2020,110,5. 시도별 지가 변동률(평균) (계속),Ⅰ. 국토/인구/가구,?,전남,col-ko,0,0.6191,1.31,1.31,1.0,전치,[전치] 
지가,2020,110,5. 시도별 지가 변동률(평균) (계속),Ⅰ. 국토/인구/가구,?,경북,col-ko,0,0.6848,1. 68,1.68,1.0,전치,[전치] 
지가,2020,110,5. 시도별 지가 변동률(평균) (계속),Ⅰ. 국토/인구/가구,?,경남,col-ko,0,0.7515,2.22,2.22,1.0,전치,[전치] 
지가,2020,110,5. 시도별 지가 변동률(평균) (계속),Ⅰ. 국토/인구/가구,?,제주,col-en,0,0.8172,1.67,1.67,1.0,전치,[전치] 
지가,2020,110,5. 시도별 지가 변동률(평균) (계속),Ⅰ. 국토/인구/가구,?,대전,col-ko,0,0.0852,-0.97,-0.97,0.5,전치,[전치] 
지가,2020,110,5. 시도별 지가 변동률(평균) (계속),Ⅰ. 국토/인구/가구,?,경기,col-ko,0,0.2885,-0.27,-0.27,0.5,전치,[전치] 
지가,2020,110,5. 시도별 지가 변동률(평균) (계속),Ⅰ. 국토/인구/가구,?,강원,col-ko,0,0.3542,0. 38,0.38,0.5,전치,[전치] 
지가,2020,110,5. 시도별 지가 변동률(평균) (계속),Ⅰ. 국토/인구/가구,?,충남,col-ko,0,0.4856,-0. 12,-0.12,1.0,전치,[전치] 
지가,2020,110,5. 시도별 지가 변동률(평균) (계속),Ⅰ. 국토/인구/가구,?,전북,col-ko,0,0.5534,2.58,2.58,1.0,전치,[전치] 
지가,2020,110,5. 시도별 지가 변동률(평균) (계속),Ⅰ. 국토/인구/가구,?,전남,col-ko,0,0.6191,0. 26,0.26,0.5,전치,[전치] 
지가,2020,110,5. 시도별 지가 변동률(평균) (계속),Ⅰ. 국토/인구/가구,?,경남,col-ko,0,0.7515,0.11,0.11,0.5,전치,[전치] 
지가,2020,110,5. 시도별 지가 변동률(평균) (계속),Ⅰ. 국토/인구/가구,?,대전,col-ko,0,0.0852,0.26,0.26,0.5,전치,[전치] 
지가,2020,110,5. 시도별 지가 변동률(평균) (계속),Ⅰ. 국토/인구/가구,?,울산,col-ko,0,0.153,0.31,0.31,0.5,전치,[전치] 
지가,2020,110,5. 시도별 지가 변동률(평균) (계속),Ⅰ. 국토/인구/가구,?,경기,col-ko,0,0.2885,1.22,1.22,1.0,전치,[전치] 
지가,2020,110,5. 시도별 지가 변동률(평균) (계속),Ⅰ. 국토/인구/가구,?,강원,col-ko,0,0.3542,0. 34,0.34,0.5,전치,[전치] 
지가,2020,110,5. 시도별 지가 변동률(평균) (계속),Ⅰ. 국토/인구/가구,?,충남,col-ko,0,0.4856,0. 26,0.26,1.0,전치,[전치] 
지가,2020,110,5. 시도별 지가 변동률(평균) (계속),Ⅰ. 국토/인구/가구,?,전북,col-ko,0,0.5534,-0. 53,-0.53,0.5,전치,[전치] 
지가,2020,110,5. 시도별 지가 변동률(평균) (계속),Ⅰ. 국토/인구/가구,?,전남,col-ko,0,0.6191,0.35,0.35,1.0,전치,[전치] 
지가,2020,110,5. 시도별 지가 변동률(평균) (계속),Ⅰ. 국토/인구/가구,?,경북,col-ko,0,0.6848,0. 48,0.48,1.0,전치,[전치] 
지가,2020,110,5. 시도별 지가 변동률(평균) (계속),Ⅰ. 국토/인구/가구,?,경남,col-ko,0,0.7515,0. 44,0.44,0.5,전치,[전치] 
지가,2020,110,5. 시도별 지가 변동률(평균) (계속),Ⅰ. 국토/인구/가구,?,대전,col-ko,0,0.0852,1.55,1.55,0.3,전치|저신뢰,[전치] 
지가,2020,110,5. 시도별 지가 변동률(평균) (계속),Ⅰ. 국토/인구/가구,?,울산,col-ko,0,0.153,0. 74,0.74,1.0,전치,[전치] 
지가,2020,110,5. 시도별 지가 변동률(평균) (계속),Ⅰ. 국토/인구/가구,?,경기,col-ko,0,0.2885,1. 49,1.49,0.5,전치,[전치] 
지가,2020,110,5. 시도별 지가 변동률(평균) (계속),Ⅰ. 국토/인구/가구,?,강원,col-ko,0,0.3542,0.84,0.84,1.0,전치,[전치] 
지가,2020,110,5. 시도별 지가 변동률(평균) (계속),Ⅰ. 국토/인구/가구,?,충북,col-ko,0,0.4209,0.65,0.65,1.0,전치,[전치] 
지가,2020,110,5. 시도별 지가 변동률(평균) (계속),Ⅰ. 국토/인구/가구,?,충남,col-ko,0,0.4856,1. 16,1.16,1.0,전치,[전치] 
지가,2020,110,5. 시도별 지가 변동률(평균) (계속),Ⅰ. 국토/인구/가구,?,전북,col-ko,0,0.5534,0.66,0.66,1.0,전치,[전치] 
지가,2020,110,5. 시도별 지가 변동률(평균) (계속),Ⅰ. 국토/인구/가구,?,전남,col-ko,0,0.6191,1. 13,1.13,0.5,전치,[전치] 
지가,2020,110,5. 시도별 지가 변동률(평균) (계속),Ⅰ. 국토/인구/가구,?,경북,col-ko,0,0.6848,1. 14,1.14,0.5,전치,[전치] 
지가,2020,110,5. 시도별 지가 변동률(평균) (계속),Ⅰ. 국토/인구/가구,?,경남,col-ko,0,0.7515,1.29,1.29,1.0,전치,[전치] 
지가,2020,110,5. 시도별 지가 변동률(평균) (계속),Ⅰ. 국토/인구/가구,?,제주,col-en,0,0.8172,1.07,1.07,1.0,전치,[전치] 
지가,2020,110,5. 시도별 지가 변동률(평균) (계속),Ⅰ. 국토/인구/가구,?,대전,col-ko,0,0.0852,1. 47,1.47,0.5,전치,[전치] 
지가,2020,110,5. 시도별 지가 변동률(평균) (계속),Ⅰ. 국토/인구/가구,?,울산,col-ko,0,0.153,1.09,1.09,0.5,전치,[전치] 
지가,2020,110,5. 시도별 지가 변동률(평균) (계속),Ⅰ. 국토/인구/가구,?,경기,col-ko,0,0.2885,1.47,1.47,1.0,전치,[전치] 
지가,2020,110,5. 시도별 지가 변동률(평균) (계속),Ⅰ. 국토/인구/가구,?,강원,col-ko,0,0.3542,1.42,1.42,1.0,전치,[전치] 
지가,2020,110,5. 시도별 지가 변동률(평균) (계속),Ⅰ. 국토/인구/가구,?,충북,col-ko,0,0.4209,0.59,0.59,1.0,전치,[전치] 
지가,2020,110,5. 시도별 지가 변동률(평균) (계속),Ⅰ. 국토/인구/가구,?,충남,col-ko,0,0.4856,0.76,0.76,0.5,전치,[전치] 
지가,2020,110,5. 시도별 지가 변동률(평균) (계속),Ⅰ. 국토/인구/가구,?,전북,col-ko,0,0.5534,0.77,0.77,1.0,전치,[전치] 
지가,2020,110,5. 시도별 지가 변동률(평균) (계속),Ⅰ. 국토/인구/가구,?,전남,col-ko,0,0.6191,0. 95,0.95,0.5,전치,[전치] 
지가,2020,110,5. 시도별 지가 변동률(평균) (계속),Ⅰ. 국토/인구/가구,?,경북,col-ko,0,0.6848,1. 11,1.11,0.3,전치|저신뢰,[전치] 
지가,2020,110,5. 시도별 지가 변동률(평균) (계속),Ⅰ. 국토/인구/가구,?,경남,col-ko,0,0.7515,1.63,1.63,1.0,전치,[전치] 
지가,2020,110,5. 시도별 지가 변동률(평균) (계속),Ⅰ. 국토/인구/가구,?,제주,col-en,0,0.8172,0. 92,0.92,0.5,전치,[전치] 
지가,2020,110,5. 시도별 지가 변동률(평균) (계속),Ⅰ. 국토/인구/가구,?,대전,col-ko,0,0.0852,1.25,1.25,0.5,전치,[전치] 
지가,2020,110,5. 시도별 지가 변동률(평균) (계속),Ⅰ. 국토/인구/가구,?,울산,col-ko,0,0.153,1.65,1.65,1.0,전치,[전치] 
지가,2020,110,5. 시도별 지가 변동률(평균) (계속),Ⅰ. 국토/인구/가구,?,경기,col-ko,0,0.2885,1. 04,1.04,0.5,전치,[전치] 
지가,2020,110,5. 시도별 지가 변동률(평균) (계속),Ⅰ. 국토/인구/가구,?,강원,col-ko,0,0.3542,1.79,1.79,0.5,전치,[전치] 
지가,2020,110,5. 시도별 지가 변동률(평균) (계속),Ⅰ. 국토/인구/가구,?,충북,col-ko,0,0.4209,1. 09,1.09,1.0,전치,[전치] 
지가,2020,110,5. 시도별 지가 변동률(평균) (계속),Ⅰ. 국토/인구/가구,?,충남,col-ko,0,0.4856,0. 88,0.88,1.0,전치,[전치] 
지가,2020,110,5. 시도별 지가 변동률(평균) (계속),Ⅰ. 국토/인구/가구,?,전북,col-ko,0,0.5534,1.43,1.43,0.5,전치,[전치] 
지가,2020,110,5. 시도별 지가 변동률(평균) (계속),Ⅰ. 국토/인구/가구,?,전남,col-ko,0,0.6191,1.35,1.35,1.0,전치,[전치] 
지가,2020,110,5. 시도별 지가 변동률(평균) (계속),Ⅰ. 국토/인구/가구,?,경북,col-ko,0,0.6848,1. 40,1.4,0.5,전치,[전치] 
지가,2020,110,5. 시도별 지가 변동률(평균) (계속),Ⅰ. 국토/인구/가구,?,경남,col-ko,0,0.7515,1.67,1.67,1.0,전치,[전치] 
지가,2020,110,5. 시도별 지가 변동률(평균) (계속),Ⅰ. 국토/인구/가구,?,제주,col-en,0,0.8172,1.25,1.25,1.0,전치,[전치] 
지가,2020,110,5. 시도별 지가 변동률(평균) (계속),Ⅰ. 국토/인구/가구,?,대전,col-ko,0,0.0852,1.01,1.01,0.5,전치,[전치] 
지가,2020,110,5. 시도별 지가 변동률(평균) (계속),Ⅰ. 국토/인구/가구,?,울산,col-ko,0,0.153,1.37,1.37,1.0,전치,[전치] 
지가,2020,110,5. 시도별 지가 변동률(평균) (계속),Ⅰ. 국토/인구/가구,?,경기,col-ko,0,0.2885,0.91,0.91,0.5,전치,[전치] 
지가,2020,110,5. 시도별 지가 변동률(평균) (계속),Ⅰ. 국토/인구/가구,?,강원,col-ko,0,0.3542,1.29,1.29,1.0,전치,[전치] 
지가,2020,110,5. 시도별 지가 변동률(평균) (계속),Ⅰ. 국토/인구/가구,?,충북,col-ko,0,0.4209,1.02,1.02,1.0,전치,[전치] 
지가,2020,110,5. 시도별 지가 변동률(평균) (계속),Ⅰ. 국토/인구/가구,?,충남,col-ko,0,0.4856,0. 78,0.78,0.5,전치,[전치] 
지가,2020,110,5. 시도별 지가 변동률(평균) (계속),Ⅰ. 국토/인구/가구,?,전북,col-ko,0,0.5534,1. 04,1.04,1.0,전치,[전치] 
지가,2020,110,5. 시도별 지가 변동률(평균) (계속),Ⅰ. 국토/인구/가구,?,전남,col-ko,0,0.6191,0. 96,0.96,1.0,전치,[전치] 
지가,2020,110,5. 시도별 지가 변동률(평균) (계속),Ⅰ. 국토/인구/가구,?,경북,col-ko,0,0.6848,1. 49,1.49,1.0,전치,[전치] 
지가,2020,110,5. 시도별 지가 변동률(평균) (계속),Ⅰ. 국토/인구/가구,?,경남,col-ko,0,0.7515,1. 49,1.49,1.0,전치,[전치] 
지가,2020,110,5. 시도별 지가 변동률(평균) (계속),Ⅰ. 국토/인구/가구,?,제주,col-en,0,0.8172,1.42,1.42,1.0,전치,[전치] 
지가,2020,110,5. 시도별 지가 변동률(평균) (계속),Ⅰ. 국토/인구/가구,?,대전,col-ko,0,0.0852,1. 84,1.84,1.0,전치,[전치] 
지가,2020,110,5. 시도별 지가 변동률(평균) (계속),Ⅰ. 국토/인구/가구,?,울산,col-ko,0,0.153,1.85,1.85,1.0,전치,[전치] 
지가,2020,110,5. 시도별 지가 변동률(평균) (계속),Ⅰ. 국토/인구/가구,?,경기,col-ko,0,0.2885,1.24,1.24,1.0,전치,[전치] 
지가,2020,110,5. 시도별 지가 변동률(평균) (계속),Ⅰ. 국토/인구/가구,?,강원,col-ko,0,0.3542,1.76,1.76,0.5,전치,[전치] 
지가,2020,110,5. 시도별 지가 변동률(평균) (계속),Ⅰ. 국토/인구/가구,?,충북,col-ko,0,0.4209,1.69,1.69,0.5,전치,[전치] 
지가,2020,110,5. 시도별 지가 변동률(평균) (계속),Ⅰ. 국토/인구/가구,?,충남,col-ko,0,0.4856,1.39,1.39,0.3,전치|저신뢰,[전치] 
지가,2020,110,5. 시도별 지가 변동률(평균) (계속),Ⅰ. 국토/인구/가구,?,전북,col-ko,0,0.5534,1.58,1.58,1.0,전치,[전치] 
지가,2020,110,5. 시도별 지가 변동률(평균) (계속),Ⅰ. 국토/인구/가구,?,전남,col-ko,0,0.6191,1. 80,1.8,1.0,전치,[전치] 
지가,2020,110,5. 시도별 지가 변동률(평균) (계속),Ⅰ. 국토/인구/가구,?,경북,col-ko,0,0.6848,2.42,2.42,0.5,전치,[전치] 
지가,2020,110,5. 시도별 지가 변동률(평균) (계속),Ⅰ. 국토/인구/가구,?,경남,col-ko,0,0.7515,1.97,1.97,1.0,전치,[전치] 
지가,2020,110,5. 시도별 지가 변동률(평균) (계속),Ⅰ. 국토/인구/가구,?,제주,col-en,0,0.8172,3.73,3.73,1.0,전치,[전치] 
지가,2020,110,5. 시도별 지가 변동률(평균) (계속),Ⅰ. 국토/인구/가구,?,대전,col-ko,0,0.0852,3.11,3.11,0.5,전치,[전치] 
지가,2020,110,5. 시도별 지가 변동률(평균) (계속),Ⅰ. 국토/인구/가구,?,울산,col-ko,0,0.153,2.52,2.52,1.0,전치,[전치] 
지가,2020,110,5. 시도별 지가 변동률(평균) (계속),Ⅰ. 국토/인구/가구,?,경기,col-ko,0,0.2885,1.73,1.73,1.0,전치,[전치] 
지가,2020,110,5. 시도별 지가 변동률(평균) (계속),Ⅰ. 국토/인구/가구,?,강원,col-ko,0,0.3542,2.64,2.64,1.0,전치,[전치] 
지가,2020,110,5. 시도별 지가 변동률(평균) (계속),Ⅰ. 국토/인구/가구,?,충북,col-ko,0,0.4209,1. 90,1.9,1.0,전치,[전치] 
지가,2020,110,5. 시도별 지가 변동률(평균) (계속),Ⅰ. 국토/인구/가구,?,충남,col-ko,0,0.4856,1.51,1.51,1.0,전치,[전치] 
지가,2020,110,5. 시도별 지가 변동률(평균) (계속),Ⅰ. 국토/인구/가구,?,전북,col-ko,0,0.5534,2.31,2.31,0.5,전치,[전치] 
지가,2020,110,5. 시도별 지가 변동률(평균) (계속),Ⅰ. 국토/인구/가구,?,전남,col-ko,0,0.6191,2.80,2.8,1.0,전치,[전치] 
지가,2020,110,5. 시도별 지가 변동률(평균) (계속),Ⅰ. 국토/인구/가구,?,경북,col-ko,0,0.6848,2.65,2.65,1.0,전치,[전치] 
지가,2020,110,5. 시도별 지가 변동률(평균) (계속),Ⅰ. 국토/인구/가구,?,경남,col-ko,0,0.7515,2.23,2.23,1.0,전치,[전치] 
지가,2020,110,5. 시도별 지가 변동률(평균) (계속),Ⅰ. 국토/인구/가구,?,제주,col-en,0,0.8172,7.57,7.57,0.3,전치|저신뢰,[전치] 
지가,2020,110,5. 시도별 지가 변동률(평균) (계속),Ⅰ. 국토/인구/가구,?,대전,col-ko,0,0.0852,3. 45,3.45,0.5,전치,[전치] 
지가,2020,110,5. 시도별 지가 변동률(평균) (계속),Ⅰ. 국토/인구/가구,?,울산,col-ko,0,0.153,2.35,2.35,1.0,전치,[전치] 
지가,2020,110,5. 시도별 지가 변동률(평균) (계속),Ⅰ. 국토/인구/가구,?,경기,col-ko,0,0.2885,2.23,2.23,1.0,전치,[전치] 
지가,2020,110,5. 시도별 지가 변동률(평균) (계속),Ⅰ. 국토/인구/가구,?,강원,col-ko,0,0.3542,2.92,2.92,1.0,전치,[전치] 
지가,2020,110,5. 시도별 지가 변동률(평균) (계속),Ⅰ. 국토/인구/가구,?,충북,col-ko,0,0.4209,1.92,1.92,0.3,전치|저신뢰,[전치] 
지가,2020,110,5. 시도별 지가 변동률(평균) (계속),Ⅰ. 국토/인구/가구,?,충남,col-ko,0,0.4856,1. 90,1.9,1.0,전치,[전치] 
지가,2020,110,5. 시도별 지가 변동률(평균) (계속),Ⅰ. 국토/인구/가구,?,전북,col-ko,0,0.5534,2. 15,2.15,0.5,전치,[전치] 
지가,2020,110,5. 시도별 지가 변동률(평균) (계속),Ⅰ. 국토/인구/가구,?,전남,col-ko,0,0.6191,2.60,2.6,1.0,전치,[전치] 
지가,2020,110,5. 시도별 지가 변동률(평균) (계속),Ⅰ. 국토/인구/가구,?,경북,col-ko,0,0.6848,2.54,2.54,1.0,전치,[전치] 
지가,2020,110,5. 시도별 지가 변동률(평균) (계속),Ⅰ. 국토/인구/가구,?,경남,col-ko,0,0.7515,2.36,2.36,0.5,전치,[전치] 
지가,2020,110,5. 시도별 지가 변동률(평균) (계속),Ⅰ. 국토/인구/가구,?,제주,col-en,0,0.8172,8.33,8.33,0.5,전치,[전치] 
지가,2020,110,5. 시도별 지가 변동률(평균) (계속),Ⅰ. 국토/인구/가구,?,대전,col-ko,0,0.0852,3. 36,3.36,0.5,전치,[전치] 
지가,2020,110,5. 시도별 지가 변동률(평균) (계속),Ⅰ. 국토/인구/가구,?,울산,col-ko,0,0.153,3. 54,3.54,0.5,전치,[전치] 
지가,2020,110,5. 시도별 지가 변동률(평균) (계속),Ⅰ. 국토/인구/가구,?,경기,col-ko,0,0.2885,3.45,3.45,1.0,전치,[전치] 
지가,2020,110,5. 시도별 지가 변동률(평균) (계속),Ⅰ. 국토/인구/가구,?,강원,col-ko,0,0.3542,3. 82,3.82,1.0,전치,[전치] 
지가,2020,110,5. 시도별 지가 변동률(평균) (계속),Ⅰ. 국토/인구/가구,?,충북,col-ko,0,0.4209,3. 08,3.08,0.5,전치,[전치] 
지가,2020,110,5. 시도별 지가 변동률(평균) (계속),Ⅰ. 국토/인구/가구,?,충남,col-ko,0,0.4856,2.98,2.98,0.3,전치|저신뢰,[전치] 
지가,2020,110,5. 시도별 지가 변동률(평균) (계속),Ⅰ. 국토/인구/가구,?,전북,col-ko,0,0.5534,3.33,3.33,0.5,전치,[전치] 
지가,2020,110,5. 시도별 지가 변동률(평균) (계속),Ⅰ. 국토/인구/가구,?,전남,col-ko,0,0.6191,3. 90,3.9,0.3,전치|저신뢰,[전치] 
지가,2020,110,5. 시도별 지가 변동률(평균) (계속),Ⅰ. 국토/인구/가구,?,경북,col-ko,0,0.6848,3. 09,3.09,1.0,전치,[전치] 
지가,2020,110,5. 시도별 지가 변동률(평균) (계속),Ⅰ. 국토/인구/가구,?,경남,col-ko,0,0.7515,3. 09,3.09,1.0,전치,[전치] 
지가,2020,110,5. 시도별 지가 변동률(평균) (계속),Ⅰ. 국토/인구/가구,?,제주,col-en,0,0.8172,5. 46,5.46,0.5,전치,[전치] 
지가,2020,110,5. 시도별 지가 변동률(평균) (계속),Ⅰ. 국토/인구/가구,?,대전,col-ko,0,0.0852,3. 34,3.34,0.5,전치,[전치] 
지가,2020,110,5. 시도별 지가 변동률(평균) (계속),Ⅰ. 국토/인구/가구,?,울산,col-ko,0,0.153,2.65,2.65,1.0,전치,[전치] 
지가,2020,110,5. 시도별 지가 변동률(평균) (계속),Ⅰ. 국토/인구/가구,?,경기,col-ko,0,0.2885,4.42,4.42,0.5,전치,[전치] 
지가,2020,110,5. 시도별 지가 변동률(평균) (계속),Ⅰ. 국토/인구/가구,?,강원,col-ko,0,0.3542,3.58,3.58,1.0,전치,[전치] 
지가,2020,110,5. 시도별 지가 변동률(평균) (계속),Ⅰ. 국토/인구/가구,?,충북,col-ko,0,0.4209,3.16,3.16,1.0,전치,[전치] 
지가,2020,110,5. 시도별 지가 변동률(평균) (계속),Ⅰ. 국토/인구/가구,?,충남,col-ko,0,0.4856,2. 28,2.28,1.0,전치,[전치] 
지가,2020,110,5. 시도별 지가 변동률(평균) (계속),Ⅰ. 국토/인구/가구,?,전북,col-ko,0,0.5534,2.72,2.72,1.0,전치,[전치] 
지가,2020,110,5. 시도별 지가 변동률(평균) (계속),Ⅰ. 국토/인구/가구,?,전남,col-ko,0,0.6191,4.00,4.0,0.3,전치|저신뢰,[전치] 
지가,2020,110,5. 시도별 지가 변동률(평균) (계속),Ⅰ. 국토/인구/가구,?,경북,col-ko,0,0.6848,2.86,2.86,1.0,전치,[전치] 
지가,2020,110,5. 시도별 지가 변동률(평균) (계속),Ⅰ. 국토/인구/가구,?,경남,col-ko,0,0.7515,2.20,2.2,1.0,전치,[전치] 
지가,2020,110,5. 시도별 지가 변동률(평균) (계속),Ⅰ. 국토/인구/가구,?,제주,col-en,0,0.8172,4. 99,4.99,0.5,전치,[전치] 
지가,2020,110,5. 시도별 지가 변동률(평균) (계속),Ⅰ. 국토/인구/가구,?,대전,col-ko,0,0.0852,4. 25,4.25,0.5,전치,[전치] 
지가,2020,110,5. 시도별 지가 변동률(평균) (계속),Ⅰ. 국토/인구/가구,?,울산,col-ko,0,0.153,0.35,0.35,0.5,전치,[전치] 
지가,2020,110,5. 시도별 지가 변동률(평균) (계속),Ⅰ. 국토/인구/가구,?,경기,col-ko,0,0.2885,4. 29,4.29,0.5,전치,[전치] 
지가,2020,110,5. 시도별 지가 변동률(평균) (계속),Ⅰ. 국토/인구/가구,?,강원,col-ko,0,0.3542,2.66,2.66,1.0,전치,[전치] 
지가,2020,110,5. 시도별 지가 변동률(평균) (계속),Ⅰ. 국토/인구/가구,?,충북,col-ko,0,0.4209,2.22,2.22,1.0,전치,[전치] 
지가,2020,110,5. 시도별 지가 변동률(평균) (계속),Ⅰ. 국토/인구/가구,?,충남,col-ko,0,0.4856,1. 63,1.63,1.0,전치,[전치] 
지가,2020,110,5. 시도별 지가 변동률(평균) (계속),Ⅰ. 국토/인구/가구,?,전북,col-ko,0,0.5534,2.60,2.6,1.0,전치,[전치] 
지가,2020,110,5. 시도별 지가 변동률(평균) (계속),Ⅰ. 국토/인구/가구,?,전남,col-ko,0,0.6191,3. 90,3.9,0.5,전치,[전치] 
지가,2020,110,5. 시도별 지가 변동률(평균) (계속),Ⅰ. 국토/인구/가구,?,경북,col-ko,0,0.6848,2.38,2.38,0.5,전치,[전치] 
지가,2020,110,5. 시도별 지가 변동률(평균) (계속),Ⅰ. 국토/인구/가구,?,경남,col-ko,0,0.7515,0. 56,0.56,1.0,전치,[전치] 
지가,2020,110,5. 시도별 지가 변동률(평균) (계속),Ⅰ. 국토/인구/가구,?,제주,col-en,0,0.8172,-1. 77,-1.77,0.5,전치,[전치] 
지가,2020,110,5. 시도별 지가 변동률(평균) (계속),Ⅰ. 국토/인구/가구,?,대전,col-ko,0,0.0852,4. 58,4.58,0.5,전치,[전치] 
지가,2020,110,5. 시도별 지가 변동률(평균) (계속),Ⅰ. 국토/인구/가구,?,울산,col-ko,0,0.153,1.64,1.64,0.5,전치,[전치] 
지가,2020,110,5. 시도별 지가 변동률(평균) (계속),Ⅰ. 국토/인구/가구,?,경기,col-ko,0,0.2885,3. 98,3.98,0.5,전치,[전치] 
지가,2020,110,5. 시도별 지가 변동률(평균) (계속),Ⅰ. 국토/인구/가구,?,강원,col-ko,0,0.3542,2.16,2.16,0.5,전치,[전치] 
지가,2020,110,5. 시도별 지가 변동률(평균) (계속),Ⅰ. 국토/인구/가구,?,충북,col-ko,0,0.4209,2.27,2.27,0.5,전치,[전치] 
지가,2020,110,5. 시도별 지가 변동률(평균) (계속),Ⅰ. 국토/인구/가구,?,충남,col-ko,0,0.4856,2. 08,2.08,0.5,전치,[전치] 
지가,2020,110,5. 시도별 지가 변동률(평균) (계속),Ⅰ. 국토/인구/가구,?,전북,col-ko,0,0.5534,2.37,2.37,1.0,전치,[전치] 
지가,2020,110,5. 시도별 지가 변동률(평균) (계속),Ⅰ. 국토/인구/가구,?,전남,col-ko,0,0.6191,3.32,3.32,0.5,전치,[전치] 
지가,2020,110,5. 시도별 지가 변동률(평균) (계속),Ⅰ. 국토/인구/가구,?,경북,col-ko,0,0.6848,1.85,1.85,1.0,전치,[전치] 
지가,2020,110,5. 시도별 지가 변동률(평균) (계속),Ⅰ. 국토/인구/가구,?,경남,col-ko,0,0.7515,0. 72,0.72,0.5,전치,[전치] 
지가,2021,109,5. 시도별 지가 변동률(평균),Ⅰ. 국토/인구/가구,2000,전국,col-ko,0,0.1909,0.67,0.67,1.0,전치,[전치] 5. 시도별 지가 변동률(평균) | 2000
지가,2021,109,5. 시도별 지가 변동률(평균),Ⅰ. 국토/인구/가구,2000,서울,col-ko,0,0.5965,0.05,0.05,1.0,전치,[전치] 5. 시도별 지가 변동률(평균) | 2000
지가,2021,109,5. 시도별 지가 변동률(평균),Ⅰ. 국토/인구/가구,2000,부산,col-ko,0,0.6624,-0.53,-0.53,1.0,전치,[전치] 5. 시도별 지가 변동률(평균) | 2000
지가,2021,109,5. 시도별 지가 변동률(평균),Ⅰ. 국토/인구/가구,2000,대구,col-ko,0,0.7283,-1.05,-1.05,1.0,전치,[전치] 5. 시도별 지가 변동률(평균) | 2000
지가,2021,109,5. 시도별 지가 변동률(평균),Ⅰ. 국토/인구/가구,2000,인천,col-ko,0,0.7953,1.07,1.07,1.0,전치,[전치] 5. 시도별 지가 변동률(평균) | 2000
지가,2021,109,5. 시도별 지가 변동률(평균),Ⅰ. 국토/인구/가구,2000,광주,col-ko,0,0.8622,-0.31,-0.31,1.0,전치,[전치] 5. 시도별 지가 변동률(평균) | 2000
지가,2021,109,5. 시도별 지가 변동률(평균),Ⅰ. 국토/인구/가구,2001,전국,col-ko,0,0.1909,1.32,1.32,1.0,전치,[전치] 5. 시도별 지가 변동률(평균) | 2001
지가,2021,109,5. 시도별 지가 변동률(평균),Ⅰ. 국토/인구/가구,2001,서울,col-ko,0,0.5965,1.89,1.89,1.0,전치,[전치] 5. 시도별 지가 변동률(평균) | 2001
지가,2021,109,5. 시도별 지가 변동률(평균),Ⅰ. 국토/인구/가구,2001,부산,col-ko,0,0.6624,0.49,0.49,1.0,전치,[전치] 5. 시도별 지가 변동률(평균) | 2001
지가,2021,109,5. 시도별 지가 변동률(평균),Ⅰ. 국토/인구/가구,2001,대구,col-ko,0,0.7283,0.42,0.42,1.0,전치,[전치] 5. 시도별 지가 변동률(평균) | 2001
지가,2021,109,5. 시도별 지가 변동률(평균),Ⅰ. 국토/인구/가구,2001,광주,col-ko,0,0.8622,-0.37,-0.37,1.0,전치,[전치] 5. 시도별 지가 변동률(평균) | 2001
지가,2021,109,5. 시도별 지가 변동률(평균),Ⅰ. 국토/인구/가구,2002,전국,col-ko,0,0.1909,8.98,8.98,1.0,전치,[전치] 5. 시도별 지가 변동률(평균) | 2002
지가,2021,109,5. 시도별 지가 변동률(평균),Ⅰ. 국토/인구/가구,2002,서울,col-ko,0,0.5965,15.81,15.81,1.0,전치,[전치] 5. 시도별 지가 변동률(평균) | 2002
지가,2021,109,5. 시도별 지가 변동률(평균),Ⅰ. 국토/인구/가구,2002,부산,col-ko,0,0.6624,3.28,3.28,1.0,전치,[전치] 5. 시도별 지가 변동률(평균) | 2002
지가,2021,109,5. 시도별 지가 변동률(평균),Ⅰ. 국토/인구/가구,2002,대구,col-ko,0,0.7283,2.09,2.09,1.0,전치,[전치] 5. 시도별 지가 변동률(평균) | 2002
지가,2021,109,5. 시도별 지가 변동률(평균),Ⅰ. 국토/인구/가구,2002,인천,col-ko,0,0.7953,11.51,11.51,1.0,전치,[전치] 5. 시도별 지가 변동률(평균) | 2002
지가,2021,109,5. 시도별 지가 변동률(평균),Ⅰ. 국토/인구/가구,2002,광주,col-ko,0,0.8622,1.03,1.03,1.0,전치,[전치] 5. 시도별 지가 변동률(평균) | 2002
지가,2021,109,5. 시도별 지가 변동률(평균),Ⅰ. 국토/인구/가구,2003,전국,col-ko,0,0.1909,3.43,3.43,1.0,전치,[전치] 5. 시도별 지가 변동률(평균) | 2003
지가,2021,109,5. 시도별 지가 변동률(평균),Ⅰ. 국토/인구/가구,2003,서울,col-ko,0,0.5965,5.23,5.23,1.0,전치,[전치] 5. 시도별 지가 변동률(평균) | 2003
지가,2021,109,5. 시도별 지가 변동률(평균),Ⅰ. 국토/인구/가구,2003,부산,col-ko,0,0.6624,1.09,1.09,1.0,전치,[전치] 5. 시도별 지가 변동률(평균) | 2003
지가,2021,109,5. 시도별 지가 변동률(평균),Ⅰ. 국토/인구/가구,2003,대구,col-ko,0,0.7283,1.54,1.54,1.0,전치,[전치] 5. 시도별 지가 변동률(평균) | 2003
지가,2021,109,5. 시도별 지가 변동률(평균),Ⅰ. 국토/인구/가구,2003,인천,col-ko,0,0.7953,2.50,2.5,1.0,전치,[전치] 5. 시도별 지가 변동률(평균) | 2003
지가,2021,109,5. 시도별 지가 변동률(평균),Ⅰ. 국토/인구/가구,2003,광주,col-ko,0,0.8622,0.91,0.91,1.0,전치,[전치] 5. 시도별 지가 변동률(평균) | 2003
지가,2021,109,5. 시도별 지가 변동률(평균),Ⅰ. 국토/인구/가구,2004,전국,col-ko,0,0.1909,3.86,3.86,1.0,전치,[전치] 5. 시도별 지가 변동률(평균) | 2004
지가,2021,109,5. 시도별 지가 변동률(평균),Ⅰ. 국토/인구/가구,2004,서울,col-ko,0,0.5965,4.09,4.09,1.0,전치,[전치] 5. 시도별 지가 변동률(평균) | 2004
지가,2021,109,5. 시도별 지가 변동률(평균),Ⅰ. 국토/인구/가구,2004,부산,col-ko,0,0.6624,0.89,0.89,1.0,전치,[전치] 5. 시도별 지가 변동률(평균) | 2004
지가,2021,109,5. 시도별 지가 변동률(평균),Ⅰ. 국토/인구/가구,2004,대구,col-ko,0,0.7283,1.58,1.58,1.0,전치,[전치] 5. 시도별 지가 변동률(평균) | 2004
지가,2021,109,5. 시도별 지가 변동률(평균),Ⅰ. 국토/인구/가구,2004,인천,col-ko,0,0.7953,4.32,4.32,0.5,전치,[전치] 5. 시도별 지가 변동률(평균) | 2004
지가,2021,109,5. 시도별 지가 변동률(평균),Ⅰ. 국토/인구/가구,2004,광주,col-ko,0,0.8622,0.68,0.68,1.0,전치,[전치] 5. 시도별 지가 변동률(평균) | 2004
지가,2021,109,5. 시도별 지가 변동률(평균),Ⅰ. 국토/인구/가구,2005,전국,col-ko,0,0.1909,4.99,4.99,1.0,전치,[전치] 5. 시도별 지가 변동률(평균) | 2005
지가,2021,109,5. 시도별 지가 변동률(평균),Ⅰ. 국토/인구/가구,2005,서울,col-ko,0,0.5965,6.56,6.56,1.0,전치,[전치] 5. 시도별 지가 변동률(평균) | 2005
지가,2021,109,5. 시도별 지가 변동률(평균),Ⅰ. 국토/인구/가구,2005,부산,col-ko,0,0.6624,1.86,1.86,1.0,전치,[전치] 5. 시도별 지가 변동률(평균) | 2005
지가,2021,109,5. 시도별 지가 변동률(평균),Ⅰ. 국토/인구/가구,2005,대구,col-ko,0,0.7283,3.32,3.32,1.0,전치,[전치] 5. 시도별 지가 변동률(평균) | 2005
지가,2021,109,5. 시도별 지가 변동률(평균),Ⅰ. 국토/인구/가구,2005,인천,col-ko,0,0.7953,4.94,4.94,1.0,전치,[전치] 5. 시도별 지가 변동률(평균) | 2005
지가,2021,109,5. 시도별 지가 변동률(평균),Ⅰ. 국토/인구/가구,2005,광주,col-ko,0,0.8622,1.87,1.87,1.0,전치,[전치] 5. 시도별 지가 변동률(평균) | 2005
지가,2021,109,5. 시도별 지가 변동률(평균),Ⅰ. 국토/인구/가구,2006,전국,col-ko,0,0.1909,5.62,5.62,1.0,전치,[전치] 5. 시도별 지가 변동률(평균) | 2006
지가,2021,109,5. 시도별 지가 변동률(평균),Ⅰ. 국토/인구/가구,2006,서울,col-ko,0,0.5965,9.17,9.17,1.0,전치,[전치] 5. 시도별 지가 변동률(평균) | 2006
지가,2021,109,5. 시도별 지가 변동률(평균),Ⅰ. 국토/인구/가구,2006,부산,col-ko,0,0.6624,2.50,2.5,1.0,전치,[전치] 5. 시도별 지가 변동률(평균) | 2006
지가,2021,109,5. 시도별 지가 변동률(평균),Ⅰ. 국토/인구/가구,2006,대구,col-ko,0,0.7283,4.19,4.19,1.0,전치,[전치] 5. 시도별 지가 변동률(평균) | 2006
지가,2021,109,5. 시도별 지가 변동률(평균),Ⅰ. 국토/인구/가구,2006,인천,col-ko,0,0.7953,5.58,5.58,1.0,전치,[전치] 5. 시도별 지가 변동률(평균) | 2006
지가,2021,109,5. 시도별 지가 변동률(평균),Ⅰ. 국토/인구/가구,2006,광주,col-ko,0,0.8622,1.44,1.44,0.5,전치,[전치] 5. 시도별 지가 변동률(평균) | 2006
지가,2021,109,5. 시도별 지가 변동률(평균),Ⅰ. 국토/인구/가구,2007,전국,col-ko,0,0.1909,3.89,3.89,1.0,전치,[전치] 5. 시도별 지가 변동률(평균) | 2007
지가,2021,109,5. 시도별 지가 변동률(평균),Ⅰ. 국토/인구/가구,2007,서울,col-ko,0,0.5965,5.88,5.88,1.0,전치,[전치] 5. 시도별 지가 변동률(평균) | 2007
지가,2021,109,5. 시도별 지가 변동률(평균),Ⅰ. 국토/인구/가구,2007,부산,col-ko,0,0.6624,2.16,2.16,1.0,전치,[전치] 5. 시도별 지가 변동률(평균) | 2007
지가,2021,109,5. 시도별 지가 변동률(평균),Ⅰ. 국토/인구/가구,2007,대구,col-ko,0,0.7283,2.91,2.91,0.3,전치|저신뢰,[전치] 5. 시도별 지가 변동률(평균) | 2007
지가,2021,109,5. 시도별 지가 변동률(평균),Ⅰ. 국토/인구/가구,2007,인천,col-ko,0,0.7953,4.85,4.85,1.0,전치,[전치] 5. 시도별 지가 변동률(평균) | 2007
지가,2021,109,5. 시도별 지가 변동률(평균),Ⅰ. 국토/인구/가구,2007,광주,col-ko,0,0.8622,0.94,0.94,1.0,전치,[전치] 5. 시도별 지가 변동률(평균) | 2007
지가,2021,109,5. 시도별 지가 변동률(평균),Ⅰ. 국토/인구/가구,2008,전국,col-ko,0,0.1909,-0.32,-0.32,1.0,전치,[전치] 5. 시도별 지가 변동률(평균) | 2008
지가,2021,109,5. 시도별 지가 변동률(평균),Ⅰ. 국토/인구/가구,2008,서울,col-ko,0,0.5965,-1.00,-1.0,1.0,전치,[전치] 5. 시도별 지가 변동률(평균) | 2008
지가,2021,109,5. 시도별 지가 변동률(평균),Ⅰ. 국토/인구/가구,2008,부산,col-ko,0,0.6624,-0.17,-0.17,1.0,전치,[전치] 5. 시도별 지가 변동률(평균) | 2008
지가,2021,109,5. 시도별 지가 변동률(평균),Ⅰ. 국토/인구/가구,2008,대구,col-ko,0,0.7283,-0.45,-0.45,1.0,전치,[전치] 5. 시도별 지가 변동률(평균) | 2008
지가,2021,109,5. 시도별 지가 변동률(평균),Ⅰ. 국토/인구/가구,2008,인천,col-ko,0,0.7953,1.37,1.37,1.0,전치,[전치] 5. 시도별 지가 변동률(평균) | 2008
지가,2021,109,5. 시도별 지가 변동률(평균),Ⅰ. 국토/인구/가구,2008,광주,col-ko,0,0.8622,-0.90,-0.9,1.0,전치,[전치] 5. 시도별 지가 변동률(평균) | 2008
지가,2021,109,5. 시도별 지가 변동률(평균),Ⅰ. 국토/인구/가구,2009,전국,col-ko,0,0.1909,0.96,0.96,1.0,전치,[전치] 5. 시도별 지가 변동률(평균) | 2009
지가,2021,109,5. 시도별 지가 변동률(평균),Ⅰ. 국토/인구/가구,2009,서울,col-ko,0,0.5965,1.40,1.4,1.0,전치,[전치] 5. 시도별 지가 변동률(평균) | 2009
지가,2021,109,5. 시도별 지가 변동률(평균),Ⅰ. 국토/인구/가구,2009,부산,col-ko,0,0.6624,0.11,0.11,1.0,전치,[전치] 5. 시도별 지가 변동률(평균) | 2009
지가,2021,109,5. 시도별 지가 변동률(평균),Ⅰ. 국토/인구/가구,2009,대구,col-ko,0,0.7283,0.28,0.28,1.0,전치,[전치] 5. 시도별 지가 변동률(평균) | 2009
지가,2021,109,5. 시도별 지가 변동률(평균),Ⅰ. 국토/인구/가구,2009,인천,col-ko,0,0.7953,1.99,1.99,1.0,전치,[전치] 5. 시도별 지가 변동률(평균) | 2009
지가,2021,109,5. 시도별 지가 변동률(평균),Ⅰ. 국토/인구/가구,2009,광주,col-ko,0,0.8622,0.33,0.33,1.0,전치,[전치] 5. 시도별 지가 변동률(평균) | 2009
지가,2021,109,5. 시도별 지가 변동률(평균),Ⅰ. 국토/인구/가구,2010,전국,col-ko,0,0.1909,1.05,1.05,1.0,전치,[전치] 5. 시도별 지가 변동률(평균) | 2010
지가,2021,109,5. 시도별 지가 변동률(평균),Ⅰ. 국토/인구/가구,2010,서울,col-ko,0,0.5965,0.53,0.53,1.0,전치,[전치] 5. 시도별 지가 변동률(평균) | 2010
지가,2021,109,5. 시도별 지가 변동률(평균),Ⅰ. 국토/인구/가구,2010,부산,col-ko,0,0.6624,1.22,1.22,1.0,전치,[전치] 5. 시도별 지가 변동률(평균) | 2010
지가,2021,109,5. 시도별 지가 변동률(평균),Ⅰ. 국토/인구/가구,2010,대구,col-ko,0,0.7283,1.40,1.4,1.0,전치,[전치] 5. 시도별 지가 변동률(평균) | 2010
지가,2021,109,5. 시도별 지가 변동률(평균),Ⅰ. 국토/인구/가구,2010,인천,col-ko,0,0.7953,1.43,1.43,1.0,전치,[전치] 5. 시도별 지가 변동률(평균) | 2010
지가,2021,109,5. 시도별 지가 변동률(평균),Ⅰ. 국토/인구/가구,2010,광주,col-ko,0,0.8622,0.67,0.67,1.0,전치,[전치] 5. 시도별 지가 변동률(평균) | 2010
지가,2021,109,5. 시도별 지가 변동률(평균),Ⅰ. 국토/인구/가구,2011,전국,col-ko,0,0.1909,1.17,1.17,1.0,전치,[전치] 5. 시도별 지가 변동률(평균) | 2011
지가,2021,109,5. 시도별 지가 변동률(평균),Ⅰ. 국토/인구/가구,2011,서울,col-ko,0,0.5965,0.97,0.97,1.0,전치,[전치] 5. 시도별 지가 변동률(평균) | 2011
지가,2021,109,5. 시도별 지가 변동률(평균),Ⅰ. 국토/인구/가구,2011,부산,col-ko,0,0.6624,1.58,1.58,1.0,전치,[전치] 5. 시도별 지가 변동률(평균) | 2011
지가,2021,109,5. 시도별 지가 변동률(평균),Ⅰ. 국토/인구/가구,2011,대구,col-ko,0,0.7283,1.40,1.4,1.0,전치,[전치] 5. 시도별 지가 변동률(평균) | 2011
지가,2021,109,5. 시도별 지가 변동률(평균),Ⅰ. 국토/인구/가구,2011,인천,col-ko,0,0.7953,0.66,0.66,1.0,전치,[전치] 5. 시도별 지가 변동률(평균) | 2011
지가,2021,109,5. 시도별 지가 변동률(평균),Ⅰ. 국토/인구/가구,2011,광주,col-ko,0,0.8622,0.75,0.75,1.0,전치,[전치] 5. 시도별 지가 변동률(평균) | 2011
지가,2021,109,5. 시도별 지가 변동률(평균),Ⅰ. 국토/인구/가구,2012,전국,col-ko,0,0.1909,0.96,0.96,1.0,전치,[전치] 5. 시도별 지가 변동률(평균) | 2012
지가,2021,109,5. 시도별 지가 변동률(평균),Ⅰ. 국토/인구/가구,2012,서울,col-ko,0,0.5965,0.38,0.38,1.0,전치,[전치] 5. 시도별 지가 변동률(평균) | 2012
지가,2021,109,5. 시도별 지가 변동률(평균),Ⅰ. 국토/인구/가구,2012,부산,col-ko,0,0.6624,1.73,1.73,1.0,전치,[전치] 5. 시도별 지가 변동률(평균) | 2012
지가,2021,109,5. 시도별 지가 변동률(평균),Ⅰ. 국토/인구/가구,2012,대구,col-ko,0,0.7283,1.58,1.58,1.0,전치,[전치] 5. 시도별 지가 변동률(평균) | 2012
지가,2021,109,5. 시도별 지가 변동률(평균),Ⅰ. 국토/인구/가구,2012,인천,col-ko,0,0.7953,0.46,0.46,1.0,전치,[전치] 5. 시도별 지가 변동률(평균) | 2012
지가,2021,109,5. 시도별 지가 변동률(평균),Ⅰ. 국토/인구/가구,2012,광주,col-ko,0,0.8622,1.15,1.15,1.0,전치,[전치] 5. 시도별 지가 변동률(평균) | 2012
지가,2021,109,5. 시도별 지가 변동률(평균),Ⅰ. 국토/인구/가구,2013,전국,col-ko,0,0.1909,1.14,1.14,1.0,전치,[전치] 5. 시도별 지가 변동률(평균) | 2013
지가,2021,109,5. 시도별 지가 변동률(평균),Ⅰ. 국토/인구/가구,2013,서울,col-ko,0,0.5965,1.21,1.21,1.0,전치,[전치] 5. 시도별 지가 변동률(평균) | 2013
지가,2021,109,5. 시도별 지가 변동률(평균),Ⅰ. 국토/인구/가구,2013,부산,col-ko,0,0.6624,1.57,1.57,1.0,전치,[전치] 5. 시도별 지가 변동률(평균) | 2013
지가,2021,109,5. 시도별 지가 변동률(평균),Ⅰ. 국토/인구/가구,2013,대구,col-ko,0,0.7283,1.68,1.68,1.0,전치,[전치] 5. 시도별 지가 변동률(평균) | 2013
지가,2021,109,5. 시도별 지가 변동률(평균),Ⅰ. 국토/인구/가구,2013,인천,col-ko,0,0.7953,0.87,0.87,1.0,전치,[전치] 5. 시도별 지가 변동률(평균) | 2013
지가,2021,109,5. 시도별 지가 변동률(평균),Ⅰ. 국토/인구/가구,2013,광주,col-ko,0,0.8622,0.75,0.75,1.0,전치,[전치] 5. 시도별 지가 변동률(평균) | 2013
지가,2021,109,5. 시도별 지가 변동률(평균),Ⅰ. 국토/인구/가구,2014,전국,col-ko,0,0.1909,1.96,1.96,1.0,전치,[전치] 5. 시도별 지가 변동률(평균) | 2014
지가,2021,109,5. 시도별 지가 변동률(평균),Ⅰ. 국토/인구/가구,2014,서울,col-ko,0,0.5965,2.66,2.66,1.0,전치,[전치] 5. 시도별 지가 변동률(평균) | 2014
지가,2021,109,5. 시도별 지가 변동률(평균),Ⅰ. 국토/인구/가구,2014,부산,col-ko,0,0.6624,2.28,2.28,1.0,전치,[전치] 5. 시도별 지가 변동률(평균) | 2014
지가,2021,109,5. 시도별 지가 변동률(평균),Ⅰ. 국토/인구/가구,2014,대구,col-ko,0,0.7283,3.15,3.15,1.0,전치,[전치] 5. 시도별 지가 변동률(평균) | 2014
지가,2021,109,5. 시도별 지가 변동률(평균),Ⅰ. 국토/인구/가구,2014,인천,col-ko,0,0.7953,1.35,1.35,1.0,전치,[전치] 5. 시도별 지가 변동률(평균) | 2014
지가,2021,109,5. 시도별 지가 변동률(평균),Ⅰ. 국토/인구/가구,2014,광주,col-ko,0,0.8622,1.31,1.31,1.0,전치,[전치] 5. 시도별 지가 변동률(평균) | 2014
지가,2021,109,5. 시도별 지가 변동률(평균),Ⅰ. 국토/인구/가구,2015,전국,col-ko,0,0.1909,2.40,2.4,1.0,전치,[전치] 5. 시도별 지가 변동률(평균) | 2015
지가,2021,109,5. 시도별 지가 변동률(평균),Ⅰ. 국토/인구/가구,2015,서울,col-ko,0,0.5965,2.69,2.69,1.0,전치,[전치] 5. 시도별 지가 변동률(평균) | 2015
지가,2021,109,5. 시도별 지가 변동률(평균),Ⅰ. 국토/인구/가구,2015,부산,col-ko,0,0.6624,3.09,3.09,1.0,전치,[전치] 5. 시도별 지가 변동률(평균) | 2015
지가,2021,109,5. 시도별 지가 변동률(평균),Ⅰ. 국토/인구/가구,2015,대구,col-ko,0,0.7283,4.06,4.06,1.0,전치,[전치] 5. 시도별 지가 변동률(평균) | 2015
지가,2021,109,5. 시도별 지가 변동률(평균),Ⅰ. 국토/인구/가구,2015,인천,col-ko,0,0.7953,1.95,1.95,1.0,전치,[전치] 5. 시도별 지가 변동률(평균) | 2015
지가,2021,109,5. 시도별 지가 변동률(평균),Ⅰ. 국토/인구/가구,2015,광주,col-ko,0,0.8622,2.87,2.87,1.0,전치,[전치] 5. 시도별 지가 변동률(평균) | 2015
지가,2021,109,5. 시도별 지가 변동률(평균),Ⅰ. 국토/인구/가구,2016,전국,col-ko,0,0.1909,2.70,2.7,1.0,전치,[전치] 5. 시도별 지가 변동률(평균) | 2016
지가,2021,109,5. 시도별 지가 변동률(평균),Ⅰ. 국토/인구/가구,2016,서울,col-ko,0,0.5965,2.97,2.97,1.0,전치,[전치] 5. 시도별 지가 변동률(평균) | 2016
지가,2021,109,5. 시도별 지가 변동률(평균),Ⅰ. 국토/인구/가구,2016,대구,col-ko,0,0.7283,3.93,3.93,1.0,전치,[전치] 5. 시도별 지가 변동률(평균) | 2016
지가,2021,109,5. 시도별 지가 변동률(평균),Ⅰ. 국토/인구/가구,2016,인천,col-ko,0,0.7953,1.74,1.74,1.0,전치,[전치] 5. 시도별 지가 변동률(평균) | 2016
지가,2021,109,5. 시도별 지가 변동률(평균),Ⅰ. 국토/인구/가구,2016,광주,col-ko,0,0.8622,2.82,2.82,1.0,전치,[전치] 5. 시도별 지가 변동률(평균) | 2016
지가,2021,109,5. 시도별 지가 변동률(평균),Ⅰ. 국토/인구/가구,2017,전국,col-ko,0,0.1909,3.88,3.88,1.0,전치,[전치] 5. 시도별 지가 변동률(평균) | 2017
지가,2021,109,5. 시도별 지가 변동률(평균),Ⅰ. 국토/인구/가구,2017,서울,col-ko,0,0.5965,4.32,4.32,1.0,전치,[전치] 5. 시도별 지가 변동률(평균) | 2017
지가,2021,109,5. 시도별 지가 변동률(평균),Ⅰ. 국토/인구/가구,2017,부산,col-ko,0,0.6624,6.51,6.51,1.0,전치,[전치] 5. 시도별 지가 변동률(평균) | 2017
지가,2021,109,5. 시도별 지가 변동률(평균),Ⅰ. 국토/인구/가구,2017,대구,col-ko,0,0.7283,4.58,4.58,1.0,전치,[전치] 5. 시도별 지가 변동률(평균) | 2017
지가,2021,109,5. 시도별 지가 변동률(평균),Ⅰ. 국토/인구/가구,2017,인천,col-ko,0,0.7953,3.10,3.1,1.0,전치,[전치] 5. 시도별 지가 변동률(평균) | 2017
지가,2021,109,5. 시도별 지가 변동률(평균),Ⅰ. 국토/인구/가구,2018,전국,col-ko,0,0.1909,4.58,4.58,1.0,전치,[전치] 5. 시도별 지가 변동률(평균) | 2018
지가,2021,109,5. 시도별 지가 변동률(평균),Ⅰ. 국토/인구/가구,2018,서울,col-ko,0,0.5965,6.11,6.11,1.0,전치,[전치] 5. 시도별 지가 변동률(평균) | 2018
지가,2021,109,5. 시도별 지가 변동률(평균),Ⅰ. 국토/인구/가구,2018,부산,col-ko,0,0.6624,5.74,5.74,1.0,전치,[전치] 5. 시도별 지가 변동률(평균) | 2018
지가,2021,109,5. 시도별 지가 변동률(평균),Ⅰ. 국토/인구/가구,2018,대구,col-ko,0,0.7283,5.01,5.01,1.0,전치,[전치] 5. 시도별 지가 변동률(평균) | 2018
지가,2021,109,5. 시도별 지가 변동률(평균),Ⅰ. 국토/인구/가구,2018,인천,col-ko,0,0.7953,3.59,3.59,1.0,전치,[전치] 5. 시도별 지가 변동률(평균) | 2018
지가,2021,109,5. 시도별 지가 변동률(평균),Ⅰ. 국토/인구/가구,2018,광주,col-ko,0,0.8622,5.26,5.26,1.0,전치,[전치] 5. 시도별 지가 변동률(평균) | 2018
지가,2021,109,5. 시도별 지가 변동률(평균),Ⅰ. 국토/인구/가구,2019,전국,col-ko,0,0.1909,3.92,3.92,1.0,전치,[전치] 5. 시도별 지가 변동률(평균) | 2019
지가,2021,109,5. 시도별 지가 변동률(평균),Ⅰ. 국토/인구/가구,2019,서울,col-ko,0,0.5965,5.29,5.29,1.0,전치,[전치] 5. 시도별 지가 변동률(평균) | 2019
지가,2021,109,5. 시도별 지가 변동률(평균),Ⅰ. 국토/인구/가구,2019,부산,col-ko,0,0.6624,3.76,3.76,1.0,전치,[전치] 5. 시도별 지가 변동률(평균) | 2019
지가,2021,109,5. 시도별 지가 변동률(평균),Ⅰ. 국토/인구/가구,2019,대구,col-ko,0,0.7283,4.55,4.55,1.0,전치,[전치] 5. 시도별 지가 변동률(평균) | 2019
지가,2021,109,5. 시도별 지가 변동률(평균),Ⅰ. 국토/인구/가구,2019,인천,col-ko,0,0.7953,4.03,4.03,1.0,전치,[전치] 5. 시도별 지가 변동률(평균) | 2019
지가,2021,109,5. 시도별 지가 변동률(평균),Ⅰ. 국토/인구/가구,2020,전국,col-ko,0,0.1909,3.68,3.68,1.0,전치,[전치] 5. 시도별 지가 변동률(평균) | 2020
지가,2021,109,5. 시도별 지가 변동률(평균),Ⅰ. 국토/인구/가구,2020,서울,col-ko,0,0.5965,4.80,4.8,1.0,전치,[전치] 5. 시도별 지가 변동률(평균) | 2020
지가,2021,109,5. 시도별 지가 변동률(평균),Ⅰ. 국토/인구/가구,2020,부산,col-ko,0,0.6624,3.75,3.75,1.0,전치,[전치] 5. 시도별 지가 변동률(평균) | 2020
지가,2021,109,5. 시도별 지가 변동률(평균),Ⅰ. 국토/인구/가구,2020,대구,col-ko,0,0.7283,3.40,3.4,1.0,전치,[전치] 5. 시도별 지가 변동률(평균) | 2020
지가,2021,109,5. 시도별 지가 변동률(평균),Ⅰ. 국토/인구/가구,2020,인천,col-ko,0,0.7953,3.76,3.76,1.0,전치,[전치] 5. 시도별 지가 변동률(평균) | 2020
지가,2021,109,5. 시도별 지가 변동률(평균),Ⅰ. 국토/인구/가구,2020,광주,col-ko,0,0.8622,3.88,3.88,1.0,전치,[전치] 5. 시도별 지가 변동률(평균) | 2020
지가,2021,109,5. 시도별 지가 변동률(평균),Ⅰ. 국토/인구/가구,2021 4.1?,서울,col-ko,0,0.5965,5.31,5.31,1.0,전치,[전치] 5. 시도별 지가 변동률(평균) | 2021 4.1?
지가,2021,109,5. 시도별 지가 변동률(평균),Ⅰ. 국토/인구/가구,2021 4.1?,부산,col-ko,0,0.6624,4.04,4.04,1.0,전치,[전치] 5. 시도별 지가 변동률(평균) | 2021 4.1?
지가,2021,109,5. 시도별 지가 변동률(평균),Ⅰ. 국토/인구/가구,2021 4.1?,대구,col-ko,0,0.7283,4.38,4.38,1.0,전치,[전치] 5. 시도별 지가 변동률(평균) | 2021 4.1?
지가,2021,109,5. 시도별 지가 변동률(평균),Ⅰ. 국토/인구/가구,2021 4.1?,인천,col-ko,0,0.7953,4.10,4.1,1.0,전치,[전치] 5. 시도별 지가 변동률(평균) | 2021 4.1?
지가,2021,109,5. 시도별 지가 변동률(평균),Ⅰ. 국토/인구/가구,2021 4.1?,광주,col-ko,0,0.8622,3.47,3.47,1.0,전치,[전치] 5. 시도별 지가 변동률(평균) | 2021 4.1?
지가,2021,110,5. 시도별 지가 변동률(평균) (계속),Ⅰ. 국토/인구/가구,?,대전,col-ko,0,0.1152,-0.24,-0.24,0.5,전치,[전치] 5. Change of Land Price by Province (Average) | 
지가,2021,110,5. 시도별 지가 변동률(평균) (계속),Ⅰ. 국토/인구/가구,?,울산,col-ko,0,0.1782,-0.26,-0.26,1.0,전치,[전치] 5. Change of Land Price by Province (Average) | 
지가,2021,110,5. 시도별 지가 변동률(평균) (계속),Ⅰ. 국토/인구/가구,?,경기,col-ko,0,0.3051,1.92,1.92,1.0,전치,[전치] 5. Change of Land Price by Province (Average) | 
지가,2021,110,5. 시도별 지가 변동률(평균) (계속),Ⅰ. 국토/인구/가구,?,강원,col-ko,0,0.3632,1.39,1.39,1.0,전치,[전치] 5. Change of Land Price by Province (Average) | 
지가,2021,110,5. 시도별 지가 변동률(평균) (계속),Ⅰ. 국토/인구/가구,?,충북,col-ko,0,0.4262,112,112,0.3,전치|저신뢰,[전치] 5. Change of Land Price by Province (Average) | 
지가,2021,110,5. 시도별 지가 변동률(평균) (계속),Ⅰ. 국토/인구/가구,?,충남,col-ko,0,0.4892,1.18,1.18,1.0,전치,[전치] 5. Change of Land Price by Province (Average) | 
지가,2021,110,5. 시도별 지가 변동률(평균) (계속),Ⅰ. 국토/인구/가구,?,전북,col-en,0,0.5502,1.13,1.13,1.0,전치,[전치] 5. Change of Land Price by Province (Average) | 
지가,2021,110,5. 시도별 지가 변동률(평균) (계속),Ⅰ. 국토/인구/가구,?,전남,col-ko,0,0.6112,1.94,1.94,1.0,전치,[전치] 5. Change of Land Price by Province (Average) | 
지가,2021,110,5. 시도별 지가 변동률(평균) (계속),Ⅰ. 국토/인구/가구,?,경북,col-ko,0,0.6703,0.72,0.72,1.0,전치,[전치] 5. Change of Land Price by Province (Average) | 
지가,2021,110,5. 시도별 지가 변동률(평균) (계속),Ⅰ. 국토/인구/가구,?,경남,col-ko,0,0.7333,1.15,1.15,1.0,전치,[전치] 5. Change of Land Price by Province (Average) | 
지가,2021,110,5. 시도별 지가 변동률(평균) (계속),Ⅰ. 국토/인구/가구,?,제주,col-ko,0,0.7943,2.18,2.18,1.0,전치,[전치] 5. Change of Land Price by Province (Average) | 
지가,2021,110,5. 시도별 지가 변동률(평균) (계속),Ⅰ. 국토/인구/가구,?,대전,col-ko,0,0.1152,1.00,1.0,1.0,전치,[전치] 5. Change of Land Price by Province (Average) | 
지가,2021,110,5. 시도별 지가 변동률(평균) (계속),Ⅰ. 국토/인구/가구,?,울산,col-ko,0,0.1782,0.38,0.38,1.0,전치,[전치] 5. Change of Land Price by Province (Average) | 
지가,2021,110,5. 시도별 지가 변동률(평균) (계속),Ⅰ. 국토/인구/가구,?,경기,col-ko,0,0.3051,1.91,1.91,1.0,전치,[전치] 5. Change of Land Price by Province (Average) | 
지가,2021,110,5. 시도별 지가 변동률(평균) (계속),Ⅰ. 국토/인구/가구,?,강원,col-ko,0,0.3632,2.29,2.29,1.0,전치,[전치] 5. Change of Land Price by Province (Average) | 
지가,2021,110,5. 시도별 지가 변동률(평균) (계속),Ⅰ. 국토/인구/가구,?,충북,col-ko,0,0.4262,0.41,0.41,1.0,전치,[전치] 5. Change of Land Price by Province (Average) | 
지가,2021,110,5. 시도별 지가 변동률(평균) (계속),Ⅰ. 국토/인구/가구,?,충남,col-ko,0,0.4892,0.36,0.36,1.0,전치,[전치] 5. Change of Land Price by Province (Average) | 
지가,2021,110,5. 시도별 지가 변동률(평균) (계속),Ⅰ. 국토/인구/가구,?,전북,col-en,0,0.5502,-0.13,-0.13,0.3,전치|저신뢰,[전치] 5. Change of Land Price by Province (Average) | 
지가,2021,110,5. 시도별 지가 변동률(평균) (계속),Ⅰ. 국토/인구/가구,?,전남,col-ko,0,0.6112,0.35,0.35,1.0,전치,[전치] 5. Change of Land Price by Province (Average) | 
지가,2021,110,5. 시도별 지가 변동률(평균) (계속),Ⅰ. 국토/인구/가구,?,경북,col-ko,0,0.6703,0.51,0.51,1.0,전치,[전치] 5. Change of Land Price by Province (Average) | 
지가,2021,110,5. 시도별 지가 변동률(평균) (계속),Ⅰ. 국토/인구/가구,?,경남,col-ko,0,0.7333,0.94,0.94,1.0,전치,[전치] 5. Change of Land Price by Province (Average) | 
지가,2021,110,5. 시도별 지가 변동률(평균) (계속),Ⅰ. 국토/인구/가구,?,제주,col-ko,0,0.7943,3.13,3.13,1.0,전치,[전치] 5. Change of Land Price by Province (Average) | 
지가,2021,110,5. 시도별 지가 변동률(평균) (계속),Ⅰ. 국토/인구/가구,?,대전,col-ko,0,0.1152,3.24,3.24,1.0,전치,[전치] 5. Change of Land Price by Province (Average) | 
지가,2021,110,5. 시도별 지가 변동률(평균) (계속),Ⅰ. 국토/인구/가구,?,울산,col-ko,0,0.1782,1.75,1.75,1.0,전치,[전치] 5. Change of Land Price by Province (Average) | 
지가,2021,110,5. 시도별 지가 변동률(평균) (계속),Ⅰ. 국토/인구/가구,?,경기,col-ko,0,0.3051,13.06,13.06,1.0,전치,[전치] 5. Change of Land Price by Province (Average) | 
지가,2021,110,5. 시도별 지가 변동률(평균) (계속),Ⅰ. 국토/인구/가구,?,강원,col-ko,0,0.3632,1.88,1.88,1.0,전치,[전치] 5. Change of Land Price by Province (Average) | 
지가,2021,110,5. 시도별 지가 변동률(평균) (계속),Ⅰ. 국토/인구/가구,?,충북,col-ko,0,0.4262,3.02,3.02,1.0,전치,[전치] 5. Change of Land Price by Province (Average) | 
지가,2021,110,5. 시도별 지가 변동률(평균) (계속),Ⅰ. 국토/인구/가구,?,충남,col-ko,0,0.4892,2.48,2.48,1.0,전치,[전치] 5. Change of Land Price by Province (Average) | 
지가,2021,110,5. 시도별 지가 변동률(평균) (계속),Ⅰ. 국토/인구/가구,?,전북,col-en,0,0.5502,0.64,0.64,1.0,전치,[전치] 5. Change of Land Price by Province (Average) | 
지가,2021,110,5. 시도별 지가 변동률(평균) (계속),Ⅰ. 국토/인구/가구,?,전남,col-ko,0,0.6112,0.95,0.95,1.0,전치,[전치] 5. Change of Land Price by Province (Average) | 
지가,2021,110,5. 시도별 지가 변동률(평균) (계속),Ⅰ. 국토/인구/가구,?,경북,col-ko,0,0.6703,2.06,2.06,1.0,전치,[전치] 5. Change of Land Price by Province (Average) | 
지가,2021,110,5. 시도별 지가 변동률(평균) (계속),Ⅰ. 국토/인구/가구,?,경남,col-ko,0,0.7333,2.22,2.22,1.0,전치,[전치] 5. Change of Land Price by Province (Average) | 
지가,2021,110,5. 시도별 지가 변동률(평균) (계속),Ⅰ. 국토/인구/가구,?,제주,col-ko,0,0.7943,6.01,6.01,1.0,전치,[전치] 5. Change of Land Price by Province (Average) | 
지가,2021,110,5. 시도별 지가 변동률(평균) (계속),Ⅰ. 국토/인구/가구,?,대전,col-ko,0,0.1152,5.47,5.47,1.0,전치,[전치] 5. Change of Land Price by Province (Average) | 
지가,2021,110,5. 시도별 지가 변동률(평균) (계속),Ⅰ. 국토/인구/가구,?,울산,col-ko,0,0.1782,0.66,0.66,1.0,전치,[전치] 5. Change of Land Price by Province (Average) | 
지가,2021,110,5. 시도별 지가 변동률(평균) (계속),Ⅰ. 국토/인구/가구,?,경기,col-ko,0,0.3051,5.13,5.13,0.5,전치,[전치] 5. Change of Land Price by Province (Average) | 
지가,2021,110,5. 시도별 지가 변동률(평균) (계속),Ⅰ. 국토/인구/가구,?,강원,col-ko,0,0.3632,1.79,1.79,1.0,전치,[전치] 5. Change of Land Price by Province (Average) | 
지가,2021,110,5. 시도별 지가 변동률(평균) (계속),Ⅰ. 국토/인구/가구,?,충북,col-ko,0,0.4262,2.54,2.54,1.0,전치,[전치] 5. Change of Land Price by Province (Average) | 
지가,2021,110,5. 시도별 지가 변동률(평균) (계속),Ⅰ. 국토/인구/가구,?,충남,col-ko,0,0.4892,4.81,4.81,1.0,전치,[전치] 5. Change of Land Price by Province (Average) | 
지가,2021,110,5. 시도별 지가 변동률(평균) (계속),Ⅰ. 국토/인구/가구,?,전북,col-en,0,0.5502,0.96,0.96,1.0,전치,[전치] 5. Change of Land Price by Province (Average) | 
지가,2021,110,5. 시도별 지가 변동률(평균) (계속),Ⅰ. 국토/인구/가구,?,전남,col-ko,0,0.6112,0.50,0.5,1.0,전치,[전치] 5. Change of Land Price by Province (Average) | 
지가,2021,110,5. 시도별 지가 변동률(평균) (계속),Ⅰ. 국토/인구/가구,?,경북,col-ko,0,0.6703,0.15,0.15,1.0,전치,[전치] 5. Change of Land Price by Province (Average) | 
지가,2021,110,5. 시도별 지가 변동률(평균) (계속),Ⅰ. 국토/인구/가구,?,경남,col-ko,0,0.7333,1.38,1.38,1.0,전치,[전치] 5. Change of Land Price by Province (Average) | 
지가,2021,110,5. 시도별 지가 변동률(평균) (계속),Ⅰ. 국토/인구/가구,?,제주,col-ko,0,0.7943,1.25,1.25,1.0,전치,[전치] 5. Change of Land Price by Province (Average) | 
지가,2021,110,5. 시도별 지가 변동률(평균) (계속),Ⅰ. 국토/인구/가구,?,대전,col-ko,0,0.1152,2.25,2.25,0.5,전치,[전치] 5. Change of Land Price by Province (Average) | 
지가,2021,110,5. 시도별 지가 변동률(평균) (계속),Ⅰ. 국토/인구/가구,?,울산,col-ko,0,0.1782,1.79,1.79,1.0,전치,[전치] 5. Change of Land Price by Province (Average) | 
지가,2021,110,5. 시도별 지가 변동률(평균) (계속),Ⅰ. 국토/인구/가구,?,경기,col-ko,0,0.3051,6.12,6.12,1.0,전치,[전치] 5. Change of Land Price by Province (Average) | 
지가,2021,110,5. 시도별 지가 변동률(평균) (계속),Ⅰ. 국토/인구/가구,?,강원,col-ko,0,0.3632,2.27,2.27,1.0,전치,[전치] 5. Change of Land Price by Province (Average) | 
지가,2021,110,5. 시도별 지가 변동률(평균) (계속),Ⅰ. 국토/인구/가구,?,충북,col-ko,0,0.4262,3.83,3.83,1.0,전치,[전치] 5. Change of Land Price by Province (Average) | 
지가,2021,110,5. 시도별 지가 변동률(평균) (계속),Ⅰ. 국토/인구/가구,?,충남,col-ko,0,0.4892,11.65,11.65,1.0,전치,[전치] 5. Change of Land Price by Province (Average) | 
지가,2021,110,5. 시도별 지가 변동률(평균) (계속),Ⅰ. 국토/인구/가구,?,전북,col-en,0,0.5502,0.70,0.7,1.0,전치,[전치] 5. Change of Land Price by Province (Average) | 
지가,2021,110,5. 시도별 지가 변동률(평균) (계속),Ⅰ. 국토/인구/가구,?,전남,col-ko,0,0.6112,0.93,0.93,1.0,전치,[전치] 5. Change of Land Price by Province (Average) | 
지가,2021,110,5. 시도별 지가 변동률(평균) (계속),Ⅰ. 국토/인구/가구,?,경북,col-ko,0,0.6703,2.11,2.11,0.5,전치,[전치] 5. Change of Land Price by Province (Average) | 
지가,2021,110,5. 시도별 지가 변동률(평균) (계속),Ⅰ. 국토/인구/가구,?,경남,col-ko,0,0.7333,3.09,3.09,1.0,전치,[전치] 5. Change of Land Price by Province (Average) | 
지가,2021,110,5. 시도별 지가 변동률(평균) (계속),Ⅰ. 국토/인구/가구,?,제주,col-ko,0,0.7943,1.96,1.96,1.0,전치,[전치] 5. Change of Land Price by Province (Average) | 
지가,2021,110,5. 시도별 지가 변동률(평균) (계속),Ⅰ. 국토/인구/가구,?,대전,col-ko,0,0.1152,6.80,6.8,1.0,전치,[전치] 5. Change of Land Price by Province (Average) | 
지가,2021,110,5. 시도별 지가 변동률(평균) (계속),Ⅰ. 국토/인구/가구,?,울산,col-ko,0,0.1782,2.06,2.06,1.0,전치,[전치] 5. Change of Land Price by Province (Average) | 
지가,2021,110,5. 시도별 지가 변동률(평균) (계속),Ⅰ. 국토/인구/가구,?,경기,col-ko,0,0.3051,5.69,5.69,1.0,전치,[전치] 5. Change of Land Price by Province (Average) | 
지가,2021,110,5. 시도별 지가 변동률(평균) (계속),Ⅰ. 국토/인구/가구,?,강원,col-ko,0,0.3632,2.63,2.63,1.0,전치,[전치] 5. Change of Land Price by Province (Average) | 
지가,2021,110,5. 시도별 지가 변동률(평균) (계속),Ⅰ. 국토/인구/가구,?,충북,col-ko,0,0.4262,4.98,4.98,1.0,전치,[전치] 5. Change of Land Price by Province (Average) | 
지가,2021,110,5. 시도별 지가 변동률(평균) (계속),Ⅰ. 국토/인구/가구,?,충남,col-ko,0,0.4892,8.32,8.32,1.0,전치,[전치] 5. Change of Land Price by Province (Average) | 
지가,2021,110,5. 시도별 지가 변동률(평균) (계속),Ⅰ. 국토/인구/가구,?,전북,col-en,0,0.5502,1.38,1.38,1.0,전치,[전치] 5. Change of Land Price by Province (Average) | 
지가,2021,110,5. 시도별 지가 변동률(평균) (계속),Ⅰ. 국토/인구/가구,?,전남,col-ko,0,0.6112,2.45,2.45,1.0,전치,[전치] 5. Change of Land Price by Province (Average) | 
지가,2021,110,5. 시도별 지가 변동률(평균) (계속),Ⅰ. 국토/인구/가구,?,경북,col-ko,0,0.6703,2.19,2.19,1.0,전치,[전치] 5. Change of Land Price by Province (Average) | 
지가,2021,110,5. 시도별 지가 변동률(평균) (계속),Ⅰ. 국토/인구/가구,?,경남,col-ko,0,0.7333,2.81,2.81,1.0,전치,[전치] 5. Change of Land Price by Province (Average) | 
지가,2021,110,5. 시도별 지가 변동률(평균) (계속),Ⅰ. 국토/인구/가구,?,제주,col-ko,0,0.7943,2.12,2.12,1.0,전치,[전치] 5. Change of Land Price by Province (Average) | 
지가,2021,110,5. 시도별 지가 변동률(평균) (계속),Ⅰ. 국토/인구/가구,?,대전,col-ko,0,0.1152,4.15,4.15,1.0,전치,[전치] 5. Change of Land Price by Province (Average) | 
지가,2021,110,5. 시도별 지가 변동률(평균) (계속),Ⅰ. 국토/인구/가구,?,울산,col-ko,0,0.1782,2.94,2.94,1.0,전치,[전치] 5. Change of Land Price by Province (Average) | 
지가,2021,110,5. 시도별 지가 변동률(평균) (계속),Ⅰ. 국토/인구/가구,?,경기,col-ko,0,0.3051,5.07,5.07,1.0,전치,[전치] 5. Change of Land Price by Province (Average) | 
지가,2021,110,5. 시도별 지가 변동률(평균) (계속),Ⅰ. 국토/인구/가구,?,강원,col-ko,0,0.3632,2.52,2.52,1.0,전치,[전치] 5. Change of Land Price by Province (Average) | 
지가,2021,110,5. 시도별 지가 변동률(평균) (계속),Ⅰ. 국토/인구/가구,?,충북,col-ko,0,0.4262,4.37,4.37,1.0,전치,[전치] 5. Change of Land Price by Province (Average) | 
지가,2021,110,5. 시도별 지가 변동률(평균) (계속),Ⅰ. 국토/인구/가구,?,충남,col-ko,0,0.4892,5.55,5.55,1.0,전치,[전치] 5. Change of Land Price by Province (Average) | 
지가,2021,110,5. 시도별 지가 변동률(평균) (계속),Ⅰ. 국토/인구/가구,?,전북,col-en,0,0.5502,1.29,1.29,1.0,전치,[전치] 5. Change of Land Price by Province (Average) | 
지가,2021,110,5. 시도별 지가 변동률(평균) (계속),Ⅰ. 국토/인구/가구,?,전남,col-ko,0,0.6112,1.91,1.91,1.0,전치,[전치] 5. Change of Land Price by Province (Average) | 
지가,2021,110,5. 시도별 지가 변동률(평균) (계속),Ⅰ. 국토/인구/가구,?,경북,col-ko,0,0.6703,2.52,2.52,1.0,전치,[전치] 5. Change of Land Price by Province (Average) | 
지가,2021,110,5. 시도별 지가 변동률(평균) (계속),Ⅰ. 국토/인구/가구,?,경남,col-ko,0,0.7333,2.56,2.56,1.0,전치,[전치] 5. Change of Land Price by Province (Average) | 
지가,2021,110,5. 시도별 지가 변동률(평균) (계속),Ⅰ. 국토/인구/가구,?,제주,col-ko,0,0.7943,2.10,2.1,1.0,전치,[전치] 5. Change of Land Price by Province (Average) | 
지가,2021,110,5. 시도별 지가 변동률(평균) (계속),Ⅰ. 국토/인구/가구,?,대전,col-ko,0,0.1152,1.48,1.48,0.5,전치,[전치] 5. Change of Land Price by Province (Average) | 
지가,2021,110,5. 시도별 지가 변동률(평균) (계속),Ⅰ. 국토/인구/가구,?,울산,col-ko,0,0.1782,2.90,2.9,1.0,전치,[전치] 5. Change of Land Price by Province (Average) | 
지가,2021,110,5. 시도별 지가 변동률(평균) (계속),Ⅰ. 국토/인구/가구,?,경기,col-ko,0,0.3051,4.23,4.23,1.0,전치,[전치] 5. Change of Land Price by Province (Average) | 
지가,2021,110,5. 시도별 지가 변동률(평균) (계속),Ⅰ. 국토/인구/가구,?,강원,col-ko,0,0.3632,1.67,1.67,1.0,전치,[전치] 5. Change of Land Price by Province (Average) | 
지가,2021,110,5. 시도별 지가 변동률(평균) (계속),Ⅰ. 국토/인구/가구,?,충북,col-ko,0,0.4262,1.27,1.27,1.0,전치,[전치] 5. Change of Land Price by Province (Average) | 
지가,2021,110,5. 시도별 지가 변동률(평균) (계속),Ⅰ. 국토/인구/가구,?,충남,col-ko,0,0.4892,2.03,2.03,1.0,전치,[전치] 5. Change of Land Price by Province (Average) | 
지가,2021,110,5. 시도별 지가 변동률(평균) (계속),Ⅰ. 국토/인구/가구,?,전북,col-en,0,0.5502,1.21,1.21,1.0,전치,[전치] 5. Change of Land Price by Province (Average) | 
지가,2021,110,5. 시도별 지가 변동률(평균) (계속),Ⅰ. 국토/인구/가구,?,전남,col-ko,0,0.6112,1.31,1.31,1.0,전치,[전치] 5. Change of Land Price by Province (Average) | 
지가,2021,110,5. 시도별 지가 변동률(평균) (계속),Ⅰ. 국토/인구/가구,?,경북,col-ko,0,0.6703,1.68,1.68,1.0,전치,[전치] 5. Change of Land Price by Province (Average) | 
지가,2021,110,5. 시도별 지가 변동률(평균) (계속),Ⅰ. 국토/인구/가구,?,경남,col-ko,0,0.7333,2.22,2.22,0.5,전치,[전치] 5. Change of Land Price by Province (Average) | 
지가,2021,110,5. 시도별 지가 변동률(평균) (계속),Ⅰ. 국토/인구/가구,?,제주,col-ko,0,0.7943,1.67,1.67,1.0,전치,[전치] 5. Change of Land Price by Province (Average) | 
지가,2021,110,5. 시도별 지가 변동률(평균) (계속),Ⅰ. 국토/인구/가구,?,대전,col-ko,0,0.1152,-0.97,-0.97,1.0,전치,[전치] 5. Change of Land Price by Province (Average) | 
지가,2021,110,5. 시도별 지가 변동률(평균) (계속),Ⅰ. 국토/인구/가구,?,울산,col-ko,0,0.1782,-0.28,-0.28,1.0,전치,[전치] 5. Change of Land Price by Province (Average) | 
지가,2021,110,5. 시도별 지가 변동률(평균) (계속),Ⅰ. 국토/인구/가구,?,경기,col-ko,0,0.3051,-0.27,-0.27,1.0,전치,[전치] 5. Change of Land Price by Province (Average) | 
지가,2021,110,5. 시도별 지가 변동률(평균) (계속),Ⅰ. 국토/인구/가구,?,강원,col-ko,0,0.3632,0.38,0.38,1.0,전치,[전치] 5. Change of Land Price by Province (Average) | 
지가,2021,110,5. 시도별 지가 변동률(평균) (계속),Ⅰ. 국토/인구/가구,?,충북,col-ko,0,0.4262,-0.36,-0.36,1.0,전치,[전치] 5. Change of Land Price by Province (Average) | 
지가,2021,110,5. 시도별 지가 변동률(평균) (계속),Ⅰ. 국토/인구/가구,?,충남,col-ko,0,0.4892,-0.12,-0.12,1.0,전치,[전치] 5. Change of Land Price by Province (Average) | 
지가,2021,110,5. 시도별 지가 변동률(평균) (계속),Ⅰ. 국토/인구/가구,?,전북,col-en,0,0.5502,2.58,2.58,1.0,전치,[전치] 5. Change of Land Price by Province (Average) | 
지가,2021,110,5. 시도별 지가 변동률(평균) (계속),Ⅰ. 국토/인구/가구,?,전남,col-ko,0,0.6112,0.26,0.26,1.0,전치,[전치] 5. Change of Land Price by Province (Average) | 
지가,2021,110,5. 시도별 지가 변동률(평균) (계속),Ⅰ. 국토/인구/가구,?,경북,col-ko,0,0.6703,-0. 13,-0.13,0.5,전치,[전치] 5. Change of Land Price by Province (Average) | 
지가,2021,110,5. 시도별 지가 변동률(평균) (계속),Ⅰ. 국토/인구/가구,?,대전,col-ko,0,0.1152,0.26,0.26,1.0,전치,[전치] 5. Change of Land Price by Province (Average) | 
지가,2021,110,5. 시도별 지가 변동률(평균) (계속),Ⅰ. 국토/인구/가구,?,울산,col-ko,0,0.1782,0.31,0.31,1.0,전치,[전치] 5. Change of Land Price by Province (Average) | 
지가,2021,110,5. 시도별 지가 변동률(평균) (계속),Ⅰ. 국토/인구/가구,?,경기,col-ko,0,0.3051,1.22,1.22,0.5,전치,[전치] 5. Change of Land Price by Province (Average) | 
지가,2021,110,5. 시도별 지가 변동률(평균) (계속),Ⅰ. 국토/인구/가구,?,강원,col-ko,0,0.3632,0.34,0.34,1.0,전치,[전치] 5. Change of Land Price by Province (Average) | 
지가,2021,110,5. 시도별 지가 변동률(평균) (계속),Ⅰ. 국토/인구/가구,?,충북,col-ko,0,0.4262,0.11,0.11,1.0,전치,[전치] 5. Change of Land Price by Province (Average) | 
지가,2021,110,5. 시도별 지가 변동률(평균) (계속),Ⅰ. 국토/인구/가구,?,충남,col-ko,0,0.4892,0.26,0.26,0.5,전치,[전치] 5. Change of Land Price by Province (Average) | 
지가,2021,110,5. 시도별 지가 변동률(평균) (계속),Ⅰ. 국토/인구/가구,?,전북,col-en,0,0.5502,-0.53,-0.53,1.0,전치,[전치] 5. Change of Land Price by Province (Average) | 
지가,2021,110,5. 시도별 지가 변동률(평균) (계속),Ⅰ. 국토/인구/가구,?,전남,col-ko,0,0.6112,0.35,0.35,1.0,전치,[전치] 5. Change of Land Price by Province (Average) | 
지가,2021,110,5. 시도별 지가 변동률(평균) (계속),Ⅰ. 국토/인구/가구,?,경북,col-ko,0,0.6703,0.48,0.48,0.5,전치,[전치] 5. Change of Land Price by Province (Average) | 
지가,2021,110,5. 시도별 지가 변동률(평균) (계속),Ⅰ. 국토/인구/가구,?,경남,col-ko,0,0.7333,0.44,0.44,1.0,전치,[전치] 5. Change of Land Price by Province (Average) | 
지가,2021,110,5. 시도별 지가 변동률(평균) (계속),Ⅰ. 국토/인구/가구,?,제주,col-ko,0,0.7943,0.20,0.2,1.0,전치,[전치] 5. Change of Land Price by Province (Average) | 
지가,2021,110,5. 시도별 지가 변동률(평균) (계속),Ⅰ. 국토/인구/가구,?,대전,col-ko,0,0.1152,1.55,1.55,1.0,전치,[전치] 5. Change of Land Price by Province (Average) | 
지가,2021,110,5. 시도별 지가 변동률(평균) (계속),Ⅰ. 국토/인구/가구,?,울산,col-ko,0,0.1782,0.74,0.74,1.0,전치,[전치] 5. Change of Land Price by Province (Average) | 
지가,2021,110,5. 시도별 지가 변동률(평균) (계속),Ⅰ. 국토/인구/가구,?,경기,col-ko,0,0.3051,1.49,1.49,1.0,전치,[전치] 5. Change of Land Price by Province (Average) | 
지가,2021,110,5. 시도별 지가 변동률(평균) (계속),Ⅰ. 국토/인구/가구,?,강원,col-ko,0,0.3632,0.84,0.84,1.0,전치,[전치] 5. Change of Land Price by Province (Average) | 
지가,2021,110,5. 시도별 지가 변동률(평균) (계속),Ⅰ. 국토/인구/가구,?,충북,col-ko,0,0.4262,0.65,0.65,1.0,전치,[전치] 5. Change of Land Price by Province (Average) | 
지가,2021,110,5. 시도별 지가 변동률(평균) (계속),Ⅰ. 국토/인구/가구,?,충남,col-ko,0,0.4892,1.16,1.16,1.0,전치,[전치] 5. Change of Land Price by Province (Average) | 
지가,2021,110,5. 시도별 지가 변동률(평균) (계속),Ⅰ. 국토/인구/가구,?,전북,col-en,0,0.5502,0.66,0.66,1.0,전치,[전치] 5. Change of Land Price by Province (Average) | 
지가,2021,110,5. 시도별 지가 변동률(평균) (계속),Ⅰ. 국토/인구/가구,?,전남,col-ko,0,0.6112,1.13,1.13,1.0,전치,[전치] 5. Change of Land Price by Province (Average) | 
지가,2021,110,5. 시도별 지가 변동률(평균) (계속),Ⅰ. 국토/인구/가구,?,경북,col-ko,0,0.6703,1.14,1.14,1.0,전치,[전치] 5. Change of Land Price by Province (Average) | 
지가,2021,110,5. 시도별 지가 변동률(평균) (계속),Ⅰ. 국토/인구/가구,?,경남,col-ko,0,0.7333,1.29,1.29,1.0,전치,[전치] 5. Change of Land Price by Province (Average) | 
지가,2021,110,5. 시도별 지가 변동률(평균) (계속),Ⅰ. 국토/인구/가구,?,제주,col-ko,0,0.7943,1.07,1.07,1.0,전치,[전치] 5. Change of Land Price by Province (Average) | 
지가,2021,110,5. 시도별 지가 변동률(평균) (계속),Ⅰ. 국토/인구/가구,?,대전,col-ko,0,0.1152,1.47,1.47,1.0,전치,[전치] 5. Change of Land Price by Province (Average) | 
지가,2021,110,5. 시도별 지가 변동률(평균) (계속),Ⅰ. 국토/인구/가구,?,경기,col-ko,0,0.3051,1.47,1.47,1.0,전치,[전치] 5. Change of Land Price by Province (Average) | 
지가,2021,110,5. 시도별 지가 변동률(평균) (계속),Ⅰ. 국토/인구/가구,?,강원,col-ko,0,0.3632,1.42,1.42,1.0,전치,[전치] 5. Change of Land Price by Province (Average) | 
지가,2021,110,5. 시도별 지가 변동률(평균) (계속),Ⅰ. 국토/인구/가구,?,충북,col-ko,0,0.4262,0.59,0.59,1.0,전치,[전치] 5. Change of Land Price by Province (Average) | 
지가,2021,110,5. 시도별 지가 변동률(평균) (계속),Ⅰ. 국토/인구/가구,?,충남,col-ko,0,0.4892,0.76,0.76,1.0,전치,[전치] 5. Change of Land Price by Province (Average) | 
지가,2021,110,5. 시도별 지가 변동률(평균) (계속),Ⅰ. 국토/인구/가구,?,전남,col-ko,0,0.6112,0.95,0.95,1.0,전치,[전치] 5. Change of Land Price by Province (Average) | 
지가,2021,110,5. 시도별 지가 변동률(평균) (계속),Ⅰ. 국토/인구/가구,?,경북,col-ko,0,0.6703,1.11,1.11,1.0,전치,[전치] 5. Change of Land Price by Province (Average) | 
지가,2021,110,5. 시도별 지가 변동률(평균) (계속),Ⅰ. 국토/인구/가구,?,경남,col-ko,0,0.7333,1.63,1.63,1.0,전치,[전치] 5. Change of Land Price by Province (Average) | 
지가,2021,110,5. 시도별 지가 변동률(평균) (계속),Ⅰ. 국토/인구/가구,?,제주,col-ko,0,0.7943,0.92,0.92,1.0,전치,[전치] 5. Change of Land Price by Province (Average) | 
지가,2021,110,5. 시도별 지가 변동률(평균) (계속),Ⅰ. 국토/인구/가구,?,대전,col-ko,0,0.1152,1.25,1.25,1.0,전치,[전치] 5. Change of Land Price by Province (Average) | 
지가,2021,110,5. 시도별 지가 변동률(평균) (계속),Ⅰ. 국토/인구/가구,?,울산,col-ko,0,0.1782,1.65,1.65,1.0,전치,[전치] 5. Change of Land Price by Province (Average) | 
지가,2021,110,5. 시도별 지가 변동률(평균) (계속),Ⅰ. 국토/인구/가구,?,경기,col-ko,0,0.3051,1.04,1.04,1.0,전치,[전치] 5. Change of Land Price by Province (Average) | 
지가,2021,110,5. 시도별 지가 변동률(평균) (계속),Ⅰ. 국토/인구/가구,?,강원,col-ko,0,0.3632,1.79,1.79,0.5,전치,[전치] 5. Change of Land Price by Province (Average) | 
지가,2021,110,5. 시도별 지가 변동률(평균) (계속),Ⅰ. 국토/인구/가구,?,충북,col-ko,0,0.4262,1.09,1.09,0.5,전치,[전치] 5. Change of Land Price by Province (Average) | 
지가,2021,110,5. 시도별 지가 변동률(평균) (계속),Ⅰ. 국토/인구/가구,?,충남,col-ko,0,0.4892,0.88,0.88,1.0,전치,[전치] 5. Change of Land Price by Province (Average) | 
지가,2021,110,5. 시도별 지가 변동률(평균) (계속),Ⅰ. 국토/인구/가구,?,전북,col-en,0,0.5502,1.43,1.43,1.0,전치,[전치] 5. Change of Land Price by Province (Average) | 
지가,2021,110,5. 시도별 지가 변동률(평균) (계속),Ⅰ. 국토/인구/가구,?,전남,col-ko,0,0.6112,1.35,1.35,1.0,전치,[전치] 5. Change of Land Price by Province (Average) | 
지가,2021,110,5. 시도별 지가 변동률(평균) (계속),Ⅰ. 국토/인구/가구,?,경북,col-ko,0,0.6703,1.40,1.4,0.5,전치,[전치] 5. Change of Land Price by Province (Average) | 
지가,2021,110,5. 시도별 지가 변동률(평균) (계속),Ⅰ. 국토/인구/가구,?,경남,col-ko,0,0.7333,1.67,1.67,1.0,전치,[전치] 5. Change of Land Price by Province (Average) | 
지가,2021,110,5. 시도별 지가 변동률(평균) (계속),Ⅰ. 국토/인구/가구,?,제주,col-ko,0,0.7943,1.25,1.25,1.0,전치,[전치] 5. Change of Land Price by Province (Average) | 
지가,2021,110,5. 시도별 지가 변동률(평균) (계속),Ⅰ. 국토/인구/가구,?,대전,col-ko,0,0.1152,1.01,1.01,1.0,전치,[전치] 5. Change of Land Price by Province (Average) | 
지가,2021,110,5. 시도별 지가 변동률(평균) (계속),Ⅰ. 국토/인구/가구,?,울산,col-ko,0,0.1782,1.37,1.37,1.0,전치,[전치] 5. Change of Land Price by Province (Average) | 
지가,2021,110,5. 시도별 지가 변동률(평균) (계속),Ⅰ. 국토/인구/가구,?,경기,col-ko,0,0.3051,0.91,0.91,1.0,전치,[전치] 5. Change of Land Price by Province (Average) | 
지가,2021,110,5. 시도별 지가 변동률(평균) (계속),Ⅰ. 국토/인구/가구,?,강원,col-ko,0,0.3632,1.29,1.29,1.0,전치,[전치] 5. Change of Land Price by Province (Average) | 
지가,2021,110,5. 시도별 지가 변동률(평균) (계속),Ⅰ. 국토/인구/가구,?,충북,col-ko,0,0.4262,1.02,1.02,1.0,전치,[전치] 5. Change of Land Price by Province (Average) | 
지가,2021,110,5. 시도별 지가 변동률(평균) (계속),Ⅰ. 국토/인구/가구,?,충남,col-ko,0,0.4892,0.78,0.78,1.0,전치,[전치] 5. Change of Land Price by Province (Average) | 
지가,2021,110,5. 시도별 지가 변동률(평균) (계속),Ⅰ. 국토/인구/가구,?,전북,col-en,0,0.5502,1.04,1.04,1.0,전치,[전치] 5. Change of Land Price by Province (Average) | 
지가,2021,110,5. 시도별 지가 변동률(평균) (계속),Ⅰ. 국토/인구/가구,?,전남,col-ko,0,0.6112,0.96,0.96,1.0,전치,[전치] 5. Change of Land Price by Province (Average) | 
지가,2021,110,5. 시도별 지가 변동률(평균) (계속),Ⅰ. 국토/인구/가구,?,경북,col-ko,0,0.6703,1.49,1.49,1.0,전치,[전치] 5. Change of Land Price by Province (Average) | 
지가,2021,110,5. 시도별 지가 변동률(평균) (계속),Ⅰ. 국토/인구/가구,?,경남,col-ko,0,0.7333,1.49,1.49,1.0,전치,[전치] 5. Change of Land Price by Province (Average) | 
지가,2021,110,5. 시도별 지가 변동률(평균) (계속),Ⅰ. 국토/인구/가구,?,제주,col-ko,0,0.7943,1.42,1.42,1.0,전치,[전치] 5. Change of Land Price by Province (Average) | 
지가,2021,110,5. 시도별 지가 변동률(평균) (계속),Ⅰ. 국토/인구/가구,?,대전,col-ko,0,0.1152,1.84,1.84,1.0,전치,[전치] 5. Change of Land Price by Province (Average) | 
지가,2021,110,5. 시도별 지가 변동률(평균) (계속),Ⅰ. 국토/인구/가구,?,울산,col-ko,0,0.1782,1.85,1.85,1.0,전치,[전치] 5. Change of Land Price by Province (Average) | 
지가,2021,110,5. 시도별 지가 변동률(평균) (계속),Ⅰ. 국토/인구/가구,?,경기,col-ko,0,0.3051,1.24,1.24,1.0,전치,[전치] 5. Change of Land Price by Province (Average) | 
지가,2021,110,5. 시도별 지가 변동률(평균) (계속),Ⅰ. 국토/인구/가구,?,강원,col-ko,0,0.3632,1.76,1.76,1.0,전치,[전치] 5. Change of Land Price by Province (Average) | 
지가,2021,110,5. 시도별 지가 변동률(평균) (계속),Ⅰ. 국토/인구/가구,?,충북,col-ko,0,0.4262,1.69,1.69,1.0,전치,[전치] 5. Change of Land Price by Province (Average) | 
지가,2021,110,5. 시도별 지가 변동률(평균) (계속),Ⅰ. 국토/인구/가구,?,충남,col-ko,0,0.4892,1.39,1.39,1.0,전치,[전치] 5. Change of Land Price by Province (Average) | 
지가,2021,110,5. 시도별 지가 변동률(평균) (계속),Ⅰ. 국토/인구/가구,?,전북,col-en,0,0.5502,1.58,1.58,1.0,전치,[전치] 5. Change of Land Price by Province (Average) | 
지가,2021,110,5. 시도별 지가 변동률(평균) (계속),Ⅰ. 국토/인구/가구,?,전남,col-ko,0,0.6112,1.80,1.8,1.0,전치,[전치] 5. Change of Land Price by Province (Average) | 
지가,2021,110,5. 시도별 지가 변동률(평균) (계속),Ⅰ. 국토/인구/가구,?,경북,col-ko,0,0.6703,2.42,2.42,1.0,전치,[전치] 5. Change of Land Price by Province (Average) | 
지가,2021,110,5. 시도별 지가 변동률(평균) (계속),Ⅰ. 국토/인구/가구,?,경남,col-ko,0,0.7333,1.97,1.97,1.0,전치,[전치] 5. Change of Land Price by Province (Average) | 
지가,2021,110,5. 시도별 지가 변동률(평균) (계속),Ⅰ. 국토/인구/가구,?,제주,col-ko,0,0.7943,3.73,3.73,1.0,전치,[전치] 5. Change of Land Price by Province (Average) | 
지가,2021,110,5. 시도별 지가 변동률(평균) (계속),Ⅰ. 국토/인구/가구,?,대전,col-ko,0,0.1152,3.11,3.11,1.0,전치,[전치] 5. Change of Land Price by Province (Average) | 
지가,2021,110,5. 시도별 지가 변동률(평균) (계속),Ⅰ. 국토/인구/가구,?,울산,col-ko,0,0.1782,2.52,2.52,1.0,전치,[전치] 5. Change of Land Price by Province (Average) | 
지가,2021,110,5. 시도별 지가 변동률(평균) (계속),Ⅰ. 국토/인구/가구,?,경기,col-ko,0,0.3051,1.73,1.73,1.0,전치,[전치] 5. Change of Land Price by Province (Average) | 
지가,2021,110,5. 시도별 지가 변동률(평균) (계속),Ⅰ. 국토/인구/가구,?,강원,col-ko,0,0.3632,2.64,2.64,1.0,전치,[전치] 5. Change of Land Price by Province (Average) | 
지가,2021,110,5. 시도별 지가 변동률(평균) (계속),Ⅰ. 국토/인구/가구,?,충북,col-ko,0,0.4262,1.90,1.9,1.0,전치,[전치] 5. Change of Land Price by Province (Average) | 
지가,2021,110,5. 시도별 지가 변동률(평균) (계속),Ⅰ. 국토/인구/가구,?,충남,col-ko,0,0.4892,1.51,1.51,1.0,전치,[전치] 5. Change of Land Price by Province (Average) | 
지가,2021,110,5. 시도별 지가 변동률(평균) (계속),Ⅰ. 국토/인구/가구,?,전북,col-en,0,0.5502,2.31,2.31,1.0,전치,[전치] 5. Change of Land Price by Province (Average) | 
지가,2021,110,5. 시도별 지가 변동률(평균) (계속),Ⅰ. 국토/인구/가구,?,전남,col-ko,0,0.6112,2.80,2.8,0.5,전치,[전치] 5. Change of Land Price by Province (Average) | 
지가,2021,110,5. 시도별 지가 변동률(평균) (계속),Ⅰ. 국토/인구/가구,?,경북,col-ko,0,0.6703,2.65,2.65,1.0,전치,[전치] 5. Change of Land Price by Province (Average) | 
지가,2021,110,5. 시도별 지가 변동률(평균) (계속),Ⅰ. 국토/인구/가구,?,경남,col-ko,0,0.7333,2.23,2.23,1.0,전치,[전치] 5. Change of Land Price by Province (Average) | 
지가,2021,110,5. 시도별 지가 변동률(평균) (계속),Ⅰ. 국토/인구/가구,?,제주,col-ko,0,0.7943,7.57,7.57,1.0,전치,[전치] 5. Change of Land Price by Province (Average) | 
지가,2021,110,5. 시도별 지가 변동률(평균) (계속),Ⅰ. 국토/인구/가구,?,대전,col-ko,0,0.1152,3.45,3.45,1.0,전치,[전치] 5. Change of Land Price by Province (Average) | 
지가,2021,110,5. 시도별 지가 변동률(평균) (계속),Ⅰ. 국토/인구/가구,?,울산,col-ko,0,0.1782,2.35,2.35,1.0,전치,[전치] 5. Change of Land Price by Province (Average) | 
지가,2021,110,5. 시도별 지가 변동률(평균) (계속),Ⅰ. 국토/인구/가구,?,경기,col-ko,0,0.3051,2.23,2.23,1.0,전치,[전치] 5. Change of Land Price by Province (Average) | 
지가,2021,110,5. 시도별 지가 변동률(평균) (계속),Ⅰ. 국토/인구/가구,?,강원,col-ko,0,0.3632,2.92,2.92,1.0,전치,[전치] 5. Change of Land Price by Province (Average) | 
지가,2021,110,5. 시도별 지가 변동률(평균) (계속),Ⅰ. 국토/인구/가구,?,충북,col-ko,0,0.4262,1.92,1.92,1.0,전치,[전치] 5. Change of Land Price by Province (Average) | 
지가,2021,110,5. 시도별 지가 변동률(평균) (계속),Ⅰ. 국토/인구/가구,?,충남,col-ko,0,0.4892,1.90,1.9,1.0,전치,[전치] 5. Change of Land Price by Province (Average) | 
지가,2021,110,5. 시도별 지가 변동률(평균) (계속),Ⅰ. 국토/인구/가구,?,전북,col-en,0,0.5502,2.15,2.15,1.0,전치,[전치] 5. Change of Land Price by Province (Average) | 
지가,2021,110,5. 시도별 지가 변동률(평균) (계속),Ⅰ. 국토/인구/가구,?,전남,col-ko,0,0.6112,2.60,2.6,0.5,전치,[전치] 5. Change of Land Price by Province (Average) | 
지가,2021,110,5. 시도별 지가 변동률(평균) (계속),Ⅰ. 국토/인구/가구,?,경북,col-ko,0,0.6703,2.54,2.54,1.0,전치,[전치] 5. Change of Land Price by Province (Average) | 
지가,2021,110,5. 시도별 지가 변동률(평균) (계속),Ⅰ. 국토/인구/가구,?,경남,col-ko,0,0.7333,2.36,2.36,1.0,전치,[전치] 5. Change of Land Price by Province (Average) | 
지가,2021,110,5. 시도별 지가 변동률(평균) (계속),Ⅰ. 국토/인구/가구,?,제주,col-ko,0,0.7943,8.33,8.33,1.0,전치,[전치] 5. Change of Land Price by Province (Average) | 
지가,2021,110,5. 시도별 지가 변동률(평균) (계속),Ⅰ. 국토/인구/가구,?,대전,col-ko,0,0.1152,3.36,3.36,1.0,전치,[전치] 5. Change of Land Price by Province (Average) | 
지가,2021,110,5. 시도별 지가 변동률(평균) (계속),Ⅰ. 국토/인구/가구,?,울산,col-ko,0,0.1782,3.54,3.54,1.0,전치,[전치] 5. Change of Land Price by Province (Average) | 
지가,2021,110,5. 시도별 지가 변동률(평균) (계속),Ⅰ. 국토/인구/가구,?,경기,col-ko,0,0.3051,3.45,3.45,1.0,전치,[전치] 5. Change of Land Price by Province (Average) | 
지가,2021,110,5. 시도별 지가 변동률(평균) (계속),Ⅰ. 국토/인구/가구,?,강원,col-ko,0,0.3632,3.82,3.82,1.0,전치,[전치] 5. Change of Land Price by Province (Average) | 
지가,2021,110,5. 시도별 지가 변동률(평균) (계속),Ⅰ. 국토/인구/가구,?,충북,col-ko,0,0.4262,3.08,3.08,1.0,전치,[전치] 5. Change of Land Price by Province (Average) | 
지가,2021,110,5. 시도별 지가 변동률(평균) (계속),Ⅰ. 국토/인구/가구,?,충남,col-ko,0,0.4892,2.98,2.98,1.0,전치,[전치] 5. Change of Land Price by Province (Average) | 
지가,2021,110,5. 시도별 지가 변동률(평균) (계속),Ⅰ. 국토/인구/가구,?,전북,col-en,0,0.5502,3.33,3.33,1.0,전치,[전치] 5. Change of Land Price by Province (Average) | 
지가,2021,110,5. 시도별 지가 변동률(평균) (계속),Ⅰ. 국토/인구/가구,?,전남,col-ko,0,0.6112,3.90,3.9,1.0,전치,[전치] 5. Change of Land Price by Province (Average) | 
지가,2021,110,5. 시도별 지가 변동률(평균) (계속),Ⅰ. 국토/인구/가구,?,경북,col-ko,0,0.6703,3.09,3.09,1.0,전치,[전치] 5. Change of Land Price by Province (Average) | 
지가,2021,110,5. 시도별 지가 변동률(평균) (계속),Ⅰ. 국토/인구/가구,?,경남,col-ko,0,0.7333,3.09,3.09,1.0,전치,[전치] 5. Change of Land Price by Province (Average) | 
지가,2021,110,5. 시도별 지가 변동률(평균) (계속),Ⅰ. 국토/인구/가구,?,제주,col-ko,0,0.7943,5.46,5.46,1.0,전치,[전치] 5. Change of Land Price by Province (Average) | 
지가,2021,110,5. 시도별 지가 변동률(평균) (계속),Ⅰ. 국토/인구/가구,?,대전,col-ko,0,0.1152,3.34,3.34,1.0,전치,[전치] 5. Change of Land Price by Province (Average) | 
지가,2021,110,5. 시도별 지가 변동률(평균) (계속),Ⅰ. 국토/인구/가구,?,울산,col-ko,0,0.1782,2.65,2.65,1.0,전치,[전치] 5. Change of Land Price by Province (Average) | 
지가,2021,110,5. 시도별 지가 변동률(평균) (계속),Ⅰ. 국토/인구/가구,?,경기,col-ko,0,0.3051,4.42,4.42,1.0,전치,[전치] 5. Change of Land Price by Province (Average) | 
지가,2021,110,5. 시도별 지가 변동률(평균) (계속),Ⅰ. 국토/인구/가구,?,강원,col-ko,0,0.3632,3.58,3.58,1.0,전치,[전치] 5. Change of Land Price by Province (Average) | 
지가,2021,110,5. 시도별 지가 변동률(평균) (계속),Ⅰ. 국토/인구/가구,?,충북,col-ko,0,0.4262,3.16,3.16,1.0,전치,[전치] 5. Change of Land Price by Province (Average) | 
지가,2021,110,5. 시도별 지가 변동률(평균) (계속),Ⅰ. 국토/인구/가구,?,충남,col-ko,0,0.4892,2.28,2.28,0.5,전치,[전치] 5. Change of Land Price by Province (Average) | 
지가,2021,110,5. 시도별 지가 변동률(평균) (계속),Ⅰ. 국토/인구/가구,?,전북,col-en,0,0.5502,2.72,2.72,1.0,전치,[전치] 5. Change of Land Price by Province (Average) | 
지가,2021,110,5. 시도별 지가 변동률(평균) (계속),Ⅰ. 국토/인구/가구,?,전남,col-ko,0,0.6112,4.00,4.0,1.0,전치,[전치] 5. Change of Land Price by Province (Average) | 
지가,2021,110,5. 시도별 지가 변동률(평균) (계속),Ⅰ. 국토/인구/가구,?,경북,col-ko,0,0.6703,2.86,2.86,1.0,전치,[전치] 5. Change of Land Price by Province (Average) | 
지가,2021,110,5. 시도별 지가 변동률(평균) (계속),Ⅰ. 국토/인구/가구,?,경남,col-ko,0,0.7333,2.20,2.2,1.0,전치,[전치] 5. Change of Land Price by Province (Average) | 
지가,2021,110,5. 시도별 지가 변동률(평균) (계속),Ⅰ. 국토/인구/가구,?,제주,col-ko,0,0.7943,4.99,4.99,1.0,전치,[전치] 5. Change of Land Price by Province (Average) | 
지가,2021,110,5. 시도별 지가 변동률(평균) (계속),Ⅰ. 국토/인구/가구,?,대전,col-ko,0,0.1152,4.25,4.25,1.0,전치,[전치] 5. Change of Land Price by Province (Average) | 
지가,2021,110,5. 시도별 지가 변동률(평균) (계속),Ⅰ. 국토/인구/가구,?,울산,col-ko,0,0.1782,0.35,0.35,1.0,전치,[전치] 5. Change of Land Price by Province (Average) | 
지가,2021,110,5. 시도별 지가 변동률(평균) (계속),Ⅰ. 국토/인구/가구,?,경기,col-ko,0,0.3051,4.29,4.29,1.0,전치,[전치] 5. Change of Land Price by Province (Average) | 
지가,2021,110,5. 시도별 지가 변동률(평균) (계속),Ⅰ. 국토/인구/가구,?,강원,col-ko,0,0.3632,2.66,2.66,1.0,전치,[전치] 5. Change of Land Price by Province (Average) | 
지가,2021,110,5. 시도별 지가 변동률(평균) (계속),Ⅰ. 국토/인구/가구,?,충북,col-ko,0,0.4262,2.22,2.22,1.0,전치,[전치] 5. Change of Land Price by Province (Average) | 
지가,2021,110,5. 시도별 지가 변동률(평균) (계속),Ⅰ. 국토/인구/가구,?,충남,col-ko,0,0.4892,1.63,1.63,1.0,전치,[전치] 5. Change of Land Price by Province (Average) | 
지가,2021,110,5. 시도별 지가 변동률(평균) (계속),Ⅰ. 국토/인구/가구,?,전북,col-en,0,0.5502,2.60,2.6,1.0,전치,[전치] 5. Change of Land Price by Province (Average) | 
지가,2021,110,5. 시도별 지가 변동률(평균) (계속),Ⅰ. 국토/인구/가구,?,전남,col-ko,0,0.6112,3.90,3.9,1.0,전치,[전치] 5. Change of Land Price by Province (Average) | 
지가,2021,110,5. 시도별 지가 변동률(평균) (계속),Ⅰ. 국토/인구/가구,?,경북,col-ko,0,0.6703,2.38,2.38,1.0,전치,[전치] 5. Change of Land Price by Province (Average) | 
지가,2021,110,5. 시도별 지가 변동률(평균) (계속),Ⅰ. 국토/인구/가구,?,경남,col-ko,0,0.7333,0.56,0.56,1.0,전치,[전치] 5. Change of Land Price by Province (Average) | 
지가,2021,110,5. 시도별 지가 변동률(평균) (계속),Ⅰ. 국토/인구/가구,?,제주,col-ko,0,0.7943,-1.77,-1.77,0.5,전치,[전치] 5. Change of Land Price by Province (Average) | 
지가,2021,110,5. 시도별 지가 변동률(평균) (계속),Ⅰ. 국토/인구/가구,?,대전,col-ko,0,0.1152,4.58,4.58,1.0,전치,[전치] 5. Change of Land Price by Province (Average) | 
지가,2021,110,5. 시도별 지가 변동률(평균) (계속),Ⅰ. 국토/인구/가구,?,울산,col-ko,0,0.1782,1.64,1.64,1.0,전치,[전치] 5. Change of Land Price by Province (Average) | 
지가,2021,110,5. 시도별 지가 변동률(평균) (계속),Ⅰ. 국토/인구/가구,?,경기,col-ko,0,0.3051,3.98,3.98,1.0,전치,[전치] 5. Change of Land Price by Province (Average) | 
지가,2021,110,5. 시도별 지가 변동률(평균) (계속),Ⅰ. 국토/인구/가구,?,강원,col-ko,0,0.3632,2.16,2.16,1.0,전치,[전치] 5. Change of Land Price by Province (Average) | 
지가,2021,110,5. 시도별 지가 변동률(평균) (계속),Ⅰ. 국토/인구/가구,?,충북,col-ko,0,0.4262,2.27,2.27,1.0,전치,[전치] 5. Change of Land Price by Province (Average) | 
지가,2021,110,5. 시도별 지가 변동률(평균) (계속),Ⅰ. 국토/인구/가구,?,충남,col-ko,0,0.4892,2.08,2.08,1.0,전치,[전치] 5. Change of Land Price by Province (Average) | 
지가,2021,110,5. 시도별 지가 변동률(평균) (계속),Ⅰ. 국토/인구/가구,?,전북,col-en,0,0.5502,2.37,2.37,1.0,전치,[전치] 5. Change of Land Price by Province (Average) | 
지가,2021,110,5. 시도별 지가 변동률(평균) (계속),Ⅰ. 국토/인구/가구,?,전남,col-ko,0,0.6112,3.32,3.32,1.0,전치,[전치] 5. Change of Land Price by Province (Average) | 
지가,2021,110,5. 시도별 지가 변동률(평균) (계속),Ⅰ. 국토/인구/가구,?,경북,col-ko,0,0.6703,1.85,1.85,1.0,전치,[전치] 5. Change of Land Price by Province (Average) | 
지가,2021,110,5. 시도별 지가 변동률(평균) (계속),Ⅰ. 국토/인구/가구,?,제주,col-ko,0,0.7943,-1.93,-1.93,1.0,전치,[전치] 5. Change of Land Price by Province (Average) | 
지가,2021,110,5. 시도별 지가 변동률(평균) (계속),Ⅰ. 국토/인구/가구,?,대전,col-ko,0,0.1152,4.67,4.67,1.0,전치,[전치] 5. Change of Land Price by Province (Average) | 
지가,2021,110,5. 시도별 지가 변동률(평균) (계속),Ⅰ. 국토/인구/가구,?,울산,col-ko,0,0.1782,2.32,2.32,1.0,전치,[전치] 5. Change of Land Price by Province (Average) | 
지가,2021,110,5. 시도별 지가 변동률(평균) (계속),Ⅰ. 국토/인구/가구,?,경기,col-ko,0,0.3051,4.31,4.31,1.0,전치,[전치] 5. Change of Land Price by Province (Average) | 
지가,2021,110,5. 시도별 지가 변동률(평균) (계속),Ⅰ. 국토/인구/가구,?,강원,col-ko,0,0.3632,3.03,3.03,1.0,전치,[전치] 5. Change of Land Price by Province (Average) | 
지가,2021,110,5. 시도별 지가 변동률(평균) (계속),Ⅰ. 국토/인구/가구,?,충북,col-ko,0,0.4262,3.26,3.26,1.0,전치,[전치] 5. Change of Land Price by Province (Average) | 
지가,2021,110,5. 시도별 지가 변동률(평균) (계속),Ⅰ. 국토/인구/가구,?,충남,col-ko,0,0.4892,2.81,2.81,1.0,전치,[전치] 5. Change of Land Price by Province (Average) | 
지가,2021,110,5. 시도별 지가 변동률(평균) (계속),Ⅰ. 국토/인구/가구,?,전북,col-en,0,0.5502,2.57,2.57,1.0,전치,[전치] 5. Change of Land Price by Province (Average) | 
지가,2021,110,5. 시도별 지가 변동률(평균) (계속),Ⅰ. 국토/인구/가구,?,전남,col-ko,0,0.6112,3.67,3.67,1.0,전치,[전치] 5. Change of Land Price by Province (Average) | 
지가,2021,110,5. 시도별 지가 변동률(평균) (계속),Ⅰ. 국토/인구/가구,?,경북,col-ko,0,0.6703,2.29,2.29,1.0,전치,[전치] 5. Change of Land Price by Province (Average) | 
지가,2021,110,5. 시도별 지가 변동률(평균) (계속),Ⅰ. 국토/인구/가구,?,경남,col-ko,0,0.7333,2.03,2.03,1.0,전치,[전치] 5. Change of Land Price by Province (Average) | 
지가,2021,110,5. 시도별 지가 변동률(평균) (계속),Ⅰ. 국토/인구/가구,?,제주,col-ko,0,0.7943,1.85,1.85,1.0,전치,[전치] 5. Change of Land Price by Province (Average) | 
