series,edition,page,table,chapter,block,region,matched_by,col_idx,x,raw,value,conf,flag,row_text
광공업,1972,175,87. 시ㆍ도별 광업 및 제조업 총괄,VIII. 광업 및 제조업,전체,전국,ko,0,0.2875,25 636 825 453 325 972 684,25636825453325972684,1.0,과병합의심,전 국 Whole Country 25 636 825 453 325 972 684 26 676 901 787 453 871 400 25 816 937 650 588 249 859
광공업,1972,175,87. 시ㆍ도별 광업 및 제조업 총괄,VIII. 광업 및 제조업,전체,전국,ko,1,0.5031,26 676 901 787 453 871 400 25 816 937 650 588 249 859,2667690178745387140025816937650588249859,0.5,과병합의심,전 국 Whole Country 25 636 825 453 325 972 684 26 676 901 787 453 871 400 25 816 937 650 588 249 859
광공업,1972,175,87. 시ㆍ도별 광업 및 제조업 총괄,VIII. 광업 및 제조업,전체,전국,ko,0,0.2957,1 549,1549,0.5,,전 국 Whole Country 1 549 77 269 24 539 293 1 577 72 821 27 840 967 1 702 76 609 38 456 535
광공업,1972,175,87. 시ㆍ도별 광업 및 제조업 총괄,VIII. 광업 및 제조업,전체,전국,ko,1,0.3552,77 269 24 539 293,7726924539293,1.0,과병합의심,전 국 Whole Country 1 549 77 269 24 539 293 1 577 72 821 27 840 967 1 702 76 609 38 456 535
광공업,1972,175,87. 시ㆍ도별 광업 및 제조업 총괄,VIII. 광업 및 제조업,전체,전국,ko,2,0.5113,1 577,1577,1.0,,전 국 Whole Country 1 549 77 269 24 539 293 1 577 72 821 27 840 967 1 702 76 609 38 456 535
광공업,1972,175,87. 시ㆍ도별 광업 및 제조업 총괄,VIII. 광업 및 제조업,전체,전국,ko,3,0.5688,72 821 27 840 967,7282127840967,0.5,과병합의심,전 국 Whole Country 1 549 77 269 24 539 293 1 577 72 821 27 840 967 1 702 76 609 38 456 535
광공업,1972,175,87. 시ㆍ도별 광업 및 제조업 총괄,VIII. 광업 및 제조업,전체,전국,ko,4,0.7248,1 702,1702,0.3,저신뢰,전 국 Whole Country 1 549 77 269 24 539 293 1 577 72 821 27 840 967 1 702 76 609 38 456 535
광공업,1972,175,87. 시ㆍ도별 광업 및 제조업 총괄,VIII. 광업 및 제조업,전체,전국,ko,5,0.7844,76 609 38 456 535,7660938456535,1.0,과병합의심,전 국 Whole Country 1 549 77 269 24 539 293 1 577 72 821 27 840 967 1 702 76 609 38 456 535
광공업,1972,175,87. 시ㆍ도별 광업 및 제조업 총괄,VIII. 광업 및 제조업,전체,전국,ko,0,0.2895,24087,24087,0.3,저신뢰,전 국 Whote Country 24087 •748 184 301 433 391 25 098 828 966 426 030 433 24 114 861 041 549 793 324
광공업,1972,175,87. 시ㆍ도별 광업 및 제조업 총괄,VIII. 광업 및 제조업,전체,전국,ko,1,0.5031,25 098,25098,1.0,,전 국 Whote Country 24087 •748 184 301 433 391 25 098 828 966 426 030 433 24 114 861 041 549 793 324
광공업,1972,175,87. 시ㆍ도별 광업 및 제조업 총괄,VIII. 광업 및 제조업,전체,전국,ko,2,0.5626,828 966 426 030 433,828966426030433,1.0,과병합의심,전 국 Whote Country 24087 •748 184 301 433 391 25 098 828 966 426 030 433 24 114 861 041 549 793 324
광공업,1972,175,87. 시ㆍ도별 광업 및 제조업 총괄,VIII. 광업 및 제조업,전체,전국,ko,3,0.7207,24 114 861 041 549 793 324,24114861041549793324,0.5,과병합의심,전 국 Whote Country 24087 •748 184 301 433 391 25 098 828 966 426 030 433 24 114 861 041 549 793 324
광공업,1973,173,87. 시ㆍ도별 광업 및 제조업 총괄,VIII. 광업 및 제조업,전체,전남,ko,0,0.2977,3 493,3493,1.0,,전 라 남 도 Jeonra Nam Do 3 493 54 159 21 040 569 3 478 52 617 3 598 55 295 47 668 398
광공업,1973,173,87. 시ㆍ도별 광업 및 제조업 총괄,VIII. 광업 및 제조업,전체,전남,ko,1,0.3532,54 159,54159,1.0,,전 라 남 도 Jeonra Nam Do 3 493 54 159 21 040 569 3 478 52 617 3 598 55 295 47 668 398
광공업,1973,173,87. 시ㆍ도별 광업 및 제조업 총괄,VIII. 광업 및 제조업,전체,전남,ko,2,0.4127,21 040 569,21040569,1.0,,전 라 남 도 Jeonra Nam Do 3 493 54 159 21 040 569 3 478 52 617 3 598 55 295 47 668 398
광공업,1973,173,87. 시ㆍ도별 광업 및 제조업 총괄,VIII. 광업 및 제조업,전체,전남,ko,3,0.5133,3 478,3478,1.0,,전 라 남 도 Jeonra Nam Do 3 493 54 159 21 040 569 3 478 52 617 3 598 55 295 47 668 398
광공업,1973,173,87. 시ㆍ도별 광업 및 제조업 총괄,VIII. 광업 및 제조업,전체,전남,ko,4,0.5688,52 617,52617,1.0,,전 라 남 도 Jeonra Nam Do 3 493 54 159 21 040 569 3 478 52 617 3 598 55 295 47 668 398
광공업,1973,173,87. 시ㆍ도별 광업 및 제조업 총괄,VIII. 광업 및 제조업,전체,전남,ko,5,0.7289,3 598,3598,0.5,,전 라 남 도 Jeonra Nam Do 3 493 54 159 21 040 569 3 478 52 617 3 598 55 295 47 668 398
광공업,1973,173,87. 시ㆍ도별 광업 및 제조업 총괄,VIII. 광업 및 제조업,전체,전남,ko,6,0.7823,55 295,55295,1.0,,전 라 남 도 Jeonra Nam Do 3 493 54 159 21 040 569 3 478 52 617 3 598 55 295 47 668 398
광공업,1973,173,87. 시ㆍ도별 광업 및 제조업 총괄,VIII. 광업 및 제조업,전체,전남,ko,7,0.8501,47 668 398,47668398,1.0,,전 라 남 도 Jeonra Nam Do 3 493 54 159 21 040 569 3 478 52 617 3 598 55 295 47 668 398
광공업,1973,173,87. 시ㆍ도별 광업 및 제조업 총괄,VIII. 광업 및 제조업,전체,전국,ko,0,0.2977,1 577 72 821,157772821,1.0,,전 국 Whole country 1 577 72 821 27 840 967 1 702 76 609 1 557 75 043 42 569 769
광공업,1973,173,87. 시ㆍ도별 광업 및 제조업 총괄,VIII. 광업 및 제조업,전체,전국,ko,1,0.4127,27 840 967,27840967,1.0,,전 국 Whole country 1 577 72 821 27 840 967 1 702 76 609 1 557 75 043 42 569 769
광공업,1973,173,87. 시ㆍ도별 광업 및 제조업 총괄,VIII. 광업 및 제조업,전체,전국,ko,2,0.5113,1 702,1702,0.3,저신뢰,전 국 Whole country 1 577 72 821 27 840 967 1 702 76 609 1 557 75 043 42 569 769
광공업,1973,173,87. 시ㆍ도별 광업 및 제조업 총괄,VIII. 광업 및 제조업,전체,전국,ko,3,0.5626,76 609,76609,1.0,,전 국 Whole country 1 577 72 821 27 840 967 1 702 76 609 1 557 75 043 42 569 769
광공업,1973,173,87. 시ㆍ도별 광업 및 제조업 총괄,VIII. 광업 및 제조업,전체,전국,ko,4,0.7289,1 557,1557,0.3,저신뢰,전 국 Whole country 1 577 72 821 27 840 967 1 702 76 609 1 557 75 043 42 569 769
광공업,1973,173,87. 시ㆍ도별 광업 및 제조업 총괄,VIII. 광업 및 제조업,전체,전국,ko,5,0.7823,75 043,75043,1.0,,전 국 Whole country 1 577 72 821 27 840 967 1 702 76 609 1 557 75 043 42 569 769
광공업,1973,173,87. 시ㆍ도별 광업 및 제조업 총괄,VIII. 광업 및 제조업,전체,전국,ko,6,0.848,42 569 769,42569769,0.5,,전 국 Whole country 1 577 72 821 27 840 967 1 702 76 609 1 557 75 043 42 569 769
광공업,1973,173,87. 시ㆍ도별 광업 및 제조업 총괄,VIII. 광업 및 제조업,전체,전국,ko,0,0.2875,25 098 828 966 426 030 433,25098828966426030433,1.0,과병합의심,전 국 Whole county 25 098 828 966 426 030 433 24 114 861 041 549 793 324 23 412 848 194 690 534 615
광공업,1973,173,87. 시ㆍ도별 광업 및 제조업 총괄,VIII. 광업 및 제조업,전체,전국,ko,1,0.501,24 114 861 041 549 793 324,24114861041549793324,1.0,과병합의심,전 국 Whole county 25 098 828 966 426 030 433 24 114 861 041 549 793 324 23 412 848 194 690 534 615
광공업,1973,173,87. 시ㆍ도별 광업 및 제조업 총괄,VIII. 광업 및 제조업,전체,전국,ko,2,0.7187,23 412 848 194 690 534 615,23412848194690534615,0.5,과병합의심,전 국 Whole county 25 098 828 966 426 030 433 24 114 861 041 549 793 324 23 412 848 194 690 534 615
광공업,1974,131,72. 시ㆍ도별 광업 및 제조업 총괄,VII. 광업 및 제조업,전체,전국,ko,0,0.3265,25 816,25816,1.0,,전국 Wro'e country 25 816 937 650 588 250 24 963 923 237 733 104 25 248 1 045 201 942 426
광공업,1974,131,72. 시ㆍ도별 광업 및 제조업 총괄,VII. 광업 및 제조업,전체,전국,ko,1,0.3942,937 650 588 250,937650588250,0.5,과병합의심,전국 Wro'e country 25 816 937 650 588 250 24 963 923 237 733 104 25 248 1 045 201 942 426
광공업,1974,131,72. 시ㆍ도별 광업 및 제조업 총괄,VII. 광업 및 제조업,전체,전국,ko,2,0.5359,24 963 923 237,24963923237,0.5,과병합의심,전국 Wro'e country 25 816 937 650 588 250 24 963 923 237 733 104 25 248 1 045 201 942 426
광공업,1974,131,72. 시ㆍ도별 광업 및 제조업 총괄,VII. 광업 및 제조업,전체,전국,ko,3,0.6652,733 104,733104,0.5,,전국 Wro'e country 25 816 937 650 588 250 24 963 923 237 733 104 25 248 1 045 201 942 426
광공업,1974,131,72. 시ㆍ도별 광업 및 제조업 총괄,VII. 광업 및 제조업,전체,전국,ko,4,0.7474,25 248 1 045 201,252481045201,1.0,과병합의심,전국 Wro'e country 25 816 937 650 588 250 24 963 923 237 733 104 25 248 1 045 201 942 426
광공업,1974,131,72. 시ㆍ도별 광업 및 제조업 총괄,VII. 광업 및 제조업,전체,전국,ko,5,0.8849,942 426,942426,1.0,,전국 Wro'e country 25 816 937 650 588 250 24 963 923 237 733 104 25 248 1 045 201 942 426
광공업,1974,131,72. 시ㆍ도별 광업 및 제조업 총괄,VII. 광업 및 제조업,전체,전남,ko,0,0.3368,3478,3478,0.3,저신뢰,전 라남도 Jeonra Nom Do 3478 52 617 18 328 3 598 55 295 47 668 3 842 69 584 41 738
광공업,1974,131,72. 시ㆍ도별 광업 및 제조업 총괄,VII. 광업 및 제조업,전체,전남,ko,1,0.4045,52 617,52617,1.0,,전 라남도 Jeonra Nom Do 3478 52 617 18 328 3 598 55 295 47 668 3 842 69 584 41 738
광공업,1974,131,72. 시ㆍ도별 광업 및 제조업 총괄,VII. 광업 및 제조업,전체,전남,ko,2,0.4679,18 328,18328,1.0,,전 라남도 Jeonra Nom Do 3478 52 617 18 328 3 598 55 295 47 668 3 842 69 584 41 738
광공업,1974,131,72. 시ㆍ도별 광업 및 제조업 총괄,VII. 광업 및 제조업,전체,전남,ko,3,0.5442,3 598,3598,0.5,,전 라남도 Jeonra Nom Do 3478 52 617 18 328 3 598 55 295 47 668 3 842 69 584 41 738
광공업,1974,131,72. 시ㆍ도별 광업 및 제조업 총괄,VII. 광업 및 제조업,전체,전남,ko,4,0.6037,55 295,55295,0.5,,전 라남도 Jeonra Nom Do 3478 52 617 18 328 3 598 55 295 47 668 3 842 69 584 41 738
광공업,1974,131,72. 시ㆍ도별 광업 및 제조업 총괄,VII. 광업 및 제조업,전체,전남,ko,5,0.6776,47 668,47668,1.0,,전 라남도 Jeonra Nom Do 3478 52 617 18 328 3 598 55 295 47 668 3 842 69 584 41 738
광공업,1974,131,72. 시ㆍ도별 광업 및 제조업 총괄,VII. 광업 및 제조업,전체,전남,ko,6,0.7557,3 842,3842,1.0,,전 라남도 Jeonra Nom Do 3478 52 617 18 328 3 598 55 295 47 668 3 842 69 584 41 738
광공업,1974,131,72. 시ㆍ도별 광업 및 제조업 총괄,VII. 광업 및 제조업,전체,전남,ko,7,0.8214,69 584,69584,0.5,,전 라남도 Jeonra Nom Do 3478 52 617 18 328 3 598 55 295 47 668 3 842 69 584 41 738
광공업,1974,131,72. 시ㆍ도별 광업 및 제조업 총괄,VII. 광업 및 제조업,전체,전남,ko,8,0.8953,41 738,41738,1.0,,전 라남도 Jeonra Nom Do 3478 52 617 18 328 3 598 55 295 47 668 3 842 69 584 41 738
광공업,1974,131,72. 시ㆍ도별 광업 및 제조업 총괄,VII. 광업 및 제조업,전체,전국,ko,0,0.3327,1 702,1702,0.5,,전 국 Whole Countiy 1 702 76 609 38 457 1 551 75 043 1 s19 기 786 43 018
광공업,1974,131,72. 시ㆍ도별 광업 및 제조업 총괄,VII. 광업 및 제조업,전체,전국,ko,1,0.4025,76 609,76609,1.0,,전 국 Whole Countiy 1 702 76 609 38 457 1 551 75 043 1 s19 기 786 43 018
광공업,1974,131,72. 시ㆍ도별 광업 및 제조업 총괄,VII. 광업 및 제조업,전체,전국,ko,2,0.4702,38 457,38457,1.0,,전 국 Whole Countiy 1 702 76 609 38 457 1 551 75 043 1 s19 기 786 43 018
광공업,1974,131,72. 시ㆍ도별 광업 및 제조업 총괄,VII. 광업 및 제조업,전체,전국,ko,3,0.5462,1 551,1551,0.3,저신뢰,전 국 Whole Countiy 1 702 76 609 38 457 1 551 75 043 1 s19 기 786 43 018
광공업,1974,131,72. 시ㆍ도별 광업 및 제조업 총괄,VII. 광업 및 제조업,전체,전국,ko,4,0.6037,75 043,75043,1.0,,전 국 Whole Countiy 1 702 76 609 38 457 1 551 75 043 1 s19 기 786 43 018
광공업,1974,131,72. 시ㆍ도별 광업 및 제조업 총괄,VII. 광업 및 제조업,전체,전국,ko,5,0.8953,43 018,43018,0.5,,전 국 Whole Countiy 1 702 76 609 38 457 1 551 75 043 1 s19 기 786 43 018
광공업,1975,135,72. 시ㆍ도별 광업 및 제조업 총괄,VII. 광업 및 제조업,전체,전국,ko,0,0.3306,24 963 923 237 733 104 25 248 1 045 201 942 426 24 881 1 227 566,24963923237733104252481045201942426248811227566,1.0,과병합의심,전 국 whole Country 24 963 923 237 733 104 25 248 1 045 201 942 426 24 881 1 227 566 1 436 151
광공업,1975,135,72. 시ㆍ도별 광업 및 제조업 총괄,VII. 광업 및 제조업,전체,전국,ko,1,0.846,1 436 151,1436151,0.3,저신뢰,전 국 whole Country 24 963 923 237 733 104 25 248 1 045 201 942 426 24 881 1 227 566 1 436 151
광공업,1975,135,72. 시ㆍ도별 광업 및 제조업 총괄,VII. 광업 및 제조업,전체,전남,ko,0,0.3388,3 598,3598,0.5,,전라남도 Jeonra Nam Do 3 598 55 295 3 842 69 584 4| 738 3 484 56 097 83 448
광공업,1975,135,72. 시ㆍ도별 광업 및 제조업 총괄,VII. 광업 및 제조업,전체,전남,ko,1,0.3983,55 295,55295,1.0,,전라남도 Jeonra Nam Do 3 598 55 295 3 842 69 584 4| 738 3 484 56 097 83 448
광공업,1975,135,72. 시ㆍ도별 광업 및 제조업 총괄,VII. 광업 및 제조업,전체,전남,ko,2,0.54,3 842,3842,1.0,,전라남도 Jeonra Nam Do 3 598 55 295 3 842 69 584 4| 738 3 484 56 097 83 448
광공업,1975,135,72. 시ㆍ도별 광업 및 제조업 총괄,VII. 광업 및 제조업,전체,전남,ko,3,0.6016,69 584,69584,1.0,,전라남도 Jeonra Nam Do 3 598 55 295 3 842 69 584 4| 738 3 484 56 097 83 448
광공업,1975,135,72. 시ㆍ도별 광업 및 제조업 총괄,VII. 광업 및 제조업,전체,전남,ko,4,0.7289,3 484,3484,1.0,,전라남도 Jeonra Nam Do 3 598 55 295 3 842 69 584 4| 738 3 484 56 097 83 448
광공업,1975,135,72. 시ㆍ도별 광업 및 제조업 총괄,VII. 광업 및 제조업,전체,전남,ko,5,0.7885,56 097,56097,1.0,,전라남도 Jeonra Nam Do 3 598 55 295 3 842 69 584 4| 738 3 484 56 097 83 448
광공업,1975,135,72. 시ㆍ도별 광업 및 제조업 총괄,VII. 광업 및 제조업,전체,전남,ko,6,0.8706,83 448,83448,1.0,,전라남도 Jeonra Nam Do 3 598 55 295 3 842 69 584 4| 738 3 484 56 097 83 448
광공업,1975,135,72. 시ㆍ도별 광업 및 제조업 총괄,VII. 광업 및 제조업,전체,전국,ko,0,0.3388,1 551,1551,0.5,,전 국Whole Country 1 551 75 043 1 519 71 786 43 018 1 588 69 737 56 137
광공업,1975,135,72. 시ㆍ도별 광업 및 제조업 총괄,VII. 광업 및 제조업,전체,전국,ko,1,0.3983,75 043,75043,1.0,,전 국Whole Country 1 551 75 043 1 519 71 786 43 018 1 588 69 737 56 137
광공업,1975,135,72. 시ㆍ도별 광업 및 제조업 총괄,VII. 광업 및 제조업,전체,전국,ko,2,0.538,1 519,1519,0.5,,전 국Whole Country 1 551 75 043 1 519 71 786 43 018 1 588 69 737 56 137
광공업,1975,135,72. 시ㆍ도별 광업 및 제조업 총괄,VII. 광업 및 제조업,전체,전국,ko,3,0.5975,71 786,71786,0.5,,전 국Whole Country 1 551 75 043 1 519 71 786 43 018 1 588 69 737 56 137
광공업,1975,135,72. 시ㆍ도별 광업 및 제조업 총괄,VII. 광업 및 제조업,전체,전국,ko,4,0.6672,43 018 1 588,430181588,0.5,,전 국Whole Country 1 551 75 043 1 519 71 786 43 018 1 588 69 737 56 137
광공업,1975,135,72. 시ㆍ도별 광업 및 제조업 총괄,VII. 광업 및 제조업,전체,전국,ko,5,0.7864,69 737,69737,1.0,,전 국Whole Country 1 551 75 043 1 519 71 786 43 018 1 588 69 737 56 137
광공업,1975,135,72. 시ㆍ도별 광업 및 제조업 총괄,VII. 광업 및 제조업,전체,전국,ko,6,0.8686,56 137,56137,0.5,,전 국Whole Country 1 551 75 043 1 519 71 786 43 018 1 588 69 737 56 137
광공업,1975,135,72. 시ㆍ도별 광업 및 제조업 총괄,VII. 광업 및 제조업,전체,전남,ko,0,0.5524,736,736,1.0,,전라남도 Jeonra Nam Do 736 767 3 078
광공업,1975,135,72. 시ㆍ도별 광업 및 제조업 총괄,VII. 광업 및 제조업,전체,전남,ko,1,0.7392,767,767,1.0,,전라남도 Jeonra Nam Do 736 767 3 078
광공업,1975,135,72. 시ㆍ도별 광업 및 제조업 총괄,VII. 광업 및 제조업,전체,전남,ko,2,0.8747,3 078,3078,1.0,,전라남도 Jeonra Nam Do 736 767 3 078
광공업,1975,135,72. 시ㆍ도별 광업 및 제조업 총괄,VII. 광업 및 제조업,전체,전국,en,0,0.3285,23 412,23412,1.0,,국 Whole Country 23 412 848 194 690 535 23 729 973 415 157 829 1 380 014
광공업,1975,135,72. 시ㆍ도별 광업 및 제조업 총괄,VII. 광업 및 제조업,전체,전국,en,1,0.3881,848 194,848194,0.5,,국 Whole Country 23 412 848 194 690 535 23 729 973 415 157 829 1 380 014
광공업,1975,135,72. 시ㆍ도별 광업 및 제조업 총괄,VII. 광업 및 제조업,전체,전국,en,2,0.4558,690 535,690535,1.0,,국 Whole Country 23 412 848 194 690 535 23 729 973 415 157 829 1 380 014
광공업,1975,135,72. 시ㆍ도별 광업 및 제조업 총괄,VII. 광업 및 제조업,전체,전국,en,3,0.5297,23 729,23729,1.0,,국 Whole Country 23 412 848 194 690 535 23 729 973 415 157 829 1 380 014
광공업,1975,135,72. 시ㆍ도별 광업 및 제조업 총괄,VII. 광업 및 제조업,전체,전국,en,4,0.5934,973 415,973415,0.5,,국 Whole Country 23 412 848 194 690 535 23 729 973 415 157 829 1 380 014
광공업,1975,135,72. 시ㆍ도별 광업 및 제조업 총괄,VII. 광업 및 제조업,전체,전국,en,5,0.7803,157 829,157829,1.0,,국 Whole Country 23 412 848 194 690 535 23 729 973 415 157 829 1 380 014
광공업,1975,135,72. 시ㆍ도별 광업 및 제조업 총괄,VII. 광업 및 제조업,전체,전국,en,6,0.848,1 380 014,1380014,0.5,,국 Whole Country 23 412 848 194 690 535 23 729 973 415 157 829 1 380 014
광공업,1976,134,73. 시ㆍ도별 광ㆍ공업 총괄,VII. 광ㆍ공업,전체,전국,ko,0,0.3367,25 098,25098,1.0,,전 국 25 098 828 966 426 030 24 114 861 041 549 793 23 412 848 194 690 535
광공업,1976,134,73. 시ㆍ도별 광ㆍ공업 총괄,VII. 광ㆍ공업,전체,전국,ko,1,0.4003,828 966,828966,1.0,,전 국 25 098 828 966 426 030 24 114 861 041 549 793 23 412 848 194 690 535
광공업,1976,134,73. 시ㆍ도별 광ㆍ공업 총괄,VII. 광ㆍ공업,전체,전국,ko,2,0.4722,426 030,426030,1.0,,전 국 25 098 828 966 426 030 24 114 861 041 549 793 23 412 848 194 690 535
광공업,1976,134,73. 시ㆍ도별 광ㆍ공업 총괄,VII. 광ㆍ공업,전체,전국,ko,3,0.5544,24 114,24114,0.3,저신뢰,전 국 25 098 828 966 426 030 24 114 861 041 549 793 23 412 848 194 690 535
광공업,1976,134,73. 시ㆍ도별 광ㆍ공업 총괄,VII. 광ㆍ공업,전체,전국,ko,4,0.616,861 041,861041,1.0,,전 국 25 098 828 966 426 030 24 114 861 041 549 793 23 412 848 194 690 535
광공업,1976,134,73. 시ㆍ도별 광ㆍ공업 총괄,VII. 광ㆍ공업,전체,전국,ko,5,0.6899,549 793,549793,1.0,,전 국 25 098 828 966 426 030 24 114 861 041 549 793 23 412 848 194 690 535
광공업,1976,134,73. 시ㆍ도별 광ㆍ공업 총괄,VII. 광ㆍ공업,전체,전국,ko,6,0.768,23 412,23412,1.0,,전 국 25 098 828 966 426 030 24 114 861 041 549 793 23 412 848 194 690 535
광공업,1976,134,73. 시ㆍ도별 광ㆍ공업 총괄,VII. 광ㆍ공업,전체,전국,ko,7,0.8335,848 194,848194,0.5,,전 국 25 098 828 966 426 030 24 114 861 041 549 793 23 412 848 194 690 535
광공업,1976,134,73. 시ㆍ도별 광ㆍ공업 총괄,VII. 광ㆍ공업,전체,전국,ko,8,0.9054,690 535,690535,1.0,,전 국 25 098 828 966 426 030 24 114 861 041 549 793 23 412 848 194 690 535
광공업,1977,155,82. 시ㆍ도별 광ㆍ공업총괄,V. 광ㆍ공업,전체,전국,ko,0,0.3614,24 881 1 227 566 1307 847,2488112275661307847,0.5,과병합의심,전 국 Whole Country 24 881 1 227 566 1307 847 24 215 1369 677 1951 949 24 229 1 503 220 2 945 758
광공업,1977,155,82. 시ㆍ도별 광ㆍ공업총괄,V. 광ㆍ공업,전체,전국,ko,1,0.54,24 215 1369 677 1951 949,2421513696771951949,0.5,과병합의심,전 국 Whole Country 24 881 1 227 566 1307 847 24 215 1369 677 1951 949 24 229 1 503 220 2 945 758
광공업,1977,155,82. 시ㆍ도별 광ㆍ공업총괄,V. 광ㆍ공업,전체,전국,ko,2,0.7228,24 229 1 503 220 2 945 758,2422915032202945758,0.5,과병합의심,전 국 Whole Country 24 881 1 227 566 1307 847 24 215 1369 677 1951 949 24 229 1 503 220 2 945 758
광공업,1977,155,82. 시ㆍ도별 광ㆍ공업총괄,V. 광ㆍ공업,전체,전국,ko,0,0.4209,69 737,69737,1.0,,전 국 Whole Country 69 737 53 837 1 1 610
광공업,1977,155,82. 시ㆍ도별 광ㆍ공업총괄,V. 광ㆍ공업,전체,전국,ko,1,0.4805,53 837,53837,1.0,,전 국 Whole Country 69 737 53 837 1 1 610
광공업,1977,155,82. 시ㆍ도별 광ㆍ공업총괄,V. 광ㆍ공업,전체,전국,ko,2,0.5529,1,1,0.3,저신뢰,전 국 Whole Country 69 737 53 837 1 1 610
광공업,1977,155,82. 시ㆍ도별 광ㆍ공업총괄,V. 광ㆍ공업,전체,전국,ko,3,0.8294,1 610,1610,0.5,,전 국 Whole Country 69 737 53 837 1 1 610
광공업,1977,155,82. 시ㆍ도별 광ㆍ공업총괄,V. 광ㆍ공업,전체,전국,ko,0,0.3573,23 2931 157 8291 254 010,2329311578291254010,1.0,과병합의심,전 국 Whole Country 23 2931 157 8291 254 010 22 6321 298 3841 867 177 22 7871 420 1442 828 149
광공업,1977,155,82. 시ㆍ도별 광ㆍ공업총괄,V. 광ㆍ공업,전체,전국,ko,1,0.54,22 6321 298 3841 867 177,2263212983841867177,1.0,과병합의심,전 국 Whole Country 23 2931 157 8291 254 010 22 6321 298 3841 867 177 22 7871 420 1442 828 149
광공업,1977,155,82. 시ㆍ도별 광ㆍ공업총괄,V. 광ㆍ공업,전체,전국,ko,2,0.7228,22 7871 420 1442 828 149,2278714201442828149,1.0,과병합의심,전 국 Whole Country 23 2931 157 8291 254 010 22 6321 298 3841 867 177 22 7871 420 1442 828 149
광공업,1978,159,82. 시ㆍ도별 광ㆍ공업 총괄,V. 광ㆍ공업,전체,전국,ko,0,0.3203,24 215 1 369 677 1 951 949,2421513696771951949,1.0,과병합의심,전 국 Whole Country 24 215 1 369 677 1 951 949 24 229 26 564 | 799 016 4 208 559
광공업,1978,159,82. 시ㆍ도별 광ㆍ공업 총괄,V. 광ㆍ공업,전체,전국,ko,1,0.5216,24 229,24229,1.0,,전 국 Whole Country 24 215 1 369 677 1 951 949 24 229 26 564 | 799 016 4 208 559
광공업,1978,159,82. 시ㆍ도별 광ㆍ공업 총괄,V. 광ㆍ공업,전체,전국,ko,0,0.3304,1 583,1583,0.5,,전 국 Whole Country 1 583 1 442 1 607 81 708 133 503
광공업,1978,159,82. 시ㆍ도별 광ㆍ공업 총괄,V. 광ㆍ공업,전체,전국,ko,1,0.5318,1 442,1442,0.5,,전 국 Whole Country 1 583 1 442 1 607 81 708 133 503
광공업,1978,159,82. 시ㆍ도별 광ㆍ공업 총괄,V. 광ㆍ공업,전체,전국,ko,2,0.7331,1 607,1607,0.5,,전 국 Whole Country 1 583 1 442 1 607 81 708 133 503
광공업,1978,159,82. 시ㆍ도별 광ㆍ공업 총괄,V. 광ㆍ공업,전체,전국,ko,3,0.7945,81 708,81708,1.0,,전 국 Whole Country 1 583 1 442 1 607 81 708 133 503
광공업,1978,159,82. 시ㆍ도별 광ㆍ공업 총괄,V. 광ㆍ공업,전체,전국,ko,4,0.8542,133 503,133503,1.0,,전 국 Whole Country 1 583 1 442 1 607 81 708 133 503
광공업,1978,159,82. 시ㆍ도별 광ㆍ공업 총괄,V. 광ㆍ공업,전체,전국,ko,0,0.3265,22 632 1 298 384 1 867 177,2263212983841867177,0.5,과병합의심,전 국 Whole Country 22 632 1 298 384 1 867 177 22 787 1 420 144 2 828 149 24 957 1 717 308 4 075 056
광공업,1978,159,82. 시ㆍ도별 광ㆍ공업 총괄,V. 광ㆍ공업,전체,전국,ko,1,0.5236,22 787 1 420 144 2 828 149,2278714201442828149,0.5,과병합의심,전 국 Whole Country 22 632 1 298 384 1 867 177 22 787 1 420 144 2 828 149 24 957 1 717 308 4 075 056
광공업,1978,159,82. 시ㆍ도별 광ㆍ공업 총괄,V. 광ㆍ공업,전체,전국,ko,2,0.7269,24 957 1 717 308 4 075 056,2495717173084075056,1.0,과병합의심,전 국 Whole Country 22 632 1 298 384 1 867 177 22 787 1 420 144 2 828 149 24 957 1 717 308 4 075 056
광공업,1979,155,82. 시ㆍ도별 광ㆍ공업총괄,V. 광ㆍ공업,전체,전국,ko,0,0.3327,24 229 1 503 220 2 945 758,2422915032202945758,1.0,과병합의심,전 국 wbole Coumtry 24 229 1 503 220 2 945 758 26 564 1 799 016 4 208 559 28 292. 1 999 829 5 785 131
광공업,1979,155,82. 시ㆍ도별 광ㆍ공업총괄,V. 광ㆍ공업,전체,전국,ko,1,0.5339,26 564 1 799 016 4 208 559,2656417990164208559,1.0,과병합의심,전 국 wbole Coumtry 24 229 1 503 220 2 945 758 26 564 1 799 016 4 208 559 28 292. 1 999 829 5 785 131
광공업,1979,155,82. 시ㆍ도별 광ㆍ공업총괄,V. 광ㆍ공업,전체,전국,ko,2,0.7331,28 292. 1 999 829 5 785 131,28292.199982957853,0.5,과병합의심,전 국 wbole Coumtry 24 229 1 503 220 2 945 758 26 564 1 799 016 4 208 559 28 292. 1 999 829 5 785 131
광공업,1979,155,82. 시ㆍ도별 광ㆍ공업총괄,V. 광ㆍ공업,전체,전국,ko,0,0.3409,1 442,1442,0.3,저신뢰,전 국 wola Couniry 1 442 83 076 117 610 1 607 81 708 133 503 1 566 80 898 188 414
광공업,1979,155,82. 시ㆍ도별 광ㆍ공업총괄,V. 광ㆍ공업,전체,전국,ko,1,0.4004,83 076,83076,0.5,,전 국 wola Couniry 1 442 83 076 117 610 1 607 81 708 133 503 1 566 80 898 188 414
광공업,1979,155,82. 시ㆍ도별 광ㆍ공업총괄,V. 광ㆍ공업,전체,전국,ko,2,0.462,117 610,117610,0.3,저신뢰,전 국 wola Couniry 1 442 83 076 117 610 1 607 81 708 133 503 1 566 80 898 188 414
광공업,1979,155,82. 시ㆍ도별 광ㆍ공업총괄,V. 광ㆍ공업,전체,전국,ko,3,0.5421,1 607,1607,0.3,저신뢰,전 국 wola Couniry 1 442 83 076 117 610 1 607 81 708 133 503 1 566 80 898 188 414
광공업,1979,155,82. 시ㆍ도별 광ㆍ공업총괄,V. 광ㆍ공업,전체,전국,ko,4,0.6016,81 708,81708,0.5,,전 국 wola Couniry 1 442 83 076 117 610 1 607 81 708 133 503 1 566 80 898 188 414
광공업,1979,155,82. 시ㆍ도별 광ㆍ공업총괄,V. 광ㆍ공업,전체,전국,ko,5,0.6612,133 503,133503,0.5,,전 국 wola Couniry 1 442 83 076 117 610 1 607 81 708 133 503 1 566 80 898 188 414
광공업,1979,155,82. 시ㆍ도별 광ㆍ공업총괄,V. 광ㆍ공업,전체,전국,ko,6,0.7413,1 566,1566,0.5,,전 국 wola Couniry 1 442 83 076 117 610 1 607 81 708 133 503 1 566 80 898 188 414
광공업,1979,155,82. 시ㆍ도별 광ㆍ공업총괄,V. 광ㆍ공업,전체,전국,ko,7,0.8029,80 898,80898,0.3,저신뢰,전 국 wola Couniry 1 442 83 076 117 610 1 607 81 708 133 503 1 566 80 898 188 414
광공업,1979,155,82. 시ㆍ도별 광ㆍ공업총괄,V. 광ㆍ공업,전체,전국,ko,8,0.8623,188 414,188414,1.0,,전 국 wola Couniry 1 442 83 076 117 610 1 607 81 708 133 503 1 566 80 898 188 414
광공업,1980,153,81. 시ㆍ도별 광ㆍ공업총괄,V. 광ㆍ공업,전체,전국,ko,0,0.5442,28 292 1 999 829 5 785 131,2829219998295785131,1.0,과병합의심,전 국 Whole Counfry 28 292 1 999 829 5 785 131 31 700 2 194 920 8 209 387
광공업,1980,153,81. 시ㆍ도별 광ㆍ공업총괄,V. 광ㆍ공업,전체,전국,ko,1,0.7741,31 700 2 194 920 8 209 387,3170021949208209387,1.0,과병합의심,전 국 Whole Counfry 28 292 1 999 829 5 785 131 31 700 2 194 920 8 209 387
광공업,1980,153,81. 시ㆍ도별 광ㆍ공업총괄,V. 광ㆍ공업,전체,전국,ko,0,0.316,1 607,1607,1.0,,전 국 Whole Country 1 607 81 708 1 566 80 898 188 414 1 837 83 057 249 169
광공업,1980,153,81. 시ㆍ도별 광ㆍ공업총괄,V. 광ㆍ공업,전체,전국,ko,1,0.3881,81 708,81708,0.3,저신뢰,전 국 Whole Country 1 607 81 708 1 566 80 898 188 414 1 837 83 057 249 169
광공업,1980,153,81. 시ㆍ도별 광ㆍ공업총괄,V. 광ㆍ공업,전체,전국,ko,2,0.5462,1 566,1566,0.5,,전 국 Whole Country 1 607 81 708 1 566 80 898 188 414 1 837 83 057 249 169
광공업,1980,153,81. 시ㆍ도별 광ㆍ공업총괄,V. 광ㆍ공업,전체,전국,ko,3,0.6201,80 898,80898,1.0,,전 국 Whole Country 1 607 81 708 1 566 80 898 188 414 1 837 83 057 249 169
광공업,1980,153,81. 시ㆍ도별 광ㆍ공업총괄,V. 광ㆍ공업,전체,전국,ko,4,0.6857,188 414,188414,1.0,,전 국 Whole Country 1 607 81 708 1 566 80 898 188 414 1 837 83 057 249 169
광공업,1980,153,81. 시ㆍ도별 광ㆍ공업총괄,V. 광ㆍ공업,전체,전국,ko,5,0.7823,1 837,1837,0.3,저신뢰,전 국 Whole Country 1 607 81 708 1 566 80 898 188 414 1 837 83 057 249 169
광공업,1980,153,81. 시ㆍ도별 광ㆍ공업총괄,V. 광ㆍ공업,전체,전국,ko,6,0.8522,83 057,83057,1.0,,전 국 Whole Country 1 607 81 708 1 566 80 898 188 414 1 837 83 057 249 169
광공업,1980,153,81. 시ㆍ도별 광ㆍ공업총괄,V. 광ㆍ공업,전체,전국,ko,7,0.9198,249 169,249169,1.0,,전 국 Whole Country 1 607 81 708 1 566 80 898 188 414 1 837 83 057 249 169
광공업,1981,161,1. 시ㆍ도별 광ㆍ공업총괄,V. 광ㆍ공업,전체,전국,ko,0,0.4906,2 154 582,2154582,1.0,,전 국 Whole Country 21 7C1 2 154 582 € 442 618 33 583 2 196 037 9 49e 2C0
광공업,1981,161,1. 시ㆍ도별 광ㆍ공업총괄,V. 광ㆍ공업,전체,전국,ko,1,0.7043,33 583,33583,0.5,,전 국 Whole Country 21 7C1 2 154 582 € 442 618 33 583 2 196 037 9 49e 2C0
광공업,1981,161,1. 시ㆍ도별 광ㆍ공업총괄,V. 광ㆍ공업,전체,전국,ko,2,0.774,2 196 037,2196037,0.3,저신뢰,전 국 Whole Country 21 7C1 2 154 582 € 442 618 33 583 2 196 037 9 49e 2C0
광공업,1981,161,1. 시ㆍ도별 광ㆍ공업총괄,V. 광ㆍ공업,전체,전남,ko,0,0.4292,2 875,2875,0.3,저신뢰,전 라 남 도 Jeonra Nam Do 2 875 e7 86¢ 43~ e54 N4N 979 73 485 4¢0 A5s
광공업,1981,161,1. 시ㆍ도별 광ㆍ공업총괄,V. 광ㆍ공업,전체,전남,ko,1,0.7289,979,979,1.0,,전 라 남 도 Jeonra Nam Do 2 875 e7 86¢ 43~ e54 N4N 979 73 485 4¢0 A5s
광공업,1981,161,1. 시ㆍ도별 광ㆍ공업총괄,V. 광ㆍ공업,전체,전남,ko,2,0.8008,73 485,73485,1.0,,전 라 남 도 Jeonra Nam Do 2 875 e7 86¢ 43~ e54 N4N 979 73 485 4¢0 A5s
광공업,1981,161,1. 시ㆍ도별 광ㆍ공업총괄,V. 광ㆍ공업,전체,전국,ko,0,0.4271,1 831,1831,0.3,저신뢰,전 국 Whole Couniry 1 831 83 057 249 175 1 779 79 229 250 226
광공업,1981,161,1. 시ㆍ도별 광ㆍ공업총괄,V. 광ㆍ공업,전체,전국,ko,1,0.5154,83 057,83057,0.5,,전 국 Whole Couniry 1 831 83 057 249 175 1 779 79 229 250 226
광공업,1981,161,1. 시ㆍ도별 광ㆍ공업총괄,V. 광ㆍ공업,전체,전국,ko,2,0.6016,249 175,249175,0.5,,전 국 Whole Couniry 1 831 83 057 249 175 1 779 79 229 250 226
광공업,1981,161,1. 시ㆍ도별 광ㆍ공업총괄,V. 광ㆍ공업,전체,전국,ko,3,0.7146,1 779,1779,0.5,,전 국 Whole Couniry 1 831 83 057 249 175 1 779 79 229 250 226
광공업,1981,161,1. 시ㆍ도별 광ㆍ공업총괄,V. 광ㆍ공업,전체,전국,ko,4,0.8008,79 229,79229,1.0,,전 국 Whole Couniry 1 831 83 057 249 175 1 779 79 229 250 226
광공업,1981,161,1. 시ㆍ도별 광ㆍ공업총괄,V. 광ㆍ공업,전체,전국,ko,5,0.8871,250 226,250226,1.0,,전 국 Whole Couniry 1 831 83 057 249 175 1 779 79 229 250 226
광공업,1981,161,1. 시ㆍ도별 광ㆍ공업총괄,V. 광ㆍ공업,전체,전국,ko,0,0.4189,29 864,29864,0.5,,"전 국 Whole Country 29 864 2 "" 925 • 152 442 31 804 2 416 €ce 9 267 982"
광공업,1981,161,1. 시ㆍ도별 광ㆍ공업총괄,V. 광ㆍ공업,전체,전국,ko,1,0.4908,2,2,1.0,,"전 국 Whole Country 29 864 2 "" 925 • 152 442 31 804 2 416 €ce 9 267 982"
광공업,1981,161,1. 시ㆍ도별 광ㆍ공업총괄,V. 광ㆍ공업,전체,전국,ko,2,0.5359,925,925,1.0,,"전 국 Whole Country 29 864 2 "" 925 • 152 442 31 804 2 416 €ce 9 267 982"
광공업,1981,161,1. 시ㆍ도별 광ㆍ공업총괄,V. 광ㆍ공업,전체,전국,ko,3,0.7043,31 804,31804,1.0,,"전 국 Whole Country 29 864 2 "" 925 • 152 442 31 804 2 416 €ce 9 267 982"
광공업,1981,161,1. 시ㆍ도별 광ㆍ공업총괄,V. 광ㆍ공업,전체,전국,ko,4,0.8686,9 267 982,9267982,0.5,,"전 국 Whole Country 29 864 2 "" 925 • 152 442 31 804 2 416 €ce 9 267 982"
광공업,1982,161,1. 시ㆍ도별 광ㆍ공업총괄,V. 광ㆍ공업,전체,전국,ko,0,0.4022,33 583,33583,0.5,,전 국 Whale Country 33 583 2 196 037 9 498 208 32 560 2 098 873 12 232 918
광공업,1982,161,1. 시ㆍ도별 광ㆍ공업총괄,V. 광ㆍ공업,전체,전국,ko,1,0.4784,2 196 037,2196037,1.0,,전 국 Whale Country 33 583 2 196 037 9 498 208 32 560 2 098 873 12 232 918
광공업,1982,161,1. 시ㆍ도별 광ㆍ공업총괄,V. 광ㆍ공업,전체,전국,ko,2,0.577,9 498 208,9498208,0.5,,전 국 Whale Country 33 583 2 196 037 9 498 208 32 560 2 098 873 12 232 918
광공업,1982,161,1. 시ㆍ도별 광ㆍ공업총괄,V. 광ㆍ공업,전체,전국,ko,3,0.6982,32 560,32560,1.0,,전 국 Whale Country 33 583 2 196 037 9 498 208 32 560 2 098 873 12 232 918
광공업,1982,161,1. 시ㆍ도별 광ㆍ공업총괄,V. 광ㆍ공업,전체,전국,ko,4,0.772,2 098 873,2098873,0.5,,전 국 Whale Country 33 583 2 196 037 9 498 208 32 560 2 098 873 12 232 918
광공업,1982,161,1. 시ㆍ도별 광ㆍ공업총괄,V. 광ㆍ공업,전체,전국,ko,5,0.8644,12 232 918,12232918,1.0,,전 국 Whale Country 33 583 2 196 037 9 498 208 32 560 2 098 873 12 232 918
광공업,1982,161,1. 시ㆍ도별 광ㆍ공업총괄,V. 광ㆍ공업,전체,전국,ko,0,0.4107,2 779,2779,0.3,저신뢰,전 국 Whole Country 2 779 79 229 290 226 I 737 84 122 376 329
광공업,1982,161,1. 시ㆍ도별 광ㆍ공업총괄,V. 광ㆍ공업,전체,전국,ko,1,0.5031,79 229,79229,0.5,,전 국 Whole Country 2 779 79 229 290 226 I 737 84 122 376 329
광공업,1982,161,1. 시ㆍ도별 광ㆍ공업총괄,V. 광ㆍ공업,전체,전국,ko,2,0.5893,290 226,290226,1.0,,전 국 Whole Country 2 779 79 229 290 226 I 737 84 122 376 329
광공업,1982,161,1. 시ㆍ도별 광ㆍ공업총괄,V. 광ㆍ공업,전체,전국,ko,3,0.7947,84 122,84122,0.5,,전 국 Whole Country 2 779 79 229 290 226 I 737 84 122 376 329
광공업,1982,161,1. 시ㆍ도별 광ㆍ공업총괄,V. 광ㆍ공업,전체,전국,ko,4,0.885,376 329,376329,1.0,,전 국 Whole Country 2 779 79 229 290 226 I 737 84 122 376 329
광공업,1982,161,1. 시ㆍ도별 광ㆍ공업총괄,V. 광ㆍ공업,전체,전국,ko,0,0.4045,31 804,31804,1.0,,전 국 Whole Country 31 804 2 116 808 9 207 982 30 823 2 014 751 11 856 859
광공업,1982,161,1. 시ㆍ도별 광ㆍ공업총괄,V. 광ㆍ공업,전체,전국,ko,1,0.4783,2 116 808,2116808,0.5,,전 국 Whole Country 31 804 2 116 808 9 207 982 30 823 2 014 751 11 856 859
광공업,1982,161,1. 시ㆍ도별 광ㆍ공업총괄,V. 광ㆍ공업,전체,전국,ko,2,0.577,9 207 982,9207982,0.5,,전 국 Whole Country 31 804 2 116 808 9 207 982 30 823 2 014 751 11 856 859
광공업,1982,161,1. 시ㆍ도별 광ㆍ공업총괄,V. 광ㆍ공업,전체,전국,ko,3,0.6982,30 823,30823,1.0,,전 국 Whole Country 31 804 2 116 808 9 207 982 30 823 2 014 751 11 856 859
광공업,1982,161,1. 시ㆍ도별 광ㆍ공업총괄,V. 광ㆍ공업,전체,전국,ko,4,0.7721,2 014 751,2014751,1.0,,전 국 Whole Country 31 804 2 116 808 9 207 982 30 823 2 014 751 11 856 859
광공업,1982,161,1. 시ㆍ도별 광ㆍ공업총괄,V. 광ㆍ공업,전체,전국,ko,5,0.8624,11 856 859,11856859,0.5,,전 국 Whole Country 31 804 2 116 808 9 207 982 30 823 2 014 751 11 856 859
광공업,1983,161,1. 시ㆍ도별 광ㆍ공업 총괄,V. 광ㆍ공업,전체,전국,ko,0,0.4189,32 560,32560,1.0,,전 국 Whole Country 32 560 2 098 873 12 232 913 35 357 2 134 305 15 94k 487
광공업,1983,161,1. 시ㆍ도별 광ㆍ공업 총괄,V. 광ㆍ공업,전체,전국,ko,1,0.4969,2 098 873 12 232 913,209887312232913,1.0,과병합의심,전 국 Whole Country 32 560 2 098 873 12 232 913 35 357 2 134 305 15 94k 487
광공업,1983,161,1. 시ㆍ도별 광ㆍ공업 총괄,V. 광ㆍ공업,전체,전국,ko,2,0.7187,35 357 2 134 305,353572134305,0.5,과병합의심,전 국 Whole Country 32 560 2 098 873 12 232 913 35 357 2 134 305 15 94k 487
광공업,1983,161,1. 시ㆍ도별 광ㆍ공업 총괄,V. 광ㆍ공업,전체,전국,ko,0,0.5174,84 122,84122,0.5,,전 국 Whole Counttry 84 122 376 329 90 036 528 114
광공업,1983,161,1. 시ㆍ도별 광ㆍ공업 총괄,V. 광ㆍ공업,전체,전국,ko,1,0.6099,376 329,376329,1.0,,전 국 Whole Counttry 84 122 376 329 90 036 528 114
광공업,1983,161,1. 시ㆍ도별 광ㆍ공업 총괄,V. 광ㆍ공업,전체,전국,ko,2,0.8152,90 036,90036,0.5,,전 국 Whole Counttry 84 122 376 329 90 036 528 114
광공업,1983,161,1. 시ㆍ도별 광ㆍ공업 총괄,V. 광ㆍ공업,전체,전국,ko,3,0.9055,528 114,528114,0.5,,전 국 Whole Counttry 84 122 376 329 90 036 528 114
광공업,1983,161,1. 시ㆍ도별 광ㆍ공업 총괄,V. 광ㆍ공업,전체,전국,ko,0,0.4189,30 823,30823,0.3,저신뢰,전 국 Whole Country 30 823 2 014 751 85€ 589 33 944 269 15 412 773
광공업,1983,161,1. 시ㆍ도별 광ㆍ공업 총괄,V. 광ㆍ공업,전체,전국,ko,1,0.4928,2 014 751,2014751,1.0,,전 국 Whole Country 30 823 2 014 751 85€ 589 33 944 269 15 412 773
광공업,1983,161,1. 시ㆍ도별 광ㆍ공업 총괄,V. 광ㆍ공업,전체,전국,ko,2,0.7146,33,33,1.0,,전 국 Whole Country 30 823 2 014 751 85€ 589 33 944 269 15 412 773
광공업,1983,161,1. 시ㆍ도별 광ㆍ공업 총괄,V. 광ㆍ공업,전체,전국,ko,3,0.8049,944 269,944269,0.3,저신뢰,전 국 Whole Country 30 823 2 014 751 85€ 589 33 944 269 15 412 773
광공업,1983,161,1. 시ㆍ도별 광ㆍ공업 총괄,V. 광ㆍ공업,전체,전국,ko,4,0.8809,15 412 773,15412773,0.5,,전 국 Whole Country 30 823 2 014 751 85€ 589 33 944 269 15 412 773
광공업,1984,153,1. 시ㆍ도별 광ㆍ공업 총괄,V. 광ㆍ공업,전체,전국,ko,0,0.4024,35 357,35357,0.5,,전 국 Whole Country 35 357 2 134 305 15 943 487 38 747 2 180 032 17 905 753
광공업,1984,153,1. 시ㆍ도별 광ㆍ공업 총괄,V. 광ㆍ공업,전체,전국,ko,1,0.4764,2 134 305 15 943 487,213430515943487,1.0,과병합의심,전 국 Whole Country 35 357 2 134 305 15 943 487 38 747 2 180 032 17 905 753
광공업,1984,153,1. 시ㆍ도별 광ㆍ공업 총괄,V. 광ㆍ공업,전체,전국,ko,2,0.6939,38 747,38747,1.0,,전 국 Whole Country 35 357 2 134 305 15 943 487 38 747 2 180 032 17 905 753
광공업,1984,153,1. 시ㆍ도별 광ㆍ공업 총괄,V. 광ㆍ공업,전체,전국,ko,3,0.7659,2 180 032,2180032,0.5,,전 국 Whole Country 35 357 2 134 305 15 943 487 38 747 2 180 032 17 905 753
광공업,1984,153,1. 시ㆍ도별 광ㆍ공업 총괄,V. 광ㆍ공업,전체,전국,ko,4,0.8563,17 905 753,17905753,0.5,,전 국 Whole Country 35 357 2 134 305 15 943 487 38 747 2 180 032 17 905 753
광공업,1984,153,1. 시ㆍ도별 광ㆍ공업 총괄,V. 광ㆍ공업,전체,전남,ko,0,0.501,75,75,1.0,,전라 남도 Challanam-do 75 912 939 72 517 973 443
광공업,1984,153,1. 시ㆍ도별 광ㆍ공업 총괄,V. 광ㆍ공업,전체,전남,ko,1,0.5873,912 939,912939,0.5,,전라 남도 Challanam-do 75 912 939 72 517 973 443
광공업,1984,153,1. 시ㆍ도별 광ㆍ공업 총괄,V. 광ㆍ공업,전체,전남,ko,2,0.7947,72 517,72517,0.3,저신뢰,전라 남도 Challanam-do 75 912 939 72 517 973 443
광공업,1984,153,1. 시ㆍ도별 광ㆍ공업 총괄,V. 광ㆍ공업,전체,전남,ko,3,0.883,973 443,973443,0.5,,전라 남도 Challanam-do 75 912 939 72 517 973 443
광공업,1984,153,1. 시ㆍ도별 광ㆍ공업 총괄,V. 광ㆍ공업,전체,전국,ko,0,0.4086,1 526,1526,0.5,,전 국 Whole Country 1 526 90 523 714 1948 87 845 600 117
광공업,1984,153,1. 시ㆍ도별 광ㆍ공업 총괄,V. 광ㆍ공업,전체,전국,ko,1,0.4969,90,90,1.0,,전 국 Whole Country 1 526 90 523 714 1948 87 845 600 117
광공업,1984,153,1. 시ㆍ도별 광ㆍ공업 총괄,V. 광ㆍ공업,전체,전국,ko,2,0.5893,523 714,523714,0.3,저신뢰,전 국 Whole Country 1 526 90 523 714 1948 87 845 600 117
광공업,1984,153,1. 시ㆍ도별 광ㆍ공업 총괄,V. 광ㆍ공업,전체,전국,ko,3,0.7021,1948,1948,0.3,저신뢰,전 국 Whole Country 1 526 90 523 714 1948 87 845 600 117
광공업,1984,153,1. 시ㆍ도별 광ㆍ공업 총괄,V. 광ㆍ공업,전체,전국,ko,4,0.7923,87 845,87845,0.5,,전 국 Whole Country 1 526 90 523 714 1948 87 845 600 117
광공업,1984,153,1. 시ㆍ도별 광ㆍ공업 총괄,V. 광ㆍ공업,전체,전국,ko,5,0.8808,600 117,600117,1.0,,전 국 Whole Country 1 526 90 523 714 1948 87 845 600 117
광공업,1984,153,1. 시ㆍ도별 광ㆍ공업 총괄,V. 광ㆍ공업,전체,전남,en,0,0.4292,871,871,1.0,,Chollanam-do 871
광공업,1984,153,1. 시ㆍ도별 광ㆍ공업 총괄,V. 광ㆍ공업,전체,전국,ko,0,0.4044,33 432,33432,0.3,저신뢰,전 국 Whole Country 33 432 2 044 15 412 773 36 799 2 098 787 27 305 630
광공업,1984,153,1. 시ㆍ도별 광ㆍ공업 총괄,V. 광ㆍ공업,전체,전국,ko,1,0.4764,2 044,2044,1.0,,전 국 Whole Country 33 432 2 044 15 412 773 36 799 2 098 787 27 305 630
광공업,1984,153,1. 시ㆍ도별 광ㆍ공업 총괄,V. 광ㆍ공업,전체,전국,ko,2,0.5688,15 412 773,15412773,0.5,,전 국 Whole Country 33 432 2 044 15 412 773 36 799 2 098 787 27 305 630
광공업,1984,153,1. 시ㆍ도별 광ㆍ공업 총괄,V. 광ㆍ공업,전체,전국,ko,3,0.6982,36 799,36799,0.5,,전 국 Whole Country 33 432 2 044 15 412 773 36 799 2 098 787 27 305 630
광공업,1984,153,1. 시ㆍ도별 광ㆍ공업 총괄,V. 광ㆍ공업,전체,전국,ko,4,0.7721,2 098 787,2098787,0.5,,전 국 Whole Country 33 432 2 044 15 412 773 36 799 2 098 787 27 305 630
광공업,1984,153,1. 시ㆍ도별 광ㆍ공업 총괄,V. 광ㆍ공업,전체,전국,ko,5,0.8624,27 305 630,27305630,0.5,,전 국 Whole Country 33 432 2 044 15 412 773 36 799 2 098 787 27 305 630
광공업,1984,153,1. 시ㆍ도별 광ㆍ공업 총괄,V. 광ㆍ공업,전체,전남,en,0,0.4127,2 244,2244,1.0,,Chollanam-do 2 244 65 877 306 945 310
광공업,1984,153,1. 시ㆍ도별 광ㆍ공업 총괄,V. 광ㆍ공업,전체,전남,en,1,0.5051,65,65,1.0,,Chollanam-do 2 244 65 877 306 945 310
광공업,1984,153,1. 시ㆍ도별 광ㆍ공업 총괄,V. 광ㆍ공업,전체,전남,en,2,0.5934,877 306,877306,0.5,,Chollanam-do 2 244 65 877 306 945 310
광공업,1984,153,1. 시ㆍ도별 광ㆍ공업 총괄,V. 광ㆍ공업,전체,전남,en,3,0.885,945 310,945310,0.5,,Chollanam-do 2 244 65 877 306 945 310
광공업,1985,153,1. 시ㆍ도별 광ㆍ공업총괄,V. 광ㆍ공업,전체,전국,ko,0,0.4189,38 747,38747,1.0,,전 국 Whole Country 38 747 2.286 632 17 905 753 2 299 976 21 513 243
광공업,1985,153,1. 시ㆍ도별 광ㆍ공업총괄,V. 광ㆍ공업,전체,전국,ko,1,0.4969,2.286 632 17 905 753,2.28663217905753,1.0,과병합의심,전 국 Whole Country 38 747 2.286 632 17 905 753 2 299 976 21 513 243
광공업,1985,153,1. 시ㆍ도별 광ㆍ공업총괄,V. 광ㆍ공업,전체,전국,ko,2,0.7721,2 299 976 21 513 243,229997621513243,1.0,과병합의심,전 국 Whole Country 38 747 2.286 632 17 905 753 2 299 976 21 513 243
광공업,1985,153,1. 시ㆍ도별 광ㆍ공업총괄,V. 광ㆍ공업,전체,전국,ko,0,0.5174,87 845,87845,1.0,,전 국 Whole Country 87 845 600 11? 84 743 601 697
광공업,1985,153,1. 시ㆍ도별 광ㆍ공업총괄,V. 광ㆍ공업,전체,전국,ko,1,0.811,84 743,84743,0.3,저신뢰,전 국 Whole Country 87 845 600 11? 84 743 601 697
광공업,1985,153,1. 시ㆍ도별 광ㆍ공업총괄,V. 광ㆍ공업,전체,전국,ko,2,0.8993,601 697,601697,0.5,,전 국 Whole Country 87 845 600 11? 84 743 601 697
광공업,1985,153,1. 시ㆍ도별 광ㆍ공업총괄,V. 광ㆍ공업,전체,전국,ko,0,0.4168,36 799,36799,0.5,,전 국 Whale Gountry 36 799 2 098 787 27 305 636 39 243 2 215 233 20 911 446
광공업,1985,153,1. 시ㆍ도별 광ㆍ공업총괄,V. 광ㆍ공업,전체,전국,ko,1,0.4887,2 098 787,2098787,1.0,,전 국 Whale Gountry 36 799 2 098 787 27 305 636 39 243 2 215 233 20 911 446
광공업,1985,153,1. 시ㆍ도별 광ㆍ공업총괄,V. 광ㆍ공업,전체,전국,ko,2,0.5811,27 305 636,27305636,0.5,,전 국 Whale Gountry 36 799 2 098 787 27 305 636 39 243 2 215 233 20 911 446
광공업,1985,153,1. 시ㆍ도별 광ㆍ공업총괄,V. 광ㆍ공업,전체,전국,ko,3,0.7064,39 243,39243,1.0,,전 국 Whale Gountry 36 799 2 098 787 27 305 636 39 243 2 215 233 20 911 446
광공업,1985,153,1. 시ㆍ도별 광ㆍ공업총괄,V. 광ㆍ공업,전체,전국,ko,4,0.7823,2 215 233,2215233,1.0,,전 국 Whale Gountry 36 799 2 098 787 27 305 636 39 243 2 215 233 20 911 446
광공업,1985,153,1. 시ㆍ도별 광ㆍ공업총괄,V. 광ㆍ공업,전체,전국,ko,5,0.8726,20 911 446,20911446,0.3,저신뢰,전 국 Whale Gountry 36 799 2 098 787 27 305 636 39 243 2 215 233 20 911 446
광공업,1985,153,1. 시ㆍ도별 광ㆍ공업총괄,V. 광ㆍ공업,전체,전남,en,0,0.425,2 033,2033,1.0,,Chollanamn-do 2 033 63 349 115 284
광공업,1985,153,1. 시ㆍ도별 광ㆍ공업총괄,V. 광ㆍ공업,전체,전남,en,1,0.5154,63 349,63349,1.0,,Chollanamn-do 2 033 63 349 115 284
광공업,1985,153,1. 시ㆍ도별 광ㆍ공업총괄,V. 광ㆍ공업,전체,전남,en,2,0.8973,115 284,115284,0.3,저신뢰,Chollanamn-do 2 033 63 349 115 284
광공업,1986,157,1. 시ㆍ도별 광ㆍ공업 총괄,V. 광ㆍ공업,전체,전국,ko,0,0.4805,2 299,2299,0.3,저신뢰,전 국 Whole Country $1 088 2 299 21 513 143 43 428 2 431 310 25 361 401
광공업,1986,157,1. 시ㆍ도별 광ㆍ공업 총괄,V. 광ㆍ공업,전체,전국,ko,1,0.5687,21 513 143,21513143,0.5,,전 국 Whole Country $1 088 2 299 21 513 143 43 428 2 431 310 25 361 401
광공업,1986,157,1. 시ㆍ도별 광ㆍ공업 총괄,V. 광ㆍ공업,전체,전국,ko,2,0.698,43 428,43428,1.0,,전 국 Whole Country $1 088 2 299 21 513 143 43 428 2 431 310 25 361 401
광공업,1986,157,1. 시ㆍ도별 광ㆍ공업 총괄,V. 광ㆍ공업,전체,전국,ko,3,0.77,2 431 310,2431310,0.5,,전 국 Whole Country $1 088 2 299 21 513 143 43 428 2 431 310 25 361 401
광공업,1986,157,1. 시ㆍ도별 광ㆍ공업 총괄,V. 광ㆍ공업,전체,전국,ko,4,0.8582,25 361 401,25361401,1.0,,전 국 Whole Country $1 088 2 299 21 513 143 43 428 2 431 310 25 361 401
광공업,1986,157,1. 시ㆍ도별 광ㆍ공업 총괄,V. 광ㆍ공업,전체,전국,ko,0,0.4107,39 243,39243,1.0,,전 국 Whole Country 39 243 215 20 911 4! $49 2 343 593 24 654 407
광공업,1986,157,1. 시ㆍ도별 광ㆍ공업 총괄,V. 광ㆍ공업,전체,전국,ko,1,0.499,215,215,0.5,,전 국 Whole Country 39 243 215 20 911 4! $49 2 343 593 24 654 407
광공업,1986,157,1. 시ㆍ도별 광ㆍ공업 총괄,V. 광ㆍ공업,전체,전국,ko,2,0.5708,20 911,20911,0.5,,전 국 Whole Country 39 243 215 20 911 4! $49 2 343 593 24 654 407
광공업,1986,157,1. 시ㆍ도별 광ㆍ공업 총괄,V. 광ㆍ공업,전체,전국,ko,3,0.7741,2 343 593,2343593,1.0,,전 국 Whole Country 39 243 215 20 911 4! $49 2 343 593 24 654 407
광공업,1986,157,1. 시ㆍ도별 광ㆍ공업 총괄,V. 광ㆍ공업,전체,전국,ko,4,0.8624,24 654 407,24654407,0.3,저신뢰,전 국 Whole Country 39 243 215 20 911 4! $49 2 343 593 24 654 407
광공업,1986,157,1. 시ㆍ도별 광ㆍ공업 총괄,V. 광ㆍ공업,전체,전남,en,0,0.4189,1 210,1210,0.5,,Chollanam-do 1 210 57 559 1~ 266 184 621 346
광공업,1986,157,1. 시ㆍ도별 광ㆍ공업 총괄,V. 광ㆍ공업,전체,전남,en,1,0.5072,57,57,0.5,,Chollanam-do 1 210 57 559 1~ 266 184 621 346
광공업,1986,157,1. 시ㆍ도별 광ㆍ공업 총괄,V. 광ㆍ공업,전체,전남,en,2,0.5975,559,559,1.0,,Chollanam-do 1 210 57 559 1~ 266 184 621 346
광공업,1986,157,1. 시ㆍ도별 광ㆍ공업 총괄,V. 광ㆍ공업,전체,전남,en,3,0.7248,266,266,1.0,,Chollanam-do 1 210 57 559 1~ 266 184 621 346
광공업,1986,157,1. 시ㆍ도별 광ㆍ공업 총괄,V. 광ㆍ공업,전체,전남,en,4,0.8214,184,184,1.0,,Chollanam-do 1 210 57 559 1~ 266 184 621 346
광공업,1986,157,1. 시ㆍ도별 광ㆍ공업 총괄,V. 광ㆍ공업,전체,전남,en,5,0.8871,621 346,621346,1.0,,Chollanam-do 1 210 57 559 1~ 266 184 621 346
광공업,1987,157,1. 시ㆍ도별 광ㆍ공업 총괄,V. 광ㆍ공업,전체,전국,ko,0,0.4189,6 3 428,63428,0.3,저신뢰,전 국 Whole Country 6 3 428 2 431 377 25 36¥ 407 4S 933 2 528 522 27 4$5 513
광공업,1987,157,1. 시ㆍ도별 광ㆍ공업 총괄,V. 광ㆍ공업,전체,전국,ko,1,0.4887,2 431 377,2431377,0.3,저신뢰,전 국 Whole Country 6 3 428 2 431 377 25 36¥ 407 4S 933 2 528 522 27 4$5 513
광공업,1987,157,1. 시ㆍ도별 광ㆍ공업 총괄,V. 광ㆍ공업,전체,전국,ko,2,0.776,2 528 522,2528522,0.5,,전 국 Whole Country 6 3 428 2 431 377 25 36¥ 407 4S 933 2 528 522 27 4$5 513
광공업,1987,157,1. 시ㆍ도별 광ㆍ공업 총괄,V. 광ㆍ공업,전체,전국,ko,3,0.9179,513,513,0.3,저신뢰,전 국 Whole Country 6 3 428 2 431 377 25 36¥ 407 4S 933 2 528 522 27 4$5 513
광공업,1987,157,1. 시ㆍ도별 광ㆍ공업 총괄,V. 광ㆍ공업,전체,전남,en,0,0.5113,76 787,76787,0.5,,Chollanam-do 76 787 218 596 $15 79 586 ㅔ 330 D30
광공업,1987,157,1. 시ㆍ도별 광ㆍ공업 총괄,V. 광ㆍ공업,전체,전남,en,1,0.5996,218 596,218596,1.0,,Chollanam-do 76 787 218 596 $15 79 586 ㅔ 330 D30
광공업,1987,157,1. 시ㆍ도별 광ㆍ공업 총괄,V. 광ㆍ공업,전체,전남,en,2,0.7988,79 586,79586,0.3,저신뢰,Chollanam-do 76 787 218 596 $15 79 586 ㅔ 330 D30
광공업,1987,157,1. 시ㆍ도별 광ㆍ공업 총괄,V. 광ㆍ공업,전체,전남,en,3,0.885,330,330,0.3,저신뢰,Chollanam-do 76 787 218 596 $15 79 586 ㅔ 330 D30
광공업,1987,157,1. 시ㆍ도별 광ㆍ공업 총괄,V. 광ㆍ공업,전체,전국,ko,0,0.4207,1 879,1879,0.3,저신뢰,전 국 Whole Country 1 879 87 717 706 994 8$5 00 525 7$$ 89g
광공업,1987,157,1. 시ㆍ도별 광ㆍ공업 총괄,V. 광ㆍ공업,전체,전국,ko,1,0.5112,87 717,87717,0.3,저신뢰,전 국 Whole Country 1 879 87 717 706 994 8$5 00 525 7$$ 89g
광공업,1987,157,1. 시ㆍ도별 광ㆍ공업 총괄,V. 광ㆍ공업,전체,전국,ko,2,0.5996,706 994,706994,0.3,저신뢰,전 국 Whole Country 1 879 87 717 706 994 8$5 00 525 7$$ 89g
광공업,1987,157,1. 시ㆍ도별 광ㆍ공업 총괄,V. 광ㆍ공업,전체,전국,ko,3,0.7967,00 525,525,0.3,저신뢰,전 국 Whole Country 1 879 87 717 706 994 8$5 00 525 7$$ 89g
광공업,1987,157,1. 시ㆍ도별 광ㆍ공업 총괄,V. 광ㆍ공업,전체,전남,en,0,0.4394,802,802,1.0,,Chollanam-do 802
광공업,1987,157,1. 시ㆍ도별 광ㆍ공업 총괄,V. 광ㆍ공업,전체,전국,ko,0,0.5133,4. 593,4.593,0.3,저신뢰,전 국 Whole Gountry 4. 593 24 654 437 64 037 2 437 997 26 736 $23
광공업,1987,157,1. 시ㆍ도별 광ㆍ공업 총괄,V. 광ㆍ공업,전체,전국,ko,1,0.5749,24 654 437,24654437,1.0,,전 국 Whole Gountry 4. 593 24 654 437 64 037 2 437 997 26 736 $23
광공업,1987,157,1. 시ㆍ도별 광ㆍ공업 총괄,V. 광ㆍ공업,전체,전국,ko,2,0.7002,64 037,64037,0.3,저신뢰,전 국 Whole Gountry 4. 593 24 654 437 64 037 2 437 997 26 736 $23
광공업,1987,157,1. 시ㆍ도별 광ㆍ공업 총괄,V. 광ㆍ공업,전체,전국,ko,3,0.7741,2 437 997,2437997,0.3,저신뢰,전 국 Whole Gountry 4. 593 24 654 437 64 037 2 437 997 26 736 $23
광공업,1987,157,1. 시ㆍ도별 광ㆍ공업 총괄,V. 광ㆍ공업,전체,전국,ko,4,0.8604,26 736,26736,1.0,,전 국 Whole Gountry 4. 593 24 654 437 64 037 2 437 997 26 736 $23
광공업,1988,157,1. 시ㆍ도별 광ㆍ공업 총괄,V. 광ㆍ공업,전체,전국,ko,0,0.4148,45 933,45933,1.0,,전 국 Whole Country 45 933 2 528 522 27 495 513 52 011 2 833 164
광공업,1988,157,1. 시ㆍ도별 광ㆍ공업 총괄,V. 광ㆍ공업,전체,전국,ko,1,0.4887,2 528 522,2528522,0.3,저신뢰,전 국 Whole Country 45 933 2 528 522 27 495 513 52 011 2 833 164
광공업,1988,157,1. 시ㆍ도별 광ㆍ공업 총괄,V. 광ㆍ공업,전체,전국,ko,2,0.577,27 495 513,27495513,0.5,,전 국 Whole Country 45 933 2 528 522 27 495 513 52 011 2 833 164
광공업,1988,157,1. 시ㆍ도별 광ㆍ공업 총괄,V. 광ㆍ공업,전체,전국,ko,3,0.7064,52 011,52011,0.5,,전 국 Whole Country 45 933 2 528 522 27 495 513 52 011 2 833 164
광공업,1988,157,1. 시ㆍ도별 광ㆍ공업 총괄,V. 광ㆍ공업,전체,전국,ko,4,0.7782,2 833 164,2833164,1.0,,전 국 Whole Country 45 933 2 528 522 27 495 513 52 011 2 833 164
광공업,1988,157,1. 시ㆍ도별 광ㆍ공업 총괄,V. 광ㆍ공업,전체,광주,ko,0,0.5113,17 733,17733,1.0,,광주직할시 Kwangju-Jkaushi 17 733 400 820 404 18 660 585
광공업,1988,157,1. 시ㆍ도별 광ㆍ공업 총괄,V. 광ㆍ공업,전체,광주,ko,1,0.6016,400 820,400820,0.5,,광주직할시 Kwangju-Jkaushi 17 733 400 820 404 18 660 585
광공업,1988,157,1. 시ㆍ도별 광ㆍ공업 총괄,V. 광ㆍ공업,전체,광주,ko,2,0.731,404,404,1.0,,광주직할시 Kwangju-Jkaushi 17 733 400 820 404 18 660 585
광공업,1988,157,1. 시ㆍ도별 광ㆍ공업 총괄,V. 광ㆍ공업,전체,광주,ko,3,0.8028,18 660,18660,1.0,,광주직할시 Kwangju-Jkaushi 17 733 400 820 404 18 660 585
광공업,1988,157,1. 시ㆍ도별 광ㆍ공업 총괄,V. 광ㆍ공업,전체,광주,ko,4,0.9199,585,585,0.5,,광주직할시 Kwangju-Jkaushi 17 733 400 820 404 18 660 585
광공업,1988,157,1. 시ㆍ도별 광ㆍ공업 총괄,V. 광ㆍ공업,전체,전남,en,0,0.5113,61 853,61853,1.0,,전 라 부도 Kroneranyouk-cdo 도 Chollanam-do 61 853 929 410 2 560 67 844
광공업,1988,157,1. 시ㆍ도별 광ㆍ공업 총괄,V. 광ㆍ공업,전체,전남,en,1,0.6016,929 410,929410,0.5,,전 라 부도 Kroneranyouk-cdo 도 Chollanam-do 61 853 929 410 2 560 67 844
광공업,1988,157,1. 시ㆍ도별 광ㆍ공업 총괄,V. 광ㆍ공업,전체,전남,en,2,0.7146,2 560,2560,1.0,,전 라 부도 Kroneranyouk-cdo 도 Chollanam-do 61 853 929 410 2 560 67 844
광공업,1988,157,1. 시ㆍ도별 광ㆍ공업 총괄,V. 광ㆍ공업,전체,전남,en,3,0.8029,67 844,67844,1.0,,전 라 부도 Kroneranyouk-cdo 도 Chollanam-do 61 853 929 410 2 560 67 844
광공업,1988,157,1. 시ㆍ도별 광ㆍ공업 총괄,V. 광ㆍ공업,전체,전국,en,0,0.4168,1 896,1896,1.0,,전 서울특별시Seoul-ttkpyalsh 국 Whole Country 1 896 90 53593 758 890 1 94 811 805
광공업,1988,157,1. 시ㆍ도별 광ㆍ공업 총괄,V. 광ㆍ공업,전체,전국,en,1,0.5072,90 53593,9053593,1.0,,전 서울특별시Seoul-ttkpyalsh 국 Whole Country 1 896 90 53593 758 890 1 94 811 805
광공업,1988,157,1. 시ㆍ도별 광ㆍ공업 총괄,V. 광ㆍ공업,전체,전국,en,2,0.5975,758 890,758890,1.0,,전 서울특별시Seoul-ttkpyalsh 국 Whole Country 1 896 90 53593 758 890 1 94 811 805
광공업,1988,157,1. 시ㆍ도별 광ㆍ공업 총괄,V. 광ㆍ공업,전체,전국,en,3,0.7064,1,1,1.0,,전 서울특별시Seoul-ttkpyalsh 국 Whole Country 1 896 90 53593 758 890 1 94 811 805
광공업,1988,157,1. 시ㆍ도별 광ㆍ공업 총괄,V. 광ㆍ공업,전체,전국,en,4,0.7967,94 811,94811,1.0,,전 서울특별시Seoul-ttkpyalsh 국 Whole Country 1 896 90 53593 758 890 1 94 811 805
광공업,1988,157,1. 시ㆍ도별 광ㆍ공업 총괄,V. 광ㆍ공업,전체,전국,en,5,0.9179,805,805,1.0,,전 서울특별시Seoul-ttkpyalsh 국 Whole Country 1 896 90 53593 758 890 1 94 811 805
광공업,1988,157,1. 시ㆍ도별 광ㆍ공업 총괄,V. 광ㆍ공업,전체,전남,en,0,0.4333,796,796,1.0,,전경: Chollanam-do 796 41 365 814 650 49 268
광공업,1988,157,1. 시ㆍ도별 광ㆍ공업 총괄,V. 광ㆍ공업,전체,전남,en,1,0.6058,41 365,41365,1.0,,전경: Chollanam-do 796 41 365 814 650 49 268
광공업,1988,157,1. 시ㆍ도별 광ㆍ공업 총괄,V. 광ㆍ공업,전체,전남,en,2,0.7269,814,814,1.0,,전경: Chollanam-do 796 41 365 814 650 49 268
광공업,1988,157,1. 시ㆍ도별 광ㆍ공업 총괄,V. 광ㆍ공업,전체,전남,en,3,0.8234,650,650,1.0,,전경: Chollanam-do 796 41 365 814 650 49 268
광공업,1988,157,1. 시ㆍ도별 광ㆍ공업 총괄,V. 광ㆍ공업,전체,전남,en,4,0.8973,49 268,49268,1.0,,전경: Chollanam-do 796 41 365 814 650 49 268
광공업,1988,157,1. 시ㆍ도별 광ㆍ공업 총괄,V. 광ㆍ공업,전체,전국,ko,0,0.4127,44 037,44037,0.5,,전 국 Whole Country 44 037 2 997 26 736 623 50 063 2 738 353 32 857
광공업,1988,157,1. 시ㆍ도별 광ㆍ공업 총괄,V. 광ㆍ공업,전체,전국,ko,1,0.4846,2,2,1.0,,전 국 Whole Country 44 037 2 997 26 736 623 50 063 2 738 353 32 857
광공업,1988,157,1. 시ㆍ도별 광ㆍ공업 총괄,V. 광ㆍ공업,전체,전국,ko,2,0.5339,997,997,1.0,,전 국 Whole Country 44 037 2 997 26 736 623 50 063 2 738 353 32 857
광공업,1988,157,1. 시ㆍ도별 광ㆍ공업 총괄,V. 광ㆍ공업,전체,전국,ko,3,0.5729,26 736 623,26736623,1.0,,전 국 Whole Country 44 037 2 997 26 736 623 50 063 2 738 353 32 857
광공업,1988,157,1. 시ㆍ도별 광ㆍ공업 총괄,V. 광ㆍ공업,전체,전국,ko,4,0.7023,50 063,50063,1.0,,전 국 Whole Country 44 037 2 997 26 736 623 50 063 2 738 353 32 857
광공업,1988,157,1. 시ㆍ도별 광ㆍ공업 총괄,V. 광ㆍ공업,전체,전국,ko,5,0.7762,2 738 353,2738353,1.0,,전 국 Whole Country 44 037 2 997 26 736 623 50 063 2 738 353 32 857
광공업,1988,157,1. 시ㆍ도별 광ㆍ공업 총괄,V. 광ㆍ공업,전체,전국,ko,6,0.8665,32,32,1.0,,전 국 Whole Country 44 037 2 997 26 736 623 50 063 2 738 353 32 857
광공업,1988,157,1. 시ㆍ도별 광ㆍ공업 총괄,V. 광ㆍ공업,전체,전국,ko,7,0.922,857,857,1.0,,전 국 Whole Country 44 037 2 997 26 736 623 50 063 2 738 353 32 857
광공업,1988,157,1. 시ㆍ도별 광ㆍ공업 총괄,V. 광ㆍ공업,전체,광주,ko,0,0.4374,414,414,1.0,,광주직할시 Kwangju-jik'alsh 414 17 400 565 403 18 630 473 476
광공업,1988,157,1. 시ㆍ도별 광ㆍ공업 총괄,V. 광ㆍ공업,전체,광주,ko,1,0.5092,17,17,0.3,저신뢰,광주직할시 Kwangju-jik'alsh 414 17 400 565 403 18 630 473 476
광공업,1988,157,1. 시ㆍ도별 광ㆍ공업 총괄,V. 광ㆍ공업,전체,광주,ko,2,0.5975,400 565,400565,0.5,,광주직할시 Kwangju-jik'alsh 414 17 400 565 403 18 630 473 476
광공업,1988,157,1. 시ㆍ도별 광ㆍ공업 총괄,V. 광ㆍ공업,전체,광주,ko,3,0.7269,403,403,1.0,,광주직할시 Kwangju-jik'alsh 414 17 400 565 403 18 630 473 476
광공업,1988,157,1. 시ㆍ도별 광ㆍ공업 총괄,V. 광ㆍ공업,전체,광주,ko,4,0.8008,18 630,18630,1.0,,광주직할시 Kwangju-jik'alsh 414 17 400 565 403 18 630 473 476
광공업,1988,157,1. 시ㆍ도별 광ㆍ공업 총괄,V. 광ㆍ공업,전체,광주,ko,5,0.8891,473 476,473476,1.0,,광주직할시 Kwangju-jik'alsh 414 17 400 565 403 18 630 473 476
광공업,1988,157,1. 시ㆍ도별 광ㆍ공업 총괄,V. 광ㆍ공업,전체,전남,en,0,0.4209,1 605,1605,0.5,,Chollanam-do 1 605 476 701 198 746 58 194 1 018 439
광공업,1988,157,1. 시ㆍ도별 광ㆍ공업 총괄,V. 광ㆍ공업,전체,전남,en,1,0.5339,476,476,1.0,,Chollanam-do 1 605 476 701 198 746 58 194 1 018 439
광공업,1988,157,1. 시ㆍ도별 광ㆍ공업 총괄,V. 광ㆍ공업,전체,전남,en,2,0.5975,701 198,701198,0.5,,Chollanam-do 1 605 476 701 198 746 58 194 1 018 439
광공업,1988,157,1. 시ㆍ도별 광ㆍ공업 총괄,V. 광ㆍ공업,전체,전남,en,3,0.7269,746,746,1.0,,Chollanam-do 1 605 476 701 198 746 58 194 1 018 439
광공업,1988,157,1. 시ㆍ도별 광ㆍ공업 총괄,V. 광ㆍ공업,전체,전남,en,4,0.8008,58 194,58194,1.0,,Chollanam-do 1 605 476 701 198 746 58 194 1 018 439
광공업,1988,157,1. 시ㆍ도별 광ㆍ공업 총괄,V. 광ㆍ공업,전체,전남,en,5,0.8727,1 018 439,1018439,0.5,,Chollanam-do 1 605 476 701 198 746 58 194 1 018 439
광공업,1989,161,1. 시ㆍ도별 광ㆍ공업 총괄,V. 광ㆍ공업,전체,전국,ko,0,0.4312,52 01,5201,0.5,,전 국 Whole Country 52 01 164 33 745 682 53 318 3 095 852 41 516 075
광공업,1989,161,1. 시ㆍ도별 광ㆍ공업 총괄,V. 광ㆍ공업,전체,전국,ko,1,0.5442,164,164,0.5,,전 국 Whole Country 52 01 164 33 745 682 53 318 3 095 852 41 516 075
광공업,1989,161,1. 시ㆍ도별 광ㆍ공업 총괄,V. 광ㆍ공업,전체,전국,ko,2,0.5852,33 745 682,33745682,1.0,,전 국 Whole Country 52 01 164 33 745 682 53 318 3 095 852 41 516 075
광공업,1989,161,1. 시ㆍ도별 광ㆍ공업 총괄,V. 광ㆍ공업,전체,전국,ko,3,0.7124,53 318,53318,0.5,,전 국 Whole Country 52 01 164 33 745 682 53 318 3 095 852 41 516 075
광공업,1989,161,1. 시ㆍ도별 광ㆍ공업 총괄,V. 광ㆍ공업,전체,전국,ko,4,0.7843,3 095 852,3095852,0.5,,전 국 Whole Country 52 01 164 33 745 682 53 318 3 095 852 41 516 075
광공업,1989,161,1. 시ㆍ도별 광ㆍ공업 총괄,V. 광ㆍ공업,전체,전국,ko,5,0.8706,41 516 075,41516075,1.0,,전 국 Whole Country 52 01 164 33 745 682 53 318 3 095 852 41 516 075
광공업,1989,161,1. 시ㆍ도별 광ㆍ공업 총괄,V. 광ㆍ공업,전체,광주,ko,0,0.4476,404,404,1.0,,광주직합시 Kwangju-JRalshi 404 18 660 473 585 607 36 771 786 536
광공업,1989,161,1. 시ㆍ도별 광ㆍ공업 총괄,V. 광ㆍ공업,전체,광주,ko,1,0.5216,18 660,18660,1.0,,광주직합시 Kwangju-JRalshi 404 18 660 473 585 607 36 771 786 536
광공업,1989,161,1. 시ㆍ도별 광ㆍ공업 총괄,V. 광ㆍ공업,전체,광주,ko,2,0.6099,473 585,473585,1.0,,광주직합시 Kwangju-JRalshi 404 18 660 473 585 607 36 771 786 536
광공업,1989,161,1. 시ㆍ도별 광ㆍ공업 총괄,V. 광ㆍ공업,전체,광주,ko,3,0.7372,607,607,1.0,,광주직합시 Kwangju-JRalshi 404 18 660 473 585 607 36 771 786 536
광공업,1989,161,1. 시ㆍ도별 광ㆍ공업 총괄,V. 광ㆍ공업,전체,광주,ko,4,0.809,36 771,36771,1.0,,광주직합시 Kwangju-JRalshi 404 18 660 473 585 607 36 771 786 536
광공업,1989,161,1. 시ㆍ도별 광ㆍ공업 총괄,V. 광ㆍ공업,전체,광주,ko,5,0.8953,786 536,786536,1.0,,광주직합시 Kwangju-JRalshi 404 18 660 473 585 607 36 771 786 536
광공업,1989,161,1. 시ㆍ도별 광ㆍ공업 총괄,V. 광ㆍ공업,전체,전남,en,0,0.4456,560,560,1.0,,도 Chollanam-do 560 67 844 067 707 461 66 128 167 716
광공업,1989,161,1. 시ㆍ도별 광ㆍ공업 총괄,V. 광ㆍ공업,전체,전남,en,1,0.5236,67 844,67844,1.0,,도 Chollanam-do 560 67 844 067 707 461 66 128 167 716
광공업,1989,161,1. 시ㆍ도별 광ㆍ공업 총괄,V. 광ㆍ공업,전체,전남,en,2,0.6099,067 707,67707,1.0,,도 Chollanam-do 560 67 844 067 707 461 66 128 167 716
광공업,1989,161,1. 시ㆍ도별 광ㆍ공업 총괄,V. 광ㆍ공업,전체,전남,en,3,0.7372,461,461,1.0,,도 Chollanam-do 560 67 844 067 707 461 66 128 167 716
광공업,1989,161,1. 시ㆍ도별 광ㆍ공업 총괄,V. 광ㆍ공업,전체,전남,en,4,0.809,66 128,66128,1.0,,도 Chollanam-do 560 67 844 067 707 461 66 128 167 716
광공업,1989,161,1. 시ㆍ도별 광ㆍ공업 총괄,V. 광ㆍ공업,전체,전남,en,5,0.8912,167 716,167716,0.5,,도 Chollanam-do 560 67 844 067 707 461 66 128 167 716
광공업,1989,161,1. 시ㆍ도별 광ㆍ공업 총괄,V. 광ㆍ공업,전체,전국,ko,0,0.4292,3 948,3948,0.3,저신뢰,전 국 Whole Countrs 3 948 94 811 863 805 1 929 94 320 946 677
광공업,1989,161,1. 시ㆍ도별 광ㆍ공업 총괄,V. 광ㆍ공업,전체,전국,ko,1,0.5195,94 811,94811,1.0,,전 국 Whole Countrs 3 948 94 811 863 805 1 929 94 320 946 677
광공업,1989,161,1. 시ㆍ도별 광ㆍ공업 총괄,V. 광ㆍ공업,전체,전국,ko,2,0.6078,863 805,863805,1.0,,전 국 Whole Countrs 3 948 94 811 863 805 1 929 94 320 946 677
광공업,1989,161,1. 시ㆍ도별 광ㆍ공업 총괄,V. 광ㆍ공업,전체,전국,ko,3,0.7187,1 929,1929,1.0,,전 국 Whole Countrs 3 948 94 811 863 805 1 929 94 320 946 677
광공업,1989,161,1. 시ㆍ도별 광ㆍ공업 총괄,V. 광ㆍ공업,전체,전국,ko,4,0.8069,94 320,94320,0.3,저신뢰,전 국 Whole Countrs 3 948 94 811 863 805 1 929 94 320 946 677
광공업,1989,161,1. 시ㆍ도별 광ㆍ공업 총괄,V. 광ㆍ공업,전체,전국,ko,5,0.8932,946 677,946677,0.5,,전 국 Whole Countrs 3 948 94 811 863 805 1 929 94 320 946 677
광공업,1989,161,1. 시ㆍ도별 광ㆍ공업 총괄,V. 광ㆍ공업,전체,전남,en,0,0.4476,814,814,1.0,,Chollanam-do 814 49 268 56
광공업,1989,161,1. 시ㆍ도별 광ㆍ공업 총괄,V. 광ㆍ공업,전체,전남,en,1,0.616,49 268,49268,1.0,,Chollanam-do 814 49 268 56
광공업,1989,161,1. 시ㆍ도별 광ㆍ공업 총괄,V. 광ㆍ공업,전체,전남,en,2,0.9014,56,56,1.0,,Chollanam-do 814 49 268 56
광공업,1989,161,1. 시ㆍ도별 광ㆍ공업 총괄,V. 광ㆍ공업,전체,전국,en,0,0.423,50 063,50063,1.0,,국 Whole Country 50 063 738 353 857 389 398
광공업,1989,161,1. 시ㆍ도별 광ㆍ공업 총괄,V. 광ㆍ공업,전체,전국,en,1,0.5133,738 353,738353,1.0,,국 Whole Country 50 063 738 353 857 389 398
광공업,1989,161,1. 시ㆍ도별 광ㆍ공업 총괄,V. 광ㆍ공업,전체,전국,en,2,0.6407,857,857,1.0,,국 Whole Country 50 063 738 353 857 389 398
광공업,1989,161,1. 시ㆍ도별 광ㆍ공업 총괄,V. 광ㆍ공업,전체,전국,en,3,0.7372,389,389,1.0,,국 Whole Country 50 063 738 353 857 389 398
광공업,1989,161,1. 시ㆍ도별 광ㆍ공업 총괄,V. 광ㆍ공업,전체,전국,en,4,0.9281,398,398,1.0,,국 Whole Country 50 063 738 353 857 389 398
광공업,1989,161,1. 시ㆍ도별 광ㆍ공업 총괄,V. 광ㆍ공업,전체,광주,ko,0,0.5236,18 630,18630,1.0,,광주직할시 Kwangju-jkalsh 18 630 473 476 606 36 758 786 318
광공업,1989,161,1. 시ㆍ도별 광ㆍ공업 총괄,V. 광ㆍ공업,전체,광주,ko,1,0.6099,473 476,473476,1.0,,광주직할시 Kwangju-jkalsh 18 630 473 476 606 36 758 786 318
광공업,1989,161,1. 시ㆍ도별 광ㆍ공업 총괄,V. 광ㆍ공업,전체,광주,ko,2,0.7372,606,606,0.5,,광주직할시 Kwangju-jkalsh 18 630 473 476 606 36 758 786 318
광공업,1989,161,1. 시ㆍ도별 광ㆍ공업 총괄,V. 광ㆍ공업,전체,광주,ko,3,0.809,36 758,36758,1.0,,광주직할시 Kwangju-jkalsh 18 630 473 476 606 36 758 786 318
광공업,1989,161,1. 시ㆍ도별 광ㆍ공업 총괄,V. 광ㆍ공업,전체,광주,ko,4,0.8973,786 318,786318,1.0,,광주직할시 Kwangju-jkalsh 18 630 473 476 606 36 758 786 318
광공업,1989,161,1. 시ㆍ도별 광ㆍ공업 총괄,V. 광ㆍ공업,전체,전남,en,0,0.5236,58 194,58194,1.0,,진정: 라상: 도 Chollanam-do 58 194 018 439 652 56 222 583
광공업,1989,161,1. 시ㆍ도별 광ㆍ공업 총괄,V. 광ㆍ공업,전체,전남,en,1,0.6099,018 439,18439,1.0,,진정: 라상: 도 Chollanam-do 58 194 018 439 652 56 222 583
광공업,1989,161,1. 시ㆍ도별 광ㆍ공업 총괄,V. 광ㆍ공업,전체,전남,en,2,0.7372,652,652,1.0,,진정: 라상: 도 Chollanam-do 58 194 018 439 652 56 222 583
광공업,1989,161,1. 시ㆍ도별 광ㆍ공업 총괄,V. 광ㆍ공업,전체,전남,en,3,0.809,56 222,56222,1.0,,진정: 라상: 도 Chollanam-do 58 194 018 439 652 56 222 583
광공업,1989,161,1. 시ㆍ도별 광ㆍ공업 총괄,V. 광ㆍ공업,전체,전남,en,4,0.9281,583,583,1.0,,진정: 라상: 도 Chollanam-do 58 194 018 439 652 56 222 583
광공업,1990,157,1. 시ㆍ도별 광ㆍ공업 총괄,V. 광ㆍ공업,전체,전국,ko,0,0.4168,56 318,56318,1.0,,전 국 Whole Country 56 318 3 095 652 41 516 075 3 208 100 48 329 372
광공업,1990,157,1. 시ㆍ도별 광ㆍ공업 총괄,V. 광ㆍ공업,전체,전국,ko,1,0.4887,3 095 652,3095652,0.5,,전 국 Whole Country 56 318 3 095 652 41 516 075 3 208 100 48 329 372
광공업,1990,157,1. 시ㆍ도별 광ㆍ공업 총괄,V. 광ㆍ공업,전체,전국,ko,2,0.5749,41 516 075,41516075,1.0,,전 국 Whole Country 56 318 3 095 652 41 516 075 3 208 100 48 329 372
광공업,1990,157,1. 시ㆍ도별 광ㆍ공업 총괄,V. 광ㆍ공업,전체,전국,ko,3,0.7721,3 208 100,3208100,0.5,,전 국 Whole Country 56 318 3 095 652 41 516 075 3 208 100 48 329 372
광공업,1990,157,1. 시ㆍ도별 광ㆍ공업 총괄,V. 광ㆍ공업,전체,전국,ko,4,0.8583,48 329 372,48329372,0.3,저신뢰,전 국 Whole Country 56 318 3 095 652 41 516 075 3 208 100 48 329 372
광공업,1990,157,1. 시ㆍ도별 광ㆍ공업 총괄,V. 광ㆍ공업,전체,광주,ko,0,0.5133,36 771,36771,1.0,,광주직 할시 Kwangju-juk’alsh 36 771 786 536 693 42 158 002 244
광공업,1990,157,1. 시ㆍ도별 광ㆍ공업 총괄,V. 광ㆍ공업,전체,광주,ko,1,0.5996,786 536,786536,0.5,,광주직 할시 Kwangju-juk’alsh 36 771 786 536 693 42 158 002 244
광공업,1990,157,1. 시ㆍ도별 광ㆍ공업 총괄,V. 광ㆍ공업,전체,광주,ko,2,0.7248,693,693,0.5,,광주직 할시 Kwangju-juk’alsh 36 771 786 536 693 42 158 002 244
광공업,1990,157,1. 시ㆍ도별 광ㆍ공업 총괄,V. 광ㆍ공업,전체,광주,ko,3,0.7947,42 158,42158,1.0,,광주직 할시 Kwangju-juk’alsh 36 771 786 536 693 42 158 002 244
광공업,1990,157,1. 시ㆍ도별 광ㆍ공업 총괄,V. 광ㆍ공업,전체,광주,ko,4,0.8809,002 244,2244,0.5,,광주직 할시 Kwangju-juk’alsh 36 771 786 536 693 42 158 002 244
광공업,1990,157,1. 시ㆍ도별 광ㆍ공업 총괄,V. 광ㆍ공업,전체,전국,ko,0,0.5113,94 320,94320,1.0,,전 국 Whale Country t 94 320 946 677 87 614 773
광공업,1990,157,1. 시ㆍ도별 광ㆍ공업 총괄,V. 광ㆍ공업,전체,전국,ko,1,0.5975,946 677,946677,0.5,,전 국 Whale Country t 94 320 946 677 87 614 773
광공업,1990,157,1. 시ㆍ도별 광ㆍ공업 총괄,V. 광ㆍ공업,전체,전국,ko,2,0.7947,87 614,87614,1.0,,전 국 Whale Country t 94 320 946 677 87 614 773
광공업,1990,157,1. 시ㆍ도별 광ㆍ공업 총괄,V. 광ㆍ공업,전체,전국,ko,3,0.9117,773,773,1.0,,전 국 Whale Country t 94 320 946 677 87 614 773
광공업,1990,157,1. 시ㆍ도별 광ㆍ공업 총괄,V. 광ㆍ공업,전체,광주,ko,0,0.5442,13,13,1.0,,광주직할시 Kwangju-jk'alshi 13 07
광공업,1990,157,1. 시ㆍ도별 광ㆍ공업 총괄,V. 광ㆍ공업,전체,광주,ko,1,0.922,07,7,0.3,저신뢰,광주직할시 Kwangju-jk'alshi 13 07
광공업,1990,157,1. 시ㆍ도별 광ㆍ공업 총괄,V. 광ㆍ공업,전체,전남,en,0,0.6078,56,56,1.0,,Chollanam-do 56 4935
광공업,1990,157,1. 시ㆍ도별 광ㆍ공업 총괄,V. 광ㆍ공업,전체,전남,en,1,0.8255,4935,4935,0.3,저신뢰,Chollanam-do 56 4935
광공업,1990,157,1. 시ㆍ도별 광ㆍ공업 총괄,V. 광ㆍ공업,전체,전국,ko,0,0.4168,54 389,54389,0.5,,전 국 Wole Country 54 389 8tss0 569 59 928 120 486 4832312
광공업,1990,157,1. 시ㆍ도별 광ㆍ공업 총괄,V. 광ㆍ공업,전체,전국,ko,1,0.5955,569,569,0.5,,전 국 Wole Country 54 389 8tss0 569 59 928 120 486 4832312
광공업,1990,157,1. 시ㆍ도별 광ㆍ공업 총괄,V. 광ㆍ공업,전체,전국,ko,2,0.6982,59 928,59928,1.0,,전 국 Wole Country 54 389 8tss0 569 59 928 120 486 4832312
광공업,1990,157,1. 시ㆍ도별 광ㆍ공업 총괄,V. 광ㆍ공업,전체,전국,ko,3,0.7864,120 486,120486,1.0,,전 국 Wole Country 54 389 8tss0 569 59 928 120 486 4832312
광공업,1990,157,1. 시ㆍ도별 광ㆍ공업 총괄,V. 광ㆍ공업,전체,전국,ko,4,0.8555,4832312,4832312,0.3,저신뢰,전 국 Wole Country 54 389 8tss0 569 59 928 120 486 4832312
광공업,1990,157,1. 시ㆍ도별 광ㆍ공업 총괄,V. 광ㆍ공업,전체,광주,ko,0,0.4394,606,606,1.0,,광주직할시 Kwangu-jik'alsh 606 36 786 318 692
광공업,1990,157,1. 시ㆍ도별 광ㆍ공업 총괄,V. 광ㆍ공업,전체,광주,ko,1,0.5092,36,36,0.5,,광주직할시 Kwangu-jik'alsh 606 36 786 318 692
광공업,1990,157,1. 시ㆍ도별 광ㆍ공업 총괄,V. 광ㆍ공업,전체,광주,ko,2,0.5975,786 318,786318,1.0,,광주직할시 Kwangu-jik'alsh 606 36 786 318 692
광공업,1990,157,1. 시ㆍ도별 광ㆍ공업 총괄,V. 광ㆍ공업,전체,광주,ko,3,0.7228,692,692,1.0,,광주직할시 Kwangu-jik'alsh 606 36 786 318 692
광공업,1991,157,1. 시ㆍ도별 광ㆍ공업 총괄,V. 광ㆍ공업,전체,광주,ko,0,0.5195,42 158,42158,1.0,,광주직할시 42 158 002 244 770 43 715 088 943
광공업,1991,157,1. 시ㆍ도별 광ㆍ공업 총괄,V. 광ㆍ공업,전체,광주,ko,1,0.6058,002 244,2244,0.5,,광주직할시 42 158 002 244 770 43 715 088 943
광공업,1991,157,1. 시ㆍ도별 광ㆍ공업 총괄,V. 광ㆍ공업,전체,광주,ko,2,0.7351,770,770,1.0,,광주직할시 42 158 002 244 770 43 715 088 943
광공업,1991,157,1. 시ㆍ도별 광ㆍ공업 총괄,V. 광ㆍ공업,전체,광주,ko,3,0.807,43 715,43715,1.0,,광주직할시 42 158 002 244 770 43 715 088 943
광공업,1991,157,1. 시ㆍ도별 광ㆍ공업 총괄,V. 광ㆍ공업,전체,광주,ko,4,0.8932,088 943,88943,1.0,,광주직할시 42 158 002 244 770 43 715 088 943
광공업,1991,157,1. 시ㆍ도별 광ㆍ공업 총괄,V. 광ㆍ공업,전체,광주,ko,0,0.4353,892,892,0.5,,광주직할시 892 42 240 882 702 227
광공업,1991,157,1. 시ㆍ도별 광ㆍ공업 총괄,V. 광ㆍ공업,전체,광주,ko,1,0.5113,42,42,1.0,,광주직할시 892 42 240 882 702 227
광공업,1991,157,1. 시ㆍ도별 광ㆍ공업 총괄,V. 광ㆍ공업,전체,광주,ko,2,0.7905,240 882 702,240882702,1.0,,광주직할시 892 42 240 882 702 227
광공업,1991,157,1. 시ㆍ도별 광ㆍ공업 총괄,V. 광ㆍ공업,전체,광주,ko,3,0.8871,227,227,1.0,,광주직할시 892 42 240 882 702 227
광공업,1992,157,1. 시ㆍ도별 광ㆍ공업 총괄,V. 광ㆍ공업,전체,전국,ko,0,0.4024,67 484,67484,0.3,저신뢰,전 국 Whole Country 67 484 3 167 315 55 901 568 70 455 3080 202 71 884 505
광공업,1992,157,1. 시ㆍ도별 광ㆍ공업 총괄,V. 광ㆍ공업,전체,전국,ko,1,0.4784,3 167 315,3167315,1.0,,전 국 Whole Country 67 484 3 167 315 55 901 568 70 455 3080 202 71 884 505
광공업,1992,157,1. 시ㆍ도별 광ㆍ공업 총괄,V. 광ㆍ공업,전체,전국,ko,2,0.5667,55 901 568,55901568,1.0,,전 국 Whole Country 67 484 3 167 315 55 901 568 70 455 3080 202 71 884 505
광공업,1992,157,1. 시ㆍ도별 광ㆍ공업 총괄,V. 광ㆍ공업,전체,전국,ko,3,0.6939,70 455,70455,0.5,,전 국 Whole Country 67 484 3 167 315 55 901 568 70 455 3080 202 71 884 505
광공업,1992,157,1. 시ㆍ도별 광ㆍ공업 총괄,V. 광ㆍ공업,전체,전국,ko,4,0.7659,3080 202,3080202,0.5,,전 국 Whole Country 67 484 3 167 315 55 901 568 70 455 3080 202 71 884 505
광공업,1992,157,1. 시ㆍ도별 광ㆍ공업 총괄,V. 광ㆍ공업,전체,전국,ko,5,0.8542,71 884 505,71884505,1.0,,전 국 Whole Country 67 484 3 167 315 55 901 568 70 455 3080 202 71 884 505
광공업,1992,157,1. 시ㆍ도별 광ㆍ공업 총괄,V. 광ㆍ공업,전체,광주,ko,0,0.4271,770,770,1.0,,광주직할시 Kwangju-jik'alshi 770 43 715 088 943 806 43 102 1 182 793
광공업,1992,157,1. 시ㆍ도별 광ㆍ공업 총괄,V. 광ㆍ공업,전체,광주,ko,1,0.5031,43 715,43715,1.0,,광주직할시 Kwangju-jik'alshi 770 43 715 088 943 806 43 102 1 182 793
광공업,1992,157,1. 시ㆍ도별 광ㆍ공업 총괄,V. 광ㆍ공업,전체,광주,ko,2,0.5893,088 943,88943,1.0,,광주직할시 Kwangju-jik'alshi 770 43 715 088 943 806 43 102 1 182 793
광공업,1992,157,1. 시ㆍ도별 광ㆍ공업 총괄,V. 광ㆍ공업,전체,광주,ko,3,0.7207,806,806,1.0,,광주직할시 Kwangju-jik'alshi 770 43 715 088 943 806 43 102 1 182 793
광공업,1992,157,1. 시ㆍ도별 광ㆍ공업 총괄,V. 광ㆍ공업,전체,광주,ko,4,0.7905,43 102,43102,1.0,,광주직할시 Kwangju-jik'alshi 770 43 715 088 943 806 43 102 1 182 793
광공업,1992,157,1. 시ㆍ도별 광ㆍ공업 총괄,V. 광ㆍ공업,전체,광주,ko,5,0.8624,1 182 793,1182793,0.5,,광주직할시 Kwangju-jik'alshi 770 43 715 088 943 806 43 102 1 182 793
광공업,1992,157,1. 시ㆍ도별 광ㆍ공업 총괄,V. 광ㆍ공업,전체,전남,en,0,0.5031,72 749,72749,1.0,,Chollanam-do 72 749 744 732 441 79 081 2 892 905
광공업,1992,157,1. 시ㆍ도별 광ㆍ공업 총괄,V. 광ㆍ공업,전체,전남,en,1,0.5893,744 732,744732,0.5,,Chollanam-do 72 749 744 732 441 79 081 2 892 905
광공업,1992,157,1. 시ㆍ도별 광ㆍ공업 총괄,V. 광ㆍ공업,전체,전남,en,2,0.7187,441,441,1.0,,Chollanam-do 72 749 744 732 441 79 081 2 892 905
광공업,1992,157,1. 시ㆍ도별 광ㆍ공업 총괄,V. 광ㆍ공업,전체,전남,en,3,0.7926,79 081,79081,1.0,,Chollanam-do 72 749 744 732 441 79 081 2 892 905
광공업,1992,157,1. 시ㆍ도별 광ㆍ공업 총괄,V. 광ㆍ공업,전체,전남,en,4,0.8645,2 892 905,2892905,0.3,저신뢰,Chollanam-do 72 749 744 732 441 79 081 2 892 905
광공업,1992,157,1. 시ㆍ도별 광ㆍ공업 총괄,V. 광ㆍ공업,전체,전국,ko,0,0.5031,73 897,73897,1.0,,전 국 Whole Country 18g 73 897 1 583 60 959 958
광공업,1992,157,1. 시ㆍ도별 광ㆍ공업 총괄,V. 광ㆍ공업,전체,전국,ko,1,0.7043,1 583,1583,1.0,,전 국 Whole Country 18g 73 897 1 583 60 959 958
광공업,1992,157,1. 시ㆍ도별 광ㆍ공업 총괄,V. 광ㆍ공업,전체,전국,ko,2,0.7905,60,60,1.0,,전 국 Whole Country 18g 73 897 1 583 60 959 958
광공업,1992,157,1. 시ㆍ도별 광ㆍ공업 총괄,V. 광ㆍ공업,전체,전국,ko,3,0.8789,959 958,959958,1.0,,전 국 Whole Country 18g 73 897 1 583 60 959 958
광공업,1992,157,1. 시ㆍ도별 광ㆍ공업 총괄,V. 광ㆍ공업,전체,광주,ko,0,0.4456,1,1,1.0,,광주직할시 Kwangju-ik alshi 1
광공업,1992,157,1. 시ㆍ도별 광ㆍ공업 총괄,V. 광ㆍ공업,전체,전남,en,0,0.4292,691,691,1.0,,Chollanam-do 691 74 84
광공업,1992,157,1. 시ㆍ도별 광ㆍ공업 총괄,V. 광ㆍ공업,전체,전남,en,1,0.5996,74,74,1.0,,Chollanam-do 691 74 84
광공업,1992,157,1. 시ㆍ도별 광ㆍ공업 총괄,V. 광ㆍ공업,전체,전남,en,2,0.8871,84,84,1.0,,Chollanam-do 691 74 84
광공업,1992,157,1. 시ㆍ도별 광ㆍ공업 총괄,V. 광ㆍ공업,전체,전국,ko,0,0.4065,65 684,65684,0.5,,전 국 Whole Country 65 684 3 093 418 5632또 58 3 01 9 81 55 708585M 92
광공업,1992,157,1. 시ㆍ도별 광ㆍ공업 총괄,V. 광ㆍ공업,전체,전국,ko,1,0.4784,3 093 418,3093418,1.0,,전 국 Whole Country 65 684 3 093 418 5632또 58 3 01 9 81 55 708585M 92
광공업,1992,157,1. 시ㆍ도별 광ㆍ공업 총괄,V. 광ㆍ공업,전체,전국,ko,2,0.6016,58,58,0.5,,전 국 Whole Country 65 684 3 093 418 5632또 58 3 01 9 81 55 708585M 92
광공업,1992,157,1. 시ㆍ도별 광ㆍ공업 총괄,V. 광ㆍ공업,전체,전국,ko,3,0.7659,3 01 9 81 55,30198155,1.0,,전 국 Whole Country 65 684 3 093 418 5632또 58 3 01 9 81 55 708585M 92
광공업,1992,157,1. 시ㆍ도별 광ㆍ공업 총괄,V. 광ㆍ공업,전체,전국,ko,4,0.8789,92,92,0.3,저신뢰,전 국 Whole Country 65 684 3 093 418 5632또 58 3 01 9 81 55 708585M 92
광공업,1992,157,1. 시ㆍ도별 광ㆍ공업 총괄,V. 광ㆍ공업,전체,광주,en,0,0.4312,769,769,1.0,,주 직 램법 Kwangju-jk’alshi 769 43 702 088 803 43 072 1 8? 1
광공업,1992,157,1. 시ㆍ도별 광ㆍ공업 총괄,V. 광ㆍ공업,전체,광주,en,1,0.5031,43 702,43702,1.0,,주 직 램법 Kwangju-jk’alshi 769 43 702 088 803 43 072 1 8? 1
광공업,1992,157,1. 시ㆍ도별 광ㆍ공업 총괄,V. 광ㆍ공업,전체,광주,en,2,0.5914,088,88,0.5,,주 직 램법 Kwangju-jk’alshi 769 43 702 088 803 43 072 1 8? 1
광공업,1992,157,1. 시ㆍ도별 광ㆍ공업 총괄,V. 광ㆍ공업,전체,광주,en,3,0.7187,803,803,1.0,,주 직 램법 Kwangju-jk’alshi 769 43 702 088 803 43 072 1 8? 1
광공업,1992,157,1. 시ㆍ도별 광ㆍ공업 총괄,V. 광ㆍ공업,전체,광주,en,4,0.7905,43 072,43072,0.5,,주 직 램법 Kwangju-jk’alshi 769 43 702 088 803 43 072 1 8? 1
광공업,1992,157,1. 시ㆍ도별 광ㆍ공업 총괄,V. 광ㆍ공업,전체,광주,en,5,0.8789,1,1,0.3,저신뢰,주 직 램법 Kwangju-jk’alshi 769 43 702 088 803 43 072 1 8? 1
광공업,1992,157,1. 시ㆍ도별 광ㆍ공업 총괄,V. 광ㆍ공업,전체,광주,en,6,0.9179,1,1,1.0,,주 직 램법 Kwangju-jk’alshi 769 43 702 088 803 43 072 1 8? 1
광공업,1992,157,1. 시ㆍ도별 광ㆍ공업 총괄,V. 광ㆍ공업,전체,전남,en,0,0.4107,1 718,1718,0.3,저신뢰,Chollanam-dc 1 718 64 63 669 56 2 808
광공업,1992,157,1. 시ㆍ도별 광ㆍ공업 총괄,V. 광ㆍ공업,전체,전남,en,1,0.5031,64 63,6463,1.0,,Chollanam-dc 1 718 64 63 669 56 2 808
광공업,1992,157,1. 시ㆍ도별 광ㆍ공업 총괄,V. 광ㆍ공업,전체,전남,en,2,0.5914,669,669,1.0,,Chollanam-dc 1 718 64 63 669 56 2 808
광공업,1992,157,1. 시ㆍ도별 광ㆍ공업 총괄,V. 광ㆍ공업,전체,전남,en,3,0.7289,56,56,1.0,,Chollanam-dc 1 718 64 63 669 56 2 808
광공업,1992,157,1. 시ㆍ도별 광ㆍ공업 총괄,V. 광ㆍ공업,전체,전남,en,4,0.7988,2,2,1.0,,Chollanam-dc 1 718 64 63 669 56 2 808
광공업,1992,157,1. 시ㆍ도별 광ㆍ공업 총괄,V. 광ㆍ공업,전체,전남,en,5,0.8789,808,808,1.0,,Chollanam-dc 1 718 64 63 669 56 2 808
광공업,1993,159,1. 시ㆍ도별 광ㆍ공업 총괄,V. 광ㆍ공업,전체,광주,ko,0,0.4456,806,806,1.0,,광주직 할식 806 43 102 182 793 784 223 43 895 121 471 937
광공업,1993,159,1. 시ㆍ도별 광ㆍ공업 총괄,V. 광ㆍ공업,전체,광주,ko,1,0.5174,43 102,43102,0.3,저신뢰,광주직 할식 806 43 102 182 793 784 223 43 895 121 471 937
광공업,1993,159,1. 시ㆍ도별 광ㆍ공업 총괄,V. 광ㆍ공업,전체,광주,ko,2,0.6016,182 793,182793,0.5,,광주직 할식 806 43 102 182 793 784 223 43 895 121 471 937
광공업,1993,159,1. 시ㆍ도별 광ㆍ공업 총괄,V. 광ㆍ공업,전체,광주,ko,3,0.731,784,784,0.5,,광주직 할식 806 43 102 182 793 784 223 43 895 121 471 937
광공업,1993,159,1. 시ㆍ도별 광ㆍ공업 총괄,V. 광ㆍ공업,전체,광주,ko,4,0.7947,223 43 895 121,22343895121,1.0,과병합의심,광주직 할식 806 43 102 182 793 784 223 43 895 121 471 937
광공업,1993,159,1. 시ㆍ도별 광ㆍ공업 총괄,V. 광ㆍ공업,전체,광주,ko,5,0.9199,471 937,471937,1.0,,광주직 할식 806 43 102 182 793 784 223 43 895 121 471 937
광공업,1993,159,1. 시ㆍ도별 광ㆍ공업 총괄,V. 광ㆍ공업,전체,광주,ko,0,0.5359,249,249,1.0,,"광주직할시 "" 249 0g"
광공업,1993,159,1. 시ㆍ도별 광ㆍ공업 총괄,V. 광ㆍ공업,전체,전국,ko,0,0.4168,68 690,68690,0.3,저신뢰,전 국 68 690 UI 3 타g81I318l1g2g8a 3I5 852니라 918 015
광공업,1993,159,1. 시ㆍ도별 광ㆍ공업 총괄,V. 광ㆍ공업,전체,전국,ko,1,0.5195,3,3,1.0,,전 국 68 690 UI 3 타g81I318l1g2g8a 3I5 852니라 918 015
광공업,1993,159,1. 시ㆍ도별 광ㆍ공업 총괄,V. 광ㆍ공업,전체,전국,ko,2,0.7905,918 015,918015,1.0,,전 국 68 690 UI 3 타g81I318l1g2g8a 3I5 852니라 918 015
광공업,1993,159,1. 시ㆍ도별 광ㆍ공업 총괄,V. 광ㆍ공업,시부,광주,ko,0,0.7885,222 961,222961,1.0,,광주직할시 3% 222 961 207 665
광공업,1993,159,1. 시ㆍ도별 광ㆍ공업 총괄,V. 광ㆍ공업,시부,광주,ko,1,0.885,207 665,207665,1.0,,광주직할시 3% 222 961 207 665
광공업,1994,169,1. 시ㆍ도별 광공업 총괄,V. 광공업,전체,전국,ko,0,0.3532,76 357,76357,0.3,저신뢰,전 국 Whole Country 76 357 2852 371 226544 90 530 2 931 418 256 299
광공업,1994,169,1. 시ㆍ도별 광공업 총괄,V. 광공업,전체,전국,ko,1,0.4392,2852 371,2852371,0.5,,전 국 Whole Country 76 357 2852 371 226544 90 530 2 931 418 256 299
광공업,1994,169,1. 시ㆍ도별 광공업 총괄,V. 광공업,전체,전국,ko,2,0.5564,226544,226544,1.0,,전 국 Whole Country 76 357 2852 371 226544 90 530 2 931 418 256 299
광공업,1994,169,1. 시ㆍ도별 광공업 총괄,V. 광공업,전체,전국,ko,3,0.6692,90 530,90530,1.0,,전 국 Whole Country 76 357 2852 371 226544 90 530 2 931 418 256 299
광공업,1994,169,1. 시ㆍ도별 광공업 총괄,V. 광공업,전체,전국,ko,4,0.7597,2 931 418,2931418,0.5,,전 국 Whole Country 76 357 2852 371 226544 90 530 2 931 418 256 299
광공업,1994,169,1. 시ㆍ도별 광공업 총괄,V. 광공업,전체,전국,ko,5,0.8768,256 299,256299,1.0,,전 국 Whole Country 76 357 2852 371 226544 90 530 2 931 418 256 299
광공업,1994,169,1. 시ㆍ도별 광공업 총괄,V. 광공업,전체,광주,en,0,0.3737,930,930,0.3,저신뢰,•추직할 Kwangju-gk alshi 930 44 854 46 875 4 553
광공업,1994,169,1. 시ㆍ도별 광공업 총괄,V. 광공업,전체,광주,en,1,0.4579,44 854,44854,1.0,,•추직할 Kwangju-gk alshi 930 44 854 46 875 4 553
광공업,1994,169,1. 시ㆍ도별 광공업 총괄,V. 광공업,전체,광주,en,2,0.7762,46 875,46875,1.0,,•추직할 Kwangju-gk alshi 930 44 854 46 875 4 553
광공업,1994,169,1. 시ㆍ도별 광공업 총괄,V. 광공업,전체,광주,en,3,0.8973,4 553,4553,0.3,저신뢰,•추직할 Kwangju-gk alshi 930 44 854 46 875 4 553
광공업,1994,169,1. 시ㆍ도별 광공업 총괄,V. 광공업,전체,전국,ko,0,0.4558,50 982,50982,1.0,,전 국 Whole Country 50 982 345 45 577
광공업,1994,169,1. 시ㆍ도별 광공업 총괄,V. 광공업,전체,전국,ko,1,0.5914,345,345,0.3,저신뢰,전 국 Whole Country 50 982 345 45 577
광공업,1994,169,1. 시ㆍ도별 광공업 총괄,V. 광공업,전체,전국,ko,2,0.7782,45 577,45577,1.0,,전 국 Whole Country 50 982 345 45 577
광공업,1994,169,1. 시ㆍ도별 광공업 총괄,V. 광공업,전체,광주,ko,0,0.3901,6,6,0.5,,광주직할 Kwangju-yk'alshi 6 173 25 어w 141
광공업,1994,169,1. 시ㆍ도별 광공업 총괄,V. 광공업,전체,광주,ko,1,0.4764,173,173,1.0,,광주직할 Kwangju-yk'alshi 6 173 25 어w 141
광공업,1994,169,1. 시ㆍ도별 광공업 총괄,V. 광공업,전체,광주,ko,2,0.5934,25,25,1.0,,광주직할 Kwangju-yk'alshi 6 173 25 어w 141
광공업,1994,169,1. 시ㆍ도별 광공업 총괄,V. 광공업,전체,광주,ko,3,0.7967,141,141,1.0,,광주직할 Kwangju-yk'alshi 6 173 25 어w 141
광공업,1994,169,1. 시ㆍ도별 광공업 총괄,V. 광공업,전체,전남,en,0,0.4661,8339,8339,0.3,저신뢰,Chollanam-da & 8339 6 087
광공업,1994,169,1. 시ㆍ도별 광공업 총괄,V. 광공업,전체,전남,en,1,0.7864,6 087,6087,1.0,,Chollanam-da & 8339 6 087
광공업,1994,169,1. 시ㆍ도별 광공업 총괄,V. 광공업,전체,전국,ko,0,0.3552,74 679,74679,1.0,,전 국 Whole Country 74 679 2 801 389 234 599 88 886 2 885 841 254471
광공업,1994,169,1. 시ㆍ도별 광공업 총괄,V. 광공업,전체,전국,ko,1,0.4414,2 801 389,2801389,0.5,,전 국 Whole Country 74 679 2 801 389 234 599 88 886 2 885 841 254471
광공업,1994,169,1. 시ㆍ도별 광공업 총괄,V. 광공업,전체,전국,ko,2,0.5585,234 599,234599,0.5,,전 국 Whole Country 74 679 2 801 389 234 599 88 886 2 885 841 254471
광공업,1994,169,1. 시ㆍ도별 광공업 총괄,V. 광공업,전체,전국,ko,3,0.6714,88 886,88886,1.0,,전 국 Whole Country 74 679 2 801 389 234 599 88 886 2 885 841 254471
광공업,1994,169,1. 시ㆍ도별 광공업 총괄,V. 광공업,전체,전국,ko,4,0.7596,2 885 841,2885841,1.0,,전 국 Whole Country 74 679 2 801 389 234 599 88 886 2 885 841 254471
광공업,1994,169,1. 시ㆍ도별 광공업 총괄,V. 광공업,전체,전국,ko,5,0.8767,254471,254471,0.5,,전 국 Whole Country 74 679 2 801 389 234 599 88 886 2 885 841 254471
광공업,1994,169,1. 시ㆍ도별 광공업 총괄,V. 광공업,전체,광주,ko,0,0.4579,44 681,44681,0.5,,광주직할 스wangju-jk'alsh 44 681 ! 081 46 734 4 533
광공업,1994,169,1. 시ㆍ도별 광공업 총괄,V. 광공업,전체,광주,ko,1,0.7782,46 734,46734,1.0,,광주직할 스wangju-jk'alsh 44 681 ! 081 46 734 4 533
광공업,1994,169,1. 시ㆍ도별 광공업 총괄,V. 광공업,전체,광주,ko,2,0.8912,4 533,4533,0.5,,광주직할 스wangju-jk'alsh 44 681 ! 081 46 734 4 533
광공업,1995,175,1. 시ㆍ도별 광공업 총괄,V. 광공업,전체,전국,ko,0,0.3668,76357,76357,0.5,,전 국 Whole Country 76357 2852 371 226 544450 90 506 2930 895 256 226 159
광공업,1995,175,1. 시ㆍ도별 광공업 총괄,V. 광공업,전체,전국,ko,1,0.4548,2852 371,2852371,0.5,,전 국 Whole Country 76357 2852 371 226 544450 90 506 2930 895 256 226 159
광공업,1995,175,1. 시ㆍ도별 광공업 총괄,V. 광공업,전체,전국,ko,2,0.5451,226 544450,226544450,1.0,,전 국 Whole Country 76357 2852 371 226 544450 90 506 2930 895 256 226 159
광공업,1995,175,1. 시ㆍ도별 광공업 총괄,V. 광공업,전체,전국,ko,3,0.6865,90 506,90506,0.3,저신뢰,전 국 Whole Country 76357 2852 371 226 544450 90 506 2930 895 256 226 159
광공업,1995,175,1. 시ㆍ도별 광공업 총괄,V. 광공업,전체,전국,ko,4,0.7746,2930 895,2930895,1.0,,전 국 Whole Country 76357 2852 371 226 544450 90 506 2930 895 256 226 159
광공업,1995,175,1. 시ㆍ도별 광공업 총괄,V. 광공업,전체,전국,ko,5,0.8647,256 226 159,256226159,1.0,,전 국 Whole Country 76357 2852 371 226 544450 90 506 2930 895 256 226 159
광공업,1995,175,1. 시ㆍ도별 광공업 총괄,V. 광공업,전체,광주,ko,0,0.3852,930,930,1.0,,광주광역시 KwangjiMetropolitan Cty 930 44 854 4 106 183 1 103 46 875 4 551 849
광공업,1995,175,1. 시ㆍ도별 광공업 총괄,V. 광공업,전체,광주,ko,1,0.4773,44 854,44854,0.5,,광주광역시 KwangjiMetropolitan Cty 930 44 854 4 106 183 1 103 46 875 4 551 849
광공업,1995,175,1. 시ㆍ도별 광공업 총괄,V. 광공업,전체,광주,ko,2,0.5635,4 106 183,4106183,0.5,,광주광역시 KwangjiMetropolitan Cty 930 44 854 4 106 183 1 103 46 875 4 551 849
광공업,1995,175,1. 시ㆍ도별 광공업 총괄,V. 광공업,전체,광주,ko,3,0.6947,1 103,1103,0.5,,광주광역시 KwangjiMetropolitan Cty 930 44 854 4 106 183 1 103 46 875 4 551 849
광공업,1995,175,1. 시ㆍ도별 광공업 총괄,V. 광공업,전체,광주,ko,4,0.793,46 875,46875,1.0,,광주광역시 KwangjiMetropolitan Cty 930 44 854 4 106 183 1 103 46 875 4 551 849
광공업,1995,175,1. 시ㆍ도별 광공업 총괄,V. 광공업,전체,광주,ko,5,0.8811,4 551 849,4551849,1.0,,광주광역시 KwangjiMetropolitan Cty 930 44 854 4 106 183 1 103 46 875 4 551 849
광공업,1995,175,1. 시ㆍ도별 광공업 총괄,V. 광공업,전체,전국,ko,0,0.4775,50 982,50982,1.0,,전 국 Whole Country 50 982 1 945 183 2 45 546 1 827 207
광공업,1995,175,1. 시ㆍ도별 광공업 총괄,V. 광공업,전체,전국,ko,1,0.5613,1 945 183,1945183,1.0,,전 국 Whole Country 50 982 1 945 183 2 45 546 1 827 207
광공업,1995,175,1. 시ㆍ도별 광공업 총괄,V. 광공업,전체,전국,ko,2,0.7254,2,2,1.0,,전 국 Whole Country 50 982 1 945 183 2 45 546 1 827 207
광공업,1995,175,1. 시ㆍ도별 광공업 총괄,V. 광공업,전체,전국,ko,3,0.7929,45 546,45546,1.0,,전 국 Whole Country 50 982 1 945 183 2 45 546 1 827 207
광공업,1995,175,1. 시ㆍ도별 광공업 총괄,V. 광공업,전체,전국,ko,4,0.8811,1 827 207,1827207,0.5,,전 국 Whole Country 50 982 1 945 183 2 45 546 1 827 207
광공업,1995,175,1. 시ㆍ도별 광공업 총괄,V. 광공업,전체,광주,ko,0,0.4918,173,173,0.5,,광주광역시 KwangjuMeropoitan City 173 25 408 141 19 609
광공업,1995,175,1. 시ㆍ도별 광공업 총괄,V. 광공업,전체,광주,ko,1,0.582,25 408,25408,1.0,,광주광역시 KwangjuMeropoitan City 173 25 408 141 19 609
광공업,1995,175,1. 시ㆍ도별 광공업 총괄,V. 광공업,전체,광주,ko,2,0.8115,141,141,1.0,,광주광역시 KwangjuMeropoitan City 173 25 408 141 19 609
광공업,1995,175,1. 시ㆍ도별 광공업 총괄,V. 광공업,전체,광주,ko,3,0.8996,19 609,19609,1.0,,광주광역시 KwangjuMeropoitan City 173 25 408 141 19 609
광공업,1995,175,1. 시ㆍ도별 광공업 총괄,V. 광공업,전체,전국,ko,0,0.3689,74679,74679,0.5,,전 국 Whole Country 74679 2 801 389 224 599 267 88 864 2885 349 254 398 952
광공업,1995,175,1. 시ㆍ도별 광공업 총괄,V. 광공업,전체,전국,ko,1,0.4549,2 801 389,2801389,0.3,저신뢰,전 국 Whole Country 74679 2 801 389 224 599 267 88 864 2885 349 254 398 952
광공업,1995,175,1. 시ㆍ도별 광공업 총괄,V. 광공업,전체,전국,ko,2,0.5451,224 599 267,224599267,1.0,,전 국 Whole Country 74679 2 801 389 224 599 267 88 864 2885 349 254 398 952
광공업,1995,175,1. 시ㆍ도별 광공업 총괄,V. 광공업,전체,전국,ko,3,0.6885,88 864,88864,0.5,,전 국 Whole Country 74679 2 801 389 224 599 267 88 864 2885 349 254 398 952
광공업,1995,175,1. 시ㆍ도별 광공업 총괄,V. 광공업,전체,전국,ko,4,0.7746,2885 349,2885349,0.5,,전 국 Whole Country 74679 2 801 389 224 599 267 88 864 2885 349 254 398 952
광공업,1995,175,1. 시ㆍ도별 광공업 총괄,V. 광공업,전체,전국,ko,5,0.8648,254 398 952,254398952,1.0,,전 국 Whole Country 74679 2 801 389 224 599 267 88 864 2885 349 254 398 952
광공업,1995,175,1. 시ㆍ도별 광공업 총괄,V. 광공업,전체,광주,ko,0,0.4773,44 681,44681,0.5,,광주광역시 K.wangjuMetroplitan Cty 44 681 1 098 46 734 4 532 240
광공업,1995,175,1. 시ㆍ도별 광공업 총괄,V. 광공업,전체,광주,ko,1,0.6967,1 098,1098,1.0,,광주광역시 K.wangjuMetroplitan Cty 44 681 1 098 46 734 4 532 240
광공업,1995,175,1. 시ㆍ도별 광공업 총괄,V. 광공업,전체,광주,ko,2,0.7971,46 734,46734,1.0,,광주광역시 K.wangjuMetroplitan Cty 44 681 1 098 46 734 4 532 240
광공업,1995,175,1. 시ㆍ도별 광공업 총괄,V. 광공업,전체,광주,ko,3,0.8811,4 532 240,4532240,1.0,,광주광역시 K.wangjuMetroplitan Cty 44 681 1 098 46 734 4 532 240
광공업,1996,185,1. 시ㆍ도별 광공업 총괄,V. 광공업,전체,전국,ko,0,0.4435,2 930 895,2930895,1.0,,전 국 Whole Country 90'506 2 930 895 256 226 159 92 578 2965 179 297 845 486
광공업,1996,185,1. 시ㆍ도별 광공업 총괄,V. 광공업,전체,전국,ko,1,0.5297,256 226 159,256226159,1.0,,전 국 Whole Country 90'506 2 930 895 256 226 159 92 578 2965 179 297 845 486
광공업,1996,185,1. 시ㆍ도별 광공업 총괄,V. 광공업,전체,전국,ko,2,0.6715,92 578,92578,1.0,,전 국 Whole Country 90'506 2 930 895 256 226 159 92 578 2965 179 297 845 486
광공업,1996,185,1. 시ㆍ도별 광공업 총괄,V. 광공업,전체,전국,ko,3,0.7596,2965 179,2965179,0.5,,전 국 Whole Country 90'506 2 930 895 256 226 159 92 578 2965 179 297 845 486
광공업,1996,185,1. 시ㆍ도별 광공업 총괄,V. 광공업,전체,전국,ko,4,0.85,297 845 486,297845486,1.0,,전 국 Whole Country 90'506 2 930 895 256 226 159 92 578 2965 179 297 845 486
광공업,1996,185,1. 시ㆍ도별 광공업 총괄,V. 광공업,전체,광주,ko,0,0.3634,1 103,1103,0.5,,광주광역ㅅ K wangjuMetropoltan Cuy 1 103 46 875 4 551 849 1 120 49 362 5 248 849
광공업,1996,185,1. 시ㆍ도별 광공업 총괄,V. 광공업,전체,광주,ko,1,0.462,46 875,46875,1.0,,광주광역ㅅ K wangjuMetropoltan Cuy 1 103 46 875 4 551 849 1 120 49 362 5 248 849
광공업,1996,185,1. 시ㆍ도별 광공업 총괄,V. 광공업,전체,광주,ko,2,0.5462,4 551 849,4551849,1.0,,광주광역ㅅ K wangjuMetropoltan Cuy 1 103 46 875 4 551 849 1 120 49 362 5 248 849
광공업,1996,185,1. 시ㆍ도별 광공업 총괄,V. 광공업,전체,광주,ko,3,0.6817,1 120,1120,1.0,,광주광역ㅅ K wangjuMetropoltan Cuy 1 103 46 875 4 551 849 1 120 49 362 5 248 849
광공업,1996,185,1. 시ㆍ도별 광공업 총괄,V. 광공업,전체,광주,ko,4,0.7803,49 362,49362,1.0,,광주광역ㅅ K wangjuMetropoltan Cuy 1 103 46 875 4 551 849 1 120 49 362 5 248 849
광공업,1996,185,1. 시ㆍ도별 광공업 총괄,V. 광공업,전체,광주,ko,5,0.8686,5 248 849,5248849,0.5,,광주광역ㅅ K wangjuMetropoltan Cuy 1 103 46 875 4 551 849 1 120 49 362 5 248 849
광공업,1996,185,1. 시ㆍ도별 광공업 총괄,V. 광공업,전체,전남,en,0,0.3634,3 113,3113,1.0,,Chollanam Province 3 113 78 859 12 819 834 2 667 76 519 14 729 459
광공업,1996,185,1. 시ㆍ도별 광공업 총괄,V. 광공업,전체,전남,en,1,0.4598,78 859,78859,0.3,저신뢰,Chollanam Province 3 113 78 859 12 819 834 2 667 76 519 14 729 459
광공업,1996,185,1. 시ㆍ도별 광공업 총괄,V. 광공업,전체,전남,en,2,0.538,12 819 834,12819834,1.0,,Chollanam Province 3 113 78 859 12 819 834 2 667 76 519 14 729 459
광공업,1996,185,1. 시ㆍ도별 광공업 총괄,V. 광공업,전체,전남,en,3,0.6797,2 667,2667,1.0,,Chollanam Province 3 113 78 859 12 819 834 2 667 76 519 14 729 459
광공업,1996,185,1. 시ㆍ도별 광공업 총괄,V. 광공업,전체,전남,en,4,0.7782,76 519,76519,1.0,,Chollanam Province 3 113 78 859 12 819 834 2 667 76 519 14 729 459
광공업,1996,185,1. 시ㆍ도별 광공업 총괄,V. 광공업,전체,전남,en,5,0.8583,14 729 459,14729459,1.0,,Chollanam Province 3 113 78 859 12 819 834 2 667 76 519 14 729 459
광공업,1996,185,1. 시ㆍ도별 광공업 총괄,V. 광공업,전체,전국,ko,0,0.5462,1 827 207,1827207,0.5,,전 국 Whole Country 1 827 207 1 206 35 281 1678 943
광공업,1996,185,1. 시ㆍ도별 광공업 총괄,V. 광공업,전체,전국,ko,1,0.6776,1 206,1206,0.5,,전 국 Whole Country 1 827 207 1 206 35 281 1678 943
광공업,1996,185,1. 시ㆍ도별 광공업 총괄,V. 광공업,전체,전국,ko,2,0.7782,35 281,35281,0.5,,전 국 Whole Country 1 827 207 1 206 35 281 1678 943
광공업,1996,185,1. 시ㆍ도별 광공업 총괄,V. 광공업,전체,전국,ko,3,0.8665,1678 943,1678943,0.5,,전 국 Whole Country 1 827 207 1 206 35 281 1678 943
광공업,1996,185,1. 시ㆍ도별 광공업 총괄,V. 광공업,전체,광주,ko,0,0.3881,5,5,1.0,,광주광역ㅅ KwanguMetropoltan City 5 19 609 6 112 12 233
광공업,1996,185,1. 시ㆍ도별 광공업 총괄,V. 광공업,전체,광주,ko,1,0.5646,19 609,19609,1.0,,광주광역ㅅ KwanguMetropoltan City 5 19 609 6 112 12 233
광공업,1996,185,1. 시ㆍ도별 광공업 총괄,V. 광공업,전체,광주,ko,2,0.7084,6,6,1.0,,광주광역ㅅ KwanguMetropoltan City 5 19 609 6 112 12 233
광공업,1996,185,1. 시ㆍ도별 광공업 총괄,V. 광공업,전체,광주,ko,3,0.7967,112,112,1.0,,광주광역ㅅ KwanguMetropoltan City 5 19 609 6 112 12 233
광공업,1996,185,1. 시ㆍ도별 광공업 총괄,V. 광공업,전체,광주,ko,4,0.8849,12 233,12233,0.5,,광주광역ㅅ KwanguMetropoltan City 5 19 609 6 112 12 233
광공업,1996,185,1. 시ㆍ도별 광공업 총괄,V. 광공업,전체,전남,en,0,0.5564,139 399,139399,1.0,,Chollanam Province 139 399 170 3836 124 ¢89
광공업,1996,185,1. 시ㆍ도별 광공업 총괄,V. 광공업,전체,전남,en,1,0.6899,170,170,1.0,,Chollanam Province 139 399 170 3836 124 ¢89
광공업,1996,185,1. 시ㆍ도별 광공업 총괄,V. 광공업,전체,전남,en,2,0.7864,3836,3836,0.5,,Chollanam Province 139 399 170 3836 124 ¢89
광공업,1996,185,1. 시ㆍ도별 광공업 총괄,V. 광공업,전체,전국,ko,0,0.3552,88 864,88864,0.5,,전 국 Whole Country 88 864 2 885 349 254 398 952 91 372 2 929 898 296 166 543
광공업,1996,185,1. 시ㆍ도별 광공업 총괄,V. 광공업,전체,전국,ko,1,0.4415,2 885 349,2885349,1.0,,전 국 Whole Country 88 864 2 885 349 254 398 952 91 372 2 929 898 296 166 543
광공업,1996,185,1. 시ㆍ도별 광공업 총괄,V. 광공업,전체,전국,ko,2,0.5298,254 398 952,254398952,1.0,,전 국 Whole Country 88 864 2 885 349 254 398 952 91 372 2 929 898 296 166 543
광공업,1996,185,1. 시ㆍ도별 광공업 총괄,V. 광공업,전체,전국,ko,3,0.6713,91 372,91372,1.0,,전 국 Whole Country 88 864 2 885 349 254 398 952 91 372 2 929 898 296 166 543
광공업,1996,185,1. 시ㆍ도별 광공업 총괄,V. 광공업,전체,전국,ko,4,0.7594,2 929 898,2929898,0.5,,전 국 Whole Country 88 864 2 885 349 254 398 952 91 372 2 929 898 296 166 543
광공업,1996,185,1. 시ㆍ도별 광공업 총괄,V. 광공업,전체,전국,ko,5,0.8501,296 166 543,296166543,1.0,,전 국 Whole Country 88 864 2 885 349 254 398 952 91 372 2 929 898 296 166 543
광공업,1996,185,1. 시ㆍ도별 광공업 총괄,V. 광공업,전체,전남,en,0,0.3614,2 559,2559,1.0,,Chollanam Province 2 559 72 772 12 690 435 2497 7? 683 14 604970
광공업,1996,185,1. 시ㆍ도별 광공업 총괄,V. 광공업,전체,전남,en,1,0.4579,72 772,72772,0.3,저신뢰,Chollanam Province 2 559 72 772 12 690 435 2497 7? 683 14 604970
광공업,1996,185,1. 시ㆍ도별 광공업 총괄,V. 광공업,전체,전남,en,2,0.5379,12 690 435,12690435,1.0,,Chollanam Province 2 559 72 772 12 690 435 2497 7? 683 14 604970
광공업,1996,185,1. 시ㆍ도별 광공업 총괄,V. 광공업,전체,전남,en,3,0.6797,2497,2497,0.5,,Chollanam Province 2 559 72 772 12 690 435 2497 7? 683 14 604970
광공업,1996,185,1. 시ㆍ도별 광공업 총괄,V. 광공업,전체,전남,en,4,0.8561,14 604970,14604970,1.0,,Chollanam Province 2 559 72 772 12 690 435 2497 7? 683 14 604970
광공업,1997,199,1. 시ㆍ도별 광공업 총괄,V. 광공업,전체,전국,ko,0,0.3532,92 578,92578,1.0,,전 국 Entre nation 92 578 2 965 179 297 845 486 97 284 2 981 813 360 579 069
광공업,1997,199,1. 시ㆍ도별 광공업 총괄,V. 광공업,전체,전국,ko,1,0.4394,2 965 179,2965179,0.5,,전 국 Entre nation 92 578 2 965 179 297 845 486 97 284 2 981 813 360 579 069
광공업,1997,199,1. 시ㆍ도별 광공업 총괄,V. 광공업,전체,전국,ko,2,0.5297,297 845 486,297845486,1.0,,전 국 Entre nation 92 578 2 965 179 297 845 486 97 284 2 981 813 360 579 069
광공업,1997,199,1. 시ㆍ도별 광공업 총괄,V. 광공업,전체,전국,ko,3,0.6714,97 284,97284,0.5,,전 국 Entre nation 92 578 2 965 179 297 845 486 97 284 2 981 813 360 579 069
광공업,1997,199,1. 시ㆍ도별 광공업 총괄,V. 광공업,전체,전국,ko,4,0.7575,2 981 813,2981813,0.5,,전 국 Entre nation 92 578 2 965 179 297 845 486 97 284 2 981 813 360 579 069
광공업,1997,199,1. 시ㆍ도별 광공업 총괄,V. 광공업,전체,전국,ko,5,0.8501,360 579 069,360579069,1.0,,전 국 Entre nation 92 578 2 965 179 297 845 486 97 284 2 981 813 360 579 069
광공업,1997,199,1. 시ㆍ도별 광공업 총괄,V. 광공업,전체,광주,ko,0,0.3614,1 120,1120,0.5,,광주광역시 KwareuMerropoktan Clty 1 120 49 362 5 248849 53 068 6 386 884
광공업,1997,199,1. 시ㆍ도별 광공업 총괄,V. 광공업,전체,광주,ko,1,0.46,49 362,49362,1.0,,광주광역시 KwareuMerropoktan Clty 1 120 49 362 5 248849 53 068 6 386 884
광공업,1997,199,1. 시ㆍ도별 광공업 총괄,V. 광공업,전체,광주,ko,2,0.5462,5 248849,5248849,0.5,,광주광역시 KwareuMerropoktan Clty 1 120 49 362 5 248849 53 068 6 386 884
광공업,1997,199,1. 시ㆍ도별 광공업 총괄,V. 광공업,전체,광주,ko,3,0.7782,53 068,53068,1.0,,광주광역시 KwareuMerropoktan Clty 1 120 49 362 5 248849 53 068 6 386 884
광공업,1997,199,1. 시ㆍ도별 광공업 총괄,V. 광공업,전체,광주,ko,4,0.8665,6 386 884,6386884,0.5,,광주광역시 KwareuMerropoktan Clty 1 120 49 362 5 248849 53 068 6 386 884
광공업,1997,199,1. 시ㆍ도별 광공업 총괄,V. 광공업,전체,전남,en,0,0.3614,2 667,2667,1.0,,Chollanam Province 2 667 76 519 14 729 459 2771 79 582 17848069
광공업,1997,199,1. 시ㆍ도별 광공업 총괄,V. 광공업,전체,전남,en,1,0.46,76 519,76519,1.0,,Chollanam Province 2 667 76 519 14 729 459 2771 79 582 17848069
광공업,1997,199,1. 시ㆍ도별 광공업 총괄,V. 광공업,전체,전남,en,2,0.5379,14 729 459,14729459,1.0,,Chollanam Province 2 667 76 519 14 729 459 2771 79 582 17848069
광공업,1997,199,1. 시ㆍ도별 광공업 총괄,V. 광공업,전체,전남,en,3,0.6797,2771,2771,0.5,,Chollanam Province 2 667 76 519 14 729 459 2771 79 582 17848069
광공업,1997,199,1. 시ㆍ도별 광공업 총괄,V. 광공업,전체,전남,en,4,0.7762,79 582,79582,1.0,,Chollanam Province 2 667 76 519 14 729 459 2771 79 582 17848069
광공업,1997,199,1. 시ㆍ도별 광공업 총괄,V. 광공업,전체,전남,en,5,0.8603,17848069,17848069,1.0,,Chollanam Province 2 667 76 519 14 729 459 2771 79 582 17848069
광공업,1997,199,1. 시ㆍ도별 광공업 총괄,V. 광공업,전체,전국,ko,0,0.3614,1 306,1306,0.5,,전 국 Entire nation 1 306 35 281 1 678 943 1 082 29 928 1691 392
광공업,1997,199,1. 시ㆍ도별 광공업 총괄,V. 광공업,전체,전국,ko,1,0.462,35 281,35281,1.0,,전 국 Entire nation 1 306 35 281 1 678 943 1 082 29 928 1691 392
광공업,1997,199,1. 시ㆍ도별 광공업 총괄,V. 광공업,전체,전국,ko,2,0.5461,1 678 943,1678943,0.5,,전 국 Entire nation 1 306 35 281 1 678 943 1 082 29 928 1691 392
광공업,1997,199,1. 시ㆍ도별 광공업 총괄,V. 광공업,전체,전국,ko,3,0.6776,1 082,1082,0.5,,전 국 Entire nation 1 306 35 281 1 678 943 1 082 29 928 1691 392
광공업,1997,199,1. 시ㆍ도별 광공업 총괄,V. 광공업,전체,전국,ko,4,0.7782,29 928,29928,1.0,,전 국 Entire nation 1 306 35 281 1 678 943 1 082 29 928 1691 392
광공업,1997,199,1. 시ㆍ도별 광공업 총괄,V. 광공업,전체,전국,ko,5,0.8686,1691 392,1691392,0.5,,전 국 Entire nation 1 306 35 281 1 678 943 1 082 29 928 1691 392
광공업,1997,199,1. 시ㆍ도별 광공업 총괄,V. 광공업,전체,광주,ko,0,0.4784,112,112,0.5,,광주광역시 Kwangxi erropoitan Cty 112 12 233 145 7753
광공업,1997,199,1. 시ㆍ도별 광공업 총괄,V. 광공업,전체,광주,ko,1,0.5667,12 233,12233,0.5,,광주광역시 Kwangxi erropoitan Cty 112 12 233 145 7753
광공업,1997,199,1. 시ㆍ도별 광공업 총괄,V. 광공업,전체,광주,ko,2,0.7967,145,145,1.0,,광주광역시 Kwangxi erropoitan Cty 112 12 233 145 7753
광공업,1997,199,1. 시ㆍ도별 광공업 총괄,V. 광공업,전체,광주,ko,3,0.8912,7753,7753,0.5,,광주광역시 Kwangxi erropoitan Cty 112 12 233 145 7753
광공업,1997,199,1. 시ㆍ도별 광공업 총괄,V. 광공업,전체,전남,en,0,0.3758,170,170,1.0,,Chollanam Province 170 3 836 124 489 137 2 978 128 633
광공업,1997,199,1. 시ㆍ도별 광공업 총괄,V. 광공업,전체,전남,en,1,0.4702,3 836,3836,0.5,,Chollanam Province 170 3 836 124 489 137 2 978 128 633
광공업,1997,199,1. 시ㆍ도별 광공업 총괄,V. 광공업,전체,전남,en,2,0.5585,124 489,124489,1.0,,Chollanam Province 170 3 836 124 489 137 2 978 128 633
광공업,1997,199,1. 시ㆍ도별 광공업 총괄,V. 광공업,전체,전남,en,3,0.6899,137,137,1.0,,Chollanam Province 170 3 836 124 489 137 2 978 128 633
광공업,1997,199,1. 시ㆍ도별 광공업 총괄,V. 광공업,전체,전남,en,4,0.7864,2 978,2978,0.3,저신뢰,Chollanam Province 170 3 836 124 489 137 2 978 128 633
광공업,1997,199,1. 시ㆍ도별 광공업 총괄,V. 광공업,전체,전남,en,5,0.8789,128 633,128633,1.0,,Chollanam Province 170 3 836 124 489 137 2 978 128 633
광공업,1997,199,1. 시ㆍ도별 광공업 총괄,V. 광공업,전체,전국,ko,0,0.3552,91 372,91372,0.5,,전 국 Entire nation 91 372 2 929 898 296 166 543 * 96202 2 951 885 358 887 677
광공업,1997,199,1. 시ㆍ도별 광공업 총괄,V. 광공업,전체,전국,ko,1,0.4435,2 929 898,2929898,1.0,,전 국 Entire nation 91 372 2 929 898 296 166 543 * 96202 2 951 885 358 887 677
광공업,1997,199,1. 시ㆍ도별 광공업 총괄,V. 광공업,전체,전국,ko,2,0.5338,296 166 543,296166543,1.0,,전 국 Entire nation 91 372 2 929 898 296 166 543 * 96202 2 951 885 358 887 677
광공업,1997,199,1. 시ㆍ도별 광공업 총괄,V. 광공업,전체,전국,ko,3,0.7616,2 951 885,2951885,0.3,저신뢰,전 국 Entire nation 91 372 2 929 898 296 166 543 * 96202 2 951 885 358 887 677
광공업,1997,199,1. 시ㆍ도별 광공업 총괄,V. 광공업,전체,전국,ko,4,0.8521,358 887 677,358887677,0.5,,전 국 Entire nation 91 372 2 929 898 296 166 543 * 96202 2 951 885 358 887 677
광공업,1997,199,1. 시ㆍ도별 광공업 총괄,V. 광공업,전체,전남,en,0,0.3655,2 497,2497,0.5,,Chollanam Province 2 497 72 683 14 604 970 2 634 76 604 17 719 436
광공업,1997,199,1. 시ㆍ도별 광공업 총괄,V. 광공업,전체,전남,en,1,0.462,72 683,72683,1.0,,Chollanam Province 2 497 72 683 14 604 970 2 634 76 604 17 719 436
광공업,1997,199,1. 시ㆍ도별 광공업 총괄,V. 광공업,전체,전남,en,2,0.54,14 604 970,14604970,1.0,,Chollanam Province 2 497 72 683 14 604 970 2 634 76 604 17 719 436
광공업,1997,199,1. 시ㆍ도별 광공업 총괄,V. 광공업,전체,전남,en,3,0.6838,2 634,2634,0.5,,Chollanam Province 2 497 72 683 14 604 970 2 634 76 604 17 719 436
광공업,1997,199,1. 시ㆍ도별 광공업 총괄,V. 광공업,전체,전남,en,4,0.7803,76 604,76604,1.0,,Chollanam Province 2 497 72 683 14 604 970 2 634 76 604 17 719 436
광공업,1997,199,1. 시ㆍ도별 광공업 총괄,V. 광공업,전체,전남,en,5,0.8603,17 719 436,17719436,1.0,,Chollanam Province 2 497 72 683 14 604 970 2 634 76 604 17 719 436
광공업,1998,221,1. 시ㆍ도별 광공업 총괄,V. 광공업,전체,전국,ko,0,0.3593,97 284,97284,0.5,,전 국 Whoe Country 97 284 2 981 813 360 579 069 98 119 2 924 890 399 620 143
광공업,1998,221,1. 시ㆍ도별 광공업 총괄,V. 광공업,전체,전국,ko,1,0.4538,2 981 813,2981813,0.5,,전 국 Whoe Country 97 284 2 981 813 360 579 069 98 119 2 924 890 399 620 143
광공업,1998,221,1. 시ㆍ도별 광공업 총괄,V. 광공업,전체,전국,ko,2,0.5481,360 579 069,360579069,1.0,,전 국 Whoe Country 97 284 2 981 813 360 579 069 98 119 2 924 890 399 620 143
광공업,1998,221,1. 시ㆍ도별 광공업 총괄,V. 광공업,전체,전국,ko,3,0.6858,98 119,98119,0.5,,전 국 Whoe Country 97 284 2 981 813 360 579 069 98 119 2 924 890 399 620 143
광공업,1998,221,1. 시ㆍ도별 광공업 총괄,V. 광공업,전체,전국,ko,4,0.7762,2 924 890,2924890,0.3,저신뢰,전 국 Whoe Country 97 284 2 981 813 360 579 069 98 119 2 924 890 399 620 143
광공업,1998,221,1. 시ㆍ도별 광공업 총괄,V. 광공업,전체,전국,ko,5,0.8747,399 620 143,399620143,0.5,,전 국 Whoe Country 97 284 2 981 813 360 579 069 98 119 2 924 890 399 620 143
광공업,1998,221,1. 시ㆍ도별 광공업 총괄,V. 광공업,전체,광주,ko,0,0.4723,53 068,53068,0.5,,광주광역시 Kwangju Metropolitan City 53 068 6 386 884 1 344 53 797 7 162 804
광공업,1998,221,1. 시ㆍ도별 광공업 총괄,V. 광공업,전체,광주,ko,1,0.5606,6 386 884,6386884,0.5,,광주광역시 Kwangju Metropolitan City 53 068 6 386 884 1 344 53 797 7 162 804
광공업,1998,221,1. 시ㆍ도별 광공업 총괄,V. 광공업,전체,광주,ko,2,0.6899,1 344,1344,0.3,저신뢰,광주광역시 Kwangju Metropolitan City 53 068 6 386 884 1 344 53 797 7 162 804
광공업,1998,221,1. 시ㆍ도별 광공업 총괄,V. 광공업,전체,광주,ko,3,0.7926,53 797,53797,1.0,,광주광역시 Kwangju Metropolitan City 53 068 6 386 884 1 344 53 797 7 162 804
광공업,1998,221,1. 시ㆍ도별 광공업 총괄,V. 광공업,전체,광주,ko,4,0.8871,7 162 804,7162804,0.5,,광주광역시 Kwangju Metropolitan City 53 068 6 386 884 1 344 53 797 7 162 804
광공업,1998,221,1. 시ㆍ도별 광공업 총괄,V. 광공업,전체,전국,ko,0,0.3655,1 002,1002,0.3,저신뢰,전 국 Whole Country옓 1 002 29 928 1 691 392 975 27 318 1 772 774
광공업,1998,221,1. 시ㆍ도별 광공업 총괄,V. 광공업,전체,전국,ko,1,0.4682,29 928,29928,0.5,,전 국 Whole Country옓 1 002 29 928 1 691 392 975 27 318 1 772 774
광공업,1998,221,1. 시ㆍ도별 광공업 총괄,V. 광공업,전체,전국,ko,2,0.5585,1 691 392,1691392,1.0,,전 국 Whole Country옓 1 002 29 928 1 691 392 975 27 318 1 772 774
광공업,1998,221,1. 시ㆍ도별 광공업 총괄,V. 광공업,전체,전국,ko,3,0.7043,975,975,1.0,,전 국 Whole Country옓 1 002 29 928 1 691 392 975 27 318 1 772 774
광공업,1998,221,1. 시ㆍ도별 광공업 총괄,V. 광공업,전체,전국,ko,4,0.7947,27 318,27318,0.5,,전 국 Whole Country옓 1 002 29 928 1 691 392 975 27 318 1 772 774
광공업,1998,221,1. 시ㆍ도별 광공업 총괄,V. 광공업,전체,전국,ko,5,0.887,1 772 774,1772774,0.5,,전 국 Whole Country옓 1 002 29 928 1 691 392 975 27 318 1 772 774
광공업,1998,221,1. 시ㆍ도별 광공업 총괄,V. 광공업,전체,광주,ko,0,0.3901,6,6,1.0,,광주광역시 Kwangju Metropolitan City 6 145 } 059 81 8 219
광공업,1998,221,1. 시ㆍ도별 광공업 총괄,V. 광공업,전체,광주,ko,1,0.4887,145,145,1.0,,광주광역시 Kwangju Metropolitan City 6 145 } 059 81 8 219
광공업,1998,221,1. 시ㆍ도별 광공업 총괄,V. 광공업,전체,광주,ko,2,0.8214,81,81,1.0,,광주광역시 Kwangju Metropolitan City 6 145 } 059 81 8 219
광공업,1998,221,1. 시ㆍ도별 광공업 총괄,V. 광공업,전체,광주,ko,3,0.9117,8 219,8219,0.5,,광주광역시 Kwangju Metropolitan City 6 145 } 059 81 8 219
광공업,1998,221,1. 시ㆍ도별 광공업 총괄,V. 광공업,전체,전남,ko,0,0.3778,137,137,0.5,,전 라남 도 Cholanam Province 137 128 633 142 214
광공업,1998,221,1. 시ㆍ도별 광공업 총괄,V. 광공업,전체,전남,ko,1,0.5729,128 633,128633,1.0,,전 라남 도 Cholanam Province 137 128 633 142 214
광공업,1998,221,1. 시ㆍ도별 광공업 총괄,V. 광공업,전체,전남,ko,2,0.9014,142 214,142214,1.0,,전 라남 도 Cholanam Province 137 128 633 142 214
광공업,1998,221,1. 시ㆍ도별 광공업 총괄,V. 광공업,전체,전국,ko,0,0.3614,96 202,96202,0.5,,전 국 Whole Country 96 202 2 851 885 358 887 677 97 144 2 897 673 397 847 369
광공업,1998,221,1. 시ㆍ도별 광공업 총괄,V. 광공업,전체,전국,ko,1,0.4538,2 851 885,2851885,0.5,,전 국 Whole Country 96 202 2 851 885 358 887 677 97 144 2 897 673 397 847 369
광공업,1998,221,1. 시ㆍ도별 광공업 총괄,V. 광공업,전체,전국,ko,2,0.5503,358 887 677,358887677,1.0,,전 국 Whole Country 96 202 2 851 885 358 887 677 97 144 2 897 673 397 847 369
광공업,1998,221,1. 시ㆍ도별 광공업 총괄,V. 광공업,전체,전국,ko,3,0.6858,97 144,97144,0.5,,전 국 Whole Country 96 202 2 851 885 358 887 677 97 144 2 897 673 397 847 369
광공업,1998,221,1. 시ㆍ도별 광공업 총괄,V. 광공업,전체,전국,ko,4,0.7782,2 897 673,2897673,0.5,,전 국 Whole Country 96 202 2 851 885 358 887 677 97 144 2 897 673 397 847 369
광공업,1998,221,1. 시ㆍ도별 광공업 총괄,V. 광공업,전체,전국,ko,5,0.8747,397 847 369,397847369,1.0,,전 국 Whole Country 96 202 2 851 885 358 887 677 97 144 2 897 673 397 847 369
광공업,1998,221,1. 시ㆍ도별 광공업 총괄,V. 광공업,전체,광주,ko,0,0.3676,1 220,1220,0.3,저신뢰,광주광역시 Kwangju Metropolitan City 1 220 52 923
광공업,1998,221,1. 시ㆍ도별 광공업 총괄,V. 광공업,전체,광주,ko,1,0.4723,52 923,52923,0.5,,광주광역시 Kwangju Metropolitan City 1 220 52 923
광공업,1998,221,1. 시ㆍ도별 광공업 총괄,V. 광공업,전체,전남,ko,0,0.3696,2 634,2634,0.5,,전라남도 Cholanam Province 2 634
광공업,1999,225,1. 시ㆍ도별 광공업 총괄(1997-1998),V. 광공업,전체,전국,en,0,0.452,2 721 587,2721587,1.0,,Whole Country 2 721 587 432 791 523 80 315 2 343 722 426 801 412
광공업,1999,225,1. 시ㆍ도별 광공업 총괄(1997-1998),V. 광공업,전체,전국,en,1,0.544,432 791 523,432791523,1.0,,Whole Country 2 721 587 432 791 523 80 315 2 343 722 426 801 412
광공업,1999,225,1. 시ㆍ도별 광공업 총괄(1997-1998),V. 광공업,전체,전국,en,2,0.6798,80 315,80315,0.5,,Whole Country 2 721 587 432 791 523 80 315 2 343 722 426 801 412
광공업,1999,225,1. 시ㆍ도별 광공업 총괄(1997-1998),V. 광공업,전체,전국,en,3,0.7699,2 343 722,2343722,1.0,,Whole Country 2 721 587 432 791 523 80 315 2 343 722 426 801 412
광공업,1999,225,1. 시ㆍ도별 광공업 총괄(1997-1998),V. 광공업,전체,전국,en,4,0.8659,426 801 412,426801412,1.0,,Whole Country 2 721 587 432 791 523 80 315 2 343 722 426 801 412
광공업,1999,225,1. 시ㆍ도별 광공업 총괄(1997-1998),V. 광공업,전체,광주,en,0,0.592,019,19,1.0,,Kwangju Metropolican City 019 99 648
광공업,1999,225,1. 시ㆍ도별 광공업 총괄(1997-1998),V. 광공업,전체,광주,en,1,0.878,99 648,99648,0.3,저신뢰,Kwangju Metropolican City 019 99 648
광공업,1999,225,1. 시ㆍ도별 광공업 총괄(1997-1998),V. 광공업,전체,전국,ko,0,0.382,852,852,1.0,,"전 국 Whole Country 852 24 289 1 766 825 ⑦1 "" 1 613 151"
광공업,1999,225,1. 시ㆍ도별 광공업 총괄(1997-1998),V. 광공업,전체,전국,ko,1,0.4718,24 289,24289,0.5,,"전 국 Whole Country 852 24 289 1 766 825 ⑦1 "" 1 613 151"
광공업,1999,225,1. 시ㆍ도별 광공업 총괄(1997-1998),V. 광공업,전체,전국,ko,2,0.558,1 766 825,1766825,1.0,,"전 국 Whole Country 852 24 289 1 766 825 ⑦1 "" 1 613 151"
광공업,1999,225,1. 시ㆍ도별 광공업 총괄(1997-1998),V. 광공업,전체,전국,ko,3,0.878,1 613 151,1613151,0.5,,"전 국 Whole Country 852 24 289 1 766 825 ⑦1 "" 1 613 151"
광공업,1999,225,1. 시ㆍ도별 광공업 총괄(1997-1998),V. 광공업,전체,광주,ko,0,0.394,5,5,1.0,,광주광역시 Kwangju Metropolitan City 5 493
광공업,1999,225,1. 시ㆍ도별 광공업 총괄(1997-1998),V. 광공업,전체,광주,ko,1,0.916,493,493,1.0,,광주광역시 Kwangju Metropolitan City 5 493
광공업,1999,225,1. 시ㆍ도별 광공업 총괄(1997-1998),V. 광공업,전체,전남,en,0,0.388,99,99,1.0,,전라님도 Chollanam Province 99 133 273 I- 169 336
광공업,1999,225,1. 시ㆍ도별 광공업 총괄(1997-1998),V. 광공업,전체,전남,en,1,0.572,133 273,133273,1.0,,전라님도 Chollanam Province 99 133 273 I- 169 336
광공업,1999,225,1. 시ㆍ도별 광공업 총괄(1997-1998),V. 광공업,전체,전남,en,2,0.894,169 336,169336,1.0,,전라님도 Chollanam Province 99 133 273 I- 169 336
광공업,1999,225,1. 시ㆍ도별 광공업 총괄(1997-1998),V. 광공업,전체,전국,ko,0,0.366,92 138,92138,1.0,,전 국 Whole Country 92 138 2 697 568 431 024 698 79 544 2 323 893 425 188 261
광공업,1999,225,1. 시ㆍ도별 광공업 총괄(1997-1998),V. 광공업,전체,전국,ko,1,0.454,2 697 568,2697568,1.0,,전 국 Whole Country 92 138 2 697 568 431 024 698 79 544 2 323 893 425 188 261
광공업,1999,225,1. 시ㆍ도별 광공업 총괄(1997-1998),V. 광공업,전체,전국,ko,2,0.5499,431 024 698,431024698,0.5,,전 국 Whole Country 92 138 2 697 568 431 024 698 79 544 2 323 893 425 188 261
광공업,1999,225,1. 시ㆍ도별 광공업 총괄(1997-1998),V. 광공업,전체,전국,ko,3,0.684,79 544,79544,0.5,,전 국 Whole Country 92 138 2 697 568 431 024 698 79 544 2 323 893 425 188 261
광공업,1999,225,1. 시ㆍ도별 광공업 총괄(1997-1998),V. 광공업,전체,전국,ko,4,0.772,2 323 893,2323893,1.0,,전 국 Whole Country 92 138 2 697 568 431 024 698 79 544 2 323 893 425 188 261
광공업,1999,225,1. 시ㆍ도별 광공업 총괄(1997-1998),V. 광공업,전체,전국,ko,5,0.868,425 188 261,425188261,0.5,,전 국 Whole Country 92 138 2 697 568 431 024 698 79 544 2 323 893 425 188 261
광공업,1999,225,1. 시ㆍ도별 광공업 총괄(1997-1998),V. 광공업,전체,광주,ko,0,0.476,51 277,51277,1.0,,광주광역시 Kwargju Metopolian Ciy 51 277 6 033 587
광공업,1999,225,1. 시ㆍ도별 광공업 총괄(1997-1998),V. 광공업,전체,광주,ko,1,0.882,6 033 587,6033587,0.5,,광주광역시 Kwargju Metopolian Ciy 51 277 6 033 587
광공업,1999,225,1. 시ㆍ도별 광공업 총괄(1997-1998),V. 광공업,전체,전남,ko,0,0.372,2 540,2540,0.3,저신뢰,전 라남도 Chollanam Pravince 2 540 745 538 27
광공업,1999,225,1. 시ㆍ도별 광공업 총괄(1997-1998),V. 광공업,전체,전남,ko,1,0.572,745 538,745538,1.0,,전 라남도 Chollanam Pravince 2 540 745 538 27
광공업,1999,225,1. 시ㆍ도별 광공업 총괄(1997-1998),V. 광공업,전체,전남,ko,2,0.874,27,27,1.0,,전 라남도 Chollanam Pravince 2 540 745 538 27
광공업,2000,217,1. 시ㆍ도별 광공업 총괄(1998-1999),V. 광공업,전체,전국,ko,0,0.3607,80 315,80315,0.5,,전 국 Whole Country옓 80 315 2 343 722 426 801 412 91 889 2 527 053 479 577 899
광공업,2000,217,1. 시ㆍ도별 광공업 총괄(1998-1999),V. 광공업,전체,전국,ko,1,0.4549,2 343 722,2343722,1.0,,전 국 Whole Country옓 80 315 2 343 722 426 801 412 91 889 2 527 053 479 577 899
광공업,2000,217,1. 시ㆍ도별 광공업 총괄(1998-1999),V. 광공업,전체,전국,ko,2,0.5511,426 801 412,426801412,1.0,,전 국 Whole Country옓 80 315 2 343 722 426 801 412 91 889 2 527 053 479 577 899
광공업,2000,217,1. 시ㆍ도별 광공업 총괄(1998-1999),V. 광공업,전체,전국,ko,3,0.6885,91 889,91889,0.5,,전 국 Whole Country옓 80 315 2 343 722 426 801 412 91 889 2 527 053 479 577 899
광공업,2000,217,1. 시ㆍ도별 광공업 총괄(1998-1999),V. 광공업,전체,전국,ko,4,0.7787,2 527 053,2527053,1.0,,전 국 Whole Country옓 80 315 2 343 722 426 801 412 91 889 2 527 053 479 577 899
광공업,2000,217,1. 시ㆍ도별 광공업 총괄(1998-1999),V. 광공업,전체,전국,ko,5,0.8811,479 577 899,479577899,1.0,,전 국 Whole Country옓 80 315 2 343 722 426 801 412 91 889 2 527 053 479 577 899
광공업,2000,217,1. 시ㆍ도별 광공업 총괄(1998-1999),V. 광공업,전체,광주,ko,0,0.3648,1 88,188,0.3,저신뢰,광주광역시 Gwangju Metropohtan City 1 88 41 942 6 648 748 1 293 45 672 ? 884 178
광공업,2000,217,1. 시ㆍ도별 광공업 총괄(1998-1999),V. 광공업,전체,광주,ko,1,0.4734,41 942,41942,0.3,저신뢰,광주광역시 Gwangju Metropohtan City 1 88 41 942 6 648 748 1 293 45 672 ? 884 178
광공업,2000,217,1. 시ㆍ도별 광공업 총괄(1998-1999),V. 광공업,전체,광주,ko,2,0.5615,6 648 748,6648748,1.0,,광주광역시 Gwangju Metropohtan City 1 88 41 942 6 648 748 1 293 45 672 ? 884 178
광공업,2000,217,1. 시ㆍ도별 광공업 총괄(1998-1999),V. 광공업,전체,광주,ko,3,0.6926,1 293,1293,0.5,,광주광역시 Gwangju Metropohtan City 1 88 41 942 6 648 748 1 293 45 672 ? 884 178
광공업,2000,217,1. 시ㆍ도별 광공업 총괄(1998-1999),V. 광공업,전체,광주,ko,4,0.7992,45 672,45672,1.0,,광주광역시 Gwangju Metropohtan City 1 88 41 942 6 648 748 1 293 45 672 ? 884 178
광공업,2000,217,1. 시ㆍ도별 광공업 총괄(1998-1999),V. 광공업,전체,전남,ko,0,0.3668,2 347,2347,0.5,,전라남도 Jeollanarn Province 2 347 68 073 27 572 891 2 489 69 208 27 708 962
광공업,2000,217,1. 시ㆍ도별 광공업 총괄(1998-1999),V. 광공업,전체,전남,ko,1,0.4713,68 073,68073,0.5,,전라남도 Jeollanarn Province 2 347 68 073 27 572 891 2 489 69 208 27 708 962
광공업,2000,217,1. 시ㆍ도별 광공업 총괄(1998-1999),V. 광공업,전체,전남,ko,2,0.5574,27 572 891,27572891,1.0,,전라남도 Jeollanarn Province 2 347 68 073 27 572 891 2 489 69 208 27 708 962
광공업,2000,217,1. 시ㆍ도별 광공업 총괄(1998-1999),V. 광공업,전체,전남,ko,3,0.6947,2 489,2489,0.5,,전라남도 Jeollanarn Province 2 347 68 073 27 572 891 2 489 69 208 27 708 962
광공업,2000,217,1. 시ㆍ도별 광공업 총괄(1998-1999),V. 광공업,전체,전남,ko,4,0.8012,69 208,69208,1.0,,전라남도 Jeollanarn Province 2 347 68 073 27 572 891 2 489 69 208 27 708 962
광공업,2000,217,1. 시ㆍ도별 광공업 총괄(1998-1999),V. 광공업,전체,전남,ko,5,0.8832,27 708 962,27708962,1.0,,전라남도 Jeollanarn Province 2 347 68 073 27 572 891 2 489 69 208 27 708 962
광공업,2000,217,1. 시ㆍ도별 광공업 총괄(1998-1999),V. 광공업,전체,전국,ko,0,0.3791,70,70,0.3,저신뢰,전 국 Whole Country 70 19 820 922 733 19 327 1 590 959
광공업,2000,217,1. 시ㆍ도별 광공업 총괄(1998-1999),V. 광공업,전체,전국,ko,1,0.4733,19 820,19820,0.5,,전 국 Whole Country 70 19 820 922 733 19 327 1 590 959
광공업,2000,217,1. 시ㆍ도별 광공업 총괄(1998-1999),V. 광공업,전체,전국,ko,2,0.6004,922,922,1.0,,전 국 Whole Country 70 19 820 922 733 19 327 1 590 959
광공업,2000,217,1. 시ㆍ도별 광공업 총괄(1998-1999),V. 광공업,전체,전국,ko,3,0.709,733,733,1.0,,전 국 Whole Country 70 19 820 922 733 19 327 1 590 959
광공업,2000,217,1. 시ㆍ도별 광공업 총괄(1998-1999),V. 광공업,전체,전국,ko,4,0.7992,19 327,19327,1.0,,전 국 Whole Country 70 19 820 922 733 19 327 1 590 959
광공업,2000,217,1. 시ㆍ도별 광공업 총괄(1998-1999),V. 광공업,전체,전국,ko,5,0.8893,1 590 959,1590959,0.5,,전 국 Whole Country 70 19 820 922 733 19 327 1 590 959
광공업,2000,217,1. 시ㆍ도별 광공업 총괄(1998-1999),V. 광공업,전체,광주,ko,0,0.3934,5,5,1.0,,광주광역시 Gwangju Metropohtan City 5 45 4 493 31 2 462
광공업,2000,217,1. 시ㆍ도별 광공업 총괄(1998-1999),V. 광공업,전체,광주,ko,1,0.498,45,45,1.0,,광주광역시 Gwangju Metropohtan City 5 45 4 493 31 2 462
광공업,2000,217,1. 시ㆍ도별 광공업 총괄(1998-1999),V. 광공업,전체,광주,ko,2,0.5861,4 493,4493,1.0,,광주광역시 Gwangju Metropohtan City 5 45 4 493 31 2 462
광공업,2000,217,1. 시ㆍ도별 광공업 총괄(1998-1999),V. 광공업,전체,광주,ko,3,0.8238,31,31,1.0,,광주광역시 Gwangju Metropohtan City 5 45 4 493 31 2 462
광공업,2000,217,1. 시ㆍ도별 광공업 총괄(1998-1999),V. 광공업,전체,광주,ko,4,0.9139,2 462,2462,1.0,,광주광역시 Gwangju Metropohtan City 5 45 4 493 31 2 462
광공업,2000,217,1. 시ㆍ도별 광공업 총괄(1998-1999),V. 광공업,전체,전남,ko,0,0.3873,78,78,1.0,,전라남 도 Jealanam Provmce 78 {
광공업,2000,217,1. 시ㆍ도별 광공업 총괄(1998-1999),V. 광공업,전체,전국,ko,0,0.3627,79 545,79545,0.5,,전 국 Whole Country 79 545 2 323 902 425 189 490 2 507 726 477 986 940
광공업,2000,217,1. 시ㆍ도별 광공업 총괄(1998-1999),V. 광공업,전체,전국,ko,1,0.4549,2 323 902,2323902,1.0,,전 국 Whole Country 79 545 2 323 902 425 189 490 2 507 726 477 986 940
광공업,2000,217,1. 시ㆍ도별 광공업 총괄(1998-1999),V. 광공업,전체,전국,ko,2,0.5512,425 189 490,425189490,1.0,,전 국 Whole Country 79 545 2 323 902 425 189 490 2 507 726 477 986 940
광공업,2000,217,1. 시ㆍ도별 광공업 총괄(1998-1999),V. 광공업,전체,전국,ko,3,0.7807,2 507 726,2507726,0.5,,전 국 Whole Country 79 545 2 323 902 425 189 490 2 507 726 477 986 940
광공업,2000,217,1. 시ㆍ도별 광공업 총괄(1998-1999),V. 광공업,전체,전국,ko,4,0.8791,477 986 940,477986940,1.0,,전 국 Whole Country 79 545 2 323 902 425 189 490 2 507 726 477 986 940
광공업,2000,217,1. 시ㆍ도별 광공업 총괄(1998-1999),V. 광공업,전체,광주,ko,0,0.3689,1 141,1141,0.3,저신뢰,광주광역시 Gwangju Metopoktan City 1 141 41 897
광공업,2000,217,1. 시ㆍ도별 광공업 총괄(1998-1999),V. 광공업,전체,광주,ko,1,0.4734,41 897,41897,0.5,,광주광역시 Gwangju Metopoktan City 1 141 41 897
광공업,2000,217,1. 시ㆍ도별 광공업 총괄(1998-1999),V. 광공업,전체,전남,ko,0,0.3689,2 269,2269,0.5,,전 라남도 Jeollanam Pravince 2 269 영용=g
광공업,2001,223,1. 시ㆍ도별 광공업 총괄(1999-2000),V. 광공업,전체,전국,ko,0,0.4679,19 327,19327,0.5,,전 국 Whole Country 19 327 1 590 959 6?4 18 053 1 696 520
광공업,2001,223,1. 시ㆍ도별 광공업 총괄(1999-2000),V. 광공업,전체,전국,ko,1,0.5582,1 590 959,1590959,0.5,,전 국 Whole Country 19 327 1 590 959 6?4 18 053 1 696 520
광공업,2001,223,1. 시ㆍ도별 광공업 총괄(1999-2000),V. 광공업,전체,전국,ko,2,0.7892,18 053,18053,1.0,,전 국 Whole Country 19 327 1 590 959 6?4 18 053 1 696 520
광공업,2001,223,1. 시ㆍ도별 광공업 총괄(1999-2000),V. 광공업,전체,전국,ko,3,0.8815,1 696 520,1696520,0.5,,전 국 Whole Country 19 327 1 590 959 6?4 18 053 1 696 520
광공업,2001,223,1. 시ㆍ도별 광공업 총괄(1999-2000),V. 광공업,전체,전남,ko,0,0.3855,86,86,1.0,,전 라남 도 Jeollanam Province 86
광공업,2001,223,1. 시ㆍ도별 광공업 총괄(1999-2000),V. 광공업,전체,전국,ko,0,0.3655,81 156,81156,0.5,,전 국 Whole County 81 156 2 507 726 477 986 940 98 110 2 652 590 559 408 098
광공업,2001,223,1. 시ㆍ도별 광공업 총괄(1999-2000),V. 광공업,전체,전국,ko,1,0.4518,2 507 726,2507726,1.0,,전 국 Whole County 81 156 2 507 726 477 986 940 98 110 2 652 590 559 408 098
광공업,2001,223,1. 시ㆍ도별 광공업 총괄(1999-2000),V. 광공업,전체,전국,ko,2,0.5502,477 986 940,477986940,1.0,,전 국 Whole County 81 156 2 507 726 477 986 940 98 110 2 652 590 559 408 098
광공업,2001,223,1. 시ㆍ도별 광공업 총괄(1999-2000),V. 광공업,전체,전국,ko,3,0.6867,98 110,98110,0.3,저신뢰,전 국 Whole County 81 156 2 507 726 477 986 940 98 110 2 652 590 559 408 098
광공업,2001,223,1. 시ㆍ도별 광공업 총괄(1999-2000),V. 광공업,전체,전국,ko,4,0.7749,2 652 590,2652590,0.5,,전 국 Whole County 81 156 2 507 726 477 986 940 98 110 2 652 590 559 408 098
광공업,2001,223,1. 시ㆍ도별 광공업 총괄(1999-2000),V. 광공업,전체,전국,ko,5,0.8714,559 408 098,559408098,1.0,,전 국 Whole County 81 156 2 507 726 477 986 940 98 110 2 652 590 559 408 098
광공업,2001,223,1. 시ㆍ도별 광공업 총괄(1999-2000),V. 광공업,전체,전남,ko,0,0.3715,2 403,2403,0.3,저신뢰,전 라 남 도 Jeollanam Province 2 403
광공업,2002,207,1. 시·도별 광업 및 제조업 총괄(2000~2001),V. 광업 및 제조업,전체,전국,ko,0,0.3627,98 784,98784,0.5,,전 국 Whole Country 98 784 2 670 643 561 104 618 106 550 2 665 603 585 046 488
광공업,2002,207,1. 시·도별 광업 및 제조업 총괄(2000~2001),V. 광업 및 제조업,전체,전국,ko,1,0.4529,2 670 643,2670643,1.0,,전 국 Whole Country 98 784 2 670 643 561 104 618 106 550 2 665 603 585 046 488
광공업,2002,207,1. 시·도별 광업 및 제조업 총괄(2000~2001),V. 광업 및 제조업,전체,전국,ko,2,0.5471,561 104 618,561104618,1.0,,전 국 Whole Country 98 784 2 670 643 561 104 618 106 550 2 665 603 585 046 488
광공업,2002,207,1. 시·도별 광업 및 제조업 총괄(2000~2001),V. 광업 및 제조업,전체,전국,ko,3,0.6762,106 550,106550,0.5,,전 국 Whole Country 98 784 2 670 643 561 104 618 106 550 2 665 603 585 046 488
광공업,2002,207,1. 시·도별 광업 및 제조업 총괄(2000~2001),V. 광업 및 제조업,전체,전국,ko,4,0.7704,2 665 603,2665603,1.0,,전 국 Whole Country 98 784 2 670 643 561 104 618 106 550 2 665 603 585 046 488
광공업,2002,207,1. 시·도별 광업 및 제조업 총괄(2000~2001),V. 광업 및 제조업,전체,전국,ko,5,0.8668,585 046 488,585046488,1.0,,전 국 Whole Country 98 784 2 670 643 561 104 618 106 550 2 665 603 585 046 488
광공업,2002,207,1. 시·도별 광업 및 제조업 총괄(2000~2001),V. 광업 및 제조업,전체,광주,ko,0,0.373,1 461,1461,0.3,저신뢰,광주광역시 Gwangju Metropolitan City 1 461 47 589 8 971 135 1 623 49 563 10 32 621
광공업,2002,207,1. 시·도별 광업 및 제조업 총괄(2000~2001),V. 광업 및 제조업,전체,광주,ko,1,0.4734,47 589,47589,1.0,,광주광역시 Gwangju Metropolitan City 1 461 47 589 8 971 135 1 623 49 563 10 32 621
광공업,2002,207,1. 시·도별 광업 및 제조업 총괄(2000~2001),V. 광업 및 제조업,전체,광주,ko,2,0.5574,8 971 135,8971135,1.0,,광주광역시 Gwangju Metropolitan City 1 461 47 589 8 971 135 1 623 49 563 10 32 621
광공업,2002,207,1. 시·도별 광업 및 제조업 총괄(2000~2001),V. 광업 및 제조업,전체,광주,ko,3,0.6865,1 623,1623,0.5,,광주광역시 Gwangju Metropolitan City 1 461 47 589 8 971 135 1 623 49 563 10 32 621
광공업,2002,207,1. 시·도별 광업 및 제조업 총괄(2000~2001),V. 광업 및 제조업,전체,광주,ko,4,0.7889,49 563,49563,0.5,,광주광역시 Gwangju Metropolitan City 1 461 47 589 8 971 135 1 623 49 563 10 32 621
광공업,2002,207,1. 시·도별 광업 및 제조업 총괄(2000~2001),V. 광업 및 제조업,전체,광주,ko,5,0.875,10 32 621,1032621,1.0,,광주광역시 Gwangju Metropolitan City 1 461 47 589 8 971 135 1 623 49 563 10 32 621
광공업,2002,207,1. 시·도별 광업 및 제조업 총괄(2000~2001),V. 광업 및 제조업,전체,전남,en,0,0.373,2 452,2452,0.5,,전 라님도 Jeollanam Province 2 452 68 510 33 957 436 2619 73 331 35 305 399
광공업,2002,207,1. 시·도별 광업 및 제조업 총괄(2000~2001),V. 광업 및 제조업,전체,전남,en,1,0.4734,68 510,68510,1.0,,전 라님도 Jeollanam Province 2 452 68 510 33 957 436 2619 73 331 35 305 399
광공업,2002,207,1. 시·도별 광업 및 제조업 총괄(2000~2001),V. 광업 및 제조업,전체,전남,en,2,0.5533,33 957 436,33957436,0.5,,전 라님도 Jeollanam Province 2 452 68 510 33 957 436 2619 73 331 35 305 399
광공업,2002,207,1. 시·도별 광업 및 제조업 총괄(2000~2001),V. 광업 및 제조업,전체,전남,en,3,0.6906,2619,2619,0.5,,전 라님도 Jeollanam Province 2 452 68 510 33 957 436 2619 73 331 35 305 399
광공업,2002,207,1. 시·도별 광업 및 제조업 총괄(2000~2001),V. 광업 및 제조업,전체,전남,en,4,0.791,73 331,73331,0.5,,전 라님도 Jeollanam Province 2 452 68 510 33 957 436 2619 73 331 35 305 399
광공업,2002,207,1. 시·도별 광업 및 제조업 총괄(2000~2001),V. 광업 및 제조업,전체,전남,en,5,0.873,35 305 399,35305399,1.0,,전 라님도 Jeollanam Province 2 452 68 510 33 957 436 2619 73 331 35 305 399
광공업,2002,207,1. 시·도별 광업 및 제조업 총괄(2000~2001),V. 광업 및 제조업,전체,전국,ko,0,0.3811,674,674,1.0,,전 국 Whole Country 674 1 696 520 17 608 1 828 683
광공업,2002,207,1. 시·도별 광업 및 제조업 총괄(2000~2001),V. 광업 및 제조업,전체,전국,ko,1,0.5553,1 696 520,1696520,1.0,,전 국 Whole Country 674 1 696 520 17 608 1 828 683
광공업,2002,207,1. 시·도별 광업 및 제조업 총괄(2000~2001),V. 광업 및 제조업,전체,전국,ko,2,0.7889,17 608,17608,0.5,,전 국 Whole Country 674 1 696 520 17 608 1 828 683
광공업,2002,207,1. 시·도별 광업 및 제조업 총괄(2000~2001),V. 광업 및 제조업,전체,전국,ko,3,0.877,1 828 683,1828683,1.0,,전 국 Whole Country 674 1 696 520 17 608 1 828 683
광공업,2002,207,1. 시·도별 광업 및 제조업 총괄(2000~2001),V. 광업 및 제조업,전체,광주,ko,0,0.8135,47,47,1.0,,광주광역시 Gwamgju Metropolitan City 47 8 153
광공업,2002,207,1. 시·도별 광업 및 제조업 총괄(2000~2001),V. 광업 및 제조업,전체,광주,ko,1,0.8996,8 153,8153,0.3,저신뢰,광주광역시 Gwamgju Metropolitan City 47 8 153
광공업,2002,207,1. 시·도별 광업 및 제조업 총괄(2000~2001),V. 광업 및 제조업,전체,전남,en,0,0.5697,139 106,139106,0.5,,라 남 도 Jeollanam Province 139 106 1 686 155 627
광공업,2002,207,1. 시·도별 광업 및 제조업 총괄(2000~2001),V. 광업 및 제조업,전체,전남,en,1,0.7951,1 686,1686,0.5,,라 남 도 Jeollanam Province 139 106 1 686 155 627
광공업,2002,207,1. 시·도별 광업 및 제조업 총괄(2000~2001),V. 광업 및 제조업,전체,전남,en,2,0.8893,155 627,155627,1.0,,라 남 도 Jeollanam Province 139 106 1 686 155 627
광공업,2002,207,1. 시·도별 광업 및 제조업 총괄(2000~2001),V. 광업 및 제조업,전체,전국,ko,0,0.3667,98 110,98110,0.3,저신뢰,전 국 Whole Country 98 110 2 652 590 559 408 098 105 873 2 647 995 583 217 805
광공업,2002,207,1. 시·도별 광업 및 제조업 총괄(2000~2001),V. 광업 및 제조업,전체,전국,ko,1,0.4549,2 652 590,2652590,0.5,,전 국 Whole Country 98 110 2 652 590 559 408 098 105 873 2 647 995 583 217 805
광공업,2002,207,1. 시·도별 광업 및 제조업 총괄(2000~2001),V. 광업 및 제조업,전체,전국,ko,2,0.5512,559 408 098,559408098,0.5,,전 국 Whole Country 98 110 2 652 590 559 408 098 105 873 2 647 995 583 217 805
광공업,2002,207,1. 시·도별 광업 및 제조업 총괄(2000~2001),V. 광업 및 제조업,전체,전국,ko,3,0.6803,105 873,105873,0.5,,전 국 Whole Country 98 110 2 652 590 559 408 098 105 873 2 647 995 583 217 805
광공업,2002,207,1. 시·도별 광업 및 제조업 총괄(2000~2001),V. 광업 및 제조업,전체,전국,ko,4,0.7724,2 647 995,2647995,1.0,,전 국 Whole Country 98 110 2 652 590 559 408 098 105 873 2 647 995 583 217 805
광공업,2002,207,1. 시·도별 광업 및 제조업 총괄(2000~2001),V. 광업 및 제조업,전체,전국,ko,5,0.8688,583 217 805,583217805,1.0,,전 국 Whole Country 98 110 2 652 590 559 408 098 105 873 2 647 995 583 217 805
광공업,2002,207,1. 시·도별 광업 및 제조업 총괄(2000~2001),V. 광업 및 제조업,전체,광주,ko,0,0.373,1 459,1459,0.5,,광주광역시 Gwangju Metropolitan City 1 459 47 569 8 969 583 1 620 49 516 10 320 468
광공업,2002,207,1. 시·도별 광업 및 제조업 총괄(2000~2001),V. 광업 및 제조업,전체,광주,ko,1,0.4734,47 569,47569,1.0,,광주광역시 Gwangju Metropolitan City 1 459 47 569 8 969 583 1 620 49 516 10 320 468
광공업,2002,207,1. 시·도별 광업 및 제조업 총괄(2000~2001),V. 광업 및 제조업,전체,광주,ko,2,0.5594,8 969 583,8969583,1.0,,광주광역시 Gwangju Metropolitan City 1 459 47 569 8 969 583 1 620 49 516 10 320 468
광공업,2002,207,1. 시·도별 광업 및 제조업 총괄(2000~2001),V. 광업 및 제조업,전체,광주,ko,3,0.6905,1 620,1620,0.5,,광주광역시 Gwangju Metropolitan City 1 459 47 569 8 969 583 1 620 49 516 10 320 468
광공업,2002,207,1. 시·도별 광업 및 제조업 총괄(2000~2001),V. 광업 및 제조업,전체,광주,ko,4,0.791,49 516,49516,0.5,,광주광역시 Gwangju Metropolitan City 1 459 47 569 8 969 583 1 620 49 516 10 320 468
광공업,2002,207,1. 시·도별 광업 및 제조업 총괄(2000~2001),V. 광업 및 제조업,전체,광주,ko,5,0.875,10 320 468,10320468,1.0,,광주광역시 Gwangju Metropolitan City 1 459 47 569 8 969 583 1 620 49 516 10 320 468
광공업,2002,207,1. 시·도별 광업 및 제조업 총괄(2000~2001),V. 광업 및 제조업,전체,전남,ko,0,0.373,2 381,2381,0.5,,전 라 남 도 Jeollanarn Province 2 381 66 748 33 818 330 2 547 71 645 35 149 772
광공업,2002,207,1. 시·도별 광업 및 제조업 총괄(2000~2001),V. 광업 및 제조업,전체,전남,ko,1,0.4734,66 748,66748,0.5,,전 라 남 도 Jeollanarn Province 2 381 66 748 33 818 330 2 547 71 645 35 149 772
광공업,2002,207,1. 시·도별 광업 및 제조업 총괄(2000~2001),V. 광업 및 제조업,전체,전남,ko,2,0.5574,33 818 330,33818330,1.0,,전 라 남 도 Jeollanarn Province 2 381 66 748 33 818 330 2 547 71 645 35 149 772
광공업,2002,207,1. 시·도별 광업 및 제조업 총괄(2000~2001),V. 광업 및 제조업,전체,전남,ko,3,0.6885,2 547,2547,0.5,,전 라 남 도 Jeollanarn Province 2 381 66 748 33 818 330 2 547 71 645 35 149 772
광공업,2002,207,1. 시·도별 광업 및 제조업 총괄(2000~2001),V. 광업 및 제조업,전체,전남,ko,4,0.7889,71 645,71645,0.3,저신뢰,전 라 남 도 Jeollanarn Province 2 381 66 748 33 818 330 2 547 71 645 35 149 772
광공업,2002,207,1. 시·도별 광업 및 제조업 총괄(2000~2001),V. 광업 및 제조업,전체,전남,ko,5,0.873,35 149 772,35149772,1.0,,전 라 남 도 Jeollanarn Province 2 381 66 748 33 818 330 2 547 71 645 35 149 772
광공업,2003,243,1. 시ㆍ도별 광업 및 제조업 총괄,V. 광업 및 제조업,전체,전국,ko,0,0.3646,106 550,106550,1.0,,전 국 Whole Country얧 106 550 3 665 603 585 046 488 111 025 2 712 310 633 304 082
광공업,2003,243,1. 시ㆍ도별 광업 및 제조업 총괄,V. 광업 및 제조업,전체,전국,ko,1,0.452,3 665 603,3665603,1.0,,전 국 Whole Country얧 106 550 3 665 603 585 046 488 111 025 2 712 310 633 304 082
광공업,2003,243,1. 시ㆍ도별 광업 및 제조업 총괄,V. 광업 및 제조업,전체,전국,ko,2,0.5499,585 046 488,585046488,0.5,,전 국 Whole Country얧 106 550 3 665 603 585 046 488 111 025 2 712 310 633 304 082
광공업,2003,243,1. 시ㆍ도별 광업 및 제조업 총괄,V. 광업 및 제조업,전체,전국,ko,3,0.6762,111 025,111025,1.0,,전 국 Whole Country얧 106 550 3 665 603 585 046 488 111 025 2 712 310 633 304 082
광공업,2003,243,1. 시ㆍ도별 광업 및 제조업 총괄,V. 광업 및 제조업,전체,전국,ko,4,0.7677,2 712 310,2712310,0.5,,전 국 Whole Country얧 106 550 3 665 603 585 046 488 111 025 2 712 310 633 304 082
광공업,2003,243,1. 시ㆍ도별 광업 및 제조업 총괄,V. 광업 및 제조업,전체,전국,ko,5,0.8635,633 304 082,633304082,1.0,,전 국 Whole Country얧 106 550 3 665 603 585 046 488 111 025 2 712 310 633 304 082
광공업,2003,243,1. 시ㆍ도별 광업 및 제조업 총괄,V. 광업 및 제조업,전체,광주,ko,0,0.3768,1 623,1623,0.5,,광주광역시 Gwangju Metropolitan City 1 623 49 563 10 328 621 10 873 719
광공업,2003,243,1. 시ㆍ도별 광업 및 제조업 총괄,V. 광업 및 제조업,전체,광주,ko,1,0.4745,49 563,49563,0.5,,광주광역시 Gwangju Metropolitan City 1 623 49 563 10 328 621 10 873 719
광공업,2003,243,1. 시ㆍ도별 광업 및 제조업 총괄,V. 광업 및 제조업,전체,광주,ko,2,0.558,10 328 621,10328621,1.0,,광주광역시 Gwangju Metropolitan City 1 623 49 563 10 328 621 10 873 719
광공업,2003,243,1. 시ㆍ도별 광업 및 제조업 총괄,V. 광업 및 제조업,전체,광주,ko,3,0.8717,10 873 719,10873719,0.5,,광주광역시 Gwangju Metropolitan City 1 623 49 563 10 328 621 10 873 719
광공업,2003,243,1. 시ㆍ도별 광업 및 제조업 총괄,V. 광업 및 제조업,전체,전남,ko,0,0.3748,2 619,2619,1.0,,전 라 남 도 Jeollanam Province 2 619 73 33 35 305 399 71 739 36 412 521
광공업,2003,243,1. 시ㆍ도별 광업 및 제조업 총괄,V. 광업 및 제조업,전체,전남,ko,1,0.4766,73 33,7333,0.5,,전 라 남 도 Jeollanam Province 2 619 73 33 35 305 399 71 739 36 412 521
광공업,2003,243,1. 시ㆍ도별 광업 및 제조업 총괄,V. 광업 및 제조업,전체,전남,ko,2,0.554,35 305 399,35305399,1.0,,전 라 남 도 Jeollanam Province 2 619 73 33 35 305 399 71 739 36 412 521
광공업,2003,243,1. 시ㆍ도별 광업 및 제조업 총괄,V. 광업 및 제조업,전체,전남,ko,3,0.7841,71 739,71739,0.3,저신뢰,전 라 남 도 Jeollanam Province 2 619 73 33 35 305 399 71 739 36 412 521
광공업,2003,243,1. 시ㆍ도별 광업 및 제조업 총괄,V. 광업 및 제조업,전체,전남,ko,4,0.8656,36 412 521,36412521,0.5,,전 라 남 도 Jeollanam Province 2 619 73 33 35 305 399 71 739 36 412 521
광공업,2003,243,1. 시ㆍ도별 광업 및 제조업 총괄,V. 광업 및 제조업,전체,전국,ko,0,0.387,677,677,0.3,저신뢰,전 국 Whole Country 677 1 828 683 669 16 399 1 966 158
광공업,2003,243,1. 시ㆍ도별 광업 및 제조업 총괄,V. 광업 및 제조업,전체,전국,ko,1,0.56,1 828 683,1828683,1.0,,전 국 Whole Country 677 1 828 683 669 16 399 1 966 158
광공업,2003,243,1. 시ㆍ도별 광업 및 제조업 총괄,V. 광업 및 제조업,전체,전국,ko,2,0.7006,669,669,1.0,,전 국 Whole Country 677 1 828 683 669 16 399 1 966 158
광공업,2003,243,1. 시ㆍ도별 광업 및 제조업 총괄,V. 광업 및 제조업,전체,전국,ko,3,0.7862,16 399,16399,1.0,,전 국 Whole Country 677 1 828 683 669 16 399 1 966 158
광공업,2003,243,1. 시ㆍ도별 광업 및 제조업 총괄,V. 광업 및 제조업,전체,전국,ko,4,0.8717,1 966 158,1966158,1.0,,전 국 Whole Country 677 1 828 683 669 16 399 1 966 158
광공업,2003,243,1. 시ㆍ도별 광업 및 제조업 총괄,V. 광업 및 제조업,전체,광주,ko,0,0.8065,51,51,1.0,,광주광역시 Gwangju Metropolitan City 51
광공업,2003,243,1. 시ㆍ도별 광업 및 제조업 총괄,V. 광업 및 제조업,전체,전남,ko,0,0.3951,72,72,1.0,,전 라 남 도 Jeoilanam Province 72 139 146 650
광공업,2003,243,1. 시ㆍ도별 광업 및 제조업 총괄,V. 광업 및 제조업,전체,전남,ko,1,0.7902,139,139,0.3,저신뢰,전 라 남 도 Jeoilanam Province 72 139 146 650
광공업,2003,243,1. 시ㆍ도별 광업 및 제조업 총괄,V. 광업 및 제조업,전체,전남,ko,2,0.8839,146 650,146650,0.5,,전 라 남 도 Jeoilanam Province 72 139 146 650
광공업,2003,243,1. 시ㆍ도별 광업 및 제조업 총괄,V. 광업 및 제조업,전체,전국,ko,0,0.3645,105 873,105873,1.0,,전 국 Whole Country 105 873 2 647 995 583 217 805 110 356 2 695 911 631 337 924
광공업,2003,243,1. 시ㆍ도별 광업 및 제조업 총괄,V. 광업 및 제조업,전체,전국,ko,1,0.4521,2 647 995,2647995,0.5,,전 국 Whole Country 105 873 2 647 995 583 217 805 110 356 2 695 911 631 337 924
광공업,2003,243,1. 시ㆍ도별 광업 및 제조업 총괄,V. 광업 및 제조업,전체,전국,ko,2,0.5499,583 217 805,583217805,1.0,,전 국 Whole Country 105 873 2 647 995 583 217 805 110 356 2 695 911 631 337 924
광공업,2003,243,1. 시ㆍ도별 광업 및 제조업 총괄,V. 광업 및 제조업,전체,전국,ko,3,0.6762,110 356,110356,0.5,,전 국 Whole Country 105 873 2 647 995 583 217 805 110 356 2 695 911 631 337 924
광공업,2003,243,1. 시ㆍ도별 광업 및 제조업 총괄,V. 광업 및 제조업,전체,전국,ko,4,0.7678,2 695 911,2695911,0.5,,전 국 Whole Country 105 873 2 647 995 583 217 805 110 356 2 695 911 631 337 924
광공업,2003,243,1. 시ㆍ도별 광업 및 제조업 총괄,V. 광업 및 제조업,전체,전국,ko,5,0.8595,631 337 924,631337924,1.0,,전 국 Whole Country 105 873 2 647 995 583 217 805 110 356 2 695 911 631 337 924
광공업,2003,243,1. 시ㆍ도별 광업 및 제조업 총괄,V. 광업 및 제조업,전체,광주,ko,0,0.4745,49 516,49516,1.0,,광주광역시 Gw angju Metropolitan City 49 516 10 320 468 51 004
광공업,2003,243,1. 시ㆍ도별 광업 및 제조업 총괄,V. 광업 및 제조업,전체,광주,ko,1,0.558,10 320 468,10320468,1.0,,광주광역시 Gw angju Metropolitan City 49 516 10 320 468 51 004
광공업,2003,243,1. 시ㆍ도별 광업 및 제조업 총괄,V. 광업 및 제조업,전체,광주,ko,2,0.7841,51 004,51004,0.3,저신뢰,광주광역시 Gw angju Metropolitan City 49 516 10 320 468 51 004
광공업,2003,243,1. 시ㆍ도별 광업 및 제조업 총괄,V. 광업 및 제조업,전체,전남,ko,0,0.3768,2 547,2547,0.5,,전라남도 Jeollanam Province 2 547
광공업,2004,313,1. 시·도별 광업 및 제조업 총괄,Ⅴ. 광업 및 제조업,전체,전국,ko,0,0.3593,111 025,111025,1.0,,전 국 Whole Countty 111 025 113 297 2 752 175 674 737 555
광공업,2004,313,1. 시·도별 광업 및 제조업 총괄,Ⅴ. 광업 및 제조업,전체,전국,ko,1,0.6735,113 297,113297,1.0,,전 국 Whole Countty 111 025 113 297 2 752 175 674 737 555
광공업,2004,313,1. 시·도별 광업 및 제조업 총괄,Ⅴ. 광업 및 제조업,전체,전국,ko,2,0.7659,2 752 175,2752175,1.0,,전 국 Whole Countty 111 025 113 297 2 752 175 674 737 555
광공업,2004,313,1. 시·도별 광업 및 제조업 총괄,Ⅴ. 광업 및 제조업,전체,전국,ko,3,0.8604,674 737 555,674737555,1.0,,전 국 Whole Countty 111 025 113 297 2 752 175 674 737 555
광공업,2004,313,1. 시·도별 광업 및 제조업 총괄,Ⅴ. 광업 및 제조업,전체,광주,ko,0,0.3717,1 823,1823,1.0,,광주광역시 Gwangju 1 823 202
광공업,2004,313,1. 시·도별 광업 및 제조업 총괄,Ⅴ. 광업 및 제조업,전체,광주,ko,1,0.9035,202,202,1.0,,광주광역시 Gwangju 1 823 202
광공업,2004,313,1. 시·도별 광업 및 제조업 총괄,Ⅴ. 광업 및 제조업,전체,전남,ko,0,0.3717,2 693,2693,0.5,,전 라남 도 Jeollanam-do 2 693
광공업,2004,313,1. 시·도별 광업 및 제조업 총괄,Ⅴ. 광업 및 제조업,전체,전국,ko,0,0.3819,669,669,1.0,,전 국 Whole Country 669 16 682 2 146 519
광공업,2004,313,1. 시·도별 광업 및 제조업 총괄,Ⅴ. 광업 및 제조업,전체,전국,ko,1,0.7803,16 682,16682,0.5,,전 국 Whole Country 669 16 682 2 146 519
광공업,2004,313,1. 시·도별 광업 및 제조업 총괄,Ⅴ. 광업 및 제조업,전체,전국,ko,2,0.8685,2 146 519,2146519,0.5,,전 국 Whole Country 669 16 682 2 146 519
광공업,2004,313,1. 시·도별 광업 및 제조업 총괄,Ⅴ. 광업 및 제조업,전체,전남,ko,0,0.386,76,76,1.0,,전 라 남 도 Jeollanam-do 76
광공업,2004,313,1. 시·도별 광업 및 제조업 총괄,Ⅴ. 광업 및 제조업,전체,전국,en,0,0.3592,110 356,110356,1.0,,국 Whole Country 110 356 2 695 911 631 337 924 112 662 2 735 493 672 591 036
광공업,2004,313,1. 시·도별 광업 및 제조업 총괄,Ⅴ. 광업 및 제조업,전체,전국,en,1,0.4517,2 695 911,2695911,0.5,,국 Whole Country 110 356 2 695 911 631 337 924 112 662 2 735 493 672 591 036
광공업,2004,313,1. 시·도별 광업 및 제조업 총괄,Ⅴ. 광업 및 제조업,전체,전국,en,2,0.5442,631 337 924,631337924,0.5,,국 Whole Country 110 356 2 695 911 631 337 924 112 662 2 735 493 672 591 036
광공업,2004,313,1. 시·도별 광업 및 제조업 총괄,Ⅴ. 광업 및 제조업,전체,전국,en,3,0.6714,112 662,112662,1.0,,국 Whole Country 110 356 2 695 911 631 337 924 112 662 2 735 493 672 591 036
광공업,2004,313,1. 시·도별 광업 및 제조업 총괄,Ⅴ. 광업 및 제조업,전체,전국,en,4,0.7659,2 735 493,2735493,1.0,,국 Whole Country 110 356 2 695 911 631 337 924 112 662 2 735 493 672 591 036
광공업,2004,313,1. 시·도별 광업 및 제조업 총괄,Ⅴ. 광업 및 제조업,전체,전국,en,5,0.8582,672 591 036,672591036,0.5,,국 Whole Country 110 356 2 695 911 631 337 924 112 662 2 735 493 672 591 036
광공업,2004,313,1. 시·도별 광업 및 제조업 총괄,Ⅴ. 광업 및 제조업,전체,광주,ko,0,0.3717,1 818,1818,0.5,,광주광역시 Giwangju 1 818 51 004 10 865 582 1 892 51 417 10 437 262
광공업,2004,313,1. 시·도별 광업 및 제조업 총괄,Ⅴ. 광업 및 제조업,전체,광주,ko,1,0.4702,51 004,51004,0.5,,광주광역시 Giwangju 1 818 51 004 10 865 582 1 892 51 417 10 437 262
광공업,2004,313,1. 시·도별 광업 및 제조업 총괄,Ⅴ. 광업 및 제조업,전체,광주,ko,2,0.5524,10 865 582,10865582,1.0,,광주광역시 Giwangju 1 818 51 004 10 865 582 1 892 51 417 10 437 262
광공업,2004,313,1. 시·도별 광업 및 제조업 총괄,Ⅴ. 광업 및 제조업,전체,광주,ko,3,0.6858,1 892,1892,0.5,,광주광역시 Giwangju 1 818 51 004 10 865 582 1 892 51 417 10 437 262
광공업,2004,313,1. 시·도별 광업 및 제조업 총괄,Ⅴ. 광업 및 제조업,전체,광주,ko,4,0.7844,51 417,51417,1.0,,광주광역시 Giwangju 1 818 51 004 10 865 582 1 892 51 417 10 437 262
광공업,2004,313,1. 시·도별 광업 및 제조업 총괄,Ⅴ. 광업 및 제조업,전체,광주,ko,5,0.8645,10 437 262,10437262,1.0,,광주광역시 Giwangju 1 818 51 004 10 865 582 1 892 51 417 10 437 262
광공업,2004,313,1. 시·도별 광업 및 제조업 총괄,Ⅴ. 광업 및 제조업,전체,전남,ko,0,0.3696,2 617,2617,1.0,,전 라 남 도 Jeollanam-do 2 617 70 154 2 513 66 821 41 144 674
광공업,2004,313,1. 시·도별 광업 및 제조업 총괄,Ⅴ. 광업 및 제조업,전체,전남,ko,1,0.4682,70 154,70154,0.5,,전 라 남 도 Jeollanam-do 2 617 70 154 2 513 66 821 41 144 674
광공업,2004,313,1. 시·도별 광업 및 제조업 총괄,Ⅴ. 광업 및 제조업,전체,전남,ko,2,0.6838,2 513,2513,0.3,저신뢰,전 라 남 도 Jeollanam-do 2 617 70 154 2 513 66 821 41 144 674
광공업,2004,313,1. 시·도별 광업 및 제조업 총괄,Ⅴ. 광업 및 제조업,전체,전남,ko,3,0.7823,66 821,66821,1.0,,전 라 남 도 Jeollanam-do 2 617 70 154 2 513 66 821 41 144 674
광공업,2004,313,1. 시·도별 광업 및 제조업 총괄,Ⅴ. 광업 및 제조업,전체,전남,ko,4,0.8643,41 144 674,41144674,1.0,,전 라 남 도 Jeollanam-do 2 617 70 154 2 513 66 821 41 144 674
광공업,2005,323,1. 시·도별 광업 및 제조업 총괄,Ⅴ. 광업 및 제조업,전체,전국,ko,0,0.3593,113 297,113297,1.0,,전 국 Whole Country 113 297 2 752 175 674 737 555 113 920 2 814 598 790 881 553
광공업,2005,323,1. 시·도별 광업 및 제조업 총괄,Ⅴ. 광업 및 제조업,전체,전국,ko,1,0.4517,2 752 175,2752175,1.0,,전 국 Whole Country 113 297 2 752 175 674 737 555 113 920 2 814 598 790 881 553
광공업,2005,323,1. 시·도별 광업 및 제조업 총괄,Ⅴ. 광업 및 제조업,전체,전국,ko,2,0.5462,674 737 555,674737555,1.0,,전 국 Whole Country 113 297 2 752 175 674 737 555 113 920 2 814 598 790 881 553
광공업,2005,323,1. 시·도별 광업 및 제조업 총괄,Ⅴ. 광업 및 제조업,전체,전국,ko,3,0.6715,113 920,113920,1.0,,전 국 Whole Country 113 297 2 752 175 674 737 555 113 920 2 814 598 790 881 553
광공업,2005,323,1. 시·도별 광업 및 제조업 총괄,Ⅴ. 광업 및 제조업,전체,전국,ko,4,0.7659,2 814 598,2814598,1.0,,전 국 Whole Country 113 297 2 752 175 674 737 555 113 920 2 814 598 790 881 553
광공업,2005,323,1. 시·도별 광업 및 제조업 총괄,Ⅴ. 광업 및 제조업,전체,전국,ko,5,0.8604,790 881 553,790881553,1.0,,전 국 Whole Country 113 297 2 752 175 674 737 555 113 920 2 814 598 790 881 553
광공업,2005,323,1. 시·도별 광업 및 제조업 총괄,Ⅴ. 광업 및 제조업,전체,광주,ko,0,0.3717,1 894,1894,0.5,,광주광역시 Gwangju 1 894 51 449 13 046 072
광공업,2005,323,1. 시·도별 광업 및 제조업 총괄,Ⅴ. 광업 및 제조업,전체,광주,ko,1,0.4702,51 449,51449,1.0,,광주광역시 Gwangju 1 894 51 449 13 046 072
광공업,2005,323,1. 시·도별 광업 및 제조업 총괄,Ⅴ. 광업 및 제조업,전체,광주,ko,2,0.8665,13 046 072,13046072,1.0,,광주광역시 Gwangju 1 894 51 449 13 046 072
광공업,2005,323,1. 시·도별 광업 및 제조업 총괄,Ⅴ. 광업 및 제조업,전체,전남,ko,0,0.3717,2 584,2584,0.5,,전 라 남 도 Jeollanam-do 2 584 68 250 293 888 2 616 52 058 118
광공업,2005,323,1. 시·도별 광업 및 제조업 총괄,Ⅴ. 광업 및 제조업,전체,전남,ko,1,0.4682,68 250,68250,0.5,,전 라 남 도 Jeollanam-do 2 584 68 250 293 888 2 616 52 058 118
광공업,2005,323,1. 시·도별 광업 및 제조업 총괄,Ⅴ. 광업 및 제조업,전체,전남,ko,2,0.5667,293 888,293888,1.0,,전 라 남 도 Jeollanam-do 2 584 68 250 293 888 2 616 52 058 118
광공업,2005,323,1. 시·도별 광업 및 제조업 총괄,Ⅴ. 광업 및 제조업,전체,전남,ko,3,0.6858,2 616,2616,1.0,,전 라 남 도 Jeollanam-do 2 584 68 250 293 888 2 616 52 058 118
광공업,2005,323,1. 시·도별 광업 및 제조업 총괄,Ⅴ. 광업 및 제조업,전체,전남,ko,4,0.8665,52 058 118,52058118,1.0,,전 라 남 도 Jeollanam-do 2 584 68 250 293 888 2 616 52 058 118
광공업,2005,323,1. 시·도별 광업 및 제조업 총괄,Ⅴ. 광업 및 제조업,전체,전국,ko,0,0.3819,635,635,1.0,,전 국 Whole Country 635 16 682 2 146 519 610 16 406 2 248 156
광공업,2005,323,1. 시·도별 광업 및 제조업 총괄,Ⅴ. 광업 및 제조업,전체,전국,ko,1,0.4682,16 682,16682,1.0,,전 국 Whole Country 635 16 682 2 146 519 610 16 406 2 248 156
광공업,2005,323,1. 시·도별 광업 및 제조업 총괄,Ⅴ. 광업 및 제조업,전체,전국,ko,2,0.5544,2 146 519,2146519,1.0,,전 국 Whole Country 635 16 682 2 146 519 610 16 406 2 248 156
광공업,2005,323,1. 시·도별 광업 및 제조업 총괄,Ⅴ. 광업 및 제조업,전체,전국,ko,3,0.694,610,610,1.0,,전 국 Whole Country 635 16 682 2 146 519 610 16 406 2 248 156
광공업,2005,323,1. 시·도별 광업 및 제조업 총괄,Ⅴ. 광업 및 제조업,전체,전국,ko,4,0.7803,16 406,16406,0.5,,전 국 Whole Country 635 16 682 2 146 519 610 16 406 2 248 156
광공업,2005,323,1. 시·도별 광업 및 제조업 총괄,Ⅴ. 광업 및 제조업,전체,전국,ko,5,0.8683,2 248 156,2248156,0.5,,전 국 Whole Country 635 16 682 2 146 519 610 16 406 2 248 156
광공업,2005,323,1. 시·도별 광업 및 제조업 총괄,Ⅴ. 광업 및 제조업,전체,전남,ko,0,0.4764,1 429,1429,0.5,,전 라 남도 Jeollanam-do 거 1 429 149 214 1 350 155 415
광공업,2005,323,1. 시·도별 광업 및 제조업 총괄,Ⅴ. 광업 및 제조업,전체,전남,ko,1,0.5667,149 214,149214,0.5,,전 라 남도 Jeollanam-do 거 1 429 149 214 1 350 155 415
광공업,2005,323,1. 시·도별 광업 및 제조업 총괄,Ⅴ. 광업 및 제조업,전체,전남,ko,2,0.7885,1 350,1350,1.0,,전 라 남도 Jeollanam-do 거 1 429 149 214 1 350 155 415
광공업,2005,323,1. 시·도별 광업 및 제조업 총괄,Ⅴ. 광업 및 제조업,전체,전남,ko,3,0.8809,155 415,155415,1.0,,전 라 남도 Jeollanam-do 거 1 429 149 214 1 350 155 415
광공업,2005,323,1. 시·도별 광업 및 제조업 총괄,Ⅴ. 광업 및 제조업,전체,전국,ko,0,0.3592,112 662,112662,1.0,,전 국 Whole Country 112 662 2 735 493 672 591 036 113 310 2 798 192 788 633 397
광공업,2005,323,1. 시·도별 광업 및 제조업 총괄,Ⅴ. 광업 및 제조업,전체,전국,ko,1,0.4517,2 735 493,2735493,1.0,,전 국 Whole Country 112 662 2 735 493 672 591 036 113 310 2 798 192 788 633 397
광공업,2005,323,1. 시·도별 광업 및 제조업 총괄,Ⅴ. 광업 및 제조업,전체,전국,ko,2,0.5442,672 591 036,672591036,1.0,,전 국 Whole Country 112 662 2 735 493 672 591 036 113 310 2 798 192 788 633 397
광공업,2005,323,1. 시·도별 광업 및 제조업 총괄,Ⅴ. 광업 및 제조업,전체,전국,ko,3,0.6715,113 310,113310,1.0,,전 국 Whole Country 112 662 2 735 493 672 591 036 113 310 2 798 192 788 633 397
광공업,2005,323,1. 시·도별 광업 및 제조업 총괄,Ⅴ. 광업 및 제조업,전체,전국,ko,4,0.7638,2 798 192,2798192,0.5,,전 국 Whole Country 112 662 2 735 493 672 591 036 113 310 2 798 192 788 633 397
광공업,2005,323,1. 시·도별 광업 및 제조업 총괄,Ⅴ. 광업 및 제조업,전체,전국,ko,5,0.8583,788 633 397,788633397,1.0,,전 국 Whole Country 112 662 2 735 493 672 591 036 113 310 2 798 192 788 633 397
광공업,2005,323,1. 시·도별 광업 및 제조업 총괄,Ⅴ. 광업 및 제조업,전체,광주,ko,0,0.3717,1 892,1892,0.3,저신뢰,광주광역시 Giwangju 1 892 51 417 10 437 262 58 514 13 043 334
광공업,2005,323,1. 시·도별 광업 및 제조업 총괄,Ⅴ. 광업 및 제조업,전체,광주,ko,1,0.4702,51 417,51417,0.5,,광주광역시 Giwangju 1 892 51 417 10 437 262 58 514 13 043 334
광공업,2005,323,1. 시·도별 광업 및 제조업 총괄,Ⅴ. 광업 및 제조업,전체,광주,ko,2,0.5544,10 437 262,10437262,1.0,,광주광역시 Giwangju 1 892 51 417 10 437 262 58 514 13 043 334
광공업,2005,323,1. 시·도별 광업 및 제조업 총괄,Ⅴ. 광업 및 제조업,전체,광주,ko,3,0.7823,58 514,58514,0.5,,광주광역시 Giwangju 1 892 51 417 10 437 262 58 514 13 043 334
광공업,2005,323,1. 시·도별 광업 및 제조업 총괄,Ⅴ. 광업 및 제조업,전체,광주,ko,4,0.8645,13 043 334,13043334,1.0,,광주광역시 Giwangju 1 892 51 417 10 437 262 58 514 13 043 334
광공업,2005,323,1. 시·도별 광업 및 제조업 총괄,Ⅴ. 광업 및 제조업,전체,전남,ko,0,0.3717,2 513,2513,1.0,,전 라 남 도 Jeollanam-do 2 513 66 821 2 549 68 629
광공업,2005,323,1. 시·도별 광업 및 제조업 총괄,Ⅴ. 광업 및 제조업,전체,전남,ko,1,0.4682,66 821,66821,1.0,,전 라 남 도 Jeollanam-do 2 513 66 821 2 549 68 629
광공업,2005,323,1. 시·도별 광업 및 제조업 총괄,Ⅴ. 광업 및 제조업,전체,전남,ko,2,0.6838,2 549,2549,0.5,,전 라 남 도 Jeollanam-do 2 513 66 821 2 549 68 629
광공업,2005,323,1. 시·도별 광업 및 제조업 총괄,Ⅴ. 광업 및 제조업,전체,전남,ko,3,0.7823,68 629,68629,1.0,,전 라 남 도 Jeollanam-do 2 513 66 821 2 549 68 629
광공업,2006,319,1. 시 도별 광업 및 제조업 총괄,V. 광업 및 제조업,전체,전국,ko,0,0.3675,113 920,113920,1.0,,전 국 Whole Country 113 920 2 814 598 790 881 553 117 818 2 881 003 850 919 445
광공업,2006,319,1. 시 도별 광업 및 제조업 총괄,V. 광업 및 제조업,전체,전국,ko,1,0.4558,2 814 598,2814598,1.0,,전 국 Whole Country 113 920 2 814 598 790 881 553 117 818 2 881 003 850 919 445
광공업,2006,319,1. 시 도별 광업 및 제조업 총괄,V. 광업 및 제조업,전체,전국,ko,2,0.5483,790 881 553,790881553,0.5,,전 국 Whole Country 113 920 2 814 598 790 881 553 117 818 2 881 003 850 919 445
광공업,2006,319,1. 시 도별 광업 및 제조업 총괄,V. 광업 및 제조업,전체,전국,ko,3,0.6735,117 818,117818,1.0,,전 국 Whole Country 113 920 2 814 598 790 881 553 117 818 2 881 003 850 919 445
광공업,2006,319,1. 시 도별 광업 및 제조업 총괄,V. 광업 및 제조업,전체,전국,ko,4,0.7639,2 881 003,2881003,1.0,,전 국 Whole Country 113 920 2 814 598 790 881 553 117 818 2 881 003 850 919 445
광공업,2006,319,1. 시 도별 광업 및 제조업 총괄,V. 광업 및 제조업,전체,전국,ko,5,0.8542,850 919 445,850919445,0.5,,전 국 Whole Country 113 920 2 814 598 790 881 553 117 818 2 881 003 850 919 445
광공업,2006,319,1. 시 도별 광업 및 제조업 총괄,V. 광업 및 제조업,전체,광주,ko,0,0.3778,2 075,2075,0.5,,광주광역시 Gwangju 2 075 58 540 13 046 072 2 104 60 803 16 884 923
광공업,2006,319,1. 시 도별 광업 및 제조업 총괄,V. 광업 및 제조업,전체,광주,ko,1,0.4764,58 540,58540,1.0,,광주광역시 Gwangju 2 075 58 540 13 046 072 2 104 60 803 16 884 923
광공업,2006,319,1. 시 도별 광업 및 제조업 총괄,V. 광업 및 제조업,전체,광주,ko,2,0.5565,13 046 072,13046072,1.0,,광주광역시 Gwangju 2 075 58 540 13 046 072 2 104 60 803 16 884 923
광공업,2006,319,1. 시 도별 광업 및 제조업 총괄,V. 광업 및 제조업,전체,광주,ko,3,0.6858,2 104,2104,0.5,,광주광역시 Gwangju 2 075 58 540 13 046 072 2 104 60 803 16 884 923
광공업,2006,319,1. 시 도별 광업 및 제조업 총괄,V. 광업 및 제조업,전체,광주,ko,4,0.7844,60 803,60803,1.0,,광주광역시 Gwangju 2 075 58 540 13 046 072 2 104 60 803 16 884 923
광공업,2006,319,1. 시 도별 광업 및 제조업 총괄,V. 광업 및 제조업,전체,광주,ko,5,0.8624,16 884 923,16884923,1.0,,광주광역시 Gwangju 2 075 58 540 13 046 072 2 104 60 803 16 884 923
광공업,2006,319,1. 시 도별 광업 및 제조업 총괄,V. 광업 및 제조업,전체,전남,ko,0,0.3778,2 616,2616,0.3,저신뢰,전 라 남 도 Jeollanam-do 2 616 69 979 52 058 118 2 641 71 476 58 968 115
광공업,2006,319,1. 시 도별 광업 및 제조업 총괄,V. 광업 및 제조업,전체,전남,ko,1,0.4784,69 979,69979,1.0,,전 라 남 도 Jeollanam-do 2 616 69 979 52 058 118 2 641 71 476 58 968 115
광공업,2006,319,1. 시 도별 광업 및 제조업 총괄,V. 광업 및 제조업,전체,전남,ko,2,0.5565,52 058 118,52058118,0.5,,전 라 남 도 Jeollanam-do 2 616 69 979 52 058 118 2 641 71 476 58 968 115
광공업,2006,319,1. 시 도별 광업 및 제조업 총괄,V. 광업 및 제조업,전체,전남,ko,3,0.6879,2 641,2641,0.3,저신뢰,전 라 남 도 Jeollanam-do 2 616 69 979 52 058 118 2 641 71 476 58 968 115
광공업,2006,319,1. 시 도별 광업 및 제조업 총괄,V. 광업 및 제조업,전체,전남,ko,4,0.7823,71 476,71476,1.0,,전 라 남 도 Jeollanam-do 2 616 69 979 52 058 118 2 641 71 476 58 968 115
광공업,2006,319,1. 시 도별 광업 및 제조업 총괄,V. 광업 및 제조업,전체,전남,ko,5,0.8624,58 968 115,58968115,1.0,,전 라 남 도 Jeollanam-do 2 616 69 979 52 058 118 2 641 71 476 58 968 115
광공업,2006,319,1. 시 도별 광업 및 제조업 총괄,V. 광업 및 제조업,전체,전국,ko,0,0.3901,610,610,1.0,,전 국 Whole Country 610 16 406 613 15 454 2 435 388
광공업,2006,319,1. 시 도별 광업 및 제조업 총괄,V. 광업 및 제조업,전체,전국,ko,1,0.4784,16 406,16406,1.0,,전 국 Whole Country 610 16 406 613 15 454 2 435 388
광공업,2006,319,1. 시 도별 광업 및 제조업 총괄,V. 광업 및 제조업,전체,전국,ko,2,0.6961,613,613,1.0,,전 국 Whole Country 610 16 406 613 15 454 2 435 388
광공업,2006,319,1. 시 도별 광업 및 제조업 총괄,V. 광업 및 제조업,전체,전국,ko,3,0.7823,15 454,15454,1.0,,전 국 Whole Country 610 16 406 613 15 454 2 435 388
광공업,2006,319,1. 시 도별 광업 및 제조업 총괄,V. 광업 및 제조업,전체,전국,ko,4,0.8686,2 435 388,2435388,0.5,,전 국 Whole Country 610 16 406 613 15 454 2 435 388
광공업,2006,319,1. 시 도별 광업 및 제조업 총괄,V. 광업 및 제조업,전체,전남,ko,0,0.3984,67,67,1.0,,전 라남도 Jeollanam-do 67 350 158 556
광공업,2006,319,1. 시 도별 광업 및 제조업 총괄,V. 광업 및 제조업,전체,전남,ko,1,0.4928,350,350,1.0,,전 라남도 Jeollanam-do 67 350 158 556
광공업,2006,319,1. 시 도별 광업 및 제조업 총괄,V. 광업 및 제조업,전체,전남,ko,2,0.8809,158 556,158556,1.0,,전 라남도 Jeollanam-do 67 350 158 556
광공업,2006,319,1. 시 도별 광업 및 제조업 총괄,V. 광업 및 제조업,전체,전국,ko,0,0.3674,113 310,113310,1.0,,전 국 Whole Countty 113 310 2 798 192
광공업,2006,319,1. 시 도별 광업 및 제조업 총괄,V. 광업 및 제조업,전체,전국,ko,1,0.4558,2 798 192,2798192,0.5,,전 국 Whole Countty 113 310 2 798 192
광공업,2006,319,1. 시 도별 광업 및 제조업 총괄,V. 광업 및 제조업,전체,광주,ko,0,0.3778,2 073,2073,0.3,저신뢰,광주광역시 Gwangju 2 073
광공업,2006,319,1. 시 도별 광업 및 제조업 총괄,V. 광업 및 제조업,전체,전남,ko,0,0.3778,2 549,2549,0.5,,전 라 남 도 Jeollanam-do 2 549
광공업,2007,331,1. 시 도별 광업 및 제조업 총괄,Ⅴ. 광 업 및 제 조 업,전체,전국,ko,0,0.3593,117 818,117818,1.0,,전 국 Whole Country 117 818 119 798 2 925 955 911 525 158
광공업,2007,331,1. 시 도별 광업 및 제조업 총괄,Ⅴ. 광 업 및 제 조 업,전체,전국,ko,1,0.6735,119 798,119798,1.0,,전 국 Whole Country 117 818 119 798 2 925 955 911 525 158
광공업,2007,331,1. 시 도별 광업 및 제조업 총괄,Ⅴ. 광 업 및 제 조 업,전체,전국,ko,2,0.7639,2 925 955,2925955,0.5,,전 국 Whole Country 117 818 119 798 2 925 955 911 525 158
광공업,2007,331,1. 시 도별 광업 및 제조업 총괄,Ⅴ. 광 업 및 제 조 업,전체,전국,ko,3,0.8563,911 525 158,911525158,1.0,,전 국 Whole Country 117 818 119 798 2 925 955 911 525 158
광공업,2007,331,1. 시 도별 광업 및 제조업 총괄,Ⅴ. 광 업 및 제 조 업,전체,광주,ko,0,0.3696,2 104,2104,0.5,,광주광역시 Gwangju 2 104
광공업,2007,331,1. 시 도별 광업 및 제조업 총괄,Ⅴ. 광 업 및 제 조 업,전체,전남,ko,0,0.3696,2 641,2641,1.0,,전 라 남 도 Jeollanam-do 2 641 816
광공업,2007,331,1. 시 도별 광업 및 제조업 총괄,Ⅴ. 광 업 및 제 조 업,전체,전남,ko,1,0.8809,816,816,1.0,,전 라 남 도 Jeollanam-do 2 641 816
광공업,2007,331,1. 시 도별 광업 및 제조업 총괄,Ⅴ. 광 업 및 제 조 업,전체,전국,ko,0,0.3819,613,613,1.0,,전 국 Whole County 613 617 15 020 2 458 629
광공업,2007,331,1. 시 도별 광업 및 제조업 총괄,Ⅴ. 광 업 및 제 조 업,전체,전국,ko,1,0.694,617,617,1.0,,전 국 Whole County 613 617 15 020 2 458 629
광공업,2007,331,1. 시 도별 광업 및 제조업 총괄,Ⅴ. 광 업 및 제 조 업,전체,전국,ko,2,0.7803,15 020,15020,0.5,,전 국 Whole County 613 617 15 020 2 458 629
광공업,2007,331,1. 시 도별 광업 및 제조업 총괄,Ⅴ. 광 업 및 제 조 업,전체,전국,ko,3,0.8665,2 458 629,2458629,1.0,,전 국 Whole County 613 617 15 020 2 458 629
광공업,2007,331,1. 시 도별 광업 및 제조업 총괄,Ⅴ. 광 업 및 제 조 업,전체,광주,ko,0,0.3942,1,1,1.0,,광주광역시 Giwangju 1
광공업,2007,331,1. 시 도별 광업 및 제조업 총괄,Ⅴ. 광 업 및 제 조 업,전체,전남,ko,0,0.386,65,65,1.0,,전 라 남 도 Jeollanam-do 65
광공업,2007,331,1. 시 도별 광업 및 제조업 총괄,Ⅴ. 광 업 및 제 조 업,전체,전국,en,0,0.3593,117 205,117205,1.0,,국 Whole Country 117 205 2 865 549 848 484 057 119 181 909 066 529
광공업,2007,331,1. 시 도별 광업 및 제조업 총괄,Ⅴ. 광 업 및 제 조 업,전체,전국,en,1,0.4517,2 865 549,2865549,1.0,,국 Whole Country 117 205 2 865 549 848 484 057 119 181 909 066 529
광공업,2007,331,1. 시 도별 광업 및 제조업 총괄,Ⅴ. 광 업 및 제 조 업,전체,전국,en,2,0.544,848 484 057,848484057,0.5,,국 Whole Country 117 205 2 865 549 848 484 057 119 181 909 066 529
광공업,2007,331,1. 시 도별 광업 및 제조업 총괄,Ⅴ. 광 업 및 제 조 업,전체,전국,en,3,0.6715,119 181,119181,1.0,,국 Whole Country 117 205 2 865 549 848 484 057 119 181 909 066 529
광공업,2007,331,1. 시 도별 광업 및 제조업 총괄,Ⅴ. 광 업 및 제 조 업,전체,전국,en,4,0.8582,909 066 529,909066529,1.0,,국 Whole Country 117 205 2 865 549 848 484 057 119 181 909 066 529
광공업,2007,331,1. 시 도별 광업 및 제조업 총괄,Ⅴ. 광 업 및 제 조 업,전체,광주,ko,0,0.3717,2 103,2103,0.5,,광주광역시 Gwangju 2 103 18 156 437
광공업,2007,331,1. 시 도별 광업 및 제조업 총괄,Ⅴ. 광 업 및 제 조 업,전체,광주,ko,1,0.8665,18 156 437,18156437,1.0,,광주광역시 Gwangju 2 103 18 156 437
광공업,2007,331,1. 시 도별 광업 및 제조업 총괄,Ⅴ. 광 업 및 제 조 업,전체,전남,ko,0,0.3717,2 576,2576,1.0,,전 라 남 도 Jeollanam-do 2 576
광공업,2008,333,1. 시ㆍ도별 광업 및 제조업 총괄,Ⅴ. 광 업 및 제 조 업,전체,전국,ko,0,0.4682,62 160,62160,0.5,,전 국 Whole Country 62 160 2 520 845 946 807 929
광공업,2008,333,1. 시ㆍ도별 광업 및 제조업 총괄,Ⅴ. 광 업 및 제 조 업,전체,전국,ko,1,0.6548,2 520 845,2520845,0.5,,전 국 Whole Country 62 160 2 520 845 946 807 929
광공업,2008,333,1. 시ㆍ도별 광업 및 제조업 총괄,Ⅴ. 광 업 및 제 조 업,전체,전국,ko,2,0.8522,946 807 929,946807929,0.5,,전 국 Whole Country 62 160 2 520 845 946 807 929
광공업,2008,333,1. 시ㆍ도별 광업 및 제조업 총괄,Ⅴ. 광 업 및 제 조 업,전체,광주,ko,0,0.4723,1 028,1028,1.0,,광주광역시 Gwangju 1 028 55 118 18 655 391
광공업,2008,333,1. 시ㆍ도별 광업 및 제조업 총괄,Ⅴ. 광 업 및 제 조 업,전체,광주,ko,1,0.6756,55 118,55118,1.0,,광주광역시 Gwangju 1 028 55 118 18 655 391
광공업,2008,333,1. 시ㆍ도별 광업 및 제조업 총괄,Ⅴ. 광 업 및 제 조 업,전체,광주,ko,2,0.8583,18 655 391,18655391,1.0,,광주광역시 Gwangju 1 028 55 118 18 655 391
광공업,2008,333,1. 시ㆍ도별 광업 및 제조업 총괄,Ⅴ. 광 업 및 제 조 업,전체,전남,ko,0,0.4723,1 310,1310,0.5,,전 라 남 도 Jeollanam-do 1 310 66 533 68 967 892
광공업,2008,333,1. 시ㆍ도별 광업 및 제조업 총괄,Ⅴ. 광 업 및 제 조 업,전체,전남,ko,1,0.6735,66 533,66533,0.5,,전 라 남 도 Jeollanam-do 1 310 66 533 68 967 892
광공업,2008,333,1. 시ㆍ도별 광업 및 제조업 총괄,Ⅴ. 광 업 및 제 조 업,전체,전남,ko,2,0.8583,68 967 892,68967892,1.0,,전 라 남 도 Jeollanam-do 1 310 66 533 68 967 892
광공업,2008,333,1. 시ㆍ도별 광업 및 제조업 총괄,Ⅴ. 광 업 및 제 조 업,전체,전국,ko,0,0.4846,375,375,1.0,,전 국 Whole Country 375 13 247 2 095 259
광공업,2008,333,1. 시ㆍ도별 광업 및 제조업 총괄,Ⅴ. 광 업 및 제 조 업,전체,전국,ko,1,0.6735,13 247,13247,1.0,,전 국 Whole Country 375 13 247 2 095 259
광공업,2008,333,1. 시ㆍ도별 광업 및 제조업 총괄,Ⅴ. 광 업 및 제 조 업,전체,전국,ko,2,0.8623,2 095 259,2095259,1.0,,전 국 Whole Country 375 13 247 2 095 259
광공업,2008,333,1. 시ㆍ도별 광업 및 제조업 총괄,Ⅴ. 광 업 및 제 조 업,전체,전남,ko,0,0.4928,34,34,1.0,,전 라 남 도 Jeollanam-do 34 1 137 137 929
광공업,2008,333,1. 시ㆍ도별 광업 및 제조업 총괄,Ⅴ. 광 업 및 제 조 업,전체,전남,ko,1,0.6797,1 137,1137,0.5,,전 라 남 도 Jeollanam-do 34 1 137 137 929
광공업,2008,333,1. 시ㆍ도별 광업 및 제조업 총괄,Ⅴ. 광 업 및 제 조 업,전체,전남,ko,2,0.8768,137 929,137929,1.0,,전 라 남 도 Jeollanam-do 34 1 137 137 929
광공업,2008,333,1. 시ㆍ도별 광업 및 제조업 총괄,Ⅴ. 광 업 및 제 조 업,전체,전국,ko,0,0.4661,61 785,61785,0.5,,전국 Whole Country 61 785 2 507 598 944 712 670
광공업,2008,333,1. 시ㆍ도별 광업 및 제조업 총괄,Ⅴ. 광 업 및 제 조 업,전체,전국,ko,1,0.655,2 507 598,2507598,1.0,,전국 Whole Country 61 785 2 507 598 944 712 670
광공업,2008,333,1. 시ㆍ도별 광업 및 제조업 총괄,Ⅴ. 광 업 및 제 조 업,전체,전국,ko,2,0.852,944 712 670,944712670,0.5,,전국 Whole Country 61 785 2 507 598 944 712 670
광공업,2008,333,1. 시ㆍ도별 광업 및 제조업 총괄,Ⅴ. 광 업 및 제 조 업,전체,광주,ko,0,0.4723,1 027,1027,0.5,,광주광역시 Gwangju 1 027 55 107 18 653 401
광공업,2008,333,1. 시ㆍ도별 광업 및 제조업 총괄,Ⅴ. 광 업 및 제 조 업,전체,광주,ko,1,0.6756,55 107,55107,0.5,,광주광역시 Gwangju 1 027 55 107 18 653 401
광공업,2008,333,1. 시ㆍ도별 광업 및 제조업 총괄,Ⅴ. 광 업 및 제 조 업,전체,광주,ko,2,0.8604,18 653 401,18653401,1.0,,광주광역시 Gwangju 1 027 55 107 18 653 401
광공업,2008,333,1. 시ㆍ도별 광업 및 제조업 총괄,Ⅴ. 광 업 및 제 조 업,전체,전남,ko,0,0.4723,1 276,1276,1.0,,전 라 남 도 Jeollanam-do 1 276 65 396 68 829 963
광공업,2008,333,1. 시ㆍ도별 광업 및 제조업 총괄,Ⅴ. 광 업 및 제 조 업,전체,전남,ko,1,0.6735,65 396,65396,0.3,저신뢰,전 라 남 도 Jeollanam-do 1 276 65 396 68 829 963
광공업,2008,333,1. 시ㆍ도별 광업 및 제조업 총괄,Ⅴ. 광 업 및 제 조 업,전체,전남,ko,2,0.8583,68 829 963,68829963,0.5,,전 라 남 도 Jeollanam-do 1 276 65 396 68 829 963
광공업,2009,347,1. 시ㆍ도별 광업 및 제조업 총괄,Ⅴ. 광 업 및 제 조 업,전체,전국,ko,0,0.3634,62 160,62160,0.3,저신뢰,전 국 Whole Country 62 160 2 520 845 946 807 929 58 823 2 466 716 1 115 797 550
광공업,2009,347,1. 시ㆍ도별 광업 및 제조업 총괄,Ⅴ. 광 업 및 제 조 업,전체,전국,ko,1,0.4517,2 520 845,2520845,0.5,,전 국 Whole Country 62 160 2 520 845 946 807 929 58 823 2 466 716 1 115 797 550
광공업,2009,347,1. 시ㆍ도별 광업 및 제조업 총괄,Ⅴ. 광 업 및 제 조 업,전체,전국,ko,2,0.5442,946 807 929,946807929,1.0,,전 국 Whole Country 62 160 2 520 845 946 807 929 58 823 2 466 716 1 115 797 550
광공업,2009,347,1. 시ㆍ도별 광업 및 제조업 총괄,Ⅴ. 광 업 및 제 조 업,전체,전국,ko,3,0.6756,58 823,58823,1.0,,전 국 Whole Country 62 160 2 520 845 946 807 929 58 823 2 466 716 1 115 797 550
광공업,2009,347,1. 시ㆍ도별 광업 및 제조업 총괄,Ⅴ. 광 업 및 제 조 업,전체,전국,ko,4,0.7597,2 466 716,2466716,1.0,,전 국 Whole Country 62 160 2 520 845 946 807 929 58 823 2 466 716 1 115 797 550
광공업,2009,347,1. 시ㆍ도별 광업 및 제조업 총괄,Ⅴ. 광 업 및 제 조 업,전체,전국,ko,5,0.8419,1 115 797 550,1115797550,1.0,과병합의심,전 국 Whole Country 62 160 2 520 845 946 807 929 58 823 2 466 716 1 115 797 550
광공업,2009,347,1. 시ㆍ도별 광업 및 제조업 총괄,Ⅴ. 광 업 및 제 조 업,전체,광주,ko,0,0.3696,1 028,1028,0.3,저신뢰,광주광역시 Gwangju 1 028 55 118 18 655 391 1 018 56 066 20 078 819
광공업,2009,347,1. 시ㆍ도별 광업 및 제조업 총괄,Ⅴ. 광 업 및 제 조 업,전체,광주,ko,1,0.4702,55 118,55118,1.0,,광주광역시 Gwangju 1 028 55 118 18 655 391 1 018 56 066 20 078 819
광공업,2009,347,1. 시ㆍ도별 광업 및 제조업 총괄,Ⅴ. 광 업 및 제 조 업,전체,광주,ko,2,0.5483,18 655 391,18655391,1.0,,광주광역시 Gwangju 1 028 55 118 18 655 391 1 018 56 066 20 078 819
광공업,2009,347,1. 시ㆍ도별 광업 및 제조업 총괄,Ⅴ. 광 업 및 제 조 업,전체,광주,ko,3,0.6797,1 018,1018,1.0,,광주광역시 Gwangju 1 028 55 118 18 655 391 1 018 56 066 20 078 819
광공업,2009,347,1. 시ㆍ도별 광업 및 제조업 총괄,Ⅴ. 광 업 및 제 조 업,전체,광주,ko,4,0.7803,56 066,56066,1.0,,광주광역시 Gwangju 1 028 55 118 18 655 391 1 018 56 066 20 078 819
광공업,2009,347,1. 시ㆍ도별 광업 및 제조업 총괄,Ⅴ. 광 업 및 제 조 업,전체,광주,ko,5,0.8604,20 078 819,20078819,1.0,,광주광역시 Gwangju 1 028 55 118 18 655 391 1 018 56 066 20 078 819
광공업,2009,347,1. 시ㆍ도별 광업 및 제조업 총괄,Ⅴ. 광 업 및 제 조 업,전체,전남,ko,0,0.3696,1 310,1310,1.0,,전 라 남 도 Jeollanam-do 1 310 66 53: 1 291 68 .95
광공업,2009,347,1. 시ㆍ도별 광업 및 제조업 총괄,Ⅴ. 광 업 및 제 조 업,전체,전남,ko,1,0.6817,1 291,1291,1.0,,전 라 남 도 Jeollanam-do 1 310 66 53: 1 291 68 .95
광공업,2009,347,1. 시ㆍ도별 광업 및 제조업 총괄,Ⅴ. 광 업 및 제 조 업,전체,전남,ko,2,0.7782,68,68,1.0,,전 라 남 도 Jeollanam-do 1 310 66 53: 1 291 68 .95
광공업,2009,347,1. 시ㆍ도별 광업 및 제조업 총괄,Ⅴ. 광 업 및 제 조 업,전체,전국,ko,0,0.3799,375,375,1.0,,전 국 Whole Country 375 13 247 2 095 259 364 12 453 2 488 567
광공업,2009,347,1. 시ㆍ도별 광업 및 제조업 총괄,Ⅴ. 광 업 및 제 조 업,전체,전국,ko,1,0.4661,13 247,13247,1.0,,전 국 Whole Country 375 13 247 2 095 259 364 12 453 2 488 567
광공업,2009,347,1. 시ㆍ도별 광업 및 제조업 총괄,Ⅴ. 광 업 및 제 조 업,전체,전국,ko,2,0.5503,2 095 259,2095259,1.0,,전 국 Whole Country 375 13 247 2 095 259 364 12 453 2 488 567
광공업,2009,347,1. 시ㆍ도별 광업 및 제조업 총괄,Ⅴ. 광 업 및 제 조 업,전체,전국,ko,3,0.692,364,364,1.0,,전 국 Whole Country 375 13 247 2 095 259 364 12 453 2 488 567
광공업,2009,347,1. 시ㆍ도별 광업 및 제조업 총괄,Ⅴ. 광 업 및 제 조 업,전체,전국,ko,4,0.7762,12 453,12453,1.0,,전 국 Whole Country 375 13 247 2 095 259 364 12 453 2 488 567
광공업,2009,347,1. 시ㆍ도별 광업 및 제조업 총괄,Ⅴ. 광 업 및 제 조 업,전체,전국,ko,5,0.8624,2 488 567,2488567,1.0,,전 국 Whole Country 375 13 247 2 095 259 364 12 453 2 488 567
광공업,2009,347,1. 시ㆍ도별 광업 및 제조업 총괄,Ⅴ. 광 업 및 제 조 업,전체,광주,ko,0,0.3901,1,1,0.3,저신뢰,광주광역시 Gwangju 1 97 522
광공업,2009,347,1. 시ㆍ도별 광업 및 제조업 총괄,Ⅴ. 광 업 및 제 조 업,전체,광주,ko,1,0.883,97 522,97522,1.0,,광주광역시 Gwangju 1 97 522
광공업,2009,347,1. 시ㆍ도별 광업 및 제조업 총괄,Ⅴ. 광 업 및 제 조 업,전체,전남,ko,0,0.386,34,34,1.0,,전 라 남 도 Jeollanam-do 34 L 159 051
광공업,2009,347,1. 시ㆍ도별 광업 및 제조업 총괄,Ⅴ. 광 업 및 제 조 업,전체,전남,ko,1,0.8768,159 051,159051,1.0,,전 라 남 도 Jeollanam-do 34 L 159 051
광공업,2009,347,1. 시ㆍ도별 광업 및 제조업 총괄,Ⅴ. 광 업 및 제 조 업,전체,전국,ko,0,0.3634,61 785,61785,0.5,,전 국 Whole Country 61 785 2 507 598 944 712 670 58 459 2 454 263 1 113 308 983
광공업,2009,347,1. 시ㆍ도별 광업 및 제조업 총괄,Ⅴ. 광 업 및 제 조 업,전체,전국,ko,1,0.4497,2 507 598,2507598,1.0,,전 국 Whole Country 61 785 2 507 598 944 712 670 58 459 2 454 263 1 113 308 983
광공업,2009,347,1. 시ㆍ도별 광업 및 제조업 총괄,Ⅴ. 광 업 및 제 조 업,전체,전국,ko,2,0.5421,944 712 670,944712670,0.5,,전 국 Whole Country 61 785 2 507 598 944 712 670 58 459 2 454 263 1 113 308 983
광공업,2009,347,1. 시ㆍ도별 광업 및 제조업 총괄,Ⅴ. 광 업 및 제 조 업,전체,전국,ko,3,0.6735,58 459,58459,0.5,,전 국 Whole Country 61 785 2 507 598 944 712 670 58 459 2 454 263 1 113 308 983
광공업,2009,347,1. 시ㆍ도별 광업 및 제조업 총괄,Ⅴ. 광 업 및 제 조 업,전체,전국,ko,4,0.7595,2 454 263,2454263,1.0,,전 국 Whole Country 61 785 2 507 598 944 712 670 58 459 2 454 263 1 113 308 983
광공업,2009,347,1. 시ㆍ도별 광업 및 제조업 총괄,Ⅴ. 광 업 및 제 조 업,전체,전국,ko,5,0.8398,1 113 308 983,1113308983,1.0,과병합의심,전 국 Whole Country 61 785 2 507 598 944 712 670 58 459 2 454 263 1 113 308 983
광공업,2009,347,1. 시ㆍ도별 광업 및 제조업 총괄,Ⅴ. 광 업 및 제 조 업,전체,광주,ko,0,0.3717,1 027,1027,0.3,저신뢰,광주광역시 Gwangju 1 027 55 107 18 653 : 401 1 014 55 970 19 981 297
광공업,2009,347,1. 시ㆍ도별 광업 및 제조업 총괄,Ⅴ. 광 업 및 제 조 업,전체,광주,ko,1,0.4702,55 107,55107,0.5,,광주광역시 Gwangju 1 027 55 107 18 653 : 401 1 014 55 970 19 981 297
광공업,2009,347,1. 시ㆍ도별 광업 및 제조업 총괄,Ⅴ. 광 업 및 제 조 업,전체,광주,ko,2,0.5503,18 653,18653,0.5,,광주광역시 Gwangju 1 027 55 107 18 653 : 401 1 014 55 970 19 981 297
광공업,2009,347,1. 시ㆍ도별 광업 및 제조업 총괄,Ⅴ. 광 업 및 제 조 업,전체,광주,ko,3,0.6797,1 014,1014,0.5,,광주광역시 Gwangju 1 027 55 107 18 653 : 401 1 014 55 970 19 981 297
광공업,2009,347,1. 시ㆍ도별 광업 및 제조업 총괄,Ⅴ. 광 업 및 제 조 업,전체,광주,ko,4,0.7782,55 970,55970,1.0,,광주광역시 Gwangju 1 027 55 107 18 653 : 401 1 014 55 970 19 981 297
광공업,2009,347,1. 시ㆍ도별 광업 및 제조업 총괄,Ⅴ. 광 업 및 제 조 업,전체,광주,ko,5,0.8604,19 981 297,19981297,0.5,,광주광역시 Gwangju 1 027 55 107 18 653 : 401 1 014 55 970 19 981 297
광공업,2009,347,1. 시ㆍ도별 광업 및 제조업 총괄,Ⅴ. 광 업 및 제 조 업,전체,전남,ko,0,0.3696,1 276,1276,1.0,,전 라 남 도 Jeollanam-do 1 276 68 829 963 1 257 67 029
광공업,2009,347,1. 시ㆍ도별 광업 및 제조업 총괄,Ⅴ. 광 업 및 제 조 업,전체,전남,ko,1,0.5483,68 829 963,68829963,1.0,,전 라 남 도 Jeollanam-do 1 276 68 829 963 1 257 67 029
광공업,2009,347,1. 시ㆍ도별 광업 및 제조업 총괄,Ⅴ. 광 업 및 제 조 업,전체,전남,ko,2,0.6797,1 257,1257,0.5,,전 라 남 도 Jeollanam-do 1 276 68 829 963 1 257 67 029
광공업,2009,347,1. 시ㆍ도별 광업 및 제조업 총괄,Ⅴ. 광 업 및 제 조 업,전체,전남,ko,3,0.7762,67 029,67029,0.5,,전 라 남 도 Jeollanam-do 1 276 68 829 963 1 257 67 029
광공업,2010,368,4. 시·도별 광업 및 제조업 총괄,"Ⅴ. 총사업체, 광업 및 제조업",전체,전국,ko,0,0.3183,59 306,59306,1.0,,전 국 59 306 858 211 002 62 160 2 520 845 946 807 929
광공업,2010,368,4. 시·도별 광업 및 제조업 총괄,"Ⅴ. 총사업체, 광업 및 제조업",전체,전국,ko,1,0.5174,858 211 002,858211002,1.0,,전 국 59 306 858 211 002 62 160 2 520 845 946 807 929
광공업,2010,368,4. 시·도별 광업 및 제조업 총괄,"Ⅴ. 총사업체, 광업 및 제조업",전체,전국,ko,2,0.6571,62 160,62160,1.0,,전 국 59 306 858 211 002 62 160 2 520 845 946 807 929
광공업,2010,368,4. 시·도별 광업 및 제조업 총괄,"Ⅴ. 총사업체, 광업 및 제조업",전체,전국,ko,3,0.7515,2 520 845,2520845,0.5,,전 국 59 306 858 211 002 62 160 2 520 845 946 807 929
광공업,2010,368,4. 시·도별 광업 및 제조업 총괄,"Ⅴ. 총사업체, 광업 및 제조업",전체,전국,ko,4,0.8562,946 807 929,946807929,1.0,,전 국 59 306 858 211 002 62 160 2 520 845 946 807 929
광공업,2010,368,4. 시·도별 광업 및 제조업 총괄,"Ⅴ. 총사업체, 광업 및 제조업",전체,전국,ko,0,0.3368,378,378,1.0,,전 국 378 13 2 095 259
광공업,2010,368,4. 시·도별 광업 및 제조업 총괄,"Ⅴ. 총사업체, 광업 및 제조업",전체,전국,ko,1,0.4312,13,13,1.0,,전 국 378 13 2 095 259
광공업,2010,368,4. 시·도별 광업 및 제조업 총괄,"Ⅴ. 총사업체, 광업 및 제조업",전체,전국,ko,2,0.8645,2 095 259,2095259,1.0,,전 국 378 13 2 095 259
광공업,2010,368,4. 시·도별 광업 및 제조업 총괄,"Ⅴ. 총사업체, 광업 및 제조업",전체,광주,ko,0,0.3265,1 008,1008,0.3,저신뢰,광 주 광역시 1 008 54 096
광공업,2010,368,4. 시·도별 광업 및 제조업 총괄,"Ⅴ. 총사업체, 광업 및 제조업",전체,광주,ko,1,0.4312,54 096,54096,1.0,,광 주 광역시 1 008 54 096
광공업,2010,368,4. 시·도별 광업 및 제조업 총괄,"Ⅴ. 총사업체, 광업 및 제조업",전체,전남,ko,0,0.3265,1 223,1223,0.5,,전 남 1 223 61 667
광공업,2010,368,4. 시·도별 광업 및 제조업 총괄,"Ⅴ. 총사업체, 광업 및 제조업",전체,전남,ko,1,0.4312,61 667,61667,1.0,,전 남 1 223 61 667
광공업,2011,372,4. 시ㆍ도별 광업 및 제조업 총괄,"Ⅴ. 총사업체, 광업 및 제조업",전체,전국,ko,0,0.4374,13 136,13136,1.0,,전 국 13 136 2 076 260 375 13 247
광공업,2011,372,4. 시ㆍ도별 광업 및 제조업 총괄,"Ⅴ. 총사업체, 광업 및 제조업",전체,전국,ko,1,0.5268,2 076 260,2076260,1.0,,전 국 13 136 2 076 260 375 13 247
광공업,2011,372,4. 시ㆍ도별 광업 및 제조업 총괄,"Ⅴ. 총사업체, 광업 및 제조업",전체,전국,ko,2,0.67,375,375,1.0,,전 국 13 136 2 076 260 375 13 247
광공업,2011,372,4. 시ㆍ도별 광업 및 제조업 총괄,"Ⅴ. 총사업체, 광업 및 제조업",전체,전국,ko,3,0.7634,13 247,13247,1.0,,전 국 13 136 2 076 260 375 13 247
광공업,2011,372,4. 시ㆍ도별 광업 및 제조업 총괄,"Ⅴ. 총사업체, 광업 및 제조업",전체,전국,ko,0,0.326,58 928,58928,1.0,,전 국 58 928 2 484 405 856 134 742 61 785 ~
광공업,2011,372,4. 시ㆍ도별 광업 및 제조업 총괄,"Ⅴ. 총사업체, 광업 및 제조업",전체,전국,ko,1,0.4175,2 484 405,2484405,1.0,,전 국 58 928 2 484 405 856 134 742 61 785 ~
광공업,2011,372,4. 시ㆍ도별 광업 및 제조업 총괄,"Ⅴ. 총사업체, 광업 및 제조업",전체,전국,ko,2,0.5148,856 134 742,856134742,0.5,,전 국 58 928 2 484 405 856 134 742 61 785 ~
광공업,2011,372,4. 시ㆍ도별 광업 및 제조업 총괄,"Ⅴ. 총사업체, 광업 및 제조업",전체,전국,ko,3,0.6521,61 785,61785,0.5,,전 국 58 928 2 484 405 856 134 742 61 785 ~
광공업,2011,372,4. 시ㆍ도별 광업 및 제조업 총괄,"Ⅴ. 총사업체, 광업 및 제조업",전체,광주,ko,0,0.33,1 008,1008,0.5,,광주 광역시 1 008
광공업,2011,372,4. 시ㆍ도별 광업 및 제조업 총괄,"Ⅴ. 총사업체, 광업 및 제조업",전체,전남,ko,0,0.33,1 223,1223,1.0,,전 라남 도 1 223 61 667
광공업,2011,372,4. 시ㆍ도별 광업 및 제조업 총괄,"Ⅴ. 총사업체, 광업 및 제조업",전체,전남,ko,1,0.4374,61 667,61667,0.5,,전 라남 도 1 223 61 667
광공업,2012,372,4. 시·도별 광업 및 제조업 총괄,"Ⅴ. 총사업체, 광업 및 제조업",전체,전국,ko,0,0.326,58 823,58823,0.5,,전 국 58 823 2 466 716 1 115 797 550 58 377 2 465 265 1 125 812 962
광공업,2012,372,4. 시·도별 광업 및 제조업 총괄,"Ⅴ. 총사업체, 광업 및 제조업",전체,전국,ko,1,0.422,2 466 716,2466716,1.0,,전 국 58 823 2 466 716 1 115 797 550 58 377 2 465 265 1 125 812 962
광공업,2012,372,4. 시·도별 광업 및 제조업 총괄,"Ⅴ. 총사업체, 광업 및 제조업",전체,전국,ko,2,0.508,1 115 797 550,1115797550,0.5,과병합의심,전 국 58 823 2 466 716 1 115 797 550 58 377 2 465 265 1 125 812 962
광공업,2012,372,4. 시·도별 광업 및 제조업 총괄,"Ⅴ. 총사업체, 광업 및 제조업",전체,전국,ko,3,0.658,58 377,58377,1.0,,전 국 58 823 2 466 716 1 115 797 550 58 377 2 465 265 1 125 812 962
광공업,2012,372,4. 시·도별 광업 및 제조업 총괄,"Ⅴ. 총사업체, 광업 및 제조업",전체,전국,ko,4,0.752,2 465 265,2465265,1.0,,전 국 58 823 2 466 716 1 115 797 550 58 377 2 465 265 1 125 812 962
광공업,2012,372,4. 시·도별 광업 및 제조업 총괄,"Ⅴ. 총사업체, 광업 및 제조업",전체,전국,ko,5,0.84,1 125 812 962,1125812962,1.0,과병합의심,전 국 58 823 2 466 716 1 115 797 550 58 377 2 465 265 1 125 812 962
광공업,2012,372,4. 시·도별 광업 및 제조업 총괄,"Ⅴ. 총사업체, 광업 및 제조업",전체,전국,ko,0,0.34,364,364,1.0,,전 국 364 12 453 2 488 567 381
광공업,2012,372,4. 시·도별 광업 및 제조업 총괄,"Ⅴ. 총사업체, 광업 및 제조업",전체,전국,ko,1,0.436,12 453,12453,0.5,,전 국 364 12 453 2 488 567 381
광공업,2012,372,4. 시·도별 광업 및 제조업 총괄,"Ⅴ. 총사업체, 광업 및 제조업",전체,전국,ko,2,0.526,2 488 567,2488567,0.3,저신뢰,전 국 364 12 453 2 488 567 381
광공업,2012,372,4. 시·도별 광업 및 제조업 총괄,"Ⅴ. 총사업체, 광업 및 제조업",전체,전국,ko,3,0.674,381,381,1.0,,전 국 364 12 453 2 488 567 381
광공업,2012,372,4. 시·도별 광업 및 제조업 총괄,"Ⅴ. 총사업체, 광업 및 제조업",전체,전국,ko,0,0.3239,58 459,58459,1.0,,전 국 58 459 2 454 263
광공업,2012,372,4. 시·도별 광업 및 제조업 총괄,"Ⅴ. 총사업체, 광업 및 제조업",전체,전국,ko,1,0.418,2 454 263,2454263,1.0,,전 국 58 459 2 454 263
광공업,2012,372,4. 시·도별 광업 및 제조업 총괄,"Ⅴ. 총사업체, 광업 및 제조업",전체,광주,ko,0,0.328,1 014,1014,0.5,,광주광역시 1 014 55 970
광공업,2012,372,4. 시·도별 광업 및 제조업 총괄,"Ⅴ. 총사업체, 광업 및 제조업",전체,광주,ko,1,0.436,55 970,55970,1.0,,광주광역시 1 014 55 970
광공업,2012,372,4. 시·도별 광업 및 제조업 총괄,"Ⅴ. 총사업체, 광업 및 제조업",전체,전남,ko,0,0.328,1 257,1257,0.5,,전 라남 도 1 257 67 029
광공업,2012,372,4. 시·도별 광업 및 제조업 총괄,"Ⅴ. 총사업체, 광업 및 제조업",전체,전남,ko,1,0.438,67 029,67029,1.0,,전 라남 도 1 257 67 029
광공업,2013,372,4. 시·도별 광업 및 제조업 총괄,"Ⅴ. 총사업체, 광업 및 제조업",전체,전국,ko,0,0.3368,58 377,58377,0.5,,전 국 58 377 265 1 125 812 962 62 751 2 647 948 1 328 896 202
광공업,2013,372,4. 시·도별 광업 및 제조업 총괄,"Ⅴ. 총사업체, 광업 및 제조업",전체,전국,ko,1,0.4682,265,265,1.0,,전 국 58 377 265 1 125 812 962 62 751 2 647 948 1 328 896 202
광공업,2013,372,4. 시·도별 광업 및 제조업 총괄,"Ⅴ. 총사업체, 광업 및 제조업",전체,전국,ko,2,0.5112,1 125 812 962,1125812962,1.0,과병합의심,전 국 58 377 265 1 125 812 962 62 751 2 647 948 1 328 896 202
광공업,2013,372,4. 시·도별 광업 및 제조업 총괄,"Ⅴ. 총사업체, 광업 및 제조업",전체,전국,ko,3,0.6673,62 751,62751,1.0,,전 국 58 377 265 1 125 812 962 62 751 2 647 948 1 328 896 202
광공업,2013,372,4. 시·도별 광업 및 제조업 총괄,"Ⅴ. 총사업체, 광업 및 제조업",전체,전국,ko,4,0.7576,2 647 948,2647948,1.0,,전 국 58 377 265 1 125 812 962 62 751 2 647 948 1 328 896 202
광공업,2013,372,4. 시·도별 광업 및 제조업 총괄,"Ⅴ. 총사업체, 광업 및 제조업",전체,전국,ko,5,0.8419,1 328 896 202,1328896202,1.0,과병합의심,전 국 58 377 265 1 125 812 962 62 751 2 647 948 1 328 896 202
광공업,2013,372,4. 시·도별 광업 및 제조업 총괄,"Ⅴ. 총사업체, 광업 및 제조업",전체,전국,ko,0,0.3368,57 996,57996,1.0,,전 국 57 996 2 452 880 1 122 986 527 2 636 177 1 326 113 913
광공업,2013,372,4. 시·도별 광업 및 제조업 총괄,"Ⅴ. 총사업체, 광업 및 제조업",전체,전국,ko,1,0.4271,2 452 880,2452880,0.5,,전 국 57 996 2 452 880 1 122 986 527 2 636 177 1 326 113 913
광공업,2013,372,4. 시·도별 광업 및 제조업 총괄,"Ⅴ. 총사업체, 광업 및 제조업",전체,전국,ko,2,0.5113,1 122 986 527,1122986527,1.0,과병합의심,전 국 57 996 2 452 880 1 122 986 527 2 636 177 1 326 113 913
광공업,2013,372,4. 시·도별 광업 및 제조업 총괄,"Ⅴ. 총사업체, 광업 및 제조업",전체,전국,ko,3,0.7554,2 636 177,2636177,0.5,,전 국 57 996 2 452 880 1 122 986 527 2 636 177 1 326 113 913
광공업,2013,372,4. 시·도별 광업 및 제조업 총괄,"Ⅴ. 총사업체, 광업 및 제조업",전체,전국,ko,4,0.8439,1 326 113 913,1326113913,1.0,과병합의심,전 국 57 996 2 452 880 1 122 986 527 2 636 177 1 326 113 913
광공업,2014,372,4. 시·도별 광업 및 제조업 총괄,"Ⅴ. 총사업체, 광업 및 제조업",전체,전국,ko,0,0.3388,62 751,62751,0.5,,전 국 62 751 2 647 948 896 202 63 406 2 705 918 1 494 209 939
광공업,2014,372,4. 시·도별 광업 및 제조업 총괄,"Ⅴ. 총사업체, 광업 및 제조업",전체,전국,ko,1,0.4269,2 647 948,2647948,1.0,,전 국 62 751 2 647 948 896 202 63 406 2 705 918 1 494 209 939
광공업,2014,372,4. 시·도별 광업 및 제조업 총괄,"Ⅴ. 총사업체, 광업 및 제조업",전체,전국,ko,2,0.5503,896 202,896202,1.0,,전 국 62 751 2 647 948 896 202 63 406 2 705 918 1 494 209 939
광공업,2014,372,4. 시·도별 광업 및 제조업 총괄,"Ⅴ. 총사업체, 광업 및 제조업",전체,전국,ko,3,0.6673,63 406,63406,1.0,,전 국 62 751 2 647 948 896 202 63 406 2 705 918 1 494 209 939
광공업,2014,372,4. 시·도별 광업 및 제조업 총괄,"Ⅴ. 총사업체, 광업 및 제조업",전체,전국,ko,4,0.7575,2 705 918,2705918,1.0,,전 국 62 751 2 647 948 896 202 63 406 2 705 918 1 494 209 939
광공업,2014,372,4. 시·도별 광업 및 제조업 총괄,"Ⅴ. 총사업체, 광업 및 제조업",전체,전국,ko,5,0.8438,1 494 209 939,1494209939,1.0,과병합의심,전 국 62 751 2 647 948 896 202 63 406 2 705 918 1 494 209 939
광공업,2015,513,2.시·도별 광업 및 제조업 총괄,Ⅶ. 광공업·에너지,전체,전국,ko,0,0.2936,63 406,63406,0.5,,전 국 63 406 2 705 918 1 494 209 939 64 235 2 764 060 1 510 608 159
광공업,2015,513,2.시·도별 광업 및 제조업 총괄,Ⅶ. 광공업·에너지,전체,전국,ko,1,0.3941,2 705 918,2705918,0.3,저신뢰,전 국 63 406 2 705 918 1 494 209 939 64 235 2 764 060 1 510 608 159
광공업,2015,513,2.시·도별 광업 및 제조업 총괄,Ⅶ. 광공업·에너지,전체,전국,ko,2,0.4928,1 494 209 939,1494209939,1.0,과병합의심,전 국 63 406 2 705 918 1 494 209 939 64 235 2 764 060 1 510 608 159
광공업,2015,513,2.시·도별 광업 및 제조업 총괄,Ⅶ. 광공업·에너지,전체,전국,ko,3,0.6509,64 235,64235,0.5,,전 국 63 406 2 705 918 1 494 209 939 64 235 2 764 060 1 510 608 159
광공업,2015,513,2.시·도별 광업 및 제조업 총괄,Ⅶ. 광공업·에너지,전체,전국,ko,4,0.7556,2 764 060,2764060,0.5,,전 국 63 406 2 705 918 1 494 209 939 64 235 2 764 060 1 510 608 159
광공업,2015,513,2.시·도별 광업 및 제조업 총괄,Ⅶ. 광공업·에너지,전체,전국,ko,5,0.8521,1 510 608 159,1510608159,0.5,과병합의심,전 국 63 406 2 705 918 1 494 209 939 64 235 2 764 060 1 510 608 159
광공업,2015,513,2.시·도별 광업 및 제조업 총괄,Ⅶ. 광공업·에너지,전체,전국,ko,0,0.2916,63 047,63047,0.5,,전 국 63 047 2 694 782 1 49 63 907 2 753 684 1 507 834 212
광공업,2015,513,2.시·도별 광업 및 제조업 총괄,Ⅶ. 광공업·에너지,전체,전국,ko,1,0.3922,2 694 782,2694782,1.0,,전 국 63 047 2 694 782 1 49 63 907 2 753 684 1 507 834 212
광공업,2015,513,2.시·도별 광업 및 제조업 총괄,Ⅶ. 광공업·에너지,전체,전국,ko,2,0.4908,1 49,149,0.5,,전 국 63 047 2 694 782 1 49 63 907 2 753 684 1 507 834 212
광공업,2015,513,2.시·도별 광업 및 제조업 총괄,Ⅶ. 광공업·에너지,전체,전국,ko,3,0.6509,63 907,63907,0.3,저신뢰,전 국 63 047 2 694 782 1 49 63 907 2 753 684 1 507 834 212
광공업,2015,513,2.시·도별 광업 및 제조업 총괄,Ⅶ. 광공업·에너지,전체,전국,ko,4,0.7515,2 753 684,2753684,1.0,,전 국 63 047 2 694 782 1 49 63 907 2 753 684 1 507 834 212
광공업,2015,513,2.시·도별 광업 및 제조업 총괄,Ⅶ. 광공업·에너지,전체,전국,ko,5,0.8501,1 507 834 212,1507834212,0.5,과병합의심,전 국 63 047 2 694 782 1 49 63 907 2 753 684 1 507 834 212
광공업,2015,513,2.시·도별 광업 및 제조업 총괄,Ⅶ. 광공업·에너지,전체,광주,ko,0,0.2977,1 114,1114,0.5,,광 주 광역 시 1 114 60 399 3 1 090 53 442
광공업,2015,513,2.시·도별 광업 및 제조업 총괄,Ⅶ. 광공업·에너지,전체,광주,ko,1,0.4107,60 399,60399,0.5,,광 주 광역 시 1 114 60 399 3 1 090 53 442
광공업,2015,513,2.시·도별 광업 및 제조업 총괄,Ⅶ. 광공업·에너지,전체,광주,ko,2,0.5072,3,3,1.0,,광 주 광역 시 1 114 60 399 3 1 090 53 442
광공업,2015,513,2.시·도별 광업 및 제조업 총괄,Ⅶ. 광공업·에너지,전체,광주,ko,3,0.6571,1 090,1090,1.0,,광 주 광역 시 1 114 60 399 3 1 090 53 442
광공업,2015,513,2.시·도별 광업 및 제조업 총괄,Ⅶ. 광공업·에너지,전체,광주,ko,4,0.768,53 442,53442,0.3,저신뢰,광 주 광역 시 1 114 60 399 3 1 090 53 442
광공업,2015,513,2.시·도별 광업 및 제조업 총괄,Ⅶ. 광공업·에너지,전체,전남,ko,0,0.2977,1 466,1466,0.5,,전 남 도 1 466 74 826 83 218
광공업,2015,513,2.시·도별 광업 및 제조업 총괄,Ⅶ. 광공업·에너지,전체,전남,ko,1,0.4107,74 826,74826,0.5,,전 남 도 1 466 74 826 83 218
광공업,2015,513,2.시·도별 광업 및 제조업 총괄,Ⅶ. 광공업·에너지,전체,전남,ko,2,0.77,83 218,83218,1.0,,전 남 도 1 466 74 826 83 218
광공업,2016,519,2.시·도별 광업 및 제조업 총괄,Ⅶ. 광공업·에너지,전체,전국,ko,0,0.2936,"63, 406",63406,1.0,,"전 국 63, 406 2,705, 918 1, 494, 209, 939 64,235 2, 764, 060 159"
광공업,2016,519,2.시·도별 광업 및 제조업 총괄,Ⅶ. 광공업·에너지,전체,전국,ko,1,0.3942,"2,705, 918",2705918,0.5,,"전 국 63, 406 2,705, 918 1, 494, 209, 939 64,235 2, 764, 060 159"
광공업,2016,519,2.시·도별 광업 및 제조업 총괄,Ⅶ. 광공업·에너지,전체,전국,ko,2,0.4906,"1, 494, 209, 939",1494209939,0.5,과병합의심,"전 국 63, 406 2,705, 918 1, 494, 209, 939 64,235 2, 764, 060 159"
광공업,2016,519,2.시·도별 광업 및 제조업 총괄,Ⅶ. 광공업·에너지,전체,전국,ko,3,0.655,"64,235",64235,1.0,,"전 국 63, 406 2,705, 918 1, 494, 209, 939 64,235 2, 764, 060 159"
광공업,2016,519,2.시·도별 광업 및 제조업 총괄,Ⅶ. 광공업·에너지,전체,전국,ko,4,0.7557,"2, 764, 060",2764060,1.0,,"전 국 63, 406 2,705, 918 1, 494, 209, 939 64,235 2, 764, 060 159"
광공업,2016,519,2.시·도별 광업 및 제조업 총괄,Ⅶ. 광공업·에너지,전체,전국,ko,5,0.9096,159,159,1.0,,"전 국 63, 406 2,705, 918 1, 494, 209, 939 64,235 2, 764, 060 159"
광공업,2016,519,2.시·도별 광업 및 제조업 총괄,Ⅶ. 광공업·에너지,전체,전국,ko,0,0.2916,"63,047",63047,1.0,,"전 국 63,047 2, 694,782 1, 491,351,338 63,907 2,753, 684 1, 507, 834,212"
광공업,2016,519,2.시·도별 광업 및 제조업 총괄,Ⅶ. 광공업·에너지,전체,전국,ko,1,0.3919,"2, 694,782",2694782,0.5,,"전 국 63,047 2, 694,782 1, 491,351,338 63,907 2,753, 684 1, 507, 834,212"
광공업,2016,519,2.시·도별 광업 및 제조업 총괄,Ⅶ. 광공업·에너지,전체,전국,ko,2,0.4906,"1, 491,351,338",1491351338,0.5,과병합의심,"전 국 63,047 2, 694,782 1, 491,351,338 63,907 2,753, 684 1, 507, 834,212"
광공업,2016,519,2.시·도별 광업 및 제조업 총괄,Ⅶ. 광공업·에너지,전체,전국,ko,3,0.6509,"63,907",63907,0.5,,"전 국 63,047 2, 694,782 1, 491,351,338 63,907 2,753, 684 1, 507, 834,212"
광공업,2016,519,2.시·도별 광업 및 제조업 총괄,Ⅶ. 광공업·에너지,전체,전국,ko,4,0.7536,"2,753, 684",2753684,0.5,,"전 국 63,047 2, 694,782 1, 491,351,338 63,907 2,753, 684 1, 507, 834,212"
광공업,2016,519,2.시·도별 광업 및 제조업 총괄,Ⅶ. 광공업·에너지,전체,전국,ko,5,0.85,"1, 507, 834,212",1507834212,0.5,과병합의심,"전 국 63,047 2, 694,782 1, 491,351,338 63,907 2,753, 684 1, 507, 834,212"
광공업,2016,519,2.시·도별 광업 및 제조업 총괄,Ⅶ. 광공업·에너지,전체,광주,ko,0,0.2998,"1, 114",1114,0.5,,"광 주광역 시 1, 114 60, 399 30,072,919 1, 090 62,442 29, 050,038"
광공업,2016,519,2.시·도별 광업 및 제조업 총괄,Ⅶ. 광공업·에너지,전체,광주,ko,1,0.4107,"60, 399",60399,0.5,,"광 주광역 시 1, 114 60, 399 30,072,919 1, 090 62,442 29, 050,038"
광공업,2016,519,2.시·도별 광업 및 제조업 총괄,Ⅶ. 광공업·에너지,전체,광주,ko,2,0.5072,"30,072,919",30072919,0.5,,"광 주광역 시 1, 114 60, 399 30,072,919 1, 090 62,442 29, 050,038"
광공업,2016,519,2.시·도별 광업 및 제조업 총괄,Ⅶ. 광공업·에너지,전체,광주,ko,3,0.6571,"1, 090",1090,1.0,,"광 주광역 시 1, 114 60, 399 30,072,919 1, 090 62,442 29, 050,038"
광공업,2016,519,2.시·도별 광업 및 제조업 총괄,Ⅶ. 광공업·에너지,전체,광주,ko,4,0.77,"62,442",62442,1.0,,"광 주광역 시 1, 114 60, 399 30,072,919 1, 090 62,442 29, 050,038"
광공업,2016,519,2.시·도별 광업 및 제조업 총괄,Ⅶ. 광공업·에너지,전체,광주,ko,5,0.8665,"29, 050,038",29050038,0.5,,"광 주광역 시 1, 114 60, 399 30,072,919 1, 090 62,442 29, 050,038"
광공업,2016,519,2.시·도별 광업 및 제조업 총괄,Ⅶ. 광공업·에너지,전체,전남,ko,0,0.4107,"74,826",74826,1.0,,"전라남 도 1, 466\ 74,826 123, 159, 013 1,410 83,218 127,875, 177"
광공업,2016,519,2.시·도별 광업 및 제조업 총괄,Ⅶ. 광공업·에너지,전체,전남,ko,1,0.5009,"123, 159, 013",123159013,0.5,,"전라남 도 1, 466\ 74,826 123, 159, 013 1,410 83,218 127,875, 177"
광공업,2016,519,2.시·도별 광업 및 제조업 총괄,Ⅶ. 광공업·에너지,전체,전남,ko,2,0.6571,"1,410",1410,0.5,,"전라남 도 1, 466\ 74,826 123, 159, 013 1,410 83,218 127,875, 177"
광공업,2016,519,2.시·도별 광업 및 제조업 총괄,Ⅶ. 광공업·에너지,전체,전남,ko,3,0.77,"83,218",83218,0.5,,"전라남 도 1, 466\ 74,826 123, 159, 013 1,410 83,218 127,875, 177"
광공업,2016,519,2.시·도별 광업 및 제조업 총괄,Ⅶ. 광공업·에너지,전체,전남,ko,4,0.8622,"127,875, 177",127875177,0.5,,"전라남 도 1, 466\ 74,826 123, 159, 013 1,410 83,218 127,875, 177"
